fileName,name,duration,F1,F2,F3
file0.TextGrid,,0.280,623,1882,2962
file0.TextGrid,1,0.130,619,1634,3140
file0.TextGrid,2,0.390,581,1231,2864
file0.TextGrid,,0.236,748,1695,2869
file1.TextGrid,,0.300,440,1571,2728
file1.TextGrid,1,0.210,940,2444,3374
file1.TextGrid,2,0.450,397,1828,2973
file1.TextGrid,,0.169,479,1412,2764
file10.TextGrid,,0.160,598,1613,2921
file10.TextGrid,1,0.300,677,1578,2843
file10.TextGrid,2,0.340,494,1455,2914
file10.TextGrid,,0.236,518,1779,2864
file100.TextGrid,,0.170,869,2041,3125
file100.TextGrid,1,0.280,1058,2189,2917
file100.TextGrid,2,0.380,446,1605,2910
file100.TextGrid,,0.223,502,1916,3024
file1000.TextGrid,,0.400,1314,2076,4589
file1000.TextGrid,1,0.070,624,1287,2965
file1000.TextGrid,2,0.240,729,1119,2966
file1000.TextGrid,,0.429,1023,1357,3160
file1001.TextGrid,,0.260,605,1599,2994
file1001.TextGrid,1,0.140,1180,2441,3115
file1001.TextGrid,2,0.450,530,1822,3047
file1001.TextGrid,,0.279,671,1734,3122
file1002.TextGrid,,0.090,1204,2181,2934
file1002.TextGrid,1,0.520,717,1709,2918
file1002.TextGrid,2,0.640,540,1720,2865
file1002.TextGrid,,0.145,1139,2035,3120
file1003.TextGrid,,0.310,707,1701,2992
file1003.TextGrid,1,0.130,373,1820,2670
file1003.TextGrid,2,0.470,1200,2397,3143
file1003.TextGrid,,0.219,462,1929,3007
file1004.TextGrid,,0.270,634,1691,2925
file1004.TextGrid,1,0.250,658,1554,3065
file1004.TextGrid,2,0.170,1167,2364,3292
file1004.TextGrid,,0.625,434,1703,2870
file1005.TextGrid,,0.270,810,2280,3309
file1005.TextGrid,1,0.190,438,1172,2829
file1005.TextGrid,2,0.370,1182,2531,3233
file1005.TextGrid,,0.206,849,2135,3046
file1006.TextGrid,,0.190,1313,2328,3507
file1006.TextGrid,1,0.190,810,1761,2828
file1006.TextGrid,2,0.420,832,2199,3072
file1006.TextGrid,,0.168,673,1926,3042
file1007.TextGrid,,0.270,1111,2062,3008
file1007.TextGrid,1,0.280,411,1912,2631
file1007.TextGrid,2,0.430,731,1799,2699
file1007.TextGrid,,0.500,1108,1796,2653
file1008.TextGrid,,0.290,571,1769,2944
file1008.TextGrid,1,0.110,465,1550,2913
file1008.TextGrid,2,0.410,528,1312,2104
file1008.TextGrid,,0.133,530,1721,2595
file1009.TextGrid,,0.330,803,1782,3110
file1009.TextGrid,1,0.310,490,1410,2794
file1009.TextGrid,2,0.150,489,1528,2893
file1009.TextGrid,,0.339,485,1473,2636
file101.TextGrid,,0.250,1172,2121,3299
file101.TextGrid,1,0.200,744,1760,2492
file101.TextGrid,2,0.450,1063,2179,3243
file101.TextGrid,,0.239,1203,2045,3036
file1010.TextGrid,,0.280,994,2222,3446
file1010.TextGrid,1,0.310,748,1570,2562
file1010.TextGrid,2,0.420,362,1574,3170
file1010.TextGrid,,0.299,779,1996,3180
file1011.TextGrid,,0.220,951,1850,3065
file1011.TextGrid,1,0.100,586,1326,2900
file1011.TextGrid,2,0.700,302,1701,2586
file1011.TextGrid,,0.109,742,1637,2786
file1012.TextGrid,,0.330,732,1922,3035
file1012.TextGrid,1,0.230,473,990,2926
file1012.TextGrid,2,0.460,513,1398,2835
file1012.TextGrid,,0.109,598,1869,2984
file1013.TextGrid,,0.280,989,2196,3150
file1013.TextGrid,1,0.120,386,2315,2935
file1013.TextGrid,2,0.190,463,1924,2798
file1013.TextGrid,,0.293,1191,2241,3664
file1014.TextGrid,,0.130,1167,1988,3144
file1014.TextGrid,1,0.160,905,1814,2574
file1014.TextGrid,2,0.510,539,1590,2774
file1014.TextGrid,,0.143,742,1702,2626
file1015.TextGrid,,0.270,472,1518,2828
file1015.TextGrid,1,0.200,523,1563,2882
file1015.TextGrid,2,0.660,464,1710,2824
file1015.TextGrid,,0.185,432,1578,2829
file1016.TextGrid,,0.250,1044,2105,3320
file1016.TextGrid,1,0.120,704,1787,3124
file1016.TextGrid,2,0.310,963,1801,3214
file1016.TextGrid,,0.203,513,1624,3235
file1017.TextGrid,,0.340,999,2258,3208
file1017.TextGrid,1,0.080,694,1252,2792
file1017.TextGrid,2,0.230,361,1380,3050
file1017.TextGrid,,0.403,782,2008,3201
file1018.TextGrid,,0.260,727,1547,3064
file1018.TextGrid,1,0.310,787,1329,2841
file1018.TextGrid,2,0.410,1232,2047,3028
file1018.TextGrid,,0.242,1111,2186,3013
file1019.TextGrid,,0.250,866,1763,2985
file1019.TextGrid,1,0.240,812,1454,2576
file1019.TextGrid,2,0.510,611,1378,2560
file1019.TextGrid,,0.036,702,1759,2581
file102.TextGrid,,0.210,959,2168,3107
file102.TextGrid,1,0.550,1168,2157,3176
file102.TextGrid,2,0.160,433,1913,3144
file102.TextGrid,,0.133,976,2122,3289
file1020.TextGrid,,0.270,990,2027,3130
file1020.TextGrid,1,0.240,835,1293,2981
file1020.TextGrid,2,0.590,810,1975,3134
file1020.TextGrid,,0.215,892,1924,2840
file1021.TextGrid,,0.380,768,1876,2920
file1021.TextGrid,1,0.170,503,1986,2879
file1021.TextGrid,2,0.460,401,1505,2551
file1021.TextGrid,,0.212,753,1733,2678
file1022.TextGrid,,0.270,517,1726,2991
file1022.TextGrid,1,0.170,519,1298,2870
file1022.TextGrid,2,0.510,459,1482,2882
file1022.TextGrid,,0.179,509,1554,2928
file1023.TextGrid,,0.190,1150,2408,4400
file1023.TextGrid,1,0.200,1165,2513,3344
file1023.TextGrid,2,0.790,720,1885,2996
file1023.TextGrid,,0.129,951,2417,4037
file1024.TextGrid,,0.260,1233,2195,3254
file1024.TextGrid,1,0.330,673,1771,2694
file1024.TextGrid,2,0.580,481,2161,2889
file1024.TextGrid,,0.225,892,1774,2949
file1025.TextGrid,,0.190,563,1641,2698
file1025.TextGrid,1,0.240,1423,2480,3393
file1025.TextGrid,2,0.360,537,1000,2704
file1025.TextGrid,,0.339,496,1410,2777
file1026.TextGrid,,0.360,1140,2148,3558
file1026.TextGrid,1,0.310,419,1747,3014
file1026.TextGrid,2,0.300,588,1714,2793
file1026.TextGrid,,0.254,942,2044,3366
file1027.TextGrid,,0.160,986,1611,2915
file1027.TextGrid,1,0.260,661,1341,2987
file1027.TextGrid,2,0.420,687,1420,3209
file1027.TextGrid,,0.213,1282,2137,4387
file1028.TextGrid,,0.280,1045,2161,3431
file1028.TextGrid,1,0.090,337,2395,2954
file1028.TextGrid,2,0.360,931,1920,3015
file1028.TextGrid,,0.238,1017,1914,3104
file1029.TextGrid,,0.180,945,2045,3186
file1029.TextGrid,1,0.080,785,1572,3106
file1029.TextGrid,2,0.580,833,1681,2563
file1029.TextGrid,,0.196,848,1922,2878
file103.TextGrid,,0.240,1229,2025,3262
file103.TextGrid,1,0.230,777,1585,2466
file103.TextGrid,2,0.470,342,2031,2600
file103.TextGrid,,0.096,508,1795,2680
file1030.TextGrid,,0.270,409,1584,2872
file1030.TextGrid,1,0.240,488,1716,2767
file1030.TextGrid,2,0.490,661,1388,2721
file1030.TextGrid,,0.129,578,1370,2725
file1031.TextGrid,,0.230,1222,2200,3263
file1031.TextGrid,1,0.170,545,1432,3202
file1031.TextGrid,2,0.700,363,1242,2835
file1031.TextGrid,,0.029,928,1946,3277
file1032.TextGrid,,0.230,690,1655,2871
file1032.TextGrid,1,0.190,969,1769,3032
file1032.TextGrid,2,0.260,381,1173,2858
file1032.TextGrid,,0.356,636,1735,2893
file1033.TextGrid,,0.200,1409,2344,5047
file1033.TextGrid,1,0.220,664,1907,2708
file1033.TextGrid,2,0.600,506,2121,3085
file1033.TextGrid,,0.119,1462,2160,3234
file1034.TextGrid,,0.160,1616,2335,3299
file1034.TextGrid,1,0.160,1037,2003,2830
file1034.TextGrid,2,0.500,421,1794,2747
file1034.TextGrid,,0.148,380,1923,3016
file1035.TextGrid,,0.240,886,2115,3160
file1035.TextGrid,1,0.360,560,1873,2985
file1035.TextGrid,2,0.390,792,2005,2971
file1035.TextGrid,,0.139,939,1972,3092
file1036.TextGrid,,0.280,882,2000,3200
file1036.TextGrid,1,0.350,462,1587,2650
file1036.TextGrid,2,0.440,387,1872,2578
file1036.TextGrid,,0.239,278,1762,2958
file1037.TextGrid,,0.260,600,1593,2720
file1037.TextGrid,1,0.110,803,1638,2911
file1037.TextGrid,2,0.490,379,1266,2500
file1037.TextGrid,,0.176,574,1599,2831
file1038.TextGrid,,0.130,1144,2147,3425
file1038.TextGrid,1,0.480,1102,2204,2985
file1038.TextGrid,2,0.300,732,1692,2599
file1038.TextGrid,,0.229,908,1814,3025
file1039.TextGrid,,0.150,831,2036,3173
file1039.TextGrid,1,0.210,479,1347,2438
file1039.TextGrid,2,0.270,677,1367,2758
file1039.TextGrid,,0.313,988,1683,3081
file104.TextGrid,,0.270,1135,2048,3248
file104.TextGrid,1,0.210,597,1532,2772
file104.TextGrid,2,0.400,556,1334,3054
file104.TextGrid,,0.156,735,1795,3060
file1040.TextGrid,,0.280,774,1802,2936
file1040.TextGrid,1,0.160,642,1935,2917
file1040.TextGrid,2,0.460,487,1718,2874
file1040.TextGrid,,0.229,577,1472,2910
file1041.TextGrid,,0.120,1448,2336,5337
file1041.TextGrid,1,0.530,666,1800,2756
file1041.TextGrid,2,0.460,1067,2272,3226
file1041.TextGrid,,0.029,1381,3166,3521
file1042.TextGrid,,0.200,1117,1757,2886
file1042.TextGrid,1,0.100,840,1464,2838
file1042.TextGrid,2,0.280,739,1790,3015
file1042.TextGrid,,0.303,1236,2101,3172
file1043.TextGrid,,0.240,905,2092,3367
file1043.TextGrid,1,0.360,418,1480,2868
file1043.TextGrid,2,0.310,418,1878,2681
file1043.TextGrid,,0.314,902,2062,3603
file1044.TextGrid,,0.200,647,1745,2941
file1044.TextGrid,1,0.300,982,2007,3254
file1044.TextGrid,2,0.300,523,1097,2948
file1044.TextGrid,,0.236,534,1280,2634
file1045.TextGrid,,0.330,519,1604,2816
file1045.TextGrid,1,0.470,724,1831,2912
file1045.TextGrid,2,0.350,471,1615,2499
file1045.TextGrid,,0.257,445,1671,2888
file1046.TextGrid,,0.250,747,1731,2874
file1046.TextGrid,1,0.160,916,1749,2900
file1046.TextGrid,2,0.470,647,1465,2983
file1046.TextGrid,,0.156,867,1781,2889
file1047.TextGrid,,0.100,686,1726,2847
file1047.TextGrid,1,0.270,916,1612,2804
file1047.TextGrid,2,0.290,695,1617,2898
file1047.TextGrid,,0.223,592,1582,2747
file1048.TextGrid,,0.270,536,1574,2773
file1048.TextGrid,1,0.280,374,1442,2636
file1048.TextGrid,2,0.310,456,1779,2467
file1048.TextGrid,,0.176,384,1617,2339
file1049.TextGrid,,0.200,421,1487,2817
file1049.TextGrid,1,0.240,1095,2118,3268
file1049.TextGrid,2,0.430,449,1714,2698
file1049.TextGrid,,0.166,514,1722,3042
file105.TextGrid,,0.290,424,1543,2573
file105.TextGrid,1,0.280,329,1490,2743
file105.TextGrid,2,0.430,419,1695,2727
file105.TextGrid,,0.222,560,1663,2752
file1050.TextGrid,,0.270,933,2134,3284
file1050.TextGrid,1,0.160,785,1346,2898
file1050.TextGrid,2,0.510,1088,1960,3404
file1050.TextGrid,,0.028,1394,2199,3708
file1051.TextGrid,,0.210,815,1830,2943
file1051.TextGrid,1,0.230,518,1661,2709
file1051.TextGrid,2,0.430,612,1818,2754
file1051.TextGrid,,0.269,755,1862,3013
file1052.TextGrid,,0.170,995,2063,3049
file1052.TextGrid,1,0.330,723,1399,2289
file1052.TextGrid,2,0.370,332,1824,2895
file1052.TextGrid,,0.269,1034,1987,3749
file1053.TextGrid,,0.160,469,1785,2775
file1053.TextGrid,1,0.390,543,1729,2657
file1053.TextGrid,2,0.270,543,1572,2840
file1053.TextGrid,,0.309,674,1750,2912
file1054.TextGrid,,0.240,811,1848,3013
file1054.TextGrid,1,0.200,821,1407,2589
file1054.TextGrid,2,0.490,680,1264,2920
file1054.TextGrid,,0.106,743,1368,2938
file1055.TextGrid,,0.240,1148,2183,3185
file1055.TextGrid,1,0.320,640,1573,2669
file1055.TextGrid,2,0.630,273,1632,2719
file1055.TextGrid,,0.034,258,1792,2305
file1056.TextGrid,,0.230,514,1672,2882
file1056.TextGrid,1,0.210,543,1094,2367
file1056.TextGrid,2,0.530,412,1127,2727
file1056.TextGrid,,0.159,680,1688,3104
file1057.TextGrid,,0.100,815,1826,3158
file1057.TextGrid,1,0.320,772,1629,2798
file1057.TextGrid,2,0.320,718,1690,2913
file1057.TextGrid,,0.228,1382,2226,3300
file1058.TextGrid,,0.200,569,1451,2153
file1058.TextGrid,1,0.350,383,1759,2737
file1058.TextGrid,2,0.630,590,1413,2899
file1058.TextGrid,,0.042,987,1857,3300
file1059.TextGrid,,0.140,974,2129,3287
file1059.TextGrid,1,0.340,550,1554,2978
file1059.TextGrid,2,0.570,1071,2563,3623
file1059.TextGrid,,0.174,482,1851,2961
file106.TextGrid,,0.310,991,2039,3145
file106.TextGrid,1,0.340,982,2026,3010
file106.TextGrid,2,0.540,1251,2143,3482
file106.TextGrid,,0.034,1524,2360,3704
file1060.TextGrid,,0.260,1036,2017,2970
file1060.TextGrid,1,0.570,454,1555,2904
file1060.TextGrid,2,0.350,692,1411,2436
file1060.TextGrid,,0.215,919,1785,2779
file1061.TextGrid,,0.280,612,1570,2634
file1061.TextGrid,1,0.120,488,1446,2775
file1061.TextGrid,2,0.460,383,1554,2525
file1061.TextGrid,,0.176,494,1528,2740
file1062.TextGrid,,0.250,621,1676,2832
file1062.TextGrid,1,0.120,395,1824,2728
file1062.TextGrid,2,0.320,479,2034,2652
file1062.TextGrid,,0.346,699,1970,2736
file1063.TextGrid,,0.250,640,1870,2982
file1063.TextGrid,1,0.390,523,1563,3089
file1063.TextGrid,2,0.330,513,1479,3066
file1063.TextGrid,,0.345,983,2040,3243
file1064.TextGrid,,0.270,525,1695,2733
file1064.TextGrid,1,0.070,618,1287,2650
file1064.TextGrid,2,0.400,602,1314,2739
file1064.TextGrid,,0.203,542,1612,2769
file1065.TextGrid,,0.280,1189,2319,3410
file1065.TextGrid,1,0.330,386,1720,2797
file1065.TextGrid,2,0.620,581,1433,2988
file1065.TextGrid,,0.250,1140,1940,3039
file1066.TextGrid,,0.240,862,2265,3466
file1066.TextGrid,1,0.140,861,1805,2804
file1066.TextGrid,2,0.290,634,1209,2726
file1066.TextGrid,,0.298,641,1580,3010
file1067.TextGrid,,0.230,678,1866,2997
file1067.TextGrid,1,0.140,710,1587,2913
file1067.TextGrid,2,0.520,617,1750,2795
file1067.TextGrid,,0.239,606,1804,2842
file1068.TextGrid,,0.230,1020,2040,3000
file1068.TextGrid,1,0.250,413,2033,2771
file1068.TextGrid,2,0.260,956,2221,2948
file1068.TextGrid,,0.399,1098,1919,2669
file1069.TextGrid,,0.300,1032,2783,3057
file1069.TextGrid,1,0.170,1298,2505,3183
file1069.TextGrid,2,0.570,379,1987,2698
file1069.TextGrid,,0.182,858,1969,3155
file107.TextGrid,,0.210,673,1914,3005
file107.TextGrid,1,0.320,534,1896,2757
file107.TextGrid,2,0.450,400,1600,2637
file107.TextGrid,,0.149,548,1558,2835
file1070.TextGrid,,0.280,932,1872,4012
file1070.TextGrid,1,0.290,544,1681,2852
file1070.TextGrid,2,0.390,587,1559,2780
file1070.TextGrid,,0.179,1028,1692,3031
file1071.TextGrid,,0.200,767,1857,2855
file1071.TextGrid,1,0.170,606,1506,2796
file1071.TextGrid,2,0.420,425,1487,2771
file1071.TextGrid,,0.246,606,1671,2793
file1072.TextGrid,,0.220,1221,2379,3552
file1072.TextGrid,1,0.260,1010,2028,3349
file1072.TextGrid,2,0.680,519,1658,2887
file1072.TextGrid,,0.062,252,1674,2967
file1073.TextGrid,,0.150,920,2114,3108
file1073.TextGrid,1,0.280,284,1996,2719
file1073.TextGrid,2,0.100,320,2160,2703
file1073.TextGrid,,0.523,379,1219,2746
file1074.TextGrid,,0.190,743,1765,3011
file1074.TextGrid,1,0.380,551,1748,2640
file1074.TextGrid,2,0.570,1269,2696,3356
file1074.TextGrid,,0.255,879,1702,3023
file1075.TextGrid,,0.260,609,1669,2947
file1075.TextGrid,1,0.220,1098,2019,3345
file1075.TextGrid,2,0.400,568,1090,2869
file1075.TextGrid,,0.156,639,1444,2750
file1076.TextGrid,,0.280,1261,2124,3836
file1076.TextGrid,1,0.140,630,1817,2812
file1076.TextGrid,2,0.650,1066,2158,3205
file1076.TextGrid,,0.239,792,1767,2875
file1077.TextGrid,,0.250,564,1662,2751
file1077.TextGrid,1,0.310,1173,2346,3273
file1077.TextGrid,2,0.400,538,1754,2630
file1077.TextGrid,,0.169,727,1835,3036
file1078.TextGrid,,0.230,719,1645,2802
file1078.TextGrid,1,0.150,356,2086,2713
file1078.TextGrid,2,0.500,486,1042,2700
file1078.TextGrid,,0.249,667,1443,2716
file1079.TextGrid,,0.250,1224,2434,3417
file1079.TextGrid,1,0.160,751,1336,2452
file1079.TextGrid,2,0.530,599,1952,2797
file1079.TextGrid,,0.189,673,2091,3202
file108.TextGrid,,0.260,503,1532,2588
file108.TextGrid,1,0.200,1037,1988,3283
file108.TextGrid,2,0.540,861,1714,3022
file108.TextGrid,,0.222,456,1685,2663
file1080.TextGrid,,0.250,1427,2336,5193
file1080.TextGrid,1,0.530,776,1261,2947
file1080.TextGrid,2,0.190,758,1875,2971
file1080.TextGrid,,0.254,1137,1922,4196
file1081.TextGrid,,0.190,333,2000,3161
file1081.TextGrid,1,0.520,679,1599,3114
file1081.TextGrid,2,0.230,438,1223,2984
file1081.TextGrid,,0.028,386,1241,2578
file1082.TextGrid,,0.260,896,2069,3133
file1082.TextGrid,1,0.120,703,1656,2608
file1082.TextGrid,2,0.540,701,1584,2686
file1082.TextGrid,,0.302,833,1912,3027
file1083.TextGrid,,0.330,559,1570,3007
file1083.TextGrid,1,0.260,897,2092,3360
file1083.TextGrid,2,0.410,606,1887,2993
file1083.TextGrid,,0.224,612,1911,3119
file1084.TextGrid,,0.280,1103,2001,3374
file1084.TextGrid,1,0.050,590,916,3107
file1084.TextGrid,2,0.570,404,1741,2590
file1084.TextGrid,,0.043,1269,2668,3847
file1085.TextGrid,,0.280,1091,2480,3484
file1085.TextGrid,1,0.260,587,1451,2662
file1085.TextGrid,2,0.360,737,1555,2817
file1085.TextGrid,,0.322,526,1892,2956
file1086.TextGrid,,0.070,1125,2131,3077
file1086.TextGrid,1,0.470,918,1854,3092
file1086.TextGrid,2,0.360,659,1653,2872
file1086.TextGrid,,0.239,1041,2078,3058
file1087.TextGrid,,0.190,901,1556,2850
file1087.TextGrid,1,0.280,412,1403,2653
file1087.TextGrid,2,0.260,594,2001,2763
file1087.TextGrid,,0.238,857,1622,2826
file1088.TextGrid,,0.210,444,1587,2823
file1088.TextGrid,1,0.260,395,1356,2941
file1088.TextGrid,2,0.300,443,1113,2870
file1088.TextGrid,,0.266,581,1576,2767
file1089.TextGrid,,0.210,1191,2312,3065
file1089.TextGrid,1,0.170,628,2316,2979
file1089.TextGrid,2,0.230,606,2008,2865
file1089.TextGrid,,0.273,1089,1889,2691
file109.TextGrid,,0.120,801,1820,3221
file109.TextGrid,1,0.340,606,1398,2560
file109.TextGrid,2,0.340,661,1700,2553
file109.TextGrid,,0.253,1159,2226,3212
file1090.TextGrid,,0.260,728,1731,2614
file1090.TextGrid,1,0.300,470,1090,2855
file1090.TextGrid,2,0.260,558,1194,2836
file1090.TextGrid,,0.216,603,1783,2511
file1091.TextGrid,,0.160,1452,2387,5328
file1091.TextGrid,1,0.440,746,1989,3303
file1091.TextGrid,2,0.480,885,1559,3167
file1091.TextGrid,,0.059,1256,1791,3256
file1092.TextGrid,,0.270,930,2194,3289
file1092.TextGrid,1,0.060,669,1858,2652
file1092.TextGrid,2,0.480,391,2289,2819
file1092.TextGrid,,0.243,925,2046,3167
file1093.TextGrid,,0.210,1107,2210,3224
file1093.TextGrid,1,0.380,663,1132,2672
file1093.TextGrid,2,0.260,483,1684,2573
file1093.TextGrid,,0.203,878,2199,3389
file1094.TextGrid,,0.230,540,1620,2786
file1094.TextGrid,1,0.200,298,1404,2582
file1094.TextGrid,2,0.350,468,1179,2902
file1094.TextGrid,,0.442,456,1420,2765
file1095.TextGrid,,0.230,730,1776,2773
file1095.TextGrid,1,0.230,562,1634,2634
file1095.TextGrid,2,0.420,478,1324,2839
file1095.TextGrid,,0.156,756,1772,2993
file1096.TextGrid,,0.290,805,1607,2942
file1096.TextGrid,1,0.300,582,1250,2512
file1096.TextGrid,2,0.450,417,1123,2844
file1096.TextGrid,,0.099,439,1883,2818
file1097.TextGrid,,0.250,1325,2278,4410
file1097.TextGrid,1,0.580,561,1889,2783
file1097.TextGrid,2,0.150,396,1820,2409
file1097.TextGrid,,0.244,1023,2071,3057
file1098.TextGrid,,0.250,859,2081,3236
file1098.TextGrid,1,0.270,1066,2050,2842
file1098.TextGrid,2,0.470,452,1950,2446
file1098.TextGrid,,0.139,701,1770,2845
file1099.TextGrid,,0.330,1442,2416,5027
file1099.TextGrid,1,0.300,747,1848,2585
file1099.TextGrid,2,0.470,588,1754,2676
file1099.TextGrid,,0.209,814,1837,2963
file11.TextGrid,,0.210,449,1779,2799
file11.TextGrid,1,0.160,298,1603,2702
file11.TextGrid,2,0.420,365,1945,2643
file11.TextGrid,,0.339,532,1763,2669
file110.TextGrid,,0.150,964,2013,2837
file110.TextGrid,1,0.420,465,1493,2459
file110.TextGrid,2,0.450,429,1752,2815
file110.TextGrid,,0.202,651,1743,2981
file1100.TextGrid,,0.270,491,1410,2944
file1100.TextGrid,1,0.170,340,1794,2638
file1100.TextGrid,2,0.560,469,1565,2610
file1100.TextGrid,,0.129,491,1624,2852
file1101.TextGrid,,0.280,450,1750,3088
file1101.TextGrid,1,0.180,421,1141,3032
file1101.TextGrid,2,0.450,391,1691,2975
file1101.TextGrid,,0.219,472,1588,2940
file1102.TextGrid,,0.210,1010,1713,2976
file1102.TextGrid,1,0.310,505,1717,2533
file1102.TextGrid,2,0.250,525,1741,2957
file1102.TextGrid,,0.452,625,1838,2930
file1103.TextGrid,,0.190,706,1507,2823
file1103.TextGrid,1,0.220,993,1832,2639
file1103.TextGrid,2,0.550,568,1220,2669
file1103.TextGrid,,0.169,605,1607,2839
file1104.TextGrid,,0.260,1426,2353,5107
file1104.TextGrid,1,0.390,835,1761,2723
file1104.TextGrid,2,0.500,492,1616,3036
file1104.TextGrid,,0.245,1171,2199,3916
file1105.TextGrid,,0.270,1140,2163,3220
file1105.TextGrid,1,0.200,774,1921,2840
file1105.TextGrid,2,0.430,858,1693,3036
file1105.TextGrid,,0.324,1239,2163,4211
file1106.TextGrid,,0.230,753,1651,3026
file1106.TextGrid,1,0.330,897,1891,3179
file1106.TextGrid,2,0.260,873,1298,2774
file1106.TextGrid,,0.233,907,1672,3046
file1107.TextGrid,,0.300,905,1894,3025
file1107.TextGrid,1,0.200,411,2106,2625
file1107.TextGrid,2,0.470,737,2227,2890
file1107.TextGrid,,0.083,434,1894,2879
file1108.TextGrid,,0.140,709,1822,2804
file1108.TextGrid,1,0.250,344,1691,2863
file1108.TextGrid,2,0.600,339,1765,2831
file1108.TextGrid,,0.139,555,1610,2978
file1109.TextGrid,,0.100,1061,2181,3507
file1109.TextGrid,1,0.410,740,1817,2954
file1109.TextGrid,2,0.540,525,1702,2709
file1109.TextGrid,,0.174,1258,2363,3490
file111.TextGrid,,0.210,1053,2170,3258
file111.TextGrid,1,0.200,742,2074,3238
file111.TextGrid,2,0.360,573,1217,2834
file111.TextGrid,,0.369,708,1919,3049
file1110.TextGrid,,0.060,1086,2039,2998
file1110.TextGrid,1,0.290,454,1668,2674
file1110.TextGrid,2,0.290,671,1679,2708
file1110.TextGrid,,0.328,1082,2040,3693
file1111.TextGrid,,0.220,971,1962,3259
file1111.TextGrid,1,0.300,804,1847,3060
file1111.TextGrid,2,0.340,420,1832,2696
file1111.TextGrid,,0.176,432,1571,2613
file1112.TextGrid,,0.240,492,1677,2714
file1112.TextGrid,1,0.350,467,1681,2614
file1112.TextGrid,2,0.340,532,1830,2826
file1112.TextGrid,,0.199,515,1625,2743
file1113.TextGrid,,0.080,784,1830,3145
file1113.TextGrid,1,0.310,858,1360,2983
file1113.TextGrid,2,0.390,463,1097,3052
file1113.TextGrid,,0.103,692,1298,3129
file1114.TextGrid,,0.250,462,1655,2845
file1114.TextGrid,1,0.160,428,1410,2865
file1114.TextGrid,2,0.450,388,1088,2859
file1114.TextGrid,,0.176,592,1632,2501
file1115.TextGrid,,0.290,881,1834,3148
file1115.TextGrid,1,0.220,1064,2388,3188
file1115.TextGrid,2,0.390,463,1808,2744
file1115.TextGrid,,0.229,695,1912,2625
file1116.TextGrid,,0.080,1414,2462,4772
file1116.TextGrid,1,0.470,1152,2309,3136
file1116.TextGrid,2,0.450,681,1620,2358
file1116.TextGrid,,0.224,1106,2093,4010
file1117.TextGrid,,0.240,918,2034,3179
file1117.TextGrid,1,0.160,844,1127,2710
file1117.TextGrid,2,0.280,632,1521,3000
file1117.TextGrid,,0.373,572,1876,3141
file1118.TextGrid,,0.260,505,1608,2867
file1118.TextGrid,1,0.100,457,1872,2775
file1118.TextGrid,2,0.470,503,2047,3035
file1118.TextGrid,,0.206,391,1706,2745
file1119.TextGrid,,0.300,926,1876,2930
file1119.TextGrid,1,0.040,843,1677,2905
file1119.TextGrid,2,0.540,690,1723,2832
file1119.TextGrid,,0.173,924,2139,3209
file112.TextGrid,,0.230,453,1689,2870
file112.TextGrid,1,0.170,626,1372,3035
file112.TextGrid,2,0.500,975,2398,3126
file112.TextGrid,,0.229,851,2103,2955
file1120.TextGrid,,0.240,1135,2313,3443
file1120.TextGrid,1,0.270,811,2227,3285
file1120.TextGrid,2,0.710,695,1764,2940
file1120.TextGrid,,0.260,1185,2273,3247
file1121.TextGrid,,0.250,1001,2252,3199
file1121.TextGrid,1,0.380,319,1774,2654
file1121.TextGrid,2,0.600,690,1610,2609
file1121.TextGrid,,0.165,845,2035,2762
file1122.TextGrid,,0.320,488,1638,2965
file1122.TextGrid,1,0.170,401,776,3083
file1122.TextGrid,2,0.510,482,1677,2986
file1122.TextGrid,,0.222,572,1429,2865
file1123.TextGrid,,0.070,853,1985,3273
file1123.TextGrid,1,0.230,1452,2243,3113
file1123.TextGrid,2,0.430,590,1562,2495
file1123.TextGrid,,0.306,796,1896,3126
file1124.TextGrid,,0.260,524,1708,2791
file1124.TextGrid,1,0.340,680,1873,2924
file1124.TextGrid,2,0.290,537,1852,2696
file1124.TextGrid,,0.332,479,1658,2554
file1125.TextGrid,,0.060,1205,2381,2952
file1125.TextGrid,1,0.380,871,1806,2615
file1125.TextGrid,2,0.510,431,1735,2720
file1125.TextGrid,,0.189,1090,2224,3218
file1126.TextGrid,,0.220,1226,2253,3343
file1126.TextGrid,1,0.280,438,1767,2854
file1126.TextGrid,2,0.610,568,1860,2897
file1126.TextGrid,,0.112,996,2047,3346
file1127.TextGrid,,0.220,808,2013,3231
file1127.TextGrid,1,0.510,463,1058,2822
file1127.TextGrid,2,0.160,521,946,2742
file1127.TextGrid,,0.239,595,1433,2604
file1128.TextGrid,,0.260,526,1622,2747
file1128.TextGrid,1,0.260,1011,2083,3090
file1128.TextGrid,2,0.710,368,1879,2698
file1128.TextGrid,,0.085,502,1815,2903
file1129.TextGrid,,0.260,1025,2301,3266
file1129.TextGrid,1,0.280,456,1683,3121
file1129.TextGrid,2,0.690,351,1393,2336
file1129.TextGrid,,0.177,1245,2164,3294
file113.TextGrid,,0.230,511,1472,2700
file113.TextGrid,1,0.150,666,1799,2836
file113.TextGrid,2,0.540,521,1786,2682
file113.TextGrid,,0.209,495,1556,2936
file1130.TextGrid,,0.260,582,1880,3406
file1130.TextGrid,1,0.320,919,1927,3018
file1130.TextGrid,2,0.300,529,1509,2814
file1130.TextGrid,,0.249,512,1631,2523
file1131.TextGrid,,0.200,906,2016,3183
file1131.TextGrid,1,0.360,369,1605,2741
file1131.TextGrid,2,0.620,489,1664,2786
file1131.TextGrid,,0.129,1193,2272,3289
file1132.TextGrid,,0.090,986,2064,3054
file1132.TextGrid,1,0.540,740,1725,2809
file1132.TextGrid,2,0.360,769,1625,2652
file1132.TextGrid,,0.319,1271,2119,3084
file1133.TextGrid,,0.170,1375,1994,3892
file1133.TextGrid,1,0.480,937,1564,2656
file1133.TextGrid,2,0.580,635,1775,3340
file1133.TextGrid,,0.165,1159,2253,4002
file1134.TextGrid,,0.220,941,1965,3106
file1134.TextGrid,1,0.210,953,2130,3193
file1134.TextGrid,2,0.510,404,1808,2840
file1134.TextGrid,,0.282,411,1597,2821
file1135.TextGrid,,0.200,492,1528,2943
file1135.TextGrid,1,0.130,909,2297,3227
file1135.TextGrid,2,0.520,341,1499,2843
file1135.TextGrid,,0.186,448,1571,2687
file1136.TextGrid,,0.260,1090,2013,2772
file1136.TextGrid,1,0.190,452,2279,2986
file1136.TextGrid,2,0.520,799,2073,3352
file1136.TextGrid,,0.159,768,1760,2921
file1137.TextGrid,,0.160,1204,2255,3348
file1137.TextGrid,1,0.230,528,1480,2630
file1137.TextGrid,2,0.790,447,1668,2716
file1137.TextGrid,,0.129,1300,2460,3514
file1138.TextGrid,,0.150,1131,2025,3175
file1138.TextGrid,1,0.360,605,1743,3268
file1138.TextGrid,2,0.690,756,1605,2928
file1138.TextGrid,,0.109,1317,2485,3249
file1139.TextGrid,,0.280,1422,2251,4709
file1139.TextGrid,1,0.280,788,2149,2692
file1139.TextGrid,2,0.540,457,1998,2750
file1139.TextGrid,,0.209,1032,2091,3750
file114.TextGrid,,0.070,1503,2433,5355
file114.TextGrid,1,0.380,1199,1765,2800
file114.TextGrid,2,0.580,919,1419,2507
file114.TextGrid,,0.194,1263,2161,4050
file1140.TextGrid,,0.030,1086,1869,2877
file1140.TextGrid,1,0.320,1394,2569,3184
file1140.TextGrid,2,0.230,572,1767,2624
file1140.TextGrid,,0.559,934,1699,2614
file1141.TextGrid,,0.310,471,1553,2899
file1141.TextGrid,1,0.230,820,1961,3151
file1141.TextGrid,2,0.740,443,1232,2609
file1141.TextGrid,,0.035,347,1849,2822
file1142.TextGrid,,0.320,844,1992,2976
file1142.TextGrid,1,0.180,580,1658,2798
file1142.TextGrid,2,0.420,458,1207,2649
file1142.TextGrid,,0.116,419,1612,2514
file1143.TextGrid,,0.230,985,1795,3070
file1143.TextGrid,1,0.170,572,1526,2602
file1143.TextGrid,2,0.570,785,1638,2697
file1143.TextGrid,,0.159,1010,1714,3613
file1144.TextGrid,,0.090,918,2641,4368
file1144.TextGrid,1,0.130,287,1475,3209
file1144.TextGrid,2,0.440,750,1320,2966
file1144.TextGrid,,0.308,1062,1794,3146
file1145.TextGrid,,0.250,714,1848,2999
file1145.TextGrid,1,0.350,591,1863,2983
file1145.TextGrid,2,0.460,433,1490,2858
file1145.TextGrid,,0.162,757,1807,3016
file1146.TextGrid,,0.080,1227,2412,3282
file1146.TextGrid,1,0.470,424,1389,2938
file1146.TextGrid,2,0.540,589,2149,3084
file1146.TextGrid,,0.305,995,2060,3073
file1147.TextGrid,,0.190,677,1799,2951
file1147.TextGrid,1,0.190,683,995,3070
file1147.TextGrid,2,0.280,477,1680,2415
file1147.TextGrid,,0.283,944,2119,3311
file1148.TextGrid,,0.160,922,1955,3244
file1148.TextGrid,1,0.240,932,2073,3257
file1148.TextGrid,2,0.420,678,1415,2953
file1148.TextGrid,,0.319,814,1642,2975
file1149.TextGrid,,0.290,949,1979,3005
file1149.TextGrid,1,0.170,684,1572,2837
file1149.TextGrid,2,0.460,550,1652,2664
file1149.TextGrid,,0.304,968,2007,3079
file115.TextGrid,,0.310,1460,1949,2946
file115.TextGrid,1,0.160,690,1772,2664
file115.TextGrid,2,0.550,425,1724,2512
file115.TextGrid,,0.109,970,1568,2445
file1150.TextGrid,,0.230,794,2026,3117
file1150.TextGrid,1,0.260,626,2158,3051
file1150.TextGrid,2,0.270,936,1452,2802
file1150.TextGrid,,0.293,827,2020,3080
file1151.TextGrid,,0.230,971,2085,3185
file1151.TextGrid,1,0.260,704,2033,3089
file1151.TextGrid,2,0.430,427,2128,2851
file1151.TextGrid,,0.209,325,1614,2830
file1152.TextGrid,,0.270,584,1597,2680
file1152.TextGrid,1,0.270,531,1878,3075
file1152.TextGrid,2,0.240,310,1940,2958
file1152.TextGrid,,0.273,641,1930,3202
file1153.TextGrid,,0.150,764,1857,3032
file1153.TextGrid,1,0.260,766,2133,2957
file1153.TextGrid,2,0.450,598,1435,2658
file1153.TextGrid,,0.176,630,1353,2863
file1154.TextGrid,,0.140,1244,2035,3108
file1154.TextGrid,1,0.490,777,1263,2732
file1154.TextGrid,2,0.260,572,1359,2698
file1154.TextGrid,,0.249,925,2023,3098
file1155.TextGrid,,0.270,629,1665,2722
file1155.TextGrid,1,0.230,647,1893,2786
file1155.TextGrid,2,0.480,306,1955,2682
file1155.TextGrid,,0.242,376,1546,2492
file1156.TextGrid,,0.150,596,1533,2618
file1156.TextGrid,1,0.150,854,2156,3462
file1156.TextGrid,2,0.530,408,1655,2700
file1156.TextGrid,,0.206,495,1622,2775
file116.TextGrid,,0.050,1061,2003,3138
file116.TextGrid,1,0.310,474,1562,2742
file116.TextGrid,2,0.290,780,1566,2838
file116.TextGrid,,0.318,1295,2120,3504
file117.TextGrid,,0.050,1285,2348,3102
file117.TextGrid,1,0.600,1050,1943,2873
file117.TextGrid,2,0.230,736,1362,2658
file117.TextGrid,,0.259,991,1766,3637
file118.TextGrid,,0.240,733,2045,3180
file118.TextGrid,1,0.400,562,1731,2769
file118.TextGrid,2,0.340,540,1525,2786
file118.TextGrid,,0.159,611,1657,2967
file119.TextGrid,,0.130,1065,1879,2976
file119.TextGrid,1,0.240,880,2025,3479
file119.TextGrid,2,0.240,438,1889,2804
file119.TextGrid,,0.333,919,1538,2904
file12.TextGrid,,0.290,673,1680,3029
file12.TextGrid,1,0.200,508,1533,2240
file12.TextGrid,2,0.490,579,1797,2529
file12.TextGrid,,0.159,494,1427,2381
file120.TextGrid,,0.210,543,1785,3029
file120.TextGrid,1,0.170,1057,1972,2855
file120.TextGrid,2,0.620,389,1850,2592
file120.TextGrid,,0.129,465,1539,2580
file121.TextGrid,,0.230,1041,2220,3277
file121.TextGrid,1,0.100,384,1666,2602
file121.TextGrid,2,0.500,522,2047,2859
file121.TextGrid,,0.138,653,1837,3499
file122.TextGrid,,0.260,1088,2169,3053
file122.TextGrid,1,0.370,335,1708,2780
file122.TextGrid,2,0.730,1045,2062,3277
file122.TextGrid,,0.035,1276,2787,3625
file123.TextGrid,,0.030,1043,1990,3178
file123.TextGrid,1,0.640,883,2020,2862
file123.TextGrid,2,0.270,503,1505,2854
file123.TextGrid,,0.369,692,1935,3303
file124.TextGrid,,0.270,1026,2153,3303
file124.TextGrid,1,0.200,555,1024,2852
file124.TextGrid,2,0.410,357,1761,2521
file124.TextGrid,,0.088,1003,2085,3371
file125.TextGrid,,0.180,1164,2173,3312
file125.TextGrid,1,0.130,894,1839,2862
file125.TextGrid,2,0.780,405,1398,2805
file125.TextGrid,,0.049,593,2005,3216
file126.TextGrid,,0.130,1019,2433,3224
file126.TextGrid,1,0.280,694,1794,3170
file126.TextGrid,2,0.640,1171,2134,3674
file126.TextGrid,,0.089,956,1639,2986
file127.TextGrid,,0.130,870,1493,2734
file127.TextGrid,1,0.270,483,1806,2802
file127.TextGrid,2,0.460,626,1914,2968
file127.TextGrid,,0.193,1013,1401,2937
file128.TextGrid,,0.310,731,1680,2753
file128.TextGrid,1,0.210,750,1745,3174
file128.TextGrid,2,0.480,503,1928,3472
file128.TextGrid,,0.222,587,1590,3011
file129.TextGrid,,0.230,1022,2072,3072
file129.TextGrid,1,0.160,646,2168,2702
file129.TextGrid,2,0.320,889,2055,2936
file129.TextGrid,,0.258,1443,2572,3366
file13.TextGrid,,0.140,639,1505,2956
file13.TextGrid,1,0.290,527,2180,3247
file13.TextGrid,2,0.410,569,1494,2759
file13.TextGrid,,0.213,572,1604,2780
file130.TextGrid,,0.230,793,1797,2898
file130.TextGrid,1,0.260,457,1573,2674
file130.TextGrid,2,0.430,546,1386,2940
file130.TextGrid,,0.209,591,1483,2739
file131.TextGrid,,0.270,1130,1894,3074
file131.TextGrid,1,0.220,444,1736,3049
file131.TextGrid,2,0.380,557,1991,2702
file131.TextGrid,,0.352,495,2011,2815
file132.TextGrid,,0.050,950,2000,3185
file132.TextGrid,1,0.610,862,2212,2898
file132.TextGrid,2,0.260,706,1589,2745
file132.TextGrid,,0.304,1107,2035,3601
file133.TextGrid,,0.140,895,2010,3181
file133.TextGrid,1,0.370,527,1725,3008
file133.TextGrid,2,0.260,427,2066,2727
file133.TextGrid,,0.266,890,2013,3220
file134.TextGrid,,0.190,760,2170,3137
file134.TextGrid,1,0.340,339,1908,2590
file134.TextGrid,2,0.570,457,1912,2849
file134.TextGrid,,0.215,1449,2682,3624
file135.TextGrid,,0.200,1199,2302,3422
file135.TextGrid,1,0.270,778,1624,2570
file135.TextGrid,2,0.300,515,1729,2692
file135.TextGrid,,0.283,882,2075,2934
file136.TextGrid,,0.280,1111,2086,3238
file136.TextGrid,1,0.290,658,1287,2576
file136.TextGrid,2,0.390,396,1139,3033
file136.TextGrid,,0.093,266,1775,2921
file137.TextGrid,,0.270,773,1747,3127
file137.TextGrid,1,0.100,413,2325,2774
file137.TextGrid,2,0.370,799,2105,2879
file137.TextGrid,,0.313,788,1726,2839
file138.TextGrid,,0.260,1275,2178,4335
file138.TextGrid,1,0.270,664,1726,2366
file138.TextGrid,2,0.420,895,1631,2507
file138.TextGrid,,0.189,1049,1899,2999
file139.TextGrid,,0.210,426,1419,2472
file139.TextGrid,1,0.310,610,1844,2944
file139.TextGrid,2,0.460,671,1320,2750
file139.TextGrid,,0.149,653,1604,2709
file14.TextGrid,,0.150,654,1895,3038
file14.TextGrid,1,0.250,799,1691,3105
file14.TextGrid,2,0.580,461,1835,2759
file14.TextGrid,,0.149,1085,2335,3243
file140.TextGrid,,0.190,1206,2534,3431
file140.TextGrid,1,0.290,786,1551,3217
file140.TextGrid,2,0.400,467,1560,2565
file140.TextGrid,,0.249,737,1876,3065
file141.TextGrid,,0.160,506,1921,2975
file141.TextGrid,1,0.330,763,1616,3356
file141.TextGrid,2,0.300,522,965,3017
file141.TextGrid,,0.246,624,1411,2862
file142.TextGrid,,0.270,819,1768,3145
file142.TextGrid,1,0.270,965,1893,2927
file142.TextGrid,2,0.280,514,1538,2844
file142.TextGrid,,0.319,752,1782,3166
file143.TextGrid,,0.170,516,1617,2573
file143.TextGrid,1,0.160,347,1534,2601
file143.TextGrid,2,0.440,564,1275,2833
file143.TextGrid,,0.173,635,1451,2737
file144.TextGrid,,0.080,1000,2139,3177
file144.TextGrid,1,0.350,459,1534,2748
file144.TextGrid,2,0.400,680,2355,3161
file144.TextGrid,,0.223,880,1906,3082
file145.TextGrid,,0.180,943,2086,3233
file145.TextGrid,1,0.250,495,1377,2655
file145.TextGrid,2,0.200,533,1855,2806
file145.TextGrid,,0.338,821,1829,2437
file146.TextGrid,,0.180,766,1979,2862
file146.TextGrid,1,0.160,810,2029,3310
file146.TextGrid,2,0.350,568,1615,2722
file146.TextGrid,,0.253,546,1579,2717
file147.TextGrid,,0.280,1210,2451,3544
file147.TextGrid,1,0.310,425,2245,2772
file147.TextGrid,2,0.330,830,1623,2466
file147.TextGrid,,0.304,989,2043,3024
file148.TextGrid,,0.050,899,2153,3288
file148.TextGrid,1,0.350,1073,1623,2423
file148.TextGrid,2,0.530,1069,2374,3410
file148.TextGrid,,0.038,1325,2523,3457
file149.TextGrid,,0.160,1175,2425,3351
file149.TextGrid,1,0.230,793,1490,2459
file149.TextGrid,2,0.290,648,1799,2885
file149.TextGrid,,0.288,1181,2144,3801
file15.TextGrid,,0.200,1190,2237,3289
file15.TextGrid,1,0.470,1110,1949,2613
file15.TextGrid,2,0.650,825,2272,3290
file15.TextGrid,,0.160,987,1906,2907
file150.TextGrid,,0.290,827,1721,3079
file150.TextGrid,1,0.180,477,1452,2850
file150.TextGrid,2,0.580,330,1595,2896
file150.TextGrid,,0.089,1007,2017,3074
file151.TextGrid,,0.210,1042,2250,3037
file151.TextGrid,1,0.390,663,1862,2599
file151.TextGrid,2,0.340,557,1570,2828
file151.TextGrid,,0.284,1146,2203,3254
file152.TextGrid,,0.250,1330,2154,4118
file152.TextGrid,1,0.420,792,1335,2466
file152.TextGrid,2,0.330,698,1540,2614
file152.TextGrid,,0.224,897,2068,2693
file153.TextGrid,,0.320,930,2174,3308
file153.TextGrid,1,0.060,653,1549,2548
file153.TextGrid,2,0.540,627,1814,2788
file153.TextGrid,,0.219,929,2293,3201
file154.TextGrid,,0.120,911,2090,3203
file154.TextGrid,1,0.200,1008,1757,2542
file154.TextGrid,2,0.250,613,1674,2354
file154.TextGrid,,0.466,850,1583,2858
file155.TextGrid,,0.280,874,1820,2552
file155.TextGrid,1,0.210,709,1099,2607
file155.TextGrid,2,0.420,619,1336,2589
file155.TextGrid,,0.126,574,1499,2372
file156.TextGrid,,0.230,989,2043,3249
file156.TextGrid,1,0.360,900,1795,3113
file156.TextGrid,2,0.460,433,1707,2596
file156.TextGrid,,0.172,446,1943,3094
file157.TextGrid,,0.230,1205,2080,3233
file157.TextGrid,1,0.100,652,1100,2947
file157.TextGrid,2,0.330,545,1086,2931
file157.TextGrid,,0.393,408,1473,2900
file158.TextGrid,,0.120,1073,2140,3261
file158.TextGrid,1,0.200,1173,2194,3307
file158.TextGrid,2,0.160,412,2046,2694
file158.TextGrid,,0.463,578,1741,2510
file159.TextGrid,,0.240,918,2034,3179
file159.TextGrid,1,0.160,844,1127,2710
file159.TextGrid,2,0.280,632,1521,3000
file159.TextGrid,,0.373,572,1876,3141
file16.TextGrid,,0.280,509,1644,2827
file16.TextGrid,1,0.080,569,1949,2739
file16.TextGrid,2,0.440,343,1975,2620
file16.TextGrid,,0.143,481,1751,2799
file160.TextGrid,,0.250,952,1769,2925
file160.TextGrid,1,0.400,833,1694,2600
file160.TextGrid,2,0.320,450,1658,2662
file160.TextGrid,,0.254,532,1872,3103
file161.TextGrid,,0.210,1099,2099,3258
file161.TextGrid,1,0.430,412,1508,3055
file161.TextGrid,2,0.520,1276,2401,3178
file161.TextGrid,,0.149,1203,2199,3199
file162.TextGrid,,0.250,1013,1989,3109
file162.TextGrid,1,0.240,556,1671,2845
file162.TextGrid,2,0.500,325,1718,2784
file162.TextGrid,,0.139,472,1660,2882
file163.TextGrid,,0.310,860,1645,2999
file163.TextGrid,1,0.270,490,1659,2949
file163.TextGrid,2,0.400,339,2098,2869
file163.TextGrid,,0.149,588,1675,2986
file164.TextGrid,,0.290,1398,2349,5128
file164.TextGrid,1,0.100,627,1748,2524
file164.TextGrid,2,0.510,648,1818,2640
file164.TextGrid,,0.239,1191,1909,4066
file165.TextGrid,,0.170,773,2005,2995
file165.TextGrid,1,0.180,368,1481,2696
file165.TextGrid,2,0.340,632,1794,2790
file165.TextGrid,,0.346,511,1692,2860
file166.TextGrid,,0.240,725,1729,2968
file166.TextGrid,1,0.270,1048,1884,3300
file166.TextGrid,2,0.570,1035,2262,3069
file166.TextGrid,,0.142,723,1565,2566
file167.TextGrid,,0.310,378,1494,2885
file167.TextGrid,1,0.310,470,1000,2950
file167.TextGrid,2,0.280,538,1678,2856
file167.TextGrid,,0.229,493,1649,2687
file168.TextGrid,,0.080,1378,2310,3398
file168.TextGrid,1,0.530,539,1704,3107
file168.TextGrid,2,0.210,567,1174,2325
file168.TextGrid,,0.319,1088,2084,3530
file169.TextGrid,,0.280,802,1764,2847
file169.TextGrid,1,0.120,334,1249,2682
file169.TextGrid,2,0.570,514,1917,2628
file169.TextGrid,,0.159,383,1526,2430
file17.TextGrid,,0.270,1016,1797,3146
file17.TextGrid,1,0.200,494,1262,2895
file17.TextGrid,2,0.510,578,1677,2673
file17.TextGrid,,0.149,651,1756,3085
file170.TextGrid,,0.110,904,2152,3130
file170.TextGrid,1,0.580,638,1599,2607
file170.TextGrid,2,0.060,662,1279,2614
file170.TextGrid,,0.303,1020,2038,3060
file171.TextGrid,,0.220,888,2052,3044
file171.TextGrid,1,0.270,459,1841,2757
file171.TextGrid,2,0.490,714,2001,3092
file171.TextGrid,,0.149,820,1918,3120
file172.TextGrid,,0.230,539,1525,2859
file172.TextGrid,1,0.170,444,1616,2895
file172.TextGrid,2,0.260,360,1936,2667
file172.TextGrid,,0.376,406,1726,2734
file173.TextGrid,,0.270,1245,2384,3405
file173.TextGrid,1,0.130,742,2174,2833
file173.TextGrid,2,0.200,420,1587,2400
file173.TextGrid,,0.368,426,1624,2788
file174.TextGrid,,0.280,624,1665,2763
file174.TextGrid,1,0.140,428,1362,2768
file174.TextGrid,2,0.520,473,1586,2476
file174.TextGrid,,0.189,528,1675,2670
file175.TextGrid,,0.270,590,1809,2924
file175.TextGrid,1,0.370,473,1635,2413
file175.TextGrid,2,0.310,518,1909,2866
file175.TextGrid,,0.365,912,2129,3210
file176.TextGrid,,0.260,504,1571,2810
file176.TextGrid,1,0.170,435,1991,2668
file176.TextGrid,2,0.160,447,2257,2588
file176.TextGrid,,0.353,443,1865,2667
file177.TextGrid,,0.210,818,1903,3005
file177.TextGrid,1,0.170,688,1435,2698
file177.TextGrid,2,0.240,750,1215,2742
file177.TextGrid,,0.323,922,1663,2962
file178.TextGrid,,0.210,1100,1848,3011
file178.TextGrid,1,0.180,696,1550,3094
file178.TextGrid,2,0.270,639,1241,2816
file178.TextGrid,,0.308,1079,1727,2930
file179.TextGrid,,0.250,410,1424,2543
file179.TextGrid,1,0.160,496,1851,2874
file179.TextGrid,2,0.510,365,2022,2793
file179.TextGrid,,0.302,561,1719,2891
file18.TextGrid,,0.230,761,1676,2989
file18.TextGrid,1,0.290,897,2022,3267
file18.TextGrid,2,0.540,570,1700,2368
file18.TextGrid,,0.069,665,1573,2906
file180.TextGrid,,0.290,977,2045,3053
file180.TextGrid,1,0.490,565,2163,2867
file180.TextGrid,2,0.210,576,1827,2514
file180.TextGrid,,0.319,1194,2292,3020
file181.TextGrid,,0.190,891,1960,3182
file181.TextGrid,1,0.340,555,1504,2590
file181.TextGrid,2,0.430,797,2177,3377
file181.TextGrid,,0.262,1022,2218,3216
file182.TextGrid,,0.130,1214,2232,4481
file182.TextGrid,1,0.430,438,1692,2789
file182.TextGrid,2,0.460,407,1657,3178
file182.TextGrid,,0.204,921,2113,3088
file183.TextGrid,,0.200,971,1953,3165
file183.TextGrid,1,0.320,598,1989,3067
file183.TextGrid,2,0.360,676,2089,2955
file183.TextGrid,,0.173,937,1959,3564
file184.TextGrid,,0.300,602,1583,2786
file184.TextGrid,1,0.200,1106,2176,3060
file184.TextGrid,2,0.330,519,1408,2977
file184.TextGrid,,0.206,722,1757,2901
file185.TextGrid,,0.220,826,2023,3117
file185.TextGrid,1,0.350,759,1704,2949
file185.TextGrid,2,0.230,497,1765,2981
file185.TextGrid,,0.083,411,1908,3142
file186.TextGrid,,0.180,1498,2434,5426
file186.TextGrid,1,0.330,1238,2388,3174
file186.TextGrid,2,0.420,813,1803,2564
file186.TextGrid,,0.209,1124,2124,3234
file187.TextGrid,,0.210,1052,1993,3286
file187.TextGrid,1,0.360,746,1266,2591
file187.TextGrid,2,0.580,774,1538,2866
file187.TextGrid,,0.245,1053,2030,3200
file188.TextGrid,,0.290,742,2056,3089
file188.TextGrid,1,0.220,314,1262,2846
file188.TextGrid,2,0.620,433,1469,2568
file188.TextGrid,,0.092,431,1552,2812
file189.TextGrid,,0.210,504,1573,2803
file189.TextGrid,1,0.290,722,1876,3064
file189.TextGrid,2,0.400,404,1814,2677
file189.TextGrid,,0.229,531,1486,2818
file19.TextGrid,,0.300,1103,2282,3249
file19.TextGrid,1,0.120,345,1921,2591
file19.TextGrid,2,0.490,298,1893,2728
file19.TextGrid,,0.314,668,1884,2917
file190.TextGrid,,0.240,975,1926,3062
file190.TextGrid,1,0.460,805,1665,2605
file190.TextGrid,2,0.240,750,1808,2647
file190.TextGrid,,0.284,997,1967,3088
file191.TextGrid,,0.050,736,1909,2875
file191.TextGrid,1,0.400,1034,1865,3227
file191.TextGrid,2,0.630,561,1566,2792
file191.TextGrid,,0.144,886,2064,3122
file192.TextGrid,,0.230,838,1664,2915
file192.TextGrid,1,0.290,1017,2124,3223
file192.TextGrid,2,0.400,542,1481,2980
file192.TextGrid,,0.209,609,1660,3037
file193.TextGrid,,0.120,670,1802,3037
file193.TextGrid,1,0.280,493,1679,2708
file193.TextGrid,2,0.280,780,1695,2833
file193.TextGrid,,0.288,1290,1786,2508
file194.TextGrid,,0.320,1393,2214,4836
file194.TextGrid,1,0.230,1122,1749,2716
file194.TextGrid,2,0.430,571,1630,2639
file194.TextGrid,,0.244,1117,1992,3969
file195.TextGrid,,0.260,552,1425,3094
file195.TextGrid,1,0.370,452,2028,2869
file195.TextGrid,2,0.430,848,1348,2312
file195.TextGrid,,0.164,1076,1986,3044
file196.TextGrid,,0.220,1176,2148,3370
file196.TextGrid,1,0.200,568,1797,2841
file196.TextGrid,2,0.250,551,1897,2717
file196.TextGrid,,0.459,600,1830,2561
file197.TextGrid,,0.270,513,1442,2817
file197.TextGrid,1,0.190,514,1129,3102
file197.TextGrid,2,0.450,555,964,3060
file197.TextGrid,,0.219,619,1189,2816
file198.TextGrid,,0.270,846,1984,3133
file198.TextGrid,1,0.090,625,1518,2336
file198.TextGrid,2,0.420,593,2269,3075
file198.TextGrid,,0.256,925,1859,3130
file199.TextGrid,,0.230,824,1892,3233
file199.TextGrid,1,0.320,418,910,2825
file199.TextGrid,2,0.220,498,894,2782
file199.TextGrid,,0.266,621,1606,3030
file2.TextGrid,,0.200,1003,1977,3012
file2.TextGrid,1,0.330,486,2176,2996
file2.TextGrid,2,0.210,526,1932,2826
file2.TextGrid,,0.313,874,1926,2976
file20.TextGrid,,0.270,880,1785,3037
file20.TextGrid,1,0.280,492,1125,3000
file20.TextGrid,2,0.360,512,956,3023
file20.TextGrid,,0.219,596,1418,2923
file200.TextGrid,,0.280,1078,2092,2785
file200.TextGrid,1,0.070,1116,1904,2607
file200.TextGrid,2,0.240,558,1209,2797
file200.TextGrid,,0.539,812,1657,2862
file201.TextGrid,,0.300,1040,2045,3359
file201.TextGrid,1,0.230,579,1787,2848
file201.TextGrid,2,0.500,821,1897,3578
file201.TextGrid,,0.109,921,1804,2948
file202.TextGrid,,0.120,889,1721,2886
file202.TextGrid,1,0.310,501,1607,2842
file202.TextGrid,2,0.400,407,1838,3318
file202.TextGrid,,0.309,827,1754,2873
file203.TextGrid,,0.220,426,1485,2667
file203.TextGrid,1,0.180,301,1287,2696
file203.TextGrid,2,0.560,507,1593,2712
file203.TextGrid,,0.169,732,1718,2785
file204.TextGrid,,0.320,526,1784,2900
file204.TextGrid,1,0.290,391,1139,2996
file204.TextGrid,2,0.330,563,1051,2852
file204.TextGrid,,0.189,643,1272,2729
file205.TextGrid,,0.270,1046,2077,3302
file205.TextGrid,1,0.130,683,1322,3069
file205.TextGrid,2,0.220,537,1571,3175
file205.TextGrid,,0.348,1064,2122,3901
file206.TextGrid,,0.220,1484,2167,3404
file206.TextGrid,1,0.210,489,1247,3070
file206.TextGrid,2,0.290,401,1705,2758
file206.TextGrid,,0.333,460,1792,3018
file207.TextGrid,,0.260,970,2110,3228
file207.TextGrid,1,0.150,593,1207,2545
file207.TextGrid,2,0.310,646,1594,2658
file207.TextGrid,,0.223,1085,2125,3277
file208.TextGrid,,0.230,1028,2163,3239
file208.TextGrid,1,0.340,501,1452,3044
file208.TextGrid,2,0.280,725,1900,2902
file208.TextGrid,,0.203,2418,2934,3635
file209.TextGrid,,0.190,1272,2219,4118
file209.TextGrid,1,0.270,1145,1814,2603
file209.TextGrid,2,0.540,610,1453,2610
file209.TextGrid,,0.224,772,1633,2988
file21.TextGrid,,0.280,437,1964,2963
file21.TextGrid,1,0.110,663,1448,2885
file21.TextGrid,2,0.500,728,1641,3229
file21.TextGrid,,0.332,374,1871,3229
file210.TextGrid,,0.030,1761,2457,3777
file210.TextGrid,1,0.370,1176,1929,3019
file210.TextGrid,2,0.230,731,1406,2699
file210.TextGrid,,0.253,867,1684,2825
file211.TextGrid,,0.280,461,1321,2776
file211.TextGrid,1,0.230,389,823,3011
file211.TextGrid,2,0.580,359,1571,2677
file211.TextGrid,,0.039,456,1454,2239
file212.TextGrid,,0.200,783,1911,3073
file212.TextGrid,1,0.280,470,1727,2853
file212.TextGrid,2,0.510,391,1547,2739
file212.TextGrid,,0.139,782,1881,3099
file213.TextGrid,,0.230,515,1687,2861
file213.TextGrid,1,0.280,571,1784,2782
file213.TextGrid,2,0.460,693,2176,3033
file213.TextGrid,,0.252,572,1908,2828
file214.TextGrid,,0.260,943,2207,3339
file214.TextGrid,1,0.160,687,1734,2961
file214.TextGrid,2,0.430,738,1154,2912
file214.TextGrid,,0.118,916,2167,3289
file215.TextGrid,,0.270,1039,1622,3165
file215.TextGrid,1,0.440,932,1398,3113
file215.TextGrid,2,0.410,519,1328,3069
file215.TextGrid,,0.189,1257,2012,3963
file216.TextGrid,,0.200,674,1691,2674
file216.TextGrid,1,0.150,985,1843,3196
file216.TextGrid,2,0.490,687,1469,2962
file216.TextGrid,,0.103,514,1618,2902
file217.TextGrid,,0.090,1067,2301,3340
file217.TextGrid,1,0.390,1012,1757,2800
file217.TextGrid,2,0.170,486,1439,2478
file217.TextGrid,,0.479,911,1979,3212
file218.TextGrid,,0.170,1080,2028,3097
file218.TextGrid,1,0.330,471,1714,2638
file218.TextGrid,2,0.360,447,1896,3138
file218.TextGrid,,0.279,852,1878,2929
file219.TextGrid,,0.230,585,1668,2735
file219.TextGrid,1,0.230,1087,2239,3050
file219.TextGrid,2,0.370,459,1814,2801
file219.TextGrid,,0.206,638,1750,2787
file22.TextGrid,,0.270,472,1490,2758
file22.TextGrid,1,0.220,491,1579,2764
file22.TextGrid,2,0.280,1140,2518,3603
file22.TextGrid,,0.266,576,1762,3225
file220.TextGrid,,0.240,1232,2281,3322
file220.TextGrid,1,0.570,575,1064,2986
file220.TextGrid,2,0.090,364,1046,2891
file220.TextGrid,,0.068,761,1869,3152
file221.TextGrid,,0.210,1195,2141,3199
file221.TextGrid,1,0.140,863,2032,2835
file221.TextGrid,2,0.640,411,1560,2756
file221.TextGrid,,0.063,480,1489,3049
file222.TextGrid,,0.160,1415,2307,4660
file222.TextGrid,1,0.330,682,1581,2702
file222.TextGrid,2,0.290,756,1439,2603
file222.TextGrid,,0.273,920,1674,3303
file223.TextGrid,,0.200,1043,2229,3289
file223.TextGrid,1,0.220,482,2190,2782
file223.TextGrid,2,0.820,689,1884,2985
file223.TextGrid,,0.069,1462,2622,3592
file224.TextGrid,,0.160,1170,2326,3288
file224.TextGrid,1,0.270,682,2112,3089
file224.TextGrid,2,0.320,580,1356,2552
file224.TextGrid,,0.303,774,2020,3183
file225.TextGrid,,0.240,1031,1790,2551
file225.TextGrid,1,0.170,496,2177,2945
file225.TextGrid,2,0.600,389,1872,2787
file225.TextGrid,,0.026,350,1426,1736
file226.TextGrid,,0.200,810,1856,2843
file226.TextGrid,1,0.390,902,2465,3254
file226.TextGrid,2,0.520,922,2339,3229
file226.TextGrid,,0.285,1167,2502,3651
file227.TextGrid,,0.090,1406,2332,3169
file227.TextGrid,1,0.370,1089,1931,2802
file227.TextGrid,2,0.650,1289,2458,3618
file227.TextGrid,,0.029,1421,2702,3493
file228.TextGrid,,0.260,1273,2201,3466
file228.TextGrid,1,0.210,1060,2079,2857
file228.TextGrid,2,0.500,667,1556,2763
file228.TextGrid,,0.159,757,1753,2923
file229.TextGrid,,0.220,1105,2258,3309
file229.TextGrid,1,0.280,1024,2200,3279
file229.TextGrid,2,0.560,504,1633,2763
file229.TextGrid,,0.164,1205,2218,3199
file23.TextGrid,,0.220,666,1816,2964
file23.TextGrid,1,0.320,510,1677,2815
file23.TextGrid,2,0.560,445,1732,2606
file23.TextGrid,,0.122,767,1964,3069
file230.TextGrid,,0.260,478,1786,2950
file230.TextGrid,1,0.510,684,1537,2797
file230.TextGrid,2,0.210,342,1626,2422
file230.TextGrid,,0.149,502,1674,2876
file231.TextGrid,,0.300,1075,2009,2953
file231.TextGrid,1,0.190,703,1975,2686
file231.TextGrid,2,0.510,564,1547,2735
file231.TextGrid,,0.224,862,1810,2833
file232.TextGrid,,0.170,829,1853,3032
file232.TextGrid,1,0.200,902,1851,2649
file232.TextGrid,2,0.460,525,1542,2717
file232.TextGrid,,0.299,599,1619,2680
file233.TextGrid,,0.190,1361,2520,3514
file233.TextGrid,1,0.410,788,1413,2800
file233.TextGrid,2,0.630,479,1273,2720
file233.TextGrid,,0.165,1133,2250,3160
file234.TextGrid,,0.260,493,1622,2759
file234.TextGrid,1,0.220,472,1946,2846
file234.TextGrid,2,0.170,560,1721,2890
file234.TextGrid,,0.386,658,1711,2835
file235.TextGrid,,0.250,824,1816,2908
file235.TextGrid,1,0.160,440,1450,2832
file235.TextGrid,2,0.480,521,1279,2889
file235.TextGrid,,0.239,656,1544,2805
file236.TextGrid,,0.210,534,1793,2936
file236.TextGrid,1,0.220,905,1975,2629
file236.TextGrid,2,0.450,521,1425,2671
file236.TextGrid,,0.156,481,1368,2816
file237.TextGrid,,0.240,602,1773,2983
file237.TextGrid,1,0.200,476,1236,2962
file237.TextGrid,2,0.420,559,1369,2725
file237.TextGrid,,0.176,585,1389,2360
file238.TextGrid,,0.030,1253,2272,3496
file238.TextGrid,1,0.350,446,1216,2978
file238.TextGrid,2,0.440,556,1489,3105
file238.TextGrid,,0.233,1053,2062,3747
file239.TextGrid,,0.280,585,1702,2867
file239.TextGrid,1,0.190,624,1877,2883
file239.TextGrid,2,0.440,345,1942,2553
file239.TextGrid,,0.126,441,1633,2817
file24.TextGrid,,0.240,569,1558,2825
file24.TextGrid,1,0.210,469,1569,2741
file24.TextGrid,2,0.590,422,1551,2721
file24.TextGrid,,0.089,580,1635,2976
file240.TextGrid,,0.220,608,1833,3010
file240.TextGrid,1,0.210,486,1964,2731
file240.TextGrid,2,0.450,413,1862,2859
file240.TextGrid,,0.173,745,1748,2836
file241.TextGrid,,0.300,1087,2060,3076
file241.TextGrid,1,0.460,698,1158,2980
file241.TextGrid,2,0.250,405,983,3191
file241.TextGrid,,0.214,836,1780,2889
file242.TextGrid,,0.030,1633,1731,2829
file242.TextGrid,1,0.360,1211,2145,3154
file242.TextGrid,2,0.460,491,2251,2815
file242.TextGrid,,0.203,984,2115,3067
file243.TextGrid,,0.130,1462,2317,4772
file243.TextGrid,1,0.450,968,1975,2558
file243.TextGrid,2,0.360,489,1856,2711
file243.TextGrid,,0.199,580,1866,2884
file244.TextGrid,,0.120,872,1800,2869
file244.TextGrid,1,0.280,433,1737,2692
file244.TextGrid,2,0.590,833,1433,2442
file244.TextGrid,,0.149,945,1876,2911
file245.TextGrid,,0.230,945,1878,3241
file245.TextGrid,1,0.200,499,1722,3130
file245.TextGrid,2,0.220,551,1912,3090
file245.TextGrid,,0.479,567,1637,2432
file246.TextGrid,,0.180,1307,2211,2970
file246.TextGrid,1,0.270,735,1576,3010
file246.TextGrid,2,0.370,470,935,3069
file246.TextGrid,,0.233,555,1660,3029
file247.TextGrid,,0.290,1177,2255,3201
file247.TextGrid,1,0.180,522,1802,2722
file247.TextGrid,2,0.390,544,1624,3079
file247.TextGrid,,0.279,1225,2106,3257
file248.TextGrid,,0.280,1144,2260,3366
file248.TextGrid,1,0.430,560,1270,2798
file248.TextGrid,2,0.310,561,2044,2934
file248.TextGrid,,0.387,1305,2414,3387
file249.TextGrid,,0.170,696,1816,3309
file249.TextGrid,1,0.240,884,2074,3177
file249.TextGrid,2,0.370,489,1580,2785
file249.TextGrid,,0.256,851,1358,1955
file25.TextGrid,,0.230,872,1890,2838
file25.TextGrid,1,0.150,784,1786,2707
file25.TextGrid,2,0.350,828,1643,2580
file25.TextGrid,,0.238,867,1852,2834
file250.TextGrid,,0.300,1059,2022,2960
file250.TextGrid,1,0.330,682,1706,2491
file250.TextGrid,2,0.320,655,1635,2565
file250.TextGrid,,0.274,1199,2083,2963
file251.TextGrid,,0.120,884,1811,2940
file251.TextGrid,1,0.270,489,1207,2754
file251.TextGrid,2,0.360,895,1451,2474
file251.TextGrid,,0.303,1180,2190,3148
file252.TextGrid,,0.300,1025,2216,3276
file252.TextGrid,1,0.050,634,2011,2731
file252.TextGrid,2,0.710,463,1841,2757
file252.TextGrid,,0.249,739,2113,3507
file253.TextGrid,,0.330,835,1810,2971
file253.TextGrid,1,0.130,654,1475,2833
file253.TextGrid,2,0.560,585,1804,2835
file253.TextGrid,,0.202,614,1694,2926
file254.TextGrid,,0.160,1321,2289,4405
file254.TextGrid,1,0.490,746,1504,2928
file254.TextGrid,2,0.500,730,1922,3223
file254.TextGrid,,0.159,1183,2251,3848
file255.TextGrid,,0.210,939,1950,3030
file255.TextGrid,1,0.360,352,1769,2757
file255.TextGrid,2,0.570,507,1709,2815
file255.TextGrid,,0.255,480,1996,3177
file256.TextGrid,,0.250,978,1789,2751
file256.TextGrid,1,0.250,750,1248,3145
file256.TextGrid,2,0.440,497,1377,2825
file256.TextGrid,,0.189,605,2057,3237
file257.TextGrid,,0.250,546,1584,2598
file257.TextGrid,1,0.180,898,2360,3284
file257.TextGrid,2,0.340,469,1232,2790
file257.TextGrid,,0.452,667,1827,2958
file258.TextGrid,,0.290,1143,2140,3249
file258.TextGrid,1,0.380,438,1122,2994
file258.TextGrid,2,0.270,588,1266,2772
file258.TextGrid,,0.284,726,1625,2658
file259.TextGrid,,0.250,913,2151,3349
file259.TextGrid,1,0.130,690,1277,3061
file259.TextGrid,2,0.560,407,1244,2954
file259.TextGrid,,0.113,362,1807,2973
file26.TextGrid,,0.300,703,1921,3135
file26.TextGrid,1,0.300,370,2109,2857
file26.TextGrid,2,0.690,579,1950,2641
file26.TextGrid,,0.275,941,2130,3222
file260.TextGrid,,0.200,717,1572,2821
file260.TextGrid,1,0.250,948,1855,3125
file260.TextGrid,2,0.460,650,1598,2753
file260.TextGrid,,0.219,696,2070,2479
file261.TextGrid,,0.240,1253,2132,4112
file261.TextGrid,1,0.570,571,1649,2969
file261.TextGrid,2,0.090,727,1445,2749
file261.TextGrid,,0.239,822,1745,2867
file262.TextGrid,,0.230,929,1915,2927
file262.TextGrid,1,0.460,947,1709,2694
file262.TextGrid,2,0.440,978,1669,2617
file262.TextGrid,,0.094,1085,1656,3017
file263.TextGrid,,0.030,319,1522,2477
file263.TextGrid,1,0.210,1053,2278,3401
file263.TextGrid,2,0.670,404,1585,2678
file263.TextGrid,,0.126,561,1600,2747
file264.TextGrid,,0.280,1152,2007,3128
file264.TextGrid,1,0.330,1260,2263,3310
file264.TextGrid,2,0.400,564,1676,2711
file264.TextGrid,,0.214,828,1957,2932
file265.TextGrid,,0.270,474,1604,2647
file265.TextGrid,1,0.270,584,1636,3058
file265.TextGrid,2,0.540,576,1730,2785
file265.TextGrid,,0.049,523,1789,2770
file266.TextGrid,,0.140,1022,2135,3223
file266.TextGrid,1,0.270,447,1658,2833
file266.TextGrid,2,0.570,671,1733,2968
file266.TextGrid,,0.244,866,1927,2979
file267.TextGrid,,0.160,1171,2160,4262
file267.TextGrid,1,0.370,600,1603,2608
file267.TextGrid,2,0.330,705,1632,2452
file267.TextGrid,,0.193,1214,2001,3352
file268.TextGrid,,0.400,1297,2253,4248
file268.TextGrid,1,0.380,917,1907,2622
file268.TextGrid,2,0.360,480,1964,2767
file268.TextGrid,,0.169,886,1946,3131
file269.TextGrid,,0.190,846,1910,3071
file269.TextGrid,1,0.210,482,2331,2784
file269.TextGrid,2,0.600,606,2187,2841
file269.TextGrid,,0.224,858,2270,3440
file27.TextGrid,,0.230,580,1674,2875
file27.TextGrid,1,0.360,860,2413,3179
file27.TextGrid,2,0.380,549,1708,2528
file27.TextGrid,,0.159,783,1769,3091
file270.TextGrid,,0.250,556,1574,2911
file270.TextGrid,1,0.070,835,1899,2969
file270.TextGrid,2,0.560,529,1382,2610
file270.TextGrid,,0.156,424,1553,2723
file271.TextGrid,,0.240,637,1656,2899
file271.TextGrid,1,0.200,889,1761,3158
file271.TextGrid,2,0.470,667,1265,2463
file271.TextGrid,,0.219,774,1280,2713
file272.TextGrid,,0.210,822,1958,3120
file272.TextGrid,1,0.310,737,1373,2313
file272.TextGrid,2,0.400,834,1945,3054
file272.TextGrid,,0.302,1041,2247,3394
file273.TextGrid,,0.270,956,2063,3116
file273.TextGrid,1,0.230,632,1538,2362
file273.TextGrid,2,0.320,385,2136,2919
file273.TextGrid,,0.216,837,1874,3066
file274.TextGrid,,0.260,936,2252,3294
file274.TextGrid,1,0.340,512,1771,3052
file274.TextGrid,2,0.390,356,1716,2832
file274.TextGrid,,0.234,539,1881,3206
file275.TextGrid,,0.280,1417,2375,3530
file275.TextGrid,1,0.260,638,1497,2783
file275.TextGrid,2,0.330,378,1291,2564
file275.TextGrid,,0.259,336,1804,2718
file276.TextGrid,,0.290,508,1727,2807
file276.TextGrid,1,0.090,795,2252,2861
file276.TextGrid,2,0.390,470,1900,2699
file276.TextGrid,,0.173,424,1494,2436
file277.TextGrid,,0.240,485,1586,2896
file277.TextGrid,1,0.190,520,1439,2853
file277.TextGrid,2,0.250,612,1486,2998
file277.TextGrid,,0.449,548,1365,2959
file278.TextGrid,,0.240,794,1946,3221
file278.TextGrid,1,0.150,367,2260,2816
file278.TextGrid,2,0.190,393,1436,2652
file278.TextGrid,,0.985,625,2030,3047
file279.TextGrid,,0.270,723,1780,3231
file279.TextGrid,1,0.200,554,1511,3044
file279.TextGrid,2,0.460,858,1492,2757
file279.TextGrid,,0.209,963,1978,2922
file28.TextGrid,,0.150,909,2006,3119
file28.TextGrid,1,0.220,1031,1808,2493
file28.TextGrid,2,0.380,371,2077,2763
file28.TextGrid,,0.286,1092,2249,3261
file280.TextGrid,,0.220,1443,2360,4991
file280.TextGrid,1,0.130,895,1418,3101
file280.TextGrid,2,0.400,767,1211,2965
file280.TextGrid,,0.218,952,1836,3015
file281.TextGrid,,0.170,1077,1962,2955
file281.TextGrid,1,0.360,972,1281,2937
file281.TextGrid,2,0.360,744,1018,3134
file281.TextGrid,,0.163,1077,1967,2993
file282.TextGrid,,0.220,873,1822,3019
file282.TextGrid,1,0.230,646,2002,2743
file282.TextGrid,2,0.440,382,2025,2674
file282.TextGrid,,0.239,581,1838,2928
file283.TextGrid,,0.190,1001,2064,3088
file283.TextGrid,1,0.370,494,2013,2833
file283.TextGrid,2,0.460,707,1855,2805
file283.TextGrid,,0.289,752,1866,2946
file284.TextGrid,,0.300,963,2133,3245
file284.TextGrid,1,0.050,701,1131,3156
file284.TextGrid,2,0.330,552,1924,3159
file284.TextGrid,,0.449,601,1899,2834
file285.TextGrid,,0.150,638,2095,3463
file285.TextGrid,1,0.250,830,2040,2896
file285.TextGrid,2,0.330,525,1117,2778
file285.TextGrid,,0.153,326,1222,2908
file286.TextGrid,,0.280,1103,2183,3286
file286.TextGrid,1,0.250,416,1798,2732
file286.TextGrid,2,0.630,399,1951,2893
file286.TextGrid,,0.062,776,1692,2920
file287.TextGrid,,0.280,544,1682,2696
file287.TextGrid,1,0.140,474,1400,2866
file287.TextGrid,2,0.380,781,2043,2972
file287.TextGrid,,0.236,532,1811,2752
file288.TextGrid,,0.150,967,1859,2782
file288.TextGrid,1,0.310,972,2024,2911
file288.TextGrid,2,0.430,394,1773,2719
file288.TextGrid,,0.146,591,1813,2917
file289.TextGrid,,0.300,947,2062,3216
file289.TextGrid,1,0.170,855,1365,3141
file289.TextGrid,2,0.560,759,2506,3484
file289.TextGrid,,0.285,1041,2237,3380
file29.TextGrid,,0.260,487,1642,3010
file29.TextGrid,1,0.200,628,1588,3159
file29.TextGrid,2,0.640,548,1105,3013
file29.TextGrid,,0.029,546,1702,2961
file290.TextGrid,,0.080,1296,2104,3079
file290.TextGrid,1,0.250,1457,2397,3359
file290.TextGrid,2,0.330,713,1575,2570
file290.TextGrid,,0.223,1013,1702,2989
file291.TextGrid,,0.280,800,1720,3016
file291.TextGrid,1,0.150,1204,2021,3389
file291.TextGrid,2,0.640,472,1525,2881
file291.TextGrid,,0.152,917,1541,2538
file292.TextGrid,,0.210,1240,2143,3649
file292.TextGrid,1,0.360,1048,1771,2516
file292.TextGrid,2,0.610,702,2155,3337
file292.TextGrid,,0.044,1535,2078,3706
file293.TextGrid,,0.250,1044,1982,2903
file293.TextGrid,1,0.260,627,2148,2893
file293.TextGrid,2,0.550,933,1849,2665
file293.TextGrid,,0.420,1183,2125,2970
file294.TextGrid,,0.290,777,1757,2760
file294.TextGrid,1,0.140,458,1978,2889
file294.TextGrid,2,0.350,481,2022,2897
file294.TextGrid,,0.256,665,1634,2651
file295.TextGrid,,0.230,823,1603,2949
file295.TextGrid,1,0.240,1045,2255,3639
file295.TextGrid,2,0.380,717,1520,3042
file295.TextGrid,,0.279,733,1907,2727
file296.TextGrid,,0.240,1110,2164,3015
file296.TextGrid,1,0.130,377,2268,2893
file296.TextGrid,2,0.500,561,1630,3043
file296.TextGrid,,0.098,581,1623,2712
file297.TextGrid,,0.290,881,1834,3148
file297.TextGrid,1,0.120,1181,2364,3164
file297.TextGrid,2,0.490,557,1932,2841
file297.TextGrid,,0.229,695,1912,2625
file298.TextGrid,,0.160,1324,2336,4665
file298.TextGrid,1,0.340,603,1893,2905
file298.TextGrid,2,0.320,1030,1780,2539
file298.TextGrid,,0.319,1253,2093,4392
file299.TextGrid,,0.270,840,1775,2886
file299.TextGrid,1,0.130,385,1845,2698
file299.TextGrid,2,0.590,318,1798,2818
file299.TextGrid,,0.139,554,1635,2959
file3.TextGrid,,0.300,1220,2122,3273
file3.TextGrid,1,0.180,585,1515,3371
file3.TextGrid,2,0.490,716,1614,3159
file3.TextGrid,,0.159,775,1619,3097
file30.TextGrid,,0.170,1142,2186,3286
file30.TextGrid,1,0.140,1040,1692,2786
file30.TextGrid,2,0.540,471,1659,2682
file30.TextGrid,,0.033,244,1820,3095
file300.TextGrid,,0.130,1338,1909,3056
file300.TextGrid,1,0.210,1219,2031,2973
file300.TextGrid,2,0.460,380,1206,2835
file300.TextGrid,,0.168,542,1989,3153
file301.TextGrid,,0.200,1125,1967,3225
file301.TextGrid,1,0.290,699,1612,2756
file301.TextGrid,2,0.650,794,1973,3190
file301.TextGrid,,0.169,1193,1895,3321
file302.TextGrid,,0.090,1015,1919,4291
file302.TextGrid,1,0.710,564,978,2950
file302.TextGrid,2,0.090,711,1076,3066
file302.TextGrid,,0.163,958,1930,2933
file303.TextGrid,,0.410,663,1727,2899
file303.TextGrid,1,0.460,706,1905,2945
file303.TextGrid,2,0.380,588,1528,2876
file303.TextGrid,,0.250,694,1723,3061
file304.TextGrid,,0.200,1115,2208,3348
file304.TextGrid,1,0.280,327,1818,2637
file304.TextGrid,2,0.390,305,1912,2777
file304.TextGrid,,0.166,574,1924,3053
file305.TextGrid,,0.300,1276,2320,4024
file305.TextGrid,1,0.320,721,2015,2663
file305.TextGrid,2,0.390,484,2189,2990
file305.TextGrid,,0.214,1196,2262,4190
file306.TextGrid,,0.280,796,1925,3053
file306.TextGrid,1,0.200,553,1848,3093
file306.TextGrid,2,0.570,313,2007,2625
file306.TextGrid,,0.172,761,1846,3123
file307.TextGrid,,0.180,985,2150,3239
file307.TextGrid,1,0.170,983,1649,2922
file307.TextGrid,2,0.210,451,1937,2720
file307.TextGrid,,0.408,615,1681,2871
file308.TextGrid,,0.200,1488,2405,5412
file308.TextGrid,1,0.430,544,1450,2739
file308.TextGrid,2,0.380,814,1903,2955
file308.TextGrid,,0.299,944,1603,2648
file309.TextGrid,,0.210,475,1580,2871
file309.TextGrid,1,0.240,381,1483,2932
file309.TextGrid,2,0.420,358,1836,2595
file309.TextGrid,,0.166,443,1766,2666
file31.TextGrid,,0.350,1022,1942,3115
file31.TextGrid,1,0.190,483,1570,3080
file31.TextGrid,2,0.160,550,1447,2978
file31.TextGrid,,0.429,625,1462,2671
file310.TextGrid,,0.180,678,1855,3001
file310.TextGrid,1,0.360,584,1842,2584
file310.TextGrid,2,0.380,439,2118,2637
file310.TextGrid,,0.209,718,1859,2779
file311.TextGrid,,0.180,1004,2121,3312
file311.TextGrid,1,0.350,652,1675,2807
file311.TextGrid,2,0.450,417,1727,2903
file311.TextGrid,,0.329,1077,2089,3295
file312.TextGrid,,0.280,544,1682,2696
file312.TextGrid,1,0.140,474,1400,2866
file312.TextGrid,2,0.380,781,2043,2972
file312.TextGrid,,0.236,532,1811,2752
file313.TextGrid,,0.090,995,1840,2869
file313.TextGrid,1,0.370,1031,2197,3212
file313.TextGrid,2,0.310,623,1467,2816
file313.TextGrid,,0.283,1241,2068,4543
file314.TextGrid,,0.240,942,1596,2495
file314.TextGrid,1,0.340,531,1606,2471
file314.TextGrid,2,0.480,444,1768,2823
file314.TextGrid,,0.162,583,1778,2919
file315.TextGrid,,0.250,621,1666,2833
file315.TextGrid,1,0.180,985,2245,3526
file315.TextGrid,2,0.430,583,1229,2727
file315.TextGrid,,0.176,497,1407,2665
file316.TextGrid,,0.280,957,2024,3210
file316.TextGrid,1,0.230,448,1202,2879
file316.TextGrid,2,0.320,676,1677,2878
file316.TextGrid,,0.309,1179,2097,3690
file317.TextGrid,,0.090,996,2314,2991
file317.TextGrid,1,0.440,628,2149,2653
file317.TextGrid,2,0.340,912,1496,2842
file317.TextGrid,,0.269,1098,2066,3094
file318.TextGrid,,0.220,641,1647,2948
file318.TextGrid,1,0.230,654,1508,2802
file318.TextGrid,2,0.390,645,1366,2774
file318.TextGrid,,0.196,1181,2208,3336
file319.TextGrid,,0.220,848,1991,3005
file319.TextGrid,1,0.370,696,2022,3247
file319.TextGrid,2,0.380,422,1825,2710
file319.TextGrid,,0.169,964,2151,3260
file32.TextGrid,,0.190,736,2046,3151
file32.TextGrid,1,0.250,600,1856,3075
file32.TextGrid,2,0.220,702,1507,2652
file32.TextGrid,,0.308,719,1571,2795
file320.TextGrid,,0.090,1403,2403,4586
file320.TextGrid,1,0.230,1368,2361,3182
file320.TextGrid,2,0.540,811,1523,2595
file320.TextGrid,,0.193,1106,1865,3432
file321.TextGrid,,0.230,617,1788,2820
file321.TextGrid,1,0.270,571,1591,2413
file321.TextGrid,2,0.320,408,1783,2578
file321.TextGrid,,0.216,622,1799,2760
file322.TextGrid,,0.110,1151,2298,3242
file322.TextGrid,1,0.360,601,1260,2982
file322.TextGrid,2,0.440,1046,1541,3123
file322.TextGrid,,0.314,1258,2204,4110
file323.TextGrid,,0.140,959,2081,3144
file323.TextGrid,1,0.160,1030,1630,2975
file323.TextGrid,2,0.640,382,1669,2961
file323.TextGrid,,0.113,431,1919,3132
file324.TextGrid,,0.290,1336,2138,4646
file324.TextGrid,1,0.270,817,1480,2470
file324.TextGrid,2,0.510,760,1488,2443
file324.TextGrid,,0.154,1084,1864,3004
file325.TextGrid,,0.290,1159,2043,3260
file325.TextGrid,1,0.240,557,1647,2860
file325.TextGrid,2,0.590,510,1635,2844
file325.TextGrid,,0.102,985,2100,3239
file326.TextGrid,,0.320,923,2066,3100
file326.TextGrid,1,0.250,1147,2354,3189
file326.TextGrid,2,0.570,623,2021,2773
file326.TextGrid,,0.169,811,1941,3059
file327.TextGrid,,0.140,1155,2076,4051
file327.TextGrid,1,0.250,599,1208,2777
file327.TextGrid,2,0.460,653,1258,2910
file327.TextGrid,,0.203,1087,1998,3240
file328.TextGrid,,0.260,814,1749,3069
file328.TextGrid,1,0.220,824,2273,3227
file328.TextGrid,2,0.530,411,1715,2570
file328.TextGrid,,0.212,735,1617,3009
file329.TextGrid,,0.280,828,1968,2964
file329.TextGrid,1,0.180,781,2012,2571
file329.TextGrid,2,0.280,667,1386,2507
file329.TextGrid,,0.296,734,1771,3068
file33.TextGrid,,0.130,933,2071,3335
file33.TextGrid,1,0.220,789,1970,3152
file33.TextGrid,2,0.630,490,1573,2991
file33.TextGrid,,0.149,524,1583,2737
file330.TextGrid,,0.170,666,2023,2999
file330.TextGrid,1,0.500,455,2272,2937
file330.TextGrid,2,0.270,469,1489,2772
file330.TextGrid,,0.284,434,2030,3326
file331.TextGrid,,0.090,1274,2106,3190
file331.TextGrid,1,0.300,324,1503,2523
file331.TextGrid,2,0.380,493,1820,2683
file331.TextGrid,,0.283,1187,2123,3014
file332.TextGrid,,0.270,1161,1998,3143
file332.TextGrid,1,0.230,791,1862,2900
file332.TextGrid,2,0.680,449,1701,2782
file332.TextGrid,,0.042,787,2375,3410
file333.TextGrid,,0.240,588,1485,2945
file333.TextGrid,1,0.270,585,1604,3048
file333.TextGrid,2,0.300,589,1259,2953
file333.TextGrid,,0.329,867,1811,3130
file334.TextGrid,,0.290,925,2012,3130
file334.TextGrid,1,0.280,639,2615,3296
file334.TextGrid,2,0.630,605,1462,2508
file334.TextGrid,,0.195,1202,2087,3149
file335.TextGrid,,0.280,544,1682,2696
file335.TextGrid,1,0.250,909,1907,3077
file335.TextGrid,2,0.270,503,1835,2820
file335.TextGrid,,0.236,532,1811,2752
file336.TextGrid,,0.170,1332,2335,4862
file336.TextGrid,1,0.270,455,1718,2868
file336.TextGrid,2,0.570,1100,1979,2968
file336.TextGrid,,0.043,1661,2487,3324
file337.TextGrid,,0.450,454,1499,2619
file337.TextGrid,1,0.270,439,1472,2752
file337.TextGrid,2,0.380,378,1606,2481
file337.TextGrid,,0.215,534,1592,2847
file338.TextGrid,,0.220,910,1834,3067
file338.TextGrid,1,0.260,600,1947,2734
file338.TextGrid,2,0.710,369,1659,2834
file338.TextGrid,,0.034,433,1799,2899
file339.TextGrid,,0.260,749,1787,2914
file339.TextGrid,1,0.190,488,1562,2788
file339.TextGrid,2,0.220,609,1965,2518
file339.TextGrid,,0.298,651,1872,2657
file34.TextGrid,,0.130,957,1968,3195
file34.TextGrid,1,0.260,742,1637,2801
file34.TextGrid,2,0.410,461,1771,2905
file34.TextGrid,,0.168,1084,2289,3734
file340.TextGrid,,0.250,739,1898,3072
file340.TextGrid,1,0.460,333,1798,2756
file340.TextGrid,2,0.490,384,2066,2757
file340.TextGrid,,0.207,771,1753,2852
file341.TextGrid,,0.210,825,1949,3019
file341.TextGrid,1,0.400,610,1687,2742
file341.TextGrid,2,0.610,486,1986,2829
file341.TextGrid,,0.175,787,1903,3076
file342.TextGrid,,0.320,627,1788,2926
file342.TextGrid,1,0.050,634,1258,2988
file342.TextGrid,2,0.310,680,1399,3158
file342.TextGrid,,0.449,777,1670,3018
file343.TextGrid,,0.200,532,1412,2858
file343.TextGrid,1,0.120,569,1386,3203
file343.TextGrid,2,0.510,529,1575,3083
file343.TextGrid,,0.299,438,1699,3054
file344.TextGrid,,0.030,856,1889,2866
file344.TextGrid,1,0.680,743,1874,3261
file344.TextGrid,2,0.330,665,1538,2723
file344.TextGrid,,0.269,795,1858,3118
file345.TextGrid,,0.260,1012,2017,3192
file345.TextGrid,1,0.320,818,1970,3180
file345.TextGrid,2,0.500,331,2170,2855
file345.TextGrid,,0.327,627,1807,2928
file346.TextGrid,,0.170,982,2060,3271
file346.TextGrid,1,0.270,749,1293,2219
file346.TextGrid,2,0.340,546,1677,2511
file346.TextGrid,,0.273,968,2131,3053
file347.TextGrid,,0.080,1126,2185,3491
file347.TextGrid,1,0.310,397,1151,2471
file347.TextGrid,2,0.330,608,1651,2679
file347.TextGrid,,0.248,774,2163,3060
file348.TextGrid,,0.300,981,2226,3154
file348.TextGrid,1,0.220,690,2025,2719
file348.TextGrid,2,0.590,450,1526,2743
file348.TextGrid,,0.114,1152,2274,3421
file349.TextGrid,,0.260,687,2124,3025
file349.TextGrid,1,0.130,537,1238,2827
file349.TextGrid,2,0.310,521,1437,2572
file349.TextGrid,,0.243,462,1508,2581
file35.TextGrid,,0.300,580,1549,2772
file35.TextGrid,1,0.140,1319,2385,3271
file35.TextGrid,2,0.490,519,1890,2957
file35.TextGrid,,0.199,535,1557,2763
file350.TextGrid,,0.290,1157,2338,3339
file350.TextGrid,1,0.130,743,1846,2752
file350.TextGrid,2,0.260,729,1811,2976
file350.TextGrid,,0.356,936,1957,2731
file351.TextGrid,,0.090,955,1975,3159
file351.TextGrid,1,0.440,952,1770,3087
file351.TextGrid,2,0.270,360,2317,2913
file351.TextGrid,,0.253,862,2005,3170
file352.TextGrid,,0.240,588,1857,3003
file352.TextGrid,1,0.120,375,2191,2742
file352.TextGrid,2,0.450,353,1688,2693
file352.TextGrid,,0.243,768,1798,2951
file353.TextGrid,,0.250,1131,2112,3223
file353.TextGrid,1,0.200,678,1755,2725
file353.TextGrid,2,0.430,739,1717,2849
file353.TextGrid,,0.173,1012,1964,3142
file354.TextGrid,,0.150,1109,2032,3024
file354.TextGrid,1,0.430,777,1951,2922
file354.TextGrid,2,0.370,837,1934,2929
file354.TextGrid,,0.274,1447,2543,3644
file355.TextGrid,,0.270,742,1755,3142
file355.TextGrid,1,0.360,409,1323,3145
file355.TextGrid,2,0.400,349,1279,3173
file355.TextGrid,,0.365,786,1670,3148
file356.TextGrid,,0.220,521,1557,2768
file356.TextGrid,1,0.250,415,2219,2927
file356.TextGrid,2,0.410,448,1932,2646
file356.TextGrid,,0.156,558,1840,2977
file357.TextGrid,,0.230,987,1952,3125
file357.TextGrid,1,0.190,1202,2221,2929
file357.TextGrid,2,0.800,654,1658,2661
file357.TextGrid,,0.095,621,1753,2802
file358.TextGrid,,0.200,715,2024,3077
file358.TextGrid,1,0.370,563,2057,2875
file358.TextGrid,2,0.380,718,1628,2491
file358.TextGrid,,0.189,939,1810,2977
file359.TextGrid,,0.280,1164,2189,3446
file359.TextGrid,1,0.420,829,1693,2534
file359.TextGrid,2,0.330,506,2012,3207
file359.TextGrid,,0.194,2292,3088,3649
file36.TextGrid,,0.250,796,1665,2877
file36.TextGrid,1,0.220,1019,2230,3608
file36.TextGrid,2,0.470,396,1884,2887
file36.TextGrid,,0.282,728,1776,2853
file360.TextGrid,,0.150,986,2060,3035
file360.TextGrid,1,0.470,844,1830,3384
file360.TextGrid,2,0.370,572,1825,2529
file360.TextGrid,,0.234,1194,2270,3160
file361.TextGrid,,0.260,680,1804,2938
file361.TextGrid,1,0.150,648,1369,2809
file361.TextGrid,2,0.480,700,1449,3003
file361.TextGrid,,0.239,612,1639,2758
file362.TextGrid,,0.280,488,1480,2734
file362.TextGrid,1,0.130,561,2183,2990
file362.TextGrid,2,0.540,621,1777,2812
file362.TextGrid,,0.086,635,1782,2669
file363.TextGrid,,0.270,869,1896,2964
file363.TextGrid,1,0.170,577,1278,2835
file363.TextGrid,2,0.520,411,1820,2500
file363.TextGrid,,0.262,597,1694,2689
file364.TextGrid,,0.240,1367,2338,5072
file364.TextGrid,1,0.390,567,1899,2638
file364.TextGrid,2,0.510,722,2032,2918
file364.TextGrid,,0.255,1273,2285,4611
file365.TextGrid,,0.220,524,1608,2753
file365.TextGrid,1,0.290,369,1227,2890
file365.TextGrid,2,0.300,492,984,2904
file365.TextGrid,,0.226,493,1309,2635
file366.TextGrid,,0.230,1021,2178,3263
file366.TextGrid,1,0.270,592,1265,2588
file366.TextGrid,2,0.190,520,1228,2761
file366.TextGrid,,0.253,753,1909,2957
file367.TextGrid,,0.030,1150,1993,3237
file367.TextGrid,1,0.350,1078,1719,2584
file367.TextGrid,2,0.190,679,1547,2675
file367.TextGrid,,0.313,1315,2089,4445
file368.TextGrid,,0.030,488,1972,2422
file368.TextGrid,1,0.340,1182,2041,3275
file368.TextGrid,2,0.410,444,1893,2819
file368.TextGrid,,0.188,1002,2168,3162
file369.TextGrid,,0.130,1103,2144,3148
file369.TextGrid,1,0.300,1201,2162,2970
file369.TextGrid,2,0.250,752,1523,2676
file369.TextGrid,,0.288,1172,1894,2638
file37.TextGrid,,0.240,1113,2117,3176
file37.TextGrid,1,0.340,560,1765,2842
file37.TextGrid,2,0.480,820,1415,2519
file37.TextGrid,,0.249,1101,1925,2869
file370.TextGrid,,0.200,695,1809,3156
file370.TextGrid,1,0.300,666,1601,3223
file370.TextGrid,2,0.280,415,2033,2861
file370.TextGrid,,0.256,462,1622,2505
file371.TextGrid,,0.220,528,1689,2842
file371.TextGrid,1,0.200,1006,2109,3381
file371.TextGrid,2,0.240,488,1537,2656
file371.TextGrid,,0.376,420,1641,2691
file372.TextGrid,,0.220,846,2218,3228
file372.TextGrid,1,0.330,630,1566,2441
file372.TextGrid,2,0.360,558,1373,2323
file372.TextGrid,,0.219,1027,2001,3120
file373.TextGrid,,0.250,949,1915,3127
file373.TextGrid,1,0.230,570,1272,2799
file373.TextGrid,2,0.370,465,1772,2524
file373.TextGrid,,0.186,806,1557,2864
file374.TextGrid,,0.300,622,1825,2829
file374.TextGrid,1,0.170,402,1864,2750
file374.TextGrid,2,0.450,494,1674,2510
file374.TextGrid,,0.209,597,1752,2612
file375.TextGrid,,0.260,727,1842,3090
file375.TextGrid,1,0.350,1139,2516,3482
file375.TextGrid,2,0.330,456,2045,2976
file375.TextGrid,,0.284,731,1884,3048
file376.TextGrid,,0.210,818,1903,3005
file376.TextGrid,1,0.200,688,1389,2685
file376.TextGrid,2,0.210,759,1227,2760
file376.TextGrid,,0.323,922,1663,2962
file377.TextGrid,,0.240,475,1542,2881
file377.TextGrid,1,0.150,387,2231,2875
file377.TextGrid,2,0.500,761,1424,2673
file377.TextGrid,,0.146,543,1277,2629
file378.TextGrid,,0.150,491,1388,2849
file378.TextGrid,1,0.320,438,2417,2837
file378.TextGrid,2,0.250,628,1402,2450
file378.TextGrid,,0.333,598,1542,2826
file379.TextGrid,,0.130,632,1769,2897
file379.TextGrid,1,0.290,919,1752,3058
file379.TextGrid,2,0.200,382,1117,2800
file379.TextGrid,,0.230,401,1406,2657
file38.TextGrid,,0.240,752,1907,2975
file38.TextGrid,1,0.330,999,2214,3434
file38.TextGrid,2,0.430,456,2240,2901
file38.TextGrid,,0.129,701,1943,3063
file380.TextGrid,,0.310,592,1703,2756
file380.TextGrid,1,0.220,700,1789,2914
file380.TextGrid,2,0.480,565,1321,2786
file380.TextGrid,,0.119,595,1320,2466
file381.TextGrid,,0.270,1200,2191,3361
file381.TextGrid,1,0.180,636,2444,3060
file381.TextGrid,2,0.440,343,1086,2831
file381.TextGrid,,0.163,425,1676,3005
file382.TextGrid,,0.140,1227,2236,3340
file382.TextGrid,1,0.390,930,2055,3060
file382.TextGrid,2,0.660,606,1583,2632
file382.TextGrid,,0.119,1288,2242,3241
file383.TextGrid,,0.280,795,1739,2790
file383.TextGrid,1,0.180,537,1769,2909
file383.TextGrid,2,0.290,509,1143,2878
file383.TextGrid,,0.286,689,1653,2799
file384.TextGrid,,0.250,973,2115,3247
file384.TextGrid,1,0.430,685,1892,2978
file384.TextGrid,2,0.340,471,1603,2788
file384.TextGrid,,0.202,467,1479,2495
file385.TextGrid,,0.220,985,2145,3148
file385.TextGrid,1,0.110,617,1564,2483
file385.TextGrid,2,0.370,604,1862,2500
file385.TextGrid,,0.243,957,1931,3006
file386.TextGrid,,0.340,1097,1976,3203
file386.TextGrid,1,0.200,477,2144,2824
file386.TextGrid,2,0.220,431,2179,2826
file386.TextGrid,,0.293,1069,2038,3144
file387.TextGrid,,0.090,563,1953,3103
file387.TextGrid,1,0.390,751,1862,2935
file387.TextGrid,2,0.350,773,1520,2579
file387.TextGrid,,0.223,783,1682,3043
file388.TextGrid,,0.270,1083,1976,3156
file388.TextGrid,1,0.050,721,1385,2872
file388.TextGrid,2,0.570,492,1513,2727
file388.TextGrid,,0.146,592,1730,2780
file389.TextGrid,,0.260,552,1728,2928
file389.TextGrid,1,0.160,843,1687,3181
file389.TextGrid,2,0.510,437,1451,2589
file389.TextGrid,,0.106,544,1532,2581
file39.TextGrid,,0.230,1224,2250,3467
file39.TextGrid,1,0.300,607,1342,2585
file39.TextGrid,2,0.450,378,1901,2554
file39.TextGrid,,0.073,327,1891,2900
file390.TextGrid,,0.270,924,2039,3088
file390.TextGrid,1,0.290,609,1802,2686
file390.TextGrid,2,0.470,479,1610,2851
file390.TextGrid,,0.099,481,1912,3126
file391.TextGrid,,0.260,1517,2412,3452
file391.TextGrid,1,0.460,841,1670,2541
file391.TextGrid,2,0.180,346,1596,3255
file391.TextGrid,,0.239,757,1878,2979
file392.TextGrid,,0.090,1101,2310,3433
file392.TextGrid,1,0.540,838,2101,3157
file392.TextGrid,2,0.230,425,1658,2921
file392.TextGrid,,0.279,526,2053,3023
file393.TextGrid,,0.170,564,1748,2950
file393.TextGrid,1,0.130,326,1499,2792
file393.TextGrid,2,0.500,827,2316,3107
file393.TextGrid,,0.329,585,1739,3043
file394.TextGrid,,0.200,591,1625,2963
file394.TextGrid,1,0.170,1116,2075,3095
file394.TextGrid,2,0.440,609,1484,2267
file394.TextGrid,,0.133,433,1430,2829
file395.TextGrid,,0.120,374,1501,2459
file395.TextGrid,1,0.380,747,1695,2831
file395.TextGrid,2,0.260,419,2099,2815
file395.TextGrid,,0.183,469,1480,2626
file396.TextGrid,,0.180,818,1818,3061
file396.TextGrid,1,0.220,912,1715,3386
file396.TextGrid,2,0.400,535,1231,3020
file396.TextGrid,,0.236,915,1801,3039
file397.TextGrid,,0.180,994,2182,3294
file397.TextGrid,1,0.180,1477,2235,2993
file397.TextGrid,2,0.490,629,1385,2448
file397.TextGrid,,0.186,732,1934,3066
file398.TextGrid,,0.120,885,1487,2736
file398.TextGrid,1,0.420,964,1875,2904
file398.TextGrid,2,0.220,685,1547,2401
file398.TextGrid,,0.293,956,1555,2872
file399.TextGrid,,0.310,1047,2124,3254
file399.TextGrid,1,0.040,591,1782,2690
file399.TextGrid,2,0.480,307,2033,2659
file399.TextGrid,,0.138,1036,2160,3409
file4.TextGrid,,0.260,1517,2412,3452
file4.TextGrid,1,0.260,984,1800,2608
file4.TextGrid,2,0.380,508,1546,2833
file4.TextGrid,,0.239,757,1878,2979
file40.TextGrid,,0.260,1081,2165,3178
file40.TextGrid,1,0.370,679,1433,2671
file40.TextGrid,2,0.480,613,1413,2846
file40.TextGrid,,0.114,587,1534,3115
file400.TextGrid,,0.300,1348,2231,4664
file400.TextGrid,1,0.120,768,1959,2888
file400.TextGrid,2,0.540,975,2061,2868
file400.TextGrid,,0.264,1193,1989,3622
file401.TextGrid,,0.260,1078,1841,2945
file401.TextGrid,1,0.150,578,1080,2934
file401.TextGrid,2,0.240,636,1275,3005
file401.TextGrid,,0.318,1123,1959,2863
file402.TextGrid,,0.260,860,1959,3227
file402.TextGrid,1,0.230,367,1960,2796
file402.TextGrid,2,0.640,641,1766,3087
file402.TextGrid,,0.179,755,2091,3146
file403.TextGrid,,0.350,511,1646,2617
file403.TextGrid,1,0.220,728,1851,2827
file403.TextGrid,2,0.270,790,2227,2927
file403.TextGrid,,0.382,528,1880,2925
file404.TextGrid,,0.340,855,1971,3001
file404.TextGrid,1,0.430,579,1951,2974
file404.TextGrid,2,0.450,620,1621,2888
file404.TextGrid,,0.095,588,1500,2475
file405.TextGrid,,0.270,381,1611,2915
file405.TextGrid,1,0.240,372,919,2987
file405.TextGrid,2,0.200,506,1021,2912
file405.TextGrid,,0.512,532,1220,2862
file406.TextGrid,,0.240,688,1956,2997
file406.TextGrid,1,0.280,401,1791,2877
file406.TextGrid,2,0.490,401,2034,2970
file406.TextGrid,,0.119,972,2068,3241
file407.TextGrid,,0.130,1360,2239,4956
file407.TextGrid,1,0.330,714,1689,2773
file407.TextGrid,2,0.420,847,1638,2618
file407.TextGrid,,0.344,1212,1790,2599
file408.TextGrid,,0.300,663,1724,3040
file408.TextGrid,1,0.040,498,1654,2788
file408.TextGrid,2,0.660,336,1867,2672
file408.TextGrid,,0.036,767,1884,3110
file409.TextGrid,,0.250,886,2144,3096
file409.TextGrid,1,0.390,327,1948,2587
file409.TextGrid,2,0.590,438,1706,2812
file409.TextGrid,,0.165,778,1830,3037
file41.TextGrid,,0.280,795,1965,3042
file41.TextGrid,1,0.470,519,1911,3049
file41.TextGrid,2,0.430,1202,2616,3617
file41.TextGrid,,0.044,1564,3304,4014
file410.TextGrid,,0.050,1061,1981,3272
file410.TextGrid,1,0.330,447,1266,2566
file410.TextGrid,2,0.250,667,1699,2780
file410.TextGrid,,0.253,963,2051,3133
file411.TextGrid,,0.300,962,2119,2982
file411.TextGrid,1,0.250,1152,1905,2728
file411.TextGrid,2,0.570,526,1899,3197
file411.TextGrid,,0.104,802,1786,2985
file412.TextGrid,,0.280,983,2135,3257
file412.TextGrid,1,0.230,587,1939,3186
file412.TextGrid,2,0.430,497,2158,3318
file412.TextGrid,,0.284,1039,2119,3114
file413.TextGrid,,0.250,1157,2038,3093
file413.TextGrid,1,0.410,1023,1813,2873
file413.TextGrid,2,0.530,1038,1670,2722
file413.TextGrid,,0.119,1508,2096,3059
file414.TextGrid,,0.270,1105,2128,3223
file414.TextGrid,1,0.540,713,1254,2573
file414.TextGrid,2,0.310,559,1599,2896
file414.TextGrid,,0.102,697,1655,2847
file415.TextGrid,,0.230,501,1654,2930
file415.TextGrid,1,0.240,841,1525,3425
file415.TextGrid,2,0.410,458,987,3069
file415.TextGrid,,0.249,618,1559,2969
file416.TextGrid,,0.270,990,2028,3117
file416.TextGrid,1,0.180,405,1301,3036
file416.TextGrid,2,0.570,361,1786,2778
file416.TextGrid,,0.109,708,1897,3071
file417.TextGrid,,0.200,520,1807,2948
file417.TextGrid,1,0.290,519,1378,2320
file417.TextGrid,2,0.320,691,2113,3025
file417.TextGrid,,0.226,483,1858,2841
file418.TextGrid,,0.310,958,1713,3019
file418.TextGrid,1,0.170,574,1317,2967
file418.TextGrid,2,0.140,421,1291,2728
file418.TextGrid,,0.509,582,1547,2294
file419.TextGrid,,0.240,781,1792,2987
file419.TextGrid,1,0.100,357,1783,2736
file419.TextGrid,2,0.250,932,1584,2767
file419.TextGrid,,0.446,616,1298,2754
file42.TextGrid,,0.290,833,1674,2960
file42.TextGrid,1,0.070,1585,2379,3077
file42.TextGrid,2,0.670,791,1780,2827
file42.TextGrid,,0.192,937,1640,3044
file420.TextGrid,,0.240,956,1758,2935
file420.TextGrid,1,0.140,606,1316,2972
file420.TextGrid,2,0.510,473,2116,2776
file420.TextGrid,,0.239,1197,1814,3099
file421.TextGrid,,0.100,525,1648,2952
file421.TextGrid,1,0.550,422,1271,2682
file421.TextGrid,2,0.330,624,1325,2683
file421.TextGrid,,0.244,521,1407,2991
file422.TextGrid,,0.270,536,1574,2773
file422.TextGrid,1,0.210,382,1361,2643
file422.TextGrid,2,0.380,436,1761,2494
file422.TextGrid,,0.176,384,1617,2339
file423.TextGrid,,0.270,721,1888,3029
file423.TextGrid,1,0.410,749,1498,2666
file423.TextGrid,2,0.210,543,1092,2429
file423.TextGrid,,0.146,500,1458,2605
file424.TextGrid,,0.280,741,1814,2837
file424.TextGrid,1,0.050,582,1589,2454
file424.TextGrid,2,0.510,365,1249,2485
file424.TextGrid,,0.196,444,1563,2495
file425.TextGrid,,0.260,970,2110,3228
file425.TextGrid,1,0.150,593,1207,2545
file425.TextGrid,2,0.310,646,1594,2658
file425.TextGrid,,0.223,1085,2125,3277
file426.TextGrid,,0.260,1055,2111,3451
file426.TextGrid,1,0.170,614,1828,2501
file426.TextGrid,2,0.480,436,1794,2662
file426.TextGrid,,0.058,428,1962,3131
file427.TextGrid,,0.290,629,1611,2692
file427.TextGrid,1,0.230,326,1873,2627
file427.TextGrid,2,0.500,616,1489,2482
file427.TextGrid,,0.202,601,1483,2574
file428.TextGrid,,0.300,1334,2179,4489
file428.TextGrid,1,0.330,912,1732,2924
file428.TextGrid,2,0.430,1084,1845,2838
file428.TextGrid,,0.249,1142,1950,3238
file429.TextGrid,,0.270,746,1721,3003
file429.TextGrid,1,0.120,519,1644,2930
file429.TextGrid,2,0.620,973,2175,3055
file429.TextGrid,,0.119,627,1923,2794
file43.TextGrid,,0.210,533,1672,2973
file43.TextGrid,1,0.360,1034,2026,2865
file43.TextGrid,2,0.310,666,1880,2457
file43.TextGrid,,0.173,859,1674,3250
file430.TextGrid,,0.080,1059,2093,3325
file430.TextGrid,1,0.420,988,1949,3212
file430.TextGrid,2,0.640,502,1389,2630
file430.TextGrid,,0.169,1214,1956,3116
file431.TextGrid,,0.260,1347,2289,4139
file431.TextGrid,1,0.100,1231,1899,2877
file431.TextGrid,2,0.670,1195,2208,3040
file431.TextGrid,,0.194,1260,2316,3783
file432.TextGrid,,0.270,748,1744,2947
file432.TextGrid,1,0.140,526,1422,2955
file432.TextGrid,2,0.590,445,2019,3087
file432.TextGrid,,0.139,339,1866,3111
file433.TextGrid,,0.220,517,1527,2542
file433.TextGrid,1,0.220,563,1578,2919
file433.TextGrid,2,0.230,1208,2380,3275
file433.TextGrid,,0.273,725,2182,3054
file434.TextGrid,,0.180,867,1707,2866
file434.TextGrid,1,0.220,979,2118,2981
file434.TextGrid,2,0.310,488,1617,2697
file434.TextGrid,,0.326,611,1673,2566
file435.TextGrid,,0.260,1073,1851,2836
file435.TextGrid,1,0.390,902,1732,2887
file435.TextGrid,2,0.350,646,1639,2917
file435.TextGrid,,0.224,1084,1926,3063
file436.TextGrid,,0.290,695,1742,2783
file436.TextGrid,1,0.170,507,1590,3187
file436.TextGrid,2,0.320,350,2005,2791
file436.TextGrid,,0.256,475,1559,2511
file437.TextGrid,,0.250,902,2371,3451
file437.TextGrid,1,0.210,346,1882,2548
file437.TextGrid,2,0.260,502,2150,2981
file437.TextGrid,,0.223,890,1950,3081
file438.TextGrid,,0.130,816,1803,2954
file438.TextGrid,1,0.240,1041,1711,3242
file438.TextGrid,2,0.410,505,1980,2747
file438.TextGrid,,0.256,620,1702,2870
file439.TextGrid,,0.330,1094,2263,3221
file439.TextGrid,1,0.270,1554,2562,3393
file439.TextGrid,2,0.110,927,1794,3047
file439.TextGrid,,0.419,814,1823,3141
file44.TextGrid,,0.300,829,1888,3208
file44.TextGrid,1,0.100,503,1808,2782
file44.TextGrid,2,0.480,1091,2425,3250
file44.TextGrid,,0.259,1368,2269,2851
file440.TextGrid,,0.280,1468,2217,4773
file440.TextGrid,1,0.440,892,1648,2645
file440.TextGrid,2,0.390,773,1560,2558
file440.TextGrid,,0.199,1105,1985,3319
file441.TextGrid,,0.170,812,1889,3230
file441.TextGrid,1,0.430,599,1417,2678
file441.TextGrid,2,0.570,1187,2235,3086
file441.TextGrid,,0.225,766,1588,3249
file442.TextGrid,,0.280,1136,2312,3448
file442.TextGrid,1,0.200,809,1609,2393
file442.TextGrid,2,0.400,567,1843,3109
file442.TextGrid,,0.249,761,2132,3146
file443.TextGrid,,0.250,1059,1976,3244
file443.TextGrid,1,0.280,506,1539,3202
file443.TextGrid,2,0.450,359,1959,2715
file443.TextGrid,,0.149,278,1527,2724
file444.TextGrid,,0.210,539,1750,3029
file444.TextGrid,1,0.250,474,1854,2713
file444.TextGrid,2,0.240,969,2142,3022
file444.TextGrid,,0.429,1043,2353,3303
file445.TextGrid,,0.670,921,1770,3256
file445.TextGrid,1,0.180,608,1596,3064
file445.TextGrid,2,0.110,347,3130,3508
file445.TextGrid,,0.264,1000,2160,3123
file446.TextGrid,,0.140,1282,2353,3317
file446.TextGrid,1,0.430,456,1691,2554
file446.TextGrid,2,0.250,547,1417,2511
file446.TextGrid,,0.233,1037,2110,3403
file447.TextGrid,,0.230,1102,1995,3166
file447.TextGrid,1,0.230,444,1893,2679
file447.TextGrid,2,0.240,560,1596,2512
file447.TextGrid,,0.268,1332,1920,2421
file448.TextGrid,,0.080,1160,2114,4223
file448.TextGrid,1,0.270,910,2419,2986
file448.TextGrid,2,0.270,733,2115,2915
file448.TextGrid,,0.263,1121,2055,4186
file449.TextGrid,,0.140,590,1464,2373
file449.TextGrid,1,0.260,818,1591,2443
file449.TextGrid,2,0.330,405,1491,2515
file449.TextGrid,,0.213,492,1522,2469
file45.TextGrid,,0.250,867,1978,3044
file45.TextGrid,1,0.170,459,2066,3077
file45.TextGrid,2,0.460,353,2019,2847
file45.TextGrid,,0.249,802,1763,2696
file450.TextGrid,,0.200,484,1724,2818
file450.TextGrid,1,0.200,794,1742,2630
file450.TextGrid,2,0.610,420,1373,2645
file450.TextGrid,,0.212,662,1713,2907
file451.TextGrid,,0.380,783,1874,3036
file451.TextGrid,1,0.160,541,1804,2545
file451.TextGrid,2,0.360,432,1972,2806
file451.TextGrid,,0.229,472,1652,2788
file452.TextGrid,,0.220,696,1823,3016
file452.TextGrid,1,0.190,745,1813,3208
file452.TextGrid,2,0.260,501,1256,3021
file452.TextGrid,,0.366,525,1661,2967
file453.TextGrid,,0.080,934,2164,3152
file453.TextGrid,1,0.120,482,1812,2503
file453.TextGrid,2,0.370,574,1508,2595
file453.TextGrid,,0.280,703,1765,3002
file454.TextGrid,,0.190,827,2050,3102
file454.TextGrid,1,0.310,904,1343,2669
file454.TextGrid,2,0.260,655,1836,3191
file454.TextGrid,,0.293,1267,2200,4395
file455.TextGrid,,0.230,678,2066,3072
file455.TextGrid,1,0.210,526,1712,2822
file455.TextGrid,2,0.450,491,1094,2690
file455.TextGrid,,0.239,607,1553,2709
file456.TextGrid,,0.260,504,1668,2708
file456.TextGrid,1,0.240,734,1776,3012
file456.TextGrid,2,0.470,688,1813,2761
file456.TextGrid,,0.159,473,1658,2539
file457.TextGrid,,0.260,449,1580,2882
file457.TextGrid,1,0.130,392,1528,2820
file457.TextGrid,2,0.500,687,1691,3067
file457.TextGrid,,0.332,554,1648,3175
file458.TextGrid,,0.170,525,1677,2655
file458.TextGrid,1,0.150,382,1439,2741
file458.TextGrid,2,0.450,525,1026,2672
file458.TextGrid,,0.173,523,1380,2580
file459.TextGrid,,0.310,982,1736,3008
file459.TextGrid,1,0.110,823,1381,2781
file459.TextGrid,2,0.360,806,1265,2491
file459.TextGrid,,0.188,886,1878,3016
file46.TextGrid,,0.160,1004,2106,3099
file46.TextGrid,1,0.350,541,1467,2941
file46.TextGrid,2,0.220,810,1615,2898
file46.TextGrid,,0.238,880,1654,2827
file460.TextGrid,,0.270,700,2070,3040
file460.TextGrid,1,0.040,614,1031,2805
file460.TextGrid,2,0.580,798,2213,3194
file460.TextGrid,,0.249,763,2083,3452
file461.TextGrid,,0.290,471,1588,2670
file461.TextGrid,1,0.300,552,1687,2543
file461.TextGrid,2,0.200,471,1566,2665
file461.TextGrid,,0.339,768,1981,3120
file462.TextGrid,,0.130,907,1915,2865
file462.TextGrid,1,0.280,460,1557,2929
file462.TextGrid,2,0.410,895,1767,3004
file462.TextGrid,,0.319,719,1625,2836
file463.TextGrid,,0.310,813,2105,3174
file463.TextGrid,1,0.040,537,2038,2653
file463.TextGrid,2,0.600,498,2438,2970
file463.TextGrid,,0.189,1096,2199,3190
file464.TextGrid,,0.230,727,1698,2837
file464.TextGrid,1,0.180,663,1899,3074
file464.TextGrid,2,0.460,701,2341,3188
file464.TextGrid,,0.259,307,1440,2500
file465.TextGrid,,0.220,1347,2301,5085
file465.TextGrid,1,0.360,941,1485,2874
file465.TextGrid,2,0.450,1038,1914,2855
file465.TextGrid,,0.279,1352,2371,3843
file466.TextGrid,,0.250,965,2074,3205
file466.TextGrid,1,0.190,639,1892,2779
file466.TextGrid,2,0.370,494,2103,2989
file466.TextGrid,,0.158,430,1760,3024
file467.TextGrid,,0.270,845,1752,2755
file467.TextGrid,1,0.300,1079,2088,2878
file467.TextGrid,2,0.600,527,1887,2666
file467.TextGrid,,0.145,846,1985,3256
file468.TextGrid,,0.300,1103,2049,3119
file468.TextGrid,1,0.290,779,1324,2571
file468.TextGrid,2,0.430,494,1045,2894
file468.TextGrid,,0.119,404,1577,2960
file469.TextGrid,,0.300,935,1969,3140
file469.TextGrid,1,0.210,623,1610,2619
file469.TextGrid,2,0.360,421,2195,2750
file469.TextGrid,,0.183,920,1900,3126
file47.TextGrid,,0.150,1117,2094,3146
file47.TextGrid,1,0.480,568,1875,2697
file47.TextGrid,2,0.270,722,1497,2860
file47.TextGrid,,0.239,884,1811,2931
file470.TextGrid,,0.120,1123,2103,3089
file470.TextGrid,1,0.480,679,1564,2542
file470.TextGrid,2,0.380,412,1671,2791
file470.TextGrid,,0.244,911,1939,3093
file471.TextGrid,,0.250,648,1973,3121
file471.TextGrid,1,0.320,331,1768,2860
file471.TextGrid,2,0.480,590,1706,2781
file471.TextGrid,,0.172,801,2416,2878
file472.TextGrid,,0.230,1000,1974,3219
file472.TextGrid,1,0.190,623,1891,2837
file472.TextGrid,2,0.560,506,1674,2403
file472.TextGrid,,0.149,571,1377,2627
file473.TextGrid,,0.280,500,1573,2680
file473.TextGrid,1,0.140,1191,2516,3416
file473.TextGrid,2,0.560,511,1769,3238
file473.TextGrid,,0.242,773,1853,2985
file474.TextGrid,,0.240,806,2015,3154
file474.TextGrid,1,0.220,634,1399,2529
file474.TextGrid,2,0.640,359,1355,2704
file474.TextGrid,,0.029,1362,2591,3906
file475.TextGrid,,0.280,535,1675,2741
file475.TextGrid,1,0.270,653,1376,2914
file475.TextGrid,2,0.400,503,1458,2916
file475.TextGrid,,0.272,711,1891,2979
file476.TextGrid,,0.110,1028,1873,2934
file476.TextGrid,1,0.330,691,1850,2954
file476.TextGrid,2,0.270,786,1492,2793
file476.TextGrid,,0.258,1068,1949,3049
file477.TextGrid,,0.190,1408,1977,4948
file477.TextGrid,1,0.310,586,1821,2694
file477.TextGrid,2,0.490,812,1849,2752
file477.TextGrid,,0.234,777,1960,2756
file478.TextGrid,,0.220,1196,2292,3451
file478.TextGrid,1,0.150,640,1524,2988
file478.TextGrid,2,0.500,752,2348,3045
file478.TextGrid,,0.098,383,1580,2743
file479.TextGrid,,0.260,563,1671,2755
file479.TextGrid,1,0.250,403,1653,2881
file479.TextGrid,2,0.310,804,2146,2997
file479.TextGrid,,0.216,460,1962,2931
file48.TextGrid,,0.180,697,1832,3061
file48.TextGrid,1,0.200,441,1916,2948
file48.TextGrid,2,0.510,744,2228,2983
file48.TextGrid,,0.239,578,1906,3029
file480.TextGrid,,0.250,1288,2248,4138
file480.TextGrid,1,0.290,869,1518,2503
file480.TextGrid,2,0.260,625,1684,2610
file480.TextGrid,,0.339,1016,2005,3496
file481.TextGrid,,0.170,917,2198,3194
file481.TextGrid,1,0.520,637,1611,3072
file481.TextGrid,2,0.270,757,1184,2583
file481.TextGrid,,0.349,1107,2018,3042
file482.TextGrid,,0.140,501,1706,2727
file482.TextGrid,1,0.370,513,1624,2637
file482.TextGrid,2,0.280,444,1236,2582
file482.TextGrid,,0.246,493,1522,2693
file483.TextGrid,,0.280,902,1915,3083
file483.TextGrid,1,0.170,929,1837,3183
file483.TextGrid,2,0.460,784,1423,3091
file483.TextGrid,,0.219,811,1958,2907
file484.TextGrid,,0.280,951,2071,3104
file484.TextGrid,1,0.210,433,1380,2630
file484.TextGrid,2,0.500,453,1242,2537
file484.TextGrid,,0.232,505,1638,2951
file485.TextGrid,,0.030,932,1879,3070
file485.TextGrid,1,0.490,830,1983,3121
file485.TextGrid,2,0.340,774,1864,3034
file485.TextGrid,,0.279,553,2023,3291
file486.TextGrid,,0.170,1175,1906,3570
file486.TextGrid,1,0.470,768,1936,2994
file486.TextGrid,2,0.410,484,1120,2750
file486.TextGrid,,0.174,624,1629,2880
file487.TextGrid,,0.170,492,1455,2624
file487.TextGrid,1,0.170,900,2228,3474
file487.TextGrid,2,0.650,436,1393,2693
file487.TextGrid,,0.046,390,1707,2759
file488.TextGrid,,0.190,508,1618,2635
file488.TextGrid,1,0.520,670,1553,2845
file488.TextGrid,2,0.090,588,1453,2826
file488.TextGrid,,0.236,558,1705,2803
file489.TextGrid,,0.240,943,1895,3164
file489.TextGrid,1,0.320,392,1937,2850
file489.TextGrid,2,0.210,469,1998,2725
file489.TextGrid,,0.283,953,2053,3469
file49.TextGrid,,0.290,1082,2041,3086
file49.TextGrid,1,0.530,642,1427,2830
file49.TextGrid,2,0.360,526,1286,3033
file49.TextGrid,,0.215,992,2099,3094
file490.TextGrid,,0.250,995,2015,2977
file490.TextGrid,1,0.260,742,1749,3195
file490.TextGrid,2,0.600,425,1707,2859
file490.TextGrid,,0.199,929,2114,2979
file491.TextGrid,,0.110,1049,2087,3128
file491.TextGrid,1,0.220,301,1522,2451
file491.TextGrid,2,0.310,361,2310,2671
file491.TextGrid,,0.328,923,2081,3205
file492.TextGrid,,0.300,953,1928,3085
file492.TextGrid,1,0.050,461,1054,2415
file492.TextGrid,2,0.450,824,1791,2992
file492.TextGrid,,0.236,790,2019,3224
file493.TextGrid,,0.230,1247,2156,3754
file493.TextGrid,1,0.480,888,1916,3037
file493.TextGrid,2,0.320,673,1598,2775
file493.TextGrid,,0.279,988,1851,2875
file494.TextGrid,,0.210,1126,2328,3279
file494.TextGrid,1,0.260,626,1598,2659
file494.TextGrid,2,0.450,394,1346,2763
file494.TextGrid,,0.133,839,1789,2952
file495.TextGrid,,0.310,460,1624,2939
file495.TextGrid,1,0.150,515,1315,2903
file495.TextGrid,2,0.500,534,1306,2780
file495.TextGrid,,0.169,505,1617,2953
file496.TextGrid,,0.170,1460,2450,5259
file496.TextGrid,1,0.430,639,1673,2721
file496.TextGrid,2,0.300,654,1551,2833
file496.TextGrid,,0.324,1039,1980,3885
file497.TextGrid,,0.230,1218,2366,3445
file497.TextGrid,1,0.220,638,1903,2728
file497.TextGrid,2,0.170,386,1625,2409
file497.TextGrid,,0.416,833,2012,3195
file498.TextGrid,,0.230,512,1631,2888
file498.TextGrid,1,0.180,836,2164,3404
file498.TextGrid,2,0.500,664,1659,2875
file498.TextGrid,,0.219,582,1489,2683
file499.TextGrid,,0.230,1077,2033,2981
file499.TextGrid,1,0.320,1040,2207,2741
file499.TextGrid,2,0.550,892,2034,2843
file499.TextGrid,,0.380,1334,2359,3239
file5.TextGrid,,0.100,880,1862,3155
file5.TextGrid,1,0.250,1355,2412,3199
file5.TextGrid,2,0.460,612,1720,2675
file5.TextGrid,,0.243,837,2054,3051
file50.TextGrid,,0.290,542,1646,2759
file50.TextGrid,1,0.150,1042,2404,3105
file50.TextGrid,2,0.400,542,1479,2648
file50.TextGrid,,0.196,501,1595,2669
file500.TextGrid,,0.210,854,1781,3122
file500.TextGrid,1,0.540,439,1451,3001
file500.TextGrid,2,0.520,486,1446,3027
file500.TextGrid,,0.210,1079,2226,3358
file501.TextGrid,,0.180,1131,2210,3458
file501.TextGrid,1,0.360,745,1607,3320
file501.TextGrid,2,0.450,1263,2434,3698
file501.TextGrid,,0.063,1395,2983,4049
file502.TextGrid,,0.200,927,2053,3186
file502.TextGrid,1,0.330,745,1321,2714
file502.TextGrid,2,0.580,1330,2290,2903
file502.TextGrid,,0.205,885,2096,3026
file503.TextGrid,,0.270,1121,2207,3274
file503.TextGrid,1,0.350,447,1479,3037
file503.TextGrid,2,0.340,622,1699,3197
file503.TextGrid,,0.264,1421,2242,3547
file504.TextGrid,,0.350,1110,2270,3489
file504.TextGrid,1,0.130,717,1601,2658
file504.TextGrid,2,0.600,887,1953,3090
file504.TextGrid,,0.144,427,2117,3107
file505.TextGrid,,0.150,1116,2061,3203
file505.TextGrid,1,0.270,1365,2477,3158
file505.TextGrid,2,0.690,431,1621,2830
file505.TextGrid,,0.029,200,1781,2865
file506.TextGrid,,0.220,869,1939,3206
file506.TextGrid,1,0.250,646,1364,2509
file506.TextGrid,2,0.630,1099,2289,3388
file506.TextGrid,,0.039,706,2491,3575
file507.TextGrid,,0.240,1414,2324,4952
file507.TextGrid,1,0.240,496,1605,3000
file507.TextGrid,2,0.530,986,1956,3273
file507.TextGrid,,0.043,1558,3222,3890
file508.TextGrid,,0.160,1222,2006,3311
file508.TextGrid,1,0.170,1242,2195,3213
file508.TextGrid,2,0.550,988,2146,2932
file508.TextGrid,,0.259,1032,2054,3102
file509.TextGrid,,0.150,875,1904,3132
file509.TextGrid,1,0.420,859,1553,3087
file509.TextGrid,2,0.610,469,1560,2695
file509.TextGrid,,0.129,1264,2190,3243
file51.TextGrid,,0.230,968,2049,3173
file51.TextGrid,1,0.140,559,1790,2790
file51.TextGrid,2,0.690,471,1523,2819
file51.TextGrid,,0.164,910,2215,3354
file510.TextGrid,,0.510,627,2081,2983
file510.TextGrid,1,0.350,643,1966,3163
file510.TextGrid,2,0.250,397,1759,2756
file510.TextGrid,,0.205,682,1800,2606
file511.TextGrid,,0.210,608,1752,2817
file511.TextGrid,1,0.210,397,1454,2753
file511.TextGrid,2,0.520,517,1397,2752
file511.TextGrid,,0.189,493,1649,2771
file512.TextGrid,,0.220,1486,2189,5415
file512.TextGrid,1,0.390,418,1633,2999
file512.TextGrid,2,0.550,751,1632,2741
file512.TextGrid,,0.064,1592,2525,3171
file513.TextGrid,,0.160,1070,2042,3034
file513.TextGrid,1,0.450,807,1169,2727
file513.TextGrid,2,0.270,565,1302,2574
file513.TextGrid,,0.259,636,1902,3203
file514.TextGrid,,0.150,1155,2198,3204
file514.TextGrid,1,0.490,398,1426,2822
file514.TextGrid,2,0.340,726,1484,2538
file514.TextGrid,,0.244,916,1828,2889
file515.TextGrid,,0.260,974,2127,3235
file515.TextGrid,1,0.100,521,1921,2735
file515.TextGrid,2,0.560,648,1580,2681
file515.TextGrid,,0.209,1392,2434,3461
file516.TextGrid,,0.270,1044,2159,3201
file516.TextGrid,1,0.310,962,1665,3279
file516.TextGrid,2,0.300,574,1286,2605
file516.TextGrid,,0.249,859,1961,2967
file517.TextGrid,,0.270,1327,2105,4137
file517.TextGrid,1,0.410,814,1450,2489
file517.TextGrid,2,0.310,715,1372,2570
file517.TextGrid,,0.234,896,1652,2812
file518.TextGrid,,0.300,1051,2358,3269
file518.TextGrid,1,0.190,591,1809,2687
file518.TextGrid,2,0.530,328,1151,2699
file518.TextGrid,,0.204,821,1913,3106
file519.TextGrid,,0.230,649,1840,2963
file519.TextGrid,1,0.090,855,1551,2976
file519.TextGrid,2,0.550,497,1310,2621
file519.TextGrid,,0.259,637,1644,2902
file52.TextGrid,,0.230,1338,2289,3313
file52.TextGrid,1,0.310,907,1716,2881
file52.TextGrid,2,0.490,347,2032,2590
file52.TextGrid,,0.099,476,1886,3086
file520.TextGrid,,0.290,867,1903,3081
file520.TextGrid,1,0.060,825,1751,3078
file520.TextGrid,2,0.580,580,1788,3108
file520.TextGrid,,0.292,621,1770,2954
file521.TextGrid,,0.210,475,1504,2937
file521.TextGrid,1,0.300,484,1219,2926
file521.TextGrid,2,0.410,545,968,2916
file521.TextGrid,,0.302,528,1550,2918
file522.TextGrid,,0.330,933,1829,2721
file522.TextGrid,1,0.170,462,1491,2740
file522.TextGrid,2,0.350,493,1512,2794
file522.TextGrid,,0.279,594,2047,3430
file523.TextGrid,,0.250,945,1766,2734
file523.TextGrid,1,0.190,971,1415,2420
file523.TextGrid,2,0.230,616,1428,2740
file523.TextGrid,,0.298,1224,2247,3988
file524.TextGrid,,0.240,1044,2019,3327
file524.TextGrid,1,0.280,429,1238,3028
file524.TextGrid,2,0.470,460,1564,2823
file524.TextGrid,,0.319,961,1771,2886
file525.TextGrid,,0.320,682,1775,2783
file525.TextGrid,1,0.210,375,2065,2651
file525.TextGrid,2,0.300,560,1685,2766
file525.TextGrid,,0.206,688,1653,2698
file526.TextGrid,,0.320,1049,2054,3011
file526.TextGrid,1,0.430,735,1438,2852
file526.TextGrid,2,0.370,633,1063,2872
file526.TextGrid,,0.275,907,1991,3311
file527.TextGrid,,0.290,948,2018,3283
file527.TextGrid,1,0.330,556,1398,3066
file527.TextGrid,2,0.530,559,1400,2818
file527.TextGrid,,0.072,580,1571,2736
file528.TextGrid,,0.290,956,1932,3134
file528.TextGrid,1,0.250,641,1854,2814
file528.TextGrid,2,0.360,504,1530,2503
file528.TextGrid,,0.136,533,1795,2714
file529.TextGrid,,0.280,555,1574,2863
file529.TextGrid,1,0.260,424,1748,2844
file529.TextGrid,2,0.700,419,1503,2660
file529.TextGrid,,0.075,384,1577,2756
file53.TextGrid,,0.260,515,1516,2673
file53.TextGrid,1,0.180,789,2353,3126
file53.TextGrid,2,0.530,650,2178,3014
file53.TextGrid,,0.159,479,1602,2896
file530.TextGrid,,0.230,1211,2168,4166
file530.TextGrid,1,0.300,855,1251,2891
file530.TextGrid,2,0.150,664,1730,2935
file530.TextGrid,,0.459,959,1700,2737
file531.TextGrid,,0.310,698,1775,2882
file531.TextGrid,1,0.140,629,1625,2747
file531.TextGrid,2,0.530,407,1809,2554
file531.TextGrid,,0.242,607,1767,2808
file532.TextGrid,,0.240,581,1817,2984
file532.TextGrid,1,0.110,635,1825,2880
file532.TextGrid,2,0.710,642,1692,2820
file532.TextGrid,,0.162,443,1627,2937
file533.TextGrid,,0.200,644,1635,2575
file533.TextGrid,1,0.170,863,2262,3493
file533.TextGrid,2,0.460,462,2107,2752
file533.TextGrid,,0.206,822,1912,2520
file534.TextGrid,,0.320,761,1667,2902
file534.TextGrid,1,0.050,444,2380,3030
file534.TextGrid,2,0.630,575,2245,2813
file534.TextGrid,,0.129,515,1727,2956
file535.TextGrid,,0.190,994,1922,2889
file535.TextGrid,1,0.290,1445,2386,3148
file535.TextGrid,2,0.550,944,1863,2712
file535.TextGrid,,0.279,967,1913,2803
file536.TextGrid,,0.160,1155,2186,3282
file536.TextGrid,1,0.170,989,1801,2889
file536.TextGrid,2,0.560,432,1738,2776
file536.TextGrid,,0.078,472,1791,3031
file537.TextGrid,,0.190,1056,1915,2983
file537.TextGrid,1,0.220,526,1513,2990
file537.TextGrid,2,0.600,323,1322,2729
file537.TextGrid,,0.043,975,2171,3213
file538.TextGrid,,0.290,1138,2276,3336
file538.TextGrid,1,0.180,654,1911,2449
file538.TextGrid,2,0.180,737,2010,3132
file538.TextGrid,,0.233,844,2121,3237
file539.TextGrid,,0.060,898,2033,2999
file539.TextGrid,1,0.540,832,1766,2650
file539.TextGrid,2,0.270,488,1392,2811
file539.TextGrid,,0.269,737,1949,3283
file54.TextGrid,,0.280,788,2119,3083
file54.TextGrid,1,0.090,498,1429,2839
file54.TextGrid,2,0.520,521,1017,2387
file54.TextGrid,,0.146,475,1464,2601
file540.TextGrid,,0.070,696,1876,3135
file540.TextGrid,1,0.370,458,1633,2892
file540.TextGrid,2,0.560,1301,2315,3090
file540.TextGrid,,0.224,1107,2130,3345
file541.TextGrid,,0.210,1137,2093,3185
file541.TextGrid,1,0.520,818,1524,2669
file541.TextGrid,2,0.290,715,1403,2731
file541.TextGrid,,0.289,876,1817,3049
file542.TextGrid,,0.300,606,1711,3068
file542.TextGrid,1,0.170,476,998,3157
file542.TextGrid,2,0.440,543,1052,3093
file542.TextGrid,,0.219,715,1473,2905
file543.TextGrid,,0.340,1228,2217,3550
file543.TextGrid,1,0.320,906,1312,2490
file543.TextGrid,2,0.230,742,1135,2734
file543.TextGrid,,0.334,902,1664,3000
file544.TextGrid,,0.260,689,1833,3063
file544.TextGrid,1,0.300,539,1870,2855
file544.TextGrid,2,0.440,1040,2198,3150
file544.TextGrid,,0.129,798,1654,2806
file545.TextGrid,,0.030,1075,2008,2969
file545.TextGrid,1,0.440,1005,1817,2665
file545.TextGrid,2,0.470,578,1523,2903
file545.TextGrid,,0.284,999,2218,3064
file546.TextGrid,,0.350,1094,2156,3139
file546.TextGrid,1,0.240,1281,2532,3393
file546.TextGrid,2,0.340,739,1763,2975
file546.TextGrid,,0.294,882,2055,3131
file547.TextGrid,,0.210,1056,2217,3419
file547.TextGrid,1,0.360,708,1957,3178
file547.TextGrid,2,0.500,558,1535,2469
file547.TextGrid,,0.152,729,1732,3012
file548.TextGrid,,0.210,1319,2286,3336
file548.TextGrid,1,0.170,669,1320,3041
file548.TextGrid,2,0.450,401,1574,2806
file548.TextGrid,,0.138,773,2012,3091
file549.TextGrid,,0.240,1064,1975,2976
file549.TextGrid,1,0.240,454,1416,2199
file549.TextGrid,2,0.520,363,1831,2427
file549.TextGrid,,0.053,334,1804,2928
file55.TextGrid,,0.220,1046,2206,3262
file55.TextGrid,1,0.300,334,1603,2874
file55.TextGrid,2,0.460,708,1846,2755
file55.TextGrid,,0.329,1031,2023,3733
file550.TextGrid,,0.250,1039,2032,3006
file550.TextGrid,1,0.220,792,1643,2519
file550.TextGrid,2,0.340,917,1428,2998
file550.TextGrid,,0.243,921,1726,2863
file551.TextGrid,,0.160,887,1422,2659
file551.TextGrid,1,0.280,730,1891,3005
file551.TextGrid,2,0.350,756,1518,3037
file551.TextGrid,,0.178,1061,1705,3053
file552.TextGrid,,0.210,1077,2481,3308
file552.TextGrid,1,0.300,447,1999,2965
file552.TextGrid,2,0.350,572,2034,2977
file552.TextGrid,,0.279,1068,2008,3129
file553.TextGrid,,0.100,1200,2231,3886
file553.TextGrid,1,0.280,466,1342,2300
file553.TextGrid,2,0.400,641,1509,2492
file553.TextGrid,,0.188,963,1870,2947
file554.TextGrid,,0.270,1058,2108,3145
file554.TextGrid,1,0.350,373,1944,2834
file554.TextGrid,2,0.560,365,1131,2706
file554.TextGrid,,0.129,458,1624,2959
file555.TextGrid,,0.110,621,1867,2643
file555.TextGrid,1,0.330,768,1911,2724
file555.TextGrid,2,0.170,548,1559,2783
file555.TextGrid,,0.333,699,1550,2637
file556.TextGrid,,0.250,710,1790,3034
file556.TextGrid,1,0.190,540,1808,2689
file556.TextGrid,2,0.280,468,1780,2742
file556.TextGrid,,0.419,616,1847,3116
file557.TextGrid,,0.300,934,2044,3020
file557.TextGrid,1,0.280,367,2415,3203
file557.TextGrid,2,0.330,385,1985,2868
file557.TextGrid,,0.229,253,2097,3118
file558.TextGrid,,0.310,559,1605,2730
file558.TextGrid,1,0.120,355,1600,2705
file558.TextGrid,2,0.350,716,1954,3117
file558.TextGrid,,0.349,382,1548,2838
file559.TextGrid,,0.210,469,1485,2544
file559.TextGrid,1,0.340,369,1191,2731
file559.TextGrid,2,0.310,496,1171,2746
file559.TextGrid,,0.269,557,1358,2594
file56.TextGrid,,0.270,472,1490,2758
file56.TextGrid,1,0.170,451,1598,2723
file56.TextGrid,2,0.330,1062,2366,3497
file56.TextGrid,,0.266,576,1762,3225
file560.TextGrid,,0.210,682,1590,2636
file560.TextGrid,1,0.280,830,2016,3390
file560.TextGrid,2,0.430,585,1965,3196
file560.TextGrid,,0.302,560,1677,3042
file561.TextGrid,,0.220,791,2152,3396
file561.TextGrid,1,0.700,466,1955,2889
file561.TextGrid,2,0.290,400,1762,2704
file561.TextGrid,,0.270,956,2122,3298
file562.TextGrid,,0.280,888,1850,2927
file562.TextGrid,1,0.340,576,1921,3007
file562.TextGrid,2,0.350,695,1441,2700
file562.TextGrid,,0.254,1068,2054,3108
file563.TextGrid,,0.320,1131,2203,3213
file563.TextGrid,1,0.050,655,1467,2725
file563.TextGrid,2,0.650,354,1333,2760
file563.TextGrid,,0.033,1442,1974,3110
file564.TextGrid,,0.270,1046,2267,3341
file564.TextGrid,1,0.130,995,1822,2759
file564.TextGrid,2,0.570,985,2127,3183
file564.TextGrid,,0.169,908,2084,3217
file565.TextGrid,,0.090,1459,2193,3331
file565.TextGrid,1,0.350,636,1835,2763
file565.TextGrid,2,0.320,821,2015,2949
file565.TextGrid,,0.369,997,2192,3229
file566.TextGrid,,0.230,1326,2335,3047
file566.TextGrid,1,0.150,738,2235,2802
file566.TextGrid,2,0.510,749,1823,2668
file566.TextGrid,,0.249,1221,2044,3896
file567.TextGrid,,0.280,1362,2297,4499
file567.TextGrid,1,0.270,619,1897,2462
file567.TextGrid,2,0.390,581,1816,2609
file567.TextGrid,,0.199,1059,1968,3288
file568.TextGrid,,0.200,1396,2207,3825
file568.TextGrid,1,0.210,1051,1576,2923
file568.TextGrid,2,0.300,780,1275,2870
file568.TextGrid,,0.429,1066,1704,2635
file569.TextGrid,,0.220,469,1694,3000
file569.TextGrid,1,0.140,1273,2189,3062
file569.TextGrid,2,0.540,1021,1815,3131
file569.TextGrid,,0.229,404,1811,2631
file57.TextGrid,,0.260,678,2011,3155
file57.TextGrid,1,0.160,553,1801,2676
file57.TextGrid,2,0.470,881,1915,3017
file57.TextGrid,,0.163,1365,2692,3498
file570.TextGrid,,0.110,1011,2097,3457
file570.TextGrid,1,0.300,1106,2216,3046
file570.TextGrid,2,0.270,719,1587,2875
file570.TextGrid,,0.288,1115,1979,3912
file571.TextGrid,,0.240,1211,2195,3454
file571.TextGrid,1,0.300,755,1285,2660
file571.TextGrid,2,0.680,773,1666,2937
file571.TextGrid,,0.175,1065,2036,3215
file572.TextGrid,,0.260,1171,2144,3371
file572.TextGrid,1,0.250,888,1894,3027
file572.TextGrid,2,0.430,894,1573,2457
file572.TextGrid,,0.199,1120,2013,3042
file573.TextGrid,,0.220,1248,2313,4711
file573.TextGrid,1,0.470,1138,2000,3011
file573.TextGrid,2,0.360,644,1180,2747
file573.TextGrid,,0.174,984,1694,2788
file574.TextGrid,,0.240,521,1629,2805
file574.TextGrid,1,0.170,541,1181,2948
file574.TextGrid,2,0.490,420,1591,2685
file574.TextGrid,,0.136,395,1384,2531
file575.TextGrid,,0.250,715,1661,3021
file575.TextGrid,1,0.230,830,1450,2618
file575.TextGrid,2,0.410,508,1214,2664
file575.TextGrid,,0.239,522,1528,2836
file576.TextGrid,,0.250,1153,2077,3171
file576.TextGrid,1,0.280,702,1616,2683
file576.TextGrid,2,0.490,1232,2198,3540
file576.TextGrid,,0.033,1371,2271,3580
file577.TextGrid,,0.230,844,1892,2991
file577.TextGrid,1,0.150,353,1893,2662
file577.TextGrid,2,0.230,625,2023,2912
file577.TextGrid,,0.426,525,1873,2900
file578.TextGrid,,0.070,992,2243,3638
file578.TextGrid,1,0.360,496,1805,2811
file578.TextGrid,2,0.480,729,1365,2268
file578.TextGrid,,0.143,882,1817,2488
file579.TextGrid,,0.170,1319,2449,3379
file579.TextGrid,1,0.170,481,1658,2145
file579.TextGrid,2,0.340,362,1735,2405
file579.TextGrid,,0.263,544,1798,2669
file58.TextGrid,,0.220,1046,2108,3034
file58.TextGrid,1,0.510,595,960,2713
file58.TextGrid,2,0.150,667,979,2801
file58.TextGrid,,0.344,1154,2270,3733
file580.TextGrid,,0.200,569,1451,2153
file580.TextGrid,1,0.350,383,1759,2737
file580.TextGrid,2,0.630,590,1413,2899
file580.TextGrid,,0.042,987,1857,3300
file581.TextGrid,,0.220,1381,2206,4314
file581.TextGrid,1,0.280,623,1973,2748
file581.TextGrid,2,0.340,790,2160,2911
file581.TextGrid,,0.555,867,2082,2881
file582.TextGrid,,0.070,897,2212,3646
file582.TextGrid,1,0.450,538,1278,2942
file582.TextGrid,2,0.360,550,1502,2753
file582.TextGrid,,0.259,901,2128,3133
file583.TextGrid,,0.200,637,1677,2884
file583.TextGrid,1,0.170,1167,1981,2791
file583.TextGrid,2,0.470,402,2064,2920
file583.TextGrid,,0.196,516,1646,2883
file584.TextGrid,,0.270,923,2072,3114
file584.TextGrid,1,0.290,909,2116,3374
file584.TextGrid,2,0.400,357,1918,2570
file584.TextGrid,,0.093,397,1840,3038
file585.TextGrid,,0.150,504,1724,2834
file585.TextGrid,1,0.220,768,1559,2818
file585.TextGrid,2,0.440,648,1389,2813
file585.TextGrid,,0.226,591,1232,2703
file586.TextGrid,,0.130,675,1634,2490
file586.TextGrid,1,0.180,976,2043,3267
file586.TextGrid,2,0.580,417,1368,2869
file586.TextGrid,,0.239,739,2206,3209
file587.TextGrid,,0.200,1156,1964,3191
file587.TextGrid,1,0.280,867,1560,2407
file587.TextGrid,2,0.320,612,1539,2803
file587.TextGrid,,0.253,1542,2182,3363
file588.TextGrid,,0.280,874,1820,2552
file588.TextGrid,1,0.170,752,1093,2574
file588.TextGrid,2,0.460,611,1318,2602
file588.TextGrid,,0.126,574,1499,2372
file589.TextGrid,,0.260,1190,2461,3304
file589.TextGrid,1,0.290,550,1080,2695
file589.TextGrid,2,0.480,988,1669,2539
file589.TextGrid,,0.279,912,2125,3761
file59.TextGrid,,0.280,1047,2070,3127
file59.TextGrid,1,0.170,524,1649,2938
file59.TextGrid,2,0.360,376,1534,3233
file59.TextGrid,,0.329,863,2053,3211
file590.TextGrid,,0.270,877,1958,3503
file590.TextGrid,1,0.470,488,925,2841
file590.TextGrid,2,0.220,553,1415,2514
file590.TextGrid,,0.264,1762,2592,3419
file591.TextGrid,,0.280,1221,2199,3607
file591.TextGrid,1,0.210,654,1275,2987
file591.TextGrid,2,0.420,500,1138,3161
file591.TextGrid,,0.229,839,1777,3123
file592.TextGrid,,0.220,855,1848,3206
file592.TextGrid,1,0.320,1509,2402,3333
file592.TextGrid,2,0.260,590,1757,2608
file592.TextGrid,,0.253,742,2006,3006
file593.TextGrid,,0.270,1148,2148,3248
file593.TextGrid,1,0.160,514,1555,2830
file593.TextGrid,2,0.440,570,1034,2891
file593.TextGrid,,0.183,625,1823,3219
file594.TextGrid,,0.260,1263,2234,3345
file594.TextGrid,1,0.230,366,1483,2714
file594.TextGrid,2,0.510,459,1832,2915
file594.TextGrid,,0.129,1246,2206,2889
file595.TextGrid,,0.240,858,1913,3091
file595.TextGrid,1,0.390,443,1708,2853
file595.TextGrid,2,0.410,495,1739,2694
file595.TextGrid,,0.182,434,1720,2875
file596.TextGrid,,0.090,979,1986,3281
file596.TextGrid,1,0.400,823,1811,2797
file596.TextGrid,2,0.380,1323,2155,3051
file596.TextGrid,,0.269,1196,2034,4252
file597.TextGrid,,0.080,974,2060,3064
file597.TextGrid,1,0.300,978,1837,2536
file597.TextGrid,2,0.320,1082,2167,3157
file597.TextGrid,,0.268,1226,2083,4057
file598.TextGrid,,0.300,732,1414,2805
file598.TextGrid,1,0.230,325,1679,2444
file598.TextGrid,2,0.430,514,1241,2889
file598.TextGrid,,0.169,678,1528,2787
file599.TextGrid,,0.160,1287,2376,3336
file599.TextGrid,1,0.420,523,1772,2748
file599.TextGrid,2,0.440,910,1619,2697
file599.TextGrid,,0.289,1245,2267,3227
file6.TextGrid,,0.340,1273,2388,3312
file6.TextGrid,1,0.180,529,2336,2974
file6.TextGrid,2,0.290,331,2163,2912
file6.TextGrid,,0.329,1318,2231,4303
file60.TextGrid,,0.270,620,1643,2883
file60.TextGrid,1,0.200,552,1783,2992
file60.TextGrid,2,0.330,466,1799,2936
file60.TextGrid,,0.329,418,1634,3001
file600.TextGrid,,0.230,791,1870,2983
file600.TextGrid,1,0.240,407,2029,2832
file600.TextGrid,2,0.570,376,1815,2571
file600.TextGrid,,0.182,576,1757,2820
file601.TextGrid,,0.260,752,1935,3059
file601.TextGrid,1,0.120,648,1764,3308
file601.TextGrid,2,0.290,660,1710,3007
file601.TextGrid,,0.366,584,1478,2813
file602.TextGrid,,0.120,1052,1978,3071
file602.TextGrid,1,0.380,893,1168,2777
file602.TextGrid,2,0.430,894,1512,2836
file602.TextGrid,,0.123,1193,1745,3196
file603.TextGrid,,0.270,960,2441,3205
file603.TextGrid,1,0.290,657,1769,3126
file603.TextGrid,2,0.370,461,1667,2974
file603.TextGrid,,0.294,702,2447,3476
file604.TextGrid,,0.210,580,1828,2864
file604.TextGrid,1,0.270,414,1071,2325
file604.TextGrid,2,0.310,400,1724,2650
file604.TextGrid,,0.178,388,1724,2910
file605.TextGrid,,0.320,593,1700,2887
file605.TextGrid,1,0.070,715,1424,2413
file605.TextGrid,2,0.290,718,1311,2594
file605.TextGrid,,0.263,447,1512,2683
file606.TextGrid,,0.090,979,2077,3218
file606.TextGrid,1,0.420,905,1843,3061
file606.TextGrid,2,0.270,535,1312,2973
file606.TextGrid,,0.273,806,1661,3046
file607.TextGrid,,0.230,903,2021,3276
file607.TextGrid,1,0.280,721,1357,2323
file607.TextGrid,2,0.510,821,2291,3689
file607.TextGrid,,0.033,1122,2630,3718
file608.TextGrid,,0.150,1226,2152,3021
file608.TextGrid,1,0.220,693,1565,2439
file608.TextGrid,2,0.690,471,1710,2730
file608.TextGrid,,0.069,870,1884,2975
file609.TextGrid,,0.070,873,1703,3003
file609.TextGrid,1,0.480,685,1916,2692
file609.TextGrid,2,0.450,1064,2522,3538
file609.TextGrid,,0.309,698,1972,2968
file61.TextGrid,,0.260,1202,2182,4272
file61.TextGrid,1,0.140,816,1764,2547
file61.TextGrid,2,0.560,590,1821,2581
file61.TextGrid,,0.093,964,2338,3758
file610.TextGrid,,0.190,454,1649,2716
file610.TextGrid,1,0.200,854,1856,2971
file610.TextGrid,2,0.450,367,1916,2717
file610.TextGrid,,0.196,552,1627,2816
file611.TextGrid,,0.250,982,2048,3246
file611.TextGrid,1,0.210,933,1493,3359
file611.TextGrid,2,0.730,346,1297,2867
file611.TextGrid,,0.032,446,1937,3012
file612.TextGrid,,0.130,835,1948,3023
file612.TextGrid,1,0.240,694,1357,3119
file612.TextGrid,2,0.370,906,1663,2915
file612.TextGrid,,0.228,1182,2229,3474
file613.TextGrid,,0.180,766,1979,2862
file613.TextGrid,1,0.210,741,1794,3272
file613.TextGrid,2,0.300,576,1710,2650
file613.TextGrid,,0.253,546,1579,2717
file614.TextGrid,,0.170,686,1516,2637
file614.TextGrid,1,0.390,512,1123,2834
file614.TextGrid,2,0.210,552,1334,2713
file614.TextGrid,,0.173,565,1409,2798
file615.TextGrid,,0.300,473,1609,3064
file615.TextGrid,1,0.200,491,1092,3124
file615.TextGrid,2,0.270,758,2258,3589
file615.TextGrid,,0.266,745,1613,2870
file616.TextGrid,,0.130,644,1742,2941
file616.TextGrid,1,0.550,689,1388,2882
file616.TextGrid,2,0.070,597,1314,2788
file616.TextGrid,,0.193,663,1566,2988
file617.TextGrid,,0.140,953,1917,3149
file617.TextGrid,1,0.220,360,1836,2855
file617.TextGrid,2,0.560,492,1558,2823
file617.TextGrid,,0.116,529,1674,3046
file618.TextGrid,,0.190,604,1685,2901
file618.TextGrid,1,0.170,818,2260,2980
file618.TextGrid,2,0.410,411,1198,2828
file618.TextGrid,,0.359,446,1632,2680
file619.TextGrid,,0.240,1055,2057,3184
file619.TextGrid,1,0.310,785,1595,2606
file619.TextGrid,2,0.500,599,2294,3099
file619.TextGrid,,0.259,1034,2235,3620
file62.TextGrid,,0.270,1302,2347,4996
file62.TextGrid,1,0.450,818,2036,2900
file62.TextGrid,2,0.390,423,1600,2763
file62.TextGrid,,0.199,895,2065,3701
file620.TextGrid,,0.280,720,1733,2796
file620.TextGrid,1,0.210,1020,2298,3149
file620.TextGrid,2,0.420,549,1394,2932
file620.TextGrid,,0.219,647,1615,2820
file621.TextGrid,,0.310,1053,1954,3155
file621.TextGrid,1,0.050,626,1194,2614
file621.TextGrid,2,0.550,731,1495,3005
file621.TextGrid,,0.229,1078,2206,4019
file622.TextGrid,,0.250,1018,2121,3285
file622.TextGrid,1,0.270,502,2198,3077
file622.TextGrid,2,0.470,543,2032,2842
file622.TextGrid,,0.149,949,1923,3818
file623.TextGrid,,0.310,1211,1972,3067
file623.TextGrid,1,0.180,971,1814,2979
file623.TextGrid,2,0.290,476,1621,2718
file623.TextGrid,,0.273,1034,1892,2998
file624.TextGrid,,0.290,1359,2301,4416
file624.TextGrid,1,0.320,660,1610,2412
file624.TextGrid,2,0.330,666,1608,2576
file624.TextGrid,,0.199,1032,2026,3146
file625.TextGrid,,0.190,1061,2232,3329
file625.TextGrid,1,0.260,931,1813,3154
file625.TextGrid,2,0.420,453,1233,2984
file625.TextGrid,,0.183,339,1369,2834
file626.TextGrid,,0.140,1472,2322,3526
file626.TextGrid,1,0.200,1369,2498,3359
file626.TextGrid,2,0.460,571,1472,2484
file626.TextGrid,,0.329,1084,2006,3000
file627.TextGrid,,0.310,460,1624,2939
file627.TextGrid,1,0.070,663,1292,2935
file627.TextGrid,2,0.580,513,1310,2793
file627.TextGrid,,0.169,505,1617,2953
file628.TextGrid,,0.200,834,1815,3034
file628.TextGrid,1,0.260,459,1337,2839
file628.TextGrid,2,0.350,555,1079,2744
file628.TextGrid,,0.226,648,1761,3407
file629.TextGrid,,0.210,916,1973,3038
file629.TextGrid,1,0.400,323,1546,2641
file629.TextGrid,2,0.600,402,1794,3176
file629.TextGrid,,0.270,968,1775,3360
file63.TextGrid,,0.200,991,2089,3130
file63.TextGrid,1,0.210,913,1769,2978
file63.TextGrid,2,0.340,496,1769,2836
file63.TextGrid,,0.218,645,1923,3152
file630.TextGrid,,0.060,1060,1847,2874
file630.TextGrid,1,0.390,1082,1736,3092
file630.TextGrid,2,0.740,1293,2282,3679
file630.TextGrid,,0.034,1328,2311,3696
file631.TextGrid,,0.270,693,1711,3200
file631.TextGrid,1,0.130,436,1694,2258
file631.TextGrid,2,0.500,466,1684,2555
file631.TextGrid,,0.239,709,1707,3151
file632.TextGrid,,0.250,1216,2369,3431
file632.TextGrid,1,0.250,385,1688,2683
file632.TextGrid,2,0.430,585,1513,2818
file632.TextGrid,,0.294,661,1740,3175
file633.TextGrid,,0.200,884,2070,3131
file633.TextGrid,1,0.410,494,1377,2945
file633.TextGrid,2,0.360,469,1076,3046
file633.TextGrid,,0.339,680,1770,2941
file634.TextGrid,,0.170,1257,2516,3356
file634.TextGrid,1,0.190,927,1957,2765
file634.TextGrid,2,0.420,409,1856,2833
file634.TextGrid,,0.188,332,1966,3148
file635.TextGrid,,0.200,495,1582,2567
file635.TextGrid,1,0.310,471,1827,2393
file635.TextGrid,2,0.520,493,1553,2616
file635.TextGrid,,0.285,588,1735,2794
file636.TextGrid,,0.160,637,1639,2893
file636.TextGrid,1,0.140,726,1562,2910
file636.TextGrid,2,0.560,466,1654,2838
file636.TextGrid,,0.176,557,1854,2982
file637.TextGrid,,0.200,817,1704,2967
file637.TextGrid,1,0.190,1158,2070,3175
file637.TextGrid,2,0.180,575,1713,2486
file637.TextGrid,,0.373,520,1533,2574
file638.TextGrid,,0.250,525,1721,2863
file638.TextGrid,1,0.230,551,1324,2595
file638.TextGrid,2,0.660,518,1474,2659
file638.TextGrid,,0.082,817,1484,2449
file639.TextGrid,,0.160,928,1955,2991
file639.TextGrid,1,0.450,1341,2401,3448
file639.TextGrid,2,0.430,652,1734,3195
file639.TextGrid,,0.269,851,2172,3263
file64.TextGrid,,0.280,562,1628,2775
file64.TextGrid,1,0.190,349,1833,2671
file64.TextGrid,2,0.440,429,1186,2838
file64.TextGrid,,0.219,675,1764,2971
file640.TextGrid,,0.200,1384,2182,4926
file640.TextGrid,1,0.430,758,1710,2885
file640.TextGrid,2,0.520,734,1796,2918
file640.TextGrid,,0.245,1015,1910,3056
file641.TextGrid,,0.310,395,1616,2920
file641.TextGrid,1,0.230,715,1573,3005
file641.TextGrid,2,0.470,533,1084,2838
file641.TextGrid,,0.212,479,1566,2918
file642.TextGrid,,0.330,1229,2303,3891
file642.TextGrid,1,0.290,714,2001,2662
file642.TextGrid,2,0.390,484,2189,2990
file642.TextGrid,,0.214,1196,2262,4190
file643.TextGrid,,0.230,346,1813,2988
file643.TextGrid,1,0.300,385,1961,2871
file643.TextGrid,2,0.270,477,1582,2756
file643.TextGrid,,0.329,526,1368,2776
file644.TextGrid,,0.290,957,2055,3206
file644.TextGrid,1,0.280,485,1649,2749
file644.TextGrid,2,0.460,380,1764,2549
file644.TextGrid,,0.109,255,1780,2984
file645.TextGrid,,0.150,666,1527,2781
file645.TextGrid,1,0.330,839,1528,2622
file645.TextGrid,2,0.630,764,1600,2813
file645.TextGrid,,0.114,1048,2398,3299
file646.TextGrid,,0.160,1449,2338,4989
file646.TextGrid,1,0.630,1011,1730,2569
file646.TextGrid,2,0.050,810,1564,2694
file646.TextGrid,,0.299,929,1772,3021
file647.TextGrid,,0.250,1280,2316,3246
file647.TextGrid,1,0.130,685,2152,2921
file647.TextGrid,2,0.600,345,1982,2798
file647.TextGrid,,0.056,862,2248,3313
file648.TextGrid,,0.170,683,1874,3286
file648.TextGrid,1,0.310,679,2219,3216
file648.TextGrid,2,0.160,493,1932,2665
file648.TextGrid,,0.243,758,1764,2717
file649.TextGrid,,0.250,916,1958,3248
file649.TextGrid,1,0.260,655,1098,2862
file649.TextGrid,2,0.230,452,1141,3024
file649.TextGrid,,0.313,956,1986,3807
file65.TextGrid,,0.310,947,1924,2935
file65.TextGrid,1,0.430,756,1243,3025
file65.TextGrid,2,0.360,773,1169,2900
file65.TextGrid,,0.295,896,1907,2954
file650.TextGrid,,0.150,1103,2267,3147
file650.TextGrid,1,0.330,562,1846,3017
file650.TextGrid,2,0.280,568,2481,3007
file650.TextGrid,,0.379,588,2145,3117
file651.TextGrid,,0.360,400,1414,2773
file651.TextGrid,1,0.220,538,1160,2997
file651.TextGrid,2,0.490,568,1069,2728
file651.TextGrid,,0.152,627,1443,2889
file652.TextGrid,,0.140,596,1635,2639
file652.TextGrid,1,0.200,572,1640,3096
file652.TextGrid,2,0.450,479,1361,2887
file652.TextGrid,,0.246,622,1535,2730
file653.TextGrid,,0.310,1046,1779,2842
file653.TextGrid,1,0.310,664,1661,2934
file653.TextGrid,2,0.390,508,1820,3236
file653.TextGrid,,0.305,597,1645,3048
file654.TextGrid,,0.260,446,1447,2347
file654.TextGrid,1,0.140,352,2296,3161
file654.TextGrid,2,0.760,446,1651,2919
file654.TextGrid,,0.062,525,1619,3174
file655.TextGrid,,0.090,1524,2444,5192
file655.TextGrid,1,0.350,1308,2109,3118
file655.TextGrid,2,0.230,916,1556,2685
file655.TextGrid,,0.383,1083,1739,2525
file656.TextGrid,,0.210,1106,2005,3156
file656.TextGrid,1,0.260,390,2195,2665
file656.TextGrid,2,0.790,961,1510,2708
file656.TextGrid,,0.220,1026,1930,2865
file657.TextGrid,,0.290,1304,2223,4138
file657.TextGrid,1,0.320,751,1374,2901
file657.TextGrid,2,0.630,883,1855,3151
file657.TextGrid,,0.069,1306,2793,4124
file658.TextGrid,,0.230,481,1799,2904
file658.TextGrid,1,0.280,393,1939,2828
file658.TextGrid,2,0.320,1111,2187,3107
file658.TextGrid,,0.392,500,1673,2868
file659.TextGrid,,0.070,1214,2314,3204
file659.TextGrid,1,0.420,382,1640,2774
file659.TextGrid,2,0.410,480,1520,2715
file659.TextGrid,,0.324,958,2126,3214
file66.TextGrid,,0.240,898,1628,2296
file66.TextGrid,1,0.210,429,1436,2794
file66.TextGrid,2,0.320,530,1303,2750
file66.TextGrid,,0.452,420,1577,2618
file660.TextGrid,,0.300,967,2183,3143
file660.TextGrid,1,0.210,838,1472,2568
file660.TextGrid,2,0.450,664,1530,2878
file660.TextGrid,,0.262,848,1582,3018
file661.TextGrid,,0.140,910,1940,2774
file661.TextGrid,1,0.310,1194,2231,3244
file661.TextGrid,2,0.060,874,1795,3025
file661.TextGrid,,0.714,1038,1944,3575
file662.TextGrid,,0.300,474,1517,2954
file662.TextGrid,1,0.280,480,1986,3008
file662.TextGrid,2,0.450,544,1398,2763
file662.TextGrid,,0.192,564,1540,2848
file663.TextGrid,,0.260,794,1818,2934
file663.TextGrid,1,0.280,1156,2314,3380
file663.TextGrid,2,0.430,409,1916,2912
file663.TextGrid,,0.345,352,1761,2751
file664.TextGrid,,0.260,1050,1997,2996
file664.TextGrid,1,0.380,1463,2659,3305
file664.TextGrid,2,0.430,733,1826,2787
file664.TextGrid,,0.239,902,1729,2896
file665.TextGrid,,0.230,702,1731,3019
file665.TextGrid,1,0.090,693,1769,3147
file665.TextGrid,2,0.450,547,1745,2729
file665.TextGrid,,0.266,393,1477,2388
file666.TextGrid,,0.320,1150,2184,4335
file666.TextGrid,1,0.310,699,1885,2562
file666.TextGrid,2,0.520,832,1795,2462
file666.TextGrid,,0.159,1299,2125,4253
file667.TextGrid,,0.100,992,1963,3266
file667.TextGrid,1,0.570,394,1161,3004
file667.TextGrid,2,0.260,446,1333,2832
file667.TextGrid,,0.294,827,1933,3112
file668.TextGrid,,0.230,574,1864,2922
file668.TextGrid,1,0.310,487,1957,2926
file668.TextGrid,2,0.340,444,1895,2704
file668.TextGrid,,0.249,456,1647,2902
file669.TextGrid,,0.240,900,1791,3204
file669.TextGrid,1,0.260,845,1905,3210
file669.TextGrid,2,0.260,642,1388,2865
file669.TextGrid,,0.293,866,1823,2524
file67.TextGrid,,0.240,857,1938,3257
file67.TextGrid,1,0.250,761,1518,2608
file67.TextGrid,2,0.570,450,1556,2704
file67.TextGrid,,0.164,1158,2022,3058
file670.TextGrid,,0.100,933,2053,3246
file670.TextGrid,1,0.460,705,1770,2772
file670.TextGrid,2,0.470,593,2062,2871
file670.TextGrid,,0.194,818,2121,3356
file671.TextGrid,,0.290,1078,2106,3186
file671.TextGrid,1,0.240,314,2149,2951
file671.TextGrid,2,0.570,481,1839,2859
file671.TextGrid,,0.029,1170,1522,3057
file672.TextGrid,,0.270,458,1492,2959
file672.TextGrid,1,0.220,432,1062,2953
file672.TextGrid,2,0.330,733,1766,2731
file672.TextGrid,,0.402,576,1497,2938
file673.TextGrid,,0.340,1020,2053,3061
file673.TextGrid,1,0.230,718,2175,2656
file673.TextGrid,2,0.330,421,1967,2778
file673.TextGrid,,0.239,944,1853,3074
file674.TextGrid,,0.290,1350,2250,4779
file674.TextGrid,1,0.330,893,1333,3008
file674.TextGrid,2,0.400,967,1312,2704
file674.TextGrid,,0.289,1127,1829,3550
file675.TextGrid,,0.140,894,2190,3151
file675.TextGrid,1,0.400,419,2162,2910
file675.TextGrid,2,0.260,405,2404,2976
file675.TextGrid,,0.253,1031,1985,3196
file676.TextGrid,,0.300,649,1737,2767
file676.TextGrid,1,0.190,1172,2315,3188
file676.TextGrid,2,0.310,725,1418,2687
file676.TextGrid,,0.236,678,1504,2577
file677.TextGrid,,0.220,768,1801,2818
file677.TextGrid,1,0.230,906,1943,3099
file677.TextGrid,2,0.520,446,1397,2727
file677.TextGrid,,0.159,735,1764,2869
file678.TextGrid,,0.300,612,1623,2634
file678.TextGrid,1,0.090,545,1630,2334
file678.TextGrid,2,0.650,312,1935,2852
file678.TextGrid,,0.182,386,1605,2887
file679.TextGrid,,0.250,1066,1806,2419
file679.TextGrid,1,0.130,455,1656,2603
file679.TextGrid,2,0.710,495,1753,2937
file679.TextGrid,,0.039,1443,2364,3692
file68.TextGrid,,0.190,812,1877,2982
file68.TextGrid,1,0.220,630,1836,2643
file68.TextGrid,2,0.460,534,2164,2849
file68.TextGrid,,0.269,682,1892,3076
file680.TextGrid,,0.250,604,1646,2710
file680.TextGrid,1,0.190,457,1926,2914
file680.TextGrid,2,0.320,463,1136,2879
file680.TextGrid,,0.462,621,1824,2683
file681.TextGrid,,0.110,1086,2161,3310
file681.TextGrid,1,0.500,744,1915,2788
file681.TextGrid,2,0.330,575,2439,3394
file681.TextGrid,,0.028,422,2161,2891
file682.TextGrid,,0.200,1003,2076,3484
file682.TextGrid,1,0.340,487,1558,2636
file682.TextGrid,2,0.450,1144,2203,3077
file682.TextGrid,,0.063,1615,2657,3355
file683.TextGrid,,0.290,1175,2155,3592
file683.TextGrid,1,0.190,990,1837,2786
file683.TextGrid,2,0.360,950,1919,2951
file683.TextGrid,,0.299,951,1829,2882
file684.TextGrid,,0.130,1466,2375,4665
file684.TextGrid,1,0.480,761,1414,2955
file684.TextGrid,2,0.300,696,1187,2977
file684.TextGrid,,0.229,898,1546,3009
file685.TextGrid,,0.110,960,1893,3007
file685.TextGrid,1,0.410,505,1871,2705
file685.TextGrid,2,0.330,521,1927,2766
file685.TextGrid,,0.289,1019,1992,3082
file686.TextGrid,,0.210,449,1536,2900
file686.TextGrid,1,0.150,547,1597,2938
file686.TextGrid,2,0.610,492,1516,3119
file686.TextGrid,,0.252,440,1572,2894
file687.TextGrid,,0.210,1216,1722,3248
file687.TextGrid,1,0.180,620,1180,3111
file687.TextGrid,2,0.280,506,1534,2699
file687.TextGrid,,0.273,568,1729,2763
file688.TextGrid,,0.340,976,2015,3115
file688.TextGrid,1,0.130,732,1690,2554
file688.TextGrid,2,0.250,542,1540,3015
file688.TextGrid,,0.333,1208,2181,4113
file689.TextGrid,,0.260,1233,2291,3416
file689.TextGrid,1,0.130,613,1397,2313
file689.TextGrid,2,0.520,636,1485,2919
file689.TextGrid,,0.143,318,1494,2843
file69.TextGrid,,0.250,890,2058,3177
file69.TextGrid,1,0.270,725,1490,3237
file69.TextGrid,2,0.380,527,1781,3127
file69.TextGrid,,0.322,665,1879,2997
file690.TextGrid,,0.270,584,1487,2668
file690.TextGrid,1,0.240,345,1767,2534
file690.TextGrid,2,0.450,320,1980,2590
file690.TextGrid,,0.169,385,1605,2618
file691.TextGrid,,0.340,916,2035,3058
file691.TextGrid,1,0.070,376,1997,2660
file691.TextGrid,2,0.630,428,1713,2706
file691.TextGrid,,0.182,710,1783,3003
file692.TextGrid,,0.200,582,1584,2745
file692.TextGrid,1,0.360,914,1742,2736
file692.TextGrid,2,0.270,550,1462,2812
file692.TextGrid,,0.206,524,1521,2701
file693.TextGrid,,0.260,600,1593,2720
file693.TextGrid,1,0.110,803,1638,2911
file693.TextGrid,2,0.490,379,1266,2500
file693.TextGrid,,0.176,574,1599,2831
file694.TextGrid,,0.310,691,1858,2861
file694.TextGrid,1,0.090,706,1546,2685
file694.TextGrid,2,0.440,348,1655,2661
file694.TextGrid,,0.196,554,1713,2882
file695.TextGrid,,0.220,707,1773,3054
file695.TextGrid,1,0.190,491,1936,2909
file695.TextGrid,2,0.430,305,1665,2719
file695.TextGrid,,0.043,486,1926,2759
file696.TextGrid,,0.100,1092,2093,3338
file696.TextGrid,1,0.330,1267,2519,3351
file696.TextGrid,2,0.280,533,1710,2626
file696.TextGrid,,0.429,1047,1757,2885
file697.TextGrid,,0.200,737,1872,3201
file697.TextGrid,1,0.350,1196,2180,2969
file697.TextGrid,2,0.500,588,1962,2783
file697.TextGrid,,0.259,659,2264,3333
file698.TextGrid,,0.110,1038,1922,3083
file698.TextGrid,1,0.450,915,1918,2899
file698.TextGrid,2,0.320,922,2132,3093
file698.TextGrid,,0.344,1131,1927,4120
file699.TextGrid,,0.250,794,1617,3019
file699.TextGrid,1,0.200,679,1203,2602
file699.TextGrid,2,0.660,912,2076,3231
file699.TextGrid,,0.029,1377,2321,3519
file7.TextGrid,,0.270,690,1925,2956
file7.TextGrid,1,0.280,463,1457,2732
file7.TextGrid,2,0.630,305,1424,2422
file7.TextGrid,,0.135,650,1778,2954
file70.TextGrid,,0.140,1406,2074,4741
file70.TextGrid,1,0.360,1253,2580,3183
file70.TextGrid,2,0.390,387,1952,2631
file70.TextGrid,,0.163,607,1781,3104
file700.TextGrid,,0.260,1142,2220,4548
file700.TextGrid,1,0.180,586,1791,2611
file700.TextGrid,2,0.460,736,1728,2479
file700.TextGrid,,0.153,890,1779,2800
file701.TextGrid,,0.150,608,1708,2722
file701.TextGrid,1,0.250,719,1767,2563
file701.TextGrid,2,0.460,393,1701,2701
file701.TextGrid,,0.176,436,1691,2857
file702.TextGrid,,0.280,671,1637,2880
file702.TextGrid,1,0.220,482,1183,2940
file702.TextGrid,2,0.460,951,1922,3079
file702.TextGrid,,0.262,1227,1908,2609
file703.TextGrid,,0.230,947,1997,3037
file703.TextGrid,1,0.150,484,1585,2407
file703.TextGrid,2,0.520,807,1810,2916
file703.TextGrid,,0.229,1159,2186,3291
file704.TextGrid,,0.090,1479,1942,4464
file704.TextGrid,1,0.370,1233,2116,3208
file704.TextGrid,2,0.530,698,1582,3041
file704.TextGrid,,0.234,981,1536,2362
file705.TextGrid,,0.300,586,1699,2827
file705.TextGrid,1,0.240,1025,2060,3031
file705.TextGrid,2,0.290,1093,2439,3594
file705.TextGrid,,0.299,545,1590,2812
file706.TextGrid,,0.120,351,1499,2793
file706.TextGrid,1,0.230,1255,2294,3140
file706.TextGrid,2,0.380,519,2132,2653
file706.TextGrid,,0.213,546,1859,2689
file707.TextGrid,,0.240,745,1811,3004
file707.TextGrid,1,0.200,768,1467,2844
file707.TextGrid,2,0.260,671,1947,2411
file707.TextGrid,,0.243,676,1872,2892
file708.TextGrid,,0.310,803,1846,2958
file708.TextGrid,1,0.470,545,1189,2880
file708.TextGrid,2,0.150,579,1258,2786
file708.TextGrid,,0.199,658,1361,2779
file709.TextGrid,,0.270,448,1502,2858
file709.TextGrid,1,0.220,531,1380,2966
file709.TextGrid,2,0.450,553,1346,3015
file709.TextGrid,,0.189,561,1239,2837
file71.TextGrid,,0.210,905,1991,2966
file71.TextGrid,1,0.190,939,1776,2793
file71.TextGrid,2,0.190,673,1487,2644
file71.TextGrid,,0.293,1149,1813,2558
file710.TextGrid,,0.340,891,1725,2978
file710.TextGrid,1,0.150,668,1483,2804
file710.TextGrid,2,0.400,575,1484,2907
file710.TextGrid,,0.239,662,1392,2903
file711.TextGrid,,0.180,1257,2184,3164
file711.TextGrid,1,0.250,909,1759,2725
file711.TextGrid,2,0.380,982,1969,2926
file711.TextGrid,,0.243,916,1860,2864
file712.TextGrid,,0.270,1243,2077,3146
file712.TextGrid,1,0.240,1119,2063,3019
file712.TextGrid,2,0.500,946,2267,3523
file712.TextGrid,,0.043,1351,2829,3926
file713.TextGrid,,0.110,946,2230,3302
file713.TextGrid,1,0.500,708,1488,2616
file713.TextGrid,2,0.310,767,1420,2272
file713.TextGrid,,0.304,783,1897,3115
file714.TextGrid,,0.270,381,1611,2915
file714.TextGrid,1,0.240,372,919,2987
file714.TextGrid,2,0.200,506,1021,2912
file714.TextGrid,,0.512,532,1220,2862
file715.TextGrid,,0.270,589,1626,2794
file715.TextGrid,1,0.230,484,1660,2907
file715.TextGrid,2,0.470,667,1245,2755
file715.TextGrid,,0.159,464,1407,2855
file716.TextGrid,,0.170,1142,2132,3112
file716.TextGrid,1,0.340,1164,1731,2554
file716.TextGrid,2,0.340,823,1465,2615
file716.TextGrid,,0.203,965,1880,2865
file717.TextGrid,,0.310,941,1969,2971
file717.TextGrid,1,0.120,335,2170,2612
file717.TextGrid,2,0.470,691,1841,2648
file717.TextGrid,,0.239,978,1974,3004
file718.TextGrid,,0.230,940,2118,3350
file718.TextGrid,1,0.270,483,1689,3032
file718.TextGrid,2,0.380,382,1571,2622
file718.TextGrid,,0.259,861,2015,3119
file719.TextGrid,,0.230,628,1791,2879
file719.TextGrid,1,0.250,435,1776,2753
file719.TextGrid,2,0.540,382,2296,2700
file719.TextGrid,,0.109,611,1948,2930
file72.TextGrid,,0.230,1169,2154,3273
file72.TextGrid,1,0.290,890,1552,2533
file72.TextGrid,2,0.420,427,1923,2882
file72.TextGrid,,0.199,1167,2274,3492
file720.TextGrid,,0.290,687,1622,2735
file720.TextGrid,1,0.140,392,1461,2803
file720.TextGrid,2,0.360,521,1487,2992
file720.TextGrid,,0.246,974,2088,2830
file721.TextGrid,,0.130,990,1769,3114
file721.TextGrid,1,0.320,481,2147,2899
file721.TextGrid,2,0.430,572,1845,2813
file721.TextGrid,,0.259,958,1819,3044
file722.TextGrid,,0.140,574,1949,3062
file722.TextGrid,1,0.310,812,1549,2920
file722.TextGrid,2,0.330,424,975,3028
file722.TextGrid,,0.273,546,1721,3251
file723.TextGrid,,0.220,798,1715,3123
file723.TextGrid,1,0.380,622,1249,2690
file723.TextGrid,2,0.240,478,1109,2969
file723.TextGrid,,0.299,857,1792,3115
file724.TextGrid,,0.240,1295,2245,4122
file724.TextGrid,1,0.620,742,1698,2868
file724.TextGrid,2,0.040,773,1461,2900
file724.TextGrid,,0.239,912,1770,2936
file725.TextGrid,,0.120,1011,1902,2985
file725.TextGrid,1,0.360,1156,1948,2803
file725.TextGrid,2,0.500,753,2197,3050
file725.TextGrid,,0.244,1186,2068,4281
file726.TextGrid,,0.200,1164,1902,3148
file726.TextGrid,1,0.080,748,1609,2936
file726.TextGrid,2,0.370,538,2002,2791
file726.TextGrid,,0.386,472,1969,2926
file727.TextGrid,,0.120,566,1600,2643
file727.TextGrid,1,0.270,696,1731,2636
file727.TextGrid,2,0.360,424,1895,2767
file727.TextGrid,,0.286,519,1722,2730
file728.TextGrid,,0.200,529,1735,3073
file728.TextGrid,1,0.180,590,1186,3097
file728.TextGrid,2,0.440,643,1364,2693
file728.TextGrid,,0.216,665,1543,2535
file729.TextGrid,,0.160,371,1462,2745
file729.TextGrid,1,0.300,806,1872,2951
file729.TextGrid,2,0.380,514,1102,2993
file729.TextGrid,,0.196,495,1858,2878
file73.TextGrid,,0.260,983,1832,2978
file73.TextGrid,1,0.150,779,1295,2476
file73.TextGrid,2,0.510,941,2286,3390
file73.TextGrid,,0.302,712,2082,3451
file730.TextGrid,,0.300,658,1785,3217
file730.TextGrid,1,0.070,495,1195,2980
file730.TextGrid,2,0.670,501,1855,2834
file730.TextGrid,,0.184,962,2401,3605
file731.TextGrid,,0.230,495,1787,3045
file731.TextGrid,1,0.530,515,1624,2904
file731.TextGrid,2,0.140,428,1350,2626
file731.TextGrid,,0.136,441,1512,2765
file732.TextGrid,,0.310,1218,2258,3334
file732.TextGrid,1,0.250,619,1388,2694
file732.TextGrid,2,0.710,757,1599,3036
file732.TextGrid,,0.210,1028,2024,3190
file733.TextGrid,,0.290,1078,2106,3186
file733.TextGrid,1,0.240,314,2149,2951
file733.TextGrid,2,0.570,481,1839,2859
file733.TextGrid,,0.029,1170,1522,3057
file734.TextGrid,,0.220,1451,2397,5120
file734.TextGrid,1,0.560,1088,2123,2977
file734.TextGrid,2,0.340,720,1639,2734
file734.TextGrid,,0.189,1059,2018,3204
file735.TextGrid,,0.250,1131,2112,3223
file735.TextGrid,1,0.550,760,1788,2814
file735.TextGrid,2,0.090,426,1344,2809
file735.TextGrid,,0.163,1062,1995,3148
file736.TextGrid,,0.230,1143,2089,3257
file736.TextGrid,1,0.500,466,1375,3145
file736.TextGrid,2,0.200,817,1442,3014
file736.TextGrid,,0.465,1070,1712,2514
file737.TextGrid,,0.180,908,1907,3141
file737.TextGrid,1,0.280,572,1882,3103
file737.TextGrid,2,0.360,968,1567,3185
file737.TextGrid,,0.233,1441,2195,3167
file738.TextGrid,,0.280,1125,2026,3087
file738.TextGrid,1,0.270,487,2017,2880
file738.TextGrid,2,0.530,414,1722,2821
file738.TextGrid,,0.144,1209,2349,3460
file739.TextGrid,,0.250,1215,2366,3318
file739.TextGrid,1,0.220,513,1780,2699
file739.TextGrid,2,0.390,554,1358,2809
file739.TextGrid,,0.279,1065,2188,3262
file74.TextGrid,,0.300,754,1596,2813
file74.TextGrid,1,0.290,440,1568,2748
file74.TextGrid,2,0.350,573,1255,2932
file74.TextGrid,,0.189,642,1313,2791
file740.TextGrid,,0.150,938,2102,3080
file740.TextGrid,1,0.270,443,1467,2511
file740.TextGrid,2,0.560,511,1608,2746
file740.TextGrid,,0.244,732,1959,3015
file741.TextGrid,,0.250,597,1790,2838
file741.TextGrid,1,0.170,380,1708,2966
file741.TextGrid,2,0.170,490,1761,2724
file741.TextGrid,,0.378,794,1759,3077
file742.TextGrid,,0.210,1074,2026,3307
file742.TextGrid,1,0.250,850,1660,2331
file742.TextGrid,2,0.440,853,2128,3275
file742.TextGrid,,0.153,1093,2369,3378
file743.TextGrid,,0.300,1108,2276,3340
file743.TextGrid,1,0.210,493,1813,2916
file743.TextGrid,2,0.460,615,1553,2858
file743.TextGrid,,0.252,1028,2225,3348
file744.TextGrid,,0.290,912,1991,3138
file744.TextGrid,1,0.050,704,1825,2663
file744.TextGrid,2,0.700,568,1797,2699
file744.TextGrid,,0.099,1204,2265,3043
file745.TextGrid,,0.260,1275,2091,4941
file745.TextGrid,1,0.300,1369,2457,3325
file745.TextGrid,2,0.560,1003,1542,2684
file745.TextGrid,,0.189,1030,1808,2964
file746.TextGrid,,0.290,1014,2314,3400
file746.TextGrid,1,0.290,496,1470,3162
file746.TextGrid,2,0.430,421,1250,2934
file746.TextGrid,,0.214,1018,1972,3242
file747.TextGrid,,0.170,953,1781,3068
file747.TextGrid,1,0.280,863,1827,2806
file747.TextGrid,2,0.340,546,1811,2537
file747.TextGrid,,0.246,541,1598,2602
file748.TextGrid,,0.290,453,1478,2783
file748.TextGrid,1,0.160,429,1600,2863
file748.TextGrid,2,0.530,482,1451,2766
file748.TextGrid,,0.149,465,1519,2882
file749.TextGrid,,0.250,1068,2153,3229
file749.TextGrid,1,0.240,422,1920,2833
file749.TextGrid,2,0.440,376,1854,2639
file749.TextGrid,,0.123,700,2163,3345
file75.TextGrid,,0.110,973,2486,3029
file75.TextGrid,1,0.320,467,1869,2885
file75.TextGrid,2,0.400,443,1679,2712
file75.TextGrid,,0.309,1340,2292,4630
file750.TextGrid,,0.250,1058,2184,3270
file750.TextGrid,1,0.280,441,1943,2692
file750.TextGrid,2,0.340,550,1094,2705
file750.TextGrid,,0.183,546,1381,2899
file751.TextGrid,,0.270,1209,2024,3268
file751.TextGrid,1,0.150,750,1572,3346
file751.TextGrid,2,0.240,643,1454,3090
file751.TextGrid,,0.376,602,1552,2841
file752.TextGrid,,0.240,768,1865,3186
file752.TextGrid,1,0.450,437,1533,2665
file752.TextGrid,2,0.210,357,1580,2581
file752.TextGrid,,0.153,368,1667,2936
file753.TextGrid,,0.230,885,1660,2967
file753.TextGrid,1,0.280,491,1722,2970
file753.TextGrid,2,0.450,366,1924,2789
file753.TextGrid,,0.169,558,1624,2920
file754.TextGrid,,0.260,1106,2069,3042
file754.TextGrid,1,0.370,619,1191,2899
file754.TextGrid,2,0.470,821,1583,2680
file754.TextGrid,,0.295,1218,2171,2878
file755.TextGrid,,0.210,568,1773,2831
file755.TextGrid,1,0.160,1294,2412,3263
file755.TextGrid,2,0.520,585,1156,2575
file755.TextGrid,,0.239,590,1481,2682
file756.TextGrid,,0.240,1007,2093,3109
file756.TextGrid,1,0.250,1126,1905,3058
file756.TextGrid,2,0.460,368,1979,2630
file756.TextGrid,,0.179,451,1802,2882
file757.TextGrid,,0.230,597,1768,2922
file757.TextGrid,1,0.340,918,1730,2887
file757.TextGrid,2,0.220,408,1679,3120
file757.TextGrid,,0.349,676,1851,3185
file758.TextGrid,,0.240,905,1912,2987
file758.TextGrid,1,0.360,1267,2256,3101
file758.TextGrid,2,0.320,843,1561,2672
file758.TextGrid,,0.389,956,1681,2784
file759.TextGrid,,0.170,617,1656,2696
file759.TextGrid,1,0.190,764,1859,2820
file759.TextGrid,2,0.470,461,1161,2727
file759.TextGrid,,0.206,458,1638,2685
file76.TextGrid,,0.270,956,1853,3001
file76.TextGrid,1,0.210,443,1402,3079
file76.TextGrid,2,0.340,425,943,3011
file76.TextGrid,,0.402,664,1727,2959
file760.TextGrid,,0.210,1323,1823,3113
file760.TextGrid,1,0.250,667,2235,2968
file760.TextGrid,2,0.360,840,2071,3132
file760.TextGrid,,0.309,753,1812,2981
file761.TextGrid,,0.230,1048,2148,3037
file761.TextGrid,1,0.080,385,1790,2798
file761.TextGrid,2,0.620,700,1929,3259
file761.TextGrid,,0.123,1044,2279,3224
file762.TextGrid,,0.310,1064,2334,3293
file762.TextGrid,1,0.230,1095,1791,3270
file762.TextGrid,2,0.310,770,1345,2565
file762.TextGrid,,0.289,1075,1672,2515
file763.TextGrid,,0.240,480,1514,2936
file763.TextGrid,1,0.520,560,1389,3064
file763.TextGrid,2,0.230,584,1476,2814
file763.TextGrid,,0.232,400,1565,2793
file764.TextGrid,,0.290,790,1484,2615
file764.TextGrid,1,0.290,1267,2495,3294
file764.TextGrid,2,0.490,423,1700,2929
file764.TextGrid,,0.152,698,1912,3018
file765.TextGrid,,0.160,810,1982,3121
file765.TextGrid,1,0.270,993,1567,2887
file765.TextGrid,2,0.280,564,1338,2409
file765.TextGrid,,0.233,855,1902,3008
file766.TextGrid,,0.300,1053,2307,3302
file766.TextGrid,1,0.290,1203,2249,2931
file766.TextGrid,2,0.470,1384,2347,3060
file766.TextGrid,,0.162,743,2312,3212
file767.TextGrid,,0.200,1499,2329,5029
file767.TextGrid,1,0.530,693,1341,3092
file767.TextGrid,2,0.350,819,1210,2997
file767.TextGrid,,0.315,1000,1842,3305
file768.TextGrid,,0.250,547,1627,2797
file768.TextGrid,1,0.140,485,1584,2852
file768.TextGrid,2,0.480,447,1812,2943
file768.TextGrid,,0.166,471,1603,2492
file769.TextGrid,,0.300,1049,1990,3253
file769.TextGrid,1,0.320,543,1632,2887
file769.TextGrid,2,0.270,724,1379,2635
file769.TextGrid,,0.249,717,1887,3074
file77.TextGrid,,0.170,966,2027,3113
file77.TextGrid,1,0.400,536,1648,3064
file77.TextGrid,2,0.530,1088,1843,2853
file77.TextGrid,,0.295,927,1972,2946
file770.TextGrid,,0.190,796,1595,2985
file770.TextGrid,1,0.180,1083,2230,3347
file770.TextGrid,2,0.220,459,2119,2682
file770.TextGrid,,0.353,592,1925,3094
file771.TextGrid,,0.150,397,1442,2452
file771.TextGrid,1,0.240,614,1517,2636
file771.TextGrid,2,0.370,502,1035,2767
file771.TextGrid,,0.276,466,1408,2608
file772.TextGrid,,0.310,428,1495,2743
file772.TextGrid,1,0.270,309,2288,3106
file772.TextGrid,2,0.370,369,1893,2667
file772.TextGrid,,0.272,390,1608,2984
file773.TextGrid,,0.190,936,1900,3179
file773.TextGrid,1,0.340,870,1563,2610
file773.TextGrid,2,0.310,615,1585,2900
file773.TextGrid,,0.213,998,2001,3201
file774.TextGrid,,0.120,1183,2261,3693
file774.TextGrid,1,0.540,375,2246,3052
file774.TextGrid,2,0.320,430,1892,2670
file774.TextGrid,,0.159,1336,2307,4237
file775.TextGrid,,0.130,1430,2195,4867
file775.TextGrid,1,0.520,973,1823,3087
file775.TextGrid,2,0.430,726,1617,2977
file775.TextGrid,,0.229,1061,2072,3680
file776.TextGrid,,0.260,764,1773,2944
file776.TextGrid,1,0.060,617,1479,2829
file776.TextGrid,2,0.480,440,1463,2950
file776.TextGrid,,0.236,544,1702,2832
file777.TextGrid,,0.210,580,1828,2864
file777.TextGrid,1,0.270,414,1071,2325
file777.TextGrid,2,0.310,400,1724,2650
file777.TextGrid,,0.178,388,1724,2910
file778.TextGrid,,0.250,1056,1962,3167
file778.TextGrid,1,0.110,518,2139,2788
file778.TextGrid,2,0.360,480,1688,2766
file778.TextGrid,,0.223,422,1689,2607
file779.TextGrid,,0.260,744,2015,3167
file779.TextGrid,1,0.230,1038,2202,3281
file779.TextGrid,2,0.340,514,1306,2907
file779.TextGrid,,0.394,494,1636,2730
file78.TextGrid,,0.310,761,1785,3211
file78.TextGrid,1,0.250,943,1804,3459
file78.TextGrid,2,0.480,727,1230,2598
file78.TextGrid,,0.269,782,1830,3205
file780.TextGrid,,0.180,933,2101,3288
file780.TextGrid,1,0.210,976,1714,2930
file780.TextGrid,2,0.560,917,2085,2996
file780.TextGrid,,0.272,508,1916,2912
file781.TextGrid,,0.200,993,2091,3102
file781.TextGrid,1,0.090,538,1581,2894
file781.TextGrid,2,0.460,837,1884,2992
file781.TextGrid,,0.193,1119,2404,3368
file782.TextGrid,,0.200,895,1597,2998
file782.TextGrid,1,0.240,552,1753,2826
file782.TextGrid,2,0.420,455,1694,2814
file782.TextGrid,,0.176,636,1588,2799
file783.TextGrid,,0.190,751,1691,2905
file783.TextGrid,1,0.170,805,1753,2782
file783.TextGrid,2,0.240,363,2044,2721
file783.TextGrid,,0.436,367,1793,2843
file784.TextGrid,,0.220,590,1826,3011
file784.TextGrid,1,0.330,363,1846,2852
file784.TextGrid,2,0.570,414,1820,2999
file784.TextGrid,,0.102,530,1845,2914
file785.TextGrid,,0.250,951,1961,3202
file785.TextGrid,1,0.480,566,1225,3034
file785.TextGrid,2,0.080,588,1775,3269
file785.TextGrid,,0.158,531,1759,3011
file786.TextGrid,,0.090,1059,2118,3241
file786.TextGrid,1,0.430,1104,2280,3158
file786.TextGrid,2,0.360,1003,1906,3122
file786.TextGrid,,0.259,970,1837,3044
file787.TextGrid,,0.330,1438,2331,5053
file787.TextGrid,1,0.420,912,1826,2521
file787.TextGrid,2,0.380,982,2173,2932
file787.TextGrid,,0.094,1271,1955,2934
file788.TextGrid,,0.140,639,1505,2956
file788.TextGrid,1,0.400,577,1925,3198
file788.TextGrid,2,0.300,518,1582,2646
file788.TextGrid,,0.213,572,1604,2780
file789.TextGrid,,0.220,644,1549,2756
file789.TextGrid,1,0.310,398,1234,2966
file789.TextGrid,2,0.160,562,1188,2967
file789.TextGrid,,0.346,843,1652,2950
file79.TextGrid,,0.250,621,1676,2832
file79.TextGrid,1,0.370,419,1942,2679
file79.TextGrid,2,0.070,649,2160,2636
file79.TextGrid,,0.346,699,1970,2736
file790.TextGrid,,0.220,871,1722,2688
file790.TextGrid,1,0.090,760,1734,2693
file790.TextGrid,2,0.530,669,1341,2660
file790.TextGrid,,0.196,942,2041,3201
file791.TextGrid,,0.270,1484,2400,4989
file791.TextGrid,1,0.170,652,1720,2567
file791.TextGrid,2,0.620,740,1570,2666
file791.TextGrid,,0.249,965,1969,3025
file792.TextGrid,,0.110,1188,2173,3202
file792.TextGrid,1,0.490,675,1908,2822
file792.TextGrid,2,0.290,403,1948,3294
file792.TextGrid,,0.249,959,1924,2970
file793.TextGrid,,0.310,1239,2185,3423
file793.TextGrid,1,0.330,461,1749,2952
file793.TextGrid,2,0.470,1396,2278,3158
file793.TextGrid,,0.029,1637,2597,3382
file794.TextGrid,,0.170,1161,2103,3189
file794.TextGrid,1,0.390,896,1363,2877
file794.TextGrid,2,0.410,769,2016,3452
file794.TextGrid,,0.254,973,2190,4016
file795.TextGrid,,0.270,1072,2148,3138
file795.TextGrid,1,0.600,693,1723,2955
file795.TextGrid,2,0.300,566,1488,2999
file795.TextGrid,,0.052,715,1777,2913
file796.TextGrid,,0.300,926,1876,2930
file796.TextGrid,1,0.040,843,1677,2905
file796.TextGrid,2,0.540,690,1723,2832
file796.TextGrid,,0.173,924,2139,3209
file797.TextGrid,,0.220,906,1989,3143
file797.TextGrid,1,0.230,550,923,2898
file797.TextGrid,2,0.230,445,1463,2395
file797.TextGrid,,0.263,618,1845,2973
file798.TextGrid,,0.300,796,1822,2992
file798.TextGrid,1,0.260,723,1893,2960
file798.TextGrid,2,0.400,746,1588,2906
file798.TextGrid,,0.169,656,1437,2846
file799.TextGrid,,0.310,428,1495,2743
file799.TextGrid,1,0.270,309,2288,3106
file799.TextGrid,2,0.370,369,1893,2667
file799.TextGrid,,0.272,390,1608,2984
file8.TextGrid,,0.130,686,1711,2879
file8.TextGrid,1,0.380,517,1811,2887
file8.TextGrid,2,0.380,451,1639,2599
file8.TextGrid,,0.239,490,1484,2599
file80.TextGrid,,0.260,853,1868,3192
file80.TextGrid,1,0.190,345,2094,2783
file80.TextGrid,2,0.420,519,1469,2781
file80.TextGrid,,0.166,990,2059,2866
file800.TextGrid,,0.180,506,1454,2788
file800.TextGrid,1,0.450,499,1256,2681
file800.TextGrid,2,0.340,426,1649,2685
file800.TextGrid,,0.254,574,1559,3065
file801.TextGrid,,0.270,410,1791,2919
file801.TextGrid,1,0.110,426,1818,2884
file801.TextGrid,2,0.440,667,2364,2837
file801.TextGrid,,0.216,904,2211,2948
file802.TextGrid,,0.260,748,1838,2963
file802.TextGrid,1,0.210,462,1850,2818
file802.TextGrid,2,0.480,773,1676,2958
file802.TextGrid,,0.272,1083,1774,3022
file803.TextGrid,,0.280,1036,1982,2803
file803.TextGrid,1,0.170,654,1776,2531
file803.TextGrid,2,0.210,636,1646,2531
file803.TextGrid,,0.308,1322,2103,4603
file804.TextGrid,,0.100,1103,1989,3189
file804.TextGrid,1,0.480,788,1727,2434
file804.TextGrid,2,0.430,592,1664,2435
file804.TextGrid,,0.129,1211,2289,3510
file805.TextGrid,,0.220,607,1556,2922
file805.TextGrid,1,0.360,1116,2173,3082
file805.TextGrid,2,0.420,575,1322,2724
file805.TextGrid,,0.309,540,1599,2822
file806.TextGrid,,0.090,1231,2222,4294
file806.TextGrid,1,0.270,1348,2289,3148
file806.TextGrid,2,0.590,738,1915,2703
file806.TextGrid,,0.189,834,2061,3073
file807.TextGrid,,0.180,1488,2412,5420
file807.TextGrid,1,0.460,622,1069,2848
file807.TextGrid,2,0.470,727,1750,3111
file807.TextGrid,,0.285,999,2054,3058
file808.TextGrid,,0.230,689,1863,3129
file808.TextGrid,1,0.270,879,1628,2442
file808.TextGrid,2,0.530,1272,2480,3305
file808.TextGrid,,0.109,1010,2131,3445
file809.TextGrid,,0.230,1120,1673,3077
file809.TextGrid,1,0.310,608,1730,2580
file809.TextGrid,2,0.150,557,1818,2685
file809.TextGrid,,0.439,686,1846,2894
file81.TextGrid,,0.240,536,1670,2865
file81.TextGrid,1,0.250,422,2058,2905
file81.TextGrid,2,0.470,380,1843,2579
file81.TextGrid,,0.169,867,1874,3079
file810.TextGrid,,0.270,531,1666,2888
file810.TextGrid,1,0.090,470,1716,2784
file810.TextGrid,2,0.650,507,1638,2876
file810.TextGrid,,0.026,429,1632,3081
file811.TextGrid,,0.310,947,1971,2994
file811.TextGrid,1,0.050,523,1338,2598
file811.TextGrid,2,0.560,336,1707,2625
file811.TextGrid,,0.048,299,1810,2821
file812.TextGrid,,0.210,1272,2207,4106
file812.TextGrid,1,0.270,556,1628,2629
file812.TextGrid,2,0.580,871,1491,2428
file812.TextGrid,,0.249,1019,1962,2921
file813.TextGrid,,0.270,968,2010,3107
file813.TextGrid,1,0.190,377,1714,2327
file813.TextGrid,2,0.170,518,2011,2562
file813.TextGrid,,0.313,703,1926,2990
file814.TextGrid,,0.240,978,1792,3029
file814.TextGrid,1,0.250,664,1228,2660
file814.TextGrid,2,0.410,510,1403,2996
file814.TextGrid,,0.229,461,1550,2784
file815.TextGrid,,0.100,1259,1956,3531
file815.TextGrid,1,0.440,1106,1759,3129
file815.TextGrid,2,0.520,563,1822,2430
file815.TextGrid,,0.249,1134,1988,3689
file816.TextGrid,,0.230,1135,2139,3036
file816.TextGrid,1,0.190,764,1698,2646
file816.TextGrid,2,0.220,841,1673,2651
file816.TextGrid,,0.499,1110,1672,2546
file817.TextGrid,,0.220,1349,2265,5037
file817.TextGrid,1,0.330,559,1964,2614
file817.TextGrid,2,0.540,443,1909,2616
file817.TextGrid,,0.219,1085,2105,3646
file818.TextGrid,,0.270,1143,2129,3156
file818.TextGrid,1,0.360,484,1941,2794
file818.TextGrid,2,0.390,490,2156,2746
file818.TextGrid,,0.204,1294,2183,3199
file819.TextGrid,,0.270,613,1738,2956
file819.TextGrid,1,0.130,362,2021,2774
file819.TextGrid,2,0.420,802,1997,3068
file819.TextGrid,,0.402,870,2202,3015
file82.TextGrid,,0.220,539,1613,2760
file82.TextGrid,1,0.300,1013,2087,3009
file82.TextGrid,2,0.330,537,1087,2817
file82.TextGrid,,0.279,666,1664,3077
file820.TextGrid,,0.180,528,1629,2776
file820.TextGrid,1,0.140,382,1528,2672
file820.TextGrid,2,0.490,521,1301,2678
file820.TextGrid,,0.226,497,1579,2795
file821.TextGrid,,0.270,843,1796,3025
file821.TextGrid,1,0.270,391,1716,3020
file821.TextGrid,2,0.710,360,1366,2718
file821.TextGrid,,0.157,550,1630,2775
file822.TextGrid,,0.330,1448,2266,5151
file822.TextGrid,1,0.300,920,1549,2467
file822.TextGrid,2,0.540,571,1575,2730
file822.TextGrid,,0.225,952,2017,3059
file823.TextGrid,,0.210,497,1564,2769
file823.TextGrid,1,0.230,794,2058,2998
file823.TextGrid,2,0.390,401,1746,2659
file823.TextGrid,,0.206,424,1359,2496
file824.TextGrid,,0.080,526,1382,2550
file824.TextGrid,1,0.290,949,1657,3032
file824.TextGrid,2,0.240,655,1249,2635
file824.TextGrid,,0.529,775,1855,3248
file825.TextGrid,,0.130,1418,2435,5079
file825.TextGrid,1,0.530,855,1429,2974
file825.TextGrid,2,0.320,652,1133,3070
file825.TextGrid,,0.244,1056,2172,3153
file826.TextGrid,,0.230,586,1685,2920
file826.TextGrid,1,0.220,398,1198,2844
file826.TextGrid,2,0.420,510,1101,2694
file826.TextGrid,,0.166,549,1449,2629
file827.TextGrid,,0.210,538,1523,2461
file827.TextGrid,1,0.130,799,2089,2921
file827.TextGrid,2,0.430,977,2169,2938
file827.TextGrid,,0.266,503,1751,2834
file828.TextGrid,,0.210,568,1619,3026
file828.TextGrid,1,0.230,972,1978,2938
file828.TextGrid,2,0.410,726,1814,3055
file828.TextGrid,,0.186,487,1580,2871
file829.TextGrid,,0.090,846,2197,4179
file829.TextGrid,1,0.280,301,1920,2912
file829.TextGrid,2,0.350,779,2216,3050
file829.TextGrid,,0.248,1218,2229,4130
file83.TextGrid,,0.150,1134,2049,3020
file83.TextGrid,1,0.280,1289,2279,3257
file83.TextGrid,2,0.270,909,1530,2659
file83.TextGrid,,0.353,1177,1756,2673
file830.TextGrid,,0.180,634,1782,2935
file830.TextGrid,1,0.180,408,1416,2641
file830.TextGrid,2,0.360,801,2118,3316
file830.TextGrid,,0.316,561,1713,3107
file831.TextGrid,,0.220,704,1661,2794
file831.TextGrid,1,0.230,1131,2057,2971
file831.TextGrid,2,0.400,590,1073,2476
file831.TextGrid,,0.186,692,1655,2943
file832.TextGrid,,0.230,849,1649,2952
file832.TextGrid,1,0.300,594,1885,2366
file832.TextGrid,2,0.270,413,1953,2419
file832.TextGrid,,0.253,839,1651,2635
file833.TextGrid,,0.270,963,1908,3049
file833.TextGrid,1,0.250,553,2059,2707
file833.TextGrid,2,0.440,292,1642,2667
file833.TextGrid,,0.093,563,2040,3080
file834.TextGrid,,0.060,1050,2260,3340
file834.TextGrid,1,0.280,680,2119,2819
file834.TextGrid,2,0.240,490,1909,2756
file834.TextGrid,,0.303,1120,2140,4037
file835.TextGrid,,0.170,445,1492,2483
file835.TextGrid,1,0.240,934,1631,3051
file835.TextGrid,2,0.400,446,1605,2735
file835.TextGrid,,0.226,478,1555,2687
file836.TextGrid,,0.210,1007,2074,3273
file836.TextGrid,1,0.340,480,1258,2815
file836.TextGrid,2,0.430,405,1826,2903
file836.TextGrid,,0.244,861,2108,3432
file837.TextGrid,,0.300,734,1717,2993
file837.TextGrid,1,0.610,476,1400,3013
file837.TextGrid,2,0.260,472,1200,2791
file837.TextGrid,,0.145,705,1643,2922
file838.TextGrid,,0.250,911,2127,3102
file838.TextGrid,1,0.130,741,1658,2838
file838.TextGrid,2,0.060,917,1749,3327
file838.TextGrid,,0.613,725,1823,3244
file839.TextGrid,,0.160,1616,2335,3299
file839.TextGrid,1,0.230,826,2022,2809
file839.TextGrid,2,0.430,434,1751,2745
file839.TextGrid,,0.148,380,1923,3016
file84.TextGrid,,0.240,1215,2247,3401
file84.TextGrid,1,0.230,491,2055,2847
file84.TextGrid,2,0.420,394,1940,2652
file84.TextGrid,,0.078,581,1901,3082
file840.TextGrid,,0.280,688,1784,2909
file840.TextGrid,1,0.060,624,1414,2686
file840.TextGrid,2,0.100,378,1465,2641
file840.TextGrid,,0.410,361,1504,2724
file841.TextGrid,,0.280,741,1814,2837
file841.TextGrid,1,0.050,582,1589,2454
file841.TextGrid,2,0.510,365,1249,2485
file841.TextGrid,,0.196,444,1563,2495
file842.TextGrid,,0.300,796,1904,3033
file842.TextGrid,1,0.300,459,1798,2437
file842.TextGrid,2,0.400,433,1950,2711
file842.TextGrid,,0.139,566,2031,3129
file843.TextGrid,,0.330,929,2053,3279
file843.TextGrid,1,0.270,387,1969,3075
file843.TextGrid,2,0.460,464,1707,2770
file843.TextGrid,,0.249,1357,2109,3177
file844.TextGrid,,0.140,1138,2092,3019
file844.TextGrid,1,0.450,771,2353,3111
file844.TextGrid,2,0.220,526,1952,2678
file844.TextGrid,,0.329,1226,2354,4246
file845.TextGrid,,0.350,844,1981,3121
file845.TextGrid,1,0.140,562,1634,2764
file845.TextGrid,2,0.390,651,2026,2925
file845.TextGrid,,0.249,487,1675,2873
file846.TextGrid,,0.290,1083,2105,3249
file846.TextGrid,1,0.230,888,1745,2632
file846.TextGrid,2,0.300,553,1436,2893
file846.TextGrid,,0.216,630,1463,2725
file847.TextGrid,,0.210,634,1665,2868
file847.TextGrid,1,0.210,935,1975,2959
file847.TextGrid,2,0.400,495,1063,2633
file847.TextGrid,,0.216,579,1471,2766
file848.TextGrid,,0.300,626,1669,2821
file848.TextGrid,1,0.170,319,1648,2611
file848.TextGrid,2,0.490,622,1179,2503
file848.TextGrid,,0.169,762,1489,2699
file849.TextGrid,,0.250,1080,1704,3061
file849.TextGrid,1,0.400,580,1719,2498
file849.TextGrid,2,0.280,420,1650,2827
file849.TextGrid,,0.106,726,1871,3192
file85.TextGrid,,0.140,1358,2091,3214
file85.TextGrid,1,0.250,813,1802,2599
file85.TextGrid,2,0.230,513,1801,3023
file85.TextGrid,,0.416,421,1726,2941
file850.TextGrid,,0.250,854,1769,2587
file850.TextGrid,1,0.190,1141,2209,3049
file850.TextGrid,2,0.510,630,1195,2685
file850.TextGrid,,0.179,555,1588,2832
file851.TextGrid,,0.280,574,1720,2901
file851.TextGrid,1,0.200,403,1453,2833
file851.TextGrid,2,0.640,328,1616,2515
file851.TextGrid,,0.102,427,1492,2434
file852.TextGrid,,0.250,1082,1906,3094
file852.TextGrid,1,0.060,658,1815,2796
file852.TextGrid,2,0.600,345,1891,2735
file852.TextGrid,,0.126,632,1883,2911
file853.TextGrid,,0.180,1019,2077,3115
file853.TextGrid,1,0.280,938,1854,3360
file853.TextGrid,2,0.250,663,1346,2981
file853.TextGrid,,0.429,1081,2038,2829
file854.TextGrid,,0.070,905,1744,2856
file854.TextGrid,1,0.390,431,1126,2705
file854.TextGrid,2,0.220,664,1564,2594
file854.TextGrid,,0.629,843,1902,3118
file855.TextGrid,,0.210,1257,2021,4217
file855.TextGrid,1,0.270,661,1652,2670
file855.TextGrid,2,0.270,791,1597,2669
file855.TextGrid,,0.389,1115,1745,2674
file856.TextGrid,,0.210,570,1608,2725
file856.TextGrid,1,0.300,818,2298,3066
file856.TextGrid,2,0.400,439,1707,2784
file856.TextGrid,,0.219,380,1428,2613
file857.TextGrid,,0.220,1015,2064,3268
file857.TextGrid,1,0.260,446,1928,3028
file857.TextGrid,2,0.280,581,1625,2874
file857.TextGrid,,0.464,699,1896,3122
file858.TextGrid,,0.030,1902,2626,3947
file858.TextGrid,1,0.470,1030,1851,3098
file858.TextGrid,2,0.320,407,1323,2743
file858.TextGrid,,0.233,571,2022,3265
file859.TextGrid,,0.250,481,1629,2878
file859.TextGrid,1,0.180,328,1326,2903
file859.TextGrid,2,0.480,527,1305,3070
file859.TextGrid,,0.312,521,1482,2962
file86.TextGrid,,0.260,1111,1959,3186
file86.TextGrid,1,0.220,1134,2341,3208
file86.TextGrid,2,0.060,518,1815,2579
file86.TextGrid,,0.403,554,1738,2599
file860.TextGrid,,0.120,1255,2194,3308
file860.TextGrid,1,0.360,1244,2287,3144
file860.TextGrid,2,0.330,608,1754,2563
file860.TextGrid,,0.158,985,1859,2937
file861.TextGrid,,0.290,725,1677,2686
file861.TextGrid,1,0.150,1480,2172,3510
file861.TextGrid,2,0.180,539,1372,3063
file861.TextGrid,,0.509,692,1686,2894
file862.TextGrid,,0.230,896,1830,3147
file862.TextGrid,1,0.170,477,1299,2198
file862.TextGrid,2,0.410,411,1555,2888
file862.TextGrid,,0.158,639,2105,3247
file863.TextGrid,,0.260,570,1669,2884
file863.TextGrid,1,0.370,1178,2072,3136
file863.TextGrid,2,0.380,600,1250,2603
file863.TextGrid,,0.212,505,1618,2629
file864.TextGrid,,0.160,988,2114,3182
file864.TextGrid,1,0.240,704,1946,2566
file864.TextGrid,2,0.160,557,1259,2782
file864.TextGrid,,0.290,714,1732,2813
file865.TextGrid,,0.190,1079,2177,3337
file865.TextGrid,1,0.340,379,1686,2880
file865.TextGrid,2,0.520,817,2036,2850
file865.TextGrid,,0.345,1315,2331,3283
file866.TextGrid,,0.140,1181,2338,3289
file866.TextGrid,1,0.290,600,1334,2891
file866.TextGrid,2,0.310,540,1831,3055
file866.TextGrid,,0.228,1017,2152,3082
file867.TextGrid,,0.280,801,1962,3161
file867.TextGrid,1,0.060,1220,2638,3553
file867.TextGrid,2,0.640,631,1975,2987
file867.TextGrid,,0.149,777,1828,2888
file868.TextGrid,,0.330,732,1922,3035
file868.TextGrid,1,0.230,473,990,2926
file868.TextGrid,2,0.460,513,1398,2835
file868.TextGrid,,0.109,598,1869,2984
file869.TextGrid,,0.290,1212,2157,3236
file869.TextGrid,1,0.160,327,1762,2584
file869.TextGrid,2,0.070,1078,2132,4354
file869.TextGrid,,0.704,579,2049,3242
file87.TextGrid,,0.220,671,2029,2984
file87.TextGrid,1,0.150,712,1966,2855
file87.TextGrid,2,0.440,861,1719,2996
file87.TextGrid,,0.329,834,2008,3230
file870.TextGrid,,0.720,967,1892,3567
file870.TextGrid,1,0.350,777,1556,2793
file870.TextGrid,2,0.050,722,1446,2222
file870.TextGrid,,0.189,1008,1935,2999
file871.TextGrid,,0.220,1277,2272,3338
file871.TextGrid,1,0.150,613,1371,2337
file871.TextGrid,2,0.310,475,1581,2353
file871.TextGrid,,0.263,769,2042,2862
file872.TextGrid,,0.120,1016,2045,3183
file872.TextGrid,1,0.350,672,1697,3107
file872.TextGrid,2,0.450,474,1020,2670
file872.TextGrid,,0.304,913,1938,2915
file873.TextGrid,,0.290,996,1760,3172
file873.TextGrid,1,0.170,835,1459,2897
file873.TextGrid,2,0.620,374,1161,2767
file873.TextGrid,,0.142,864,2059,3264
file874.TextGrid,,0.230,1000,2129,3120
file874.TextGrid,1,0.180,633,1338,2983
file874.TextGrid,2,0.410,841,2204,3287
file874.TextGrid,,0.216,1093,2237,3405
file875.TextGrid,,0.050,1088,2389,3127
file875.TextGrid,1,0.590,905,1591,3019
file875.TextGrid,2,0.470,1047,2230,3237
file875.TextGrid,,0.029,1565,2765,3657
file876.TextGrid,,0.240,949,2085,3249
file876.TextGrid,1,0.180,737,1716,3181
file876.TextGrid,2,0.650,634,1515,2980
file876.TextGrid,,0.152,624,1968,3001
file877.TextGrid,,0.260,1275,2091,4941
file877.TextGrid,1,0.390,1321,2408,3328
file877.TextGrid,2,0.470,973,1408,2559
file877.TextGrid,,0.189,1030,1808,2964
file878.TextGrid,,0.220,1410,2543,3597
file878.TextGrid,1,0.290,552,1287,2465
file878.TextGrid,2,0.480,593,1461,2680
file878.TextGrid,,0.232,1074,2407,3490
file879.TextGrid,,0.340,937,1877,3081
file879.TextGrid,1,0.230,510,1393,2986
file879.TextGrid,2,0.420,711,1923,3182
file879.TextGrid,,0.325,853,1580,2925
file88.TextGrid,,0.280,610,1687,2695
file88.TextGrid,1,0.090,711,1642,2924
file88.TextGrid,2,0.440,522,1669,2878
file88.TextGrid,,0.226,472,1652,2595
file880.TextGrid,,0.260,409,1587,2755
file880.TextGrid,1,0.300,464,1970,2964
file880.TextGrid,2,0.380,458,1779,2802
file880.TextGrid,,0.189,462,1687,2787
file881.TextGrid,,0.130,986,1901,3186
file881.TextGrid,1,0.470,751,1631,2593
file881.TextGrid,2,0.410,438,1553,2676
file881.TextGrid,,0.129,1024,2293,3809
file882.TextGrid,,0.270,1317,2147,4469
file882.TextGrid,1,0.460,660,1600,2533
file882.TextGrid,2,0.480,466,1614,2947
file882.TextGrid,,0.270,1146,2130,3231
file883.TextGrid,,0.270,933,1996,3164
file883.TextGrid,1,0.180,341,2030,2528
file883.TextGrid,2,0.210,810,1953,3003
file883.TextGrid,,0.283,743,1895,2981
file884.TextGrid,,0.040,931,2294,3243
file884.TextGrid,1,0.400,1246,2137,3105
file884.TextGrid,2,0.240,662,1579,2890
file884.TextGrid,,0.288,1322,1874,3560
file885.TextGrid,,0.220,1144,2003,3229
file885.TextGrid,1,0.240,452,1679,2688
file885.TextGrid,2,0.470,410,1690,2947
file885.TextGrid,,0.199,554,1576,2989
file886.TextGrid,,0.330,810,1802,3119
file886.TextGrid,1,0.270,881,1960,3473
file886.TextGrid,2,0.280,764,1785,2778
file886.TextGrid,,0.344,1192,2295,3119
file887.TextGrid,,0.340,872,1849,3152
file887.TextGrid,1,0.240,577,1884,2864
file887.TextGrid,2,0.360,427,1949,3005
file887.TextGrid,,0.369,1442,2422,3307
file888.TextGrid,,0.100,929,2439,3256
file888.TextGrid,1,0.540,666,2165,3009
file888.TextGrid,2,0.440,427,1658,2787
file888.TextGrid,,0.144,1055,2249,3404
file889.TextGrid,,0.290,627,1930,2960
file889.TextGrid,1,0.340,531,1745,2582
file889.TextGrid,2,0.360,666,1865,2992
file889.TextGrid,,0.139,665,1749,2913
file89.TextGrid,,0.190,1154,2177,3322
file89.TextGrid,1,0.510,472,1765,2812
file89.TextGrid,2,0.220,658,1542,2842
file89.TextGrid,,0.304,1142,2093,3249
file890.TextGrid,,0.200,976,2221,3337
file890.TextGrid,1,0.400,1108,1956,3159
file890.TextGrid,2,0.380,911,1408,2496
file890.TextGrid,,0.329,792,2014,3459
file891.TextGrid,,0.160,515,1719,2869
file891.TextGrid,1,0.210,312,1744,2661
file891.TextGrid,2,0.420,442,1651,2755
file891.TextGrid,,0.246,484,1475,2721
file892.TextGrid,,0.200,878,1997,3196
file892.TextGrid,1,0.170,990,1640,2922
file892.TextGrid,2,0.330,485,1024,3088
file892.TextGrid,,0.183,667,1718,3214
file893.TextGrid,,0.220,1007,2136,3208
file893.TextGrid,1,0.240,536,1669,2994
file893.TextGrid,2,0.650,524,1684,2718
file893.TextGrid,,0.114,1185,1895,2997
file894.TextGrid,,0.290,955,1558,2944
file894.TextGrid,1,0.210,738,1703,2750
file894.TextGrid,2,0.470,344,1970,2614
file894.TextGrid,,0.159,460,1396,2625
file895.TextGrid,,0.250,1210,1766,3089
file895.TextGrid,1,0.210,583,1856,2935
file895.TextGrid,2,0.510,378,2079,2650
file895.TextGrid,,0.066,783,1696,2537
file896.TextGrid,,0.190,1440,2351,4962
file896.TextGrid,1,0.280,1116,2016,3149
file896.TextGrid,2,0.390,982,1564,2511
file896.TextGrid,,0.279,930,1767,2813
file897.TextGrid,,0.190,906,2010,2895
file897.TextGrid,1,0.200,523,1612,2695
file897.TextGrid,2,0.350,863,1596,2995
file897.TextGrid,,0.228,1006,1801,3000
file898.TextGrid,,0.110,984,1954,2993
file898.TextGrid,1,0.340,502,1737,2683
file898.TextGrid,2,0.620,1075,2412,3513
file898.TextGrid,,0.069,887,2233,3459
file899.TextGrid,,0.140,959,2081,3144
file899.TextGrid,1,0.260,836,1590,3009
file899.TextGrid,2,0.540,355,1695,2942
file899.TextGrid,,0.113,431,1919,3132
file9.TextGrid,,0.330,872,1927,3185
file9.TextGrid,1,0.120,717,1463,2403
file9.TextGrid,2,0.260,592,1874,3012
file9.TextGrid,,0.233,1171,2181,3457
file90.TextGrid,,0.120,1431,2267,4657
file90.TextGrid,1,0.320,1222,2240,3231
file90.TextGrid,2,0.620,831,2138,3141
file90.TextGrid,,0.249,991,1987,3026
file900.TextGrid,,0.170,529,1692,2852
file900.TextGrid,1,0.340,391,1624,2708
file900.TextGrid,2,0.490,541,1645,2740
file900.TextGrid,,0.315,538,1818,2982
file901.TextGrid,,0.290,439,1490,2623
file901.TextGrid,1,0.270,947,2412,3290
file901.TextGrid,2,0.410,428,1689,2529
file901.TextGrid,,0.159,568,1680,2969
file902.TextGrid,,0.190,845,1783,2704
file902.TextGrid,1,0.310,721,2162,3526
file902.TextGrid,2,0.550,341,1916,2947
file902.TextGrid,,0.172,810,1818,3002
file903.TextGrid,,0.260,504,1748,2890
file903.TextGrid,1,0.180,501,1614,3116
file903.TextGrid,2,0.340,522,1296,2880
file903.TextGrid,,0.256,529,1470,2981
file904.TextGrid,,0.280,570,1617,3071
file904.TextGrid,1,0.150,407,1115,2439
file904.TextGrid,2,0.580,649,1321,2576
file904.TextGrid,,0.129,536,1605,3082
file905.TextGrid,,0.210,461,1511,2617
file905.TextGrid,1,0.290,443,1566,2826
file905.TextGrid,2,0.480,440,1206,2653
file905.TextGrid,,0.149,476,1477,2573
file906.TextGrid,,0.100,1567,2224,4579
file906.TextGrid,1,0.440,1178,1896,2868
file906.TextGrid,2,0.280,420,1607,3074
file906.TextGrid,,0.233,1168,1986,3352
file907.TextGrid,,0.160,442,1530,2829
file907.TextGrid,1,0.180,1122,2276,3522
file907.TextGrid,2,0.420,597,1535,2826
file907.TextGrid,,0.276,857,1876,3153
file908.TextGrid,,0.130,797,2159,2896
file908.TextGrid,1,0.220,712,1881,2538
file908.TextGrid,2,0.410,311,1961,2852
file908.TextGrid,,0.276,904,2164,3388
file909.TextGrid,,0.230,661,1551,2715
file909.TextGrid,1,0.160,363,1967,2749
file909.TextGrid,2,0.560,515,1630,2762
file909.TextGrid,,0.179,816,1818,2876
file91.TextGrid,,0.270,1025,2154,3256
file91.TextGrid,1,0.230,518,1440,2965
file91.TextGrid,2,0.450,499,1537,2529
file91.TextGrid,,0.189,1097,2239,3295
file910.TextGrid,,0.170,534,1510,2685
file910.TextGrid,1,0.310,738,1795,3119
file910.TextGrid,2,0.370,532,1078,2992
file910.TextGrid,,0.186,541,1626,2807
file911.TextGrid,,0.430,806,1859,2815
file911.TextGrid,1,0.240,571,1606,2861
file911.TextGrid,2,0.590,402,1219,2778
file911.TextGrid,,0.055,589,1736,2694
file912.TextGrid,,0.230,1092,2131,3149
file912.TextGrid,1,0.130,475,1483,2894
file912.TextGrid,2,0.580,825,2010,2951
file912.TextGrid,,0.284,1338,2612,3193
file913.TextGrid,,0.280,533,1588,2763
file913.TextGrid,1,0.370,1224,2042,3428
file913.TextGrid,2,0.380,676,1592,3000
file913.TextGrid,,0.285,598,1452,2846
file914.TextGrid,,0.060,959,2393,3236
file914.TextGrid,1,0.330,1158,2280,3124
file914.TextGrid,2,0.190,661,1882,2484
file914.TextGrid,,0.303,1187,1882,2353
file915.TextGrid,,0.230,1140,2384,3830
file915.TextGrid,1,0.320,749,1336,2943
file915.TextGrid,2,0.510,925,1560,2901
file915.TextGrid,,0.079,1216,1968,3134
file916.TextGrid,,0.190,1242,2264,3322
file916.TextGrid,1,0.200,949,1687,2881
file916.TextGrid,2,0.420,814,1933,3407
file916.TextGrid,,0.243,827,2117,3516
file917.TextGrid,,0.340,1480,2037,4135
file917.TextGrid,1,0.270,596,2189,2734
file917.TextGrid,2,0.140,534,1911,2557
file917.TextGrid,,0.303,1311,2731,3558
file918.TextGrid,,0.080,1085,2146,3228
file918.TextGrid,1,0.270,752,2020,3325
file918.TextGrid,2,0.070,755,1580,2706
file918.TextGrid,,0.633,1196,1934,3357
file919.TextGrid,,0.220,628,1628,2951
file919.TextGrid,1,0.190,490,2202,3295
file919.TextGrid,2,0.420,440,1690,3067
file919.TextGrid,,0.299,610,1718,3003
file92.TextGrid,,0.130,995,2158,3374
file92.TextGrid,1,0.220,431,1644,2812
file92.TextGrid,2,0.490,616,1674,2971
file92.TextGrid,,0.213,979,1901,3142
file920.TextGrid,,0.290,1067,2221,3146
file920.TextGrid,1,0.470,429,1492,2780
file920.TextGrid,2,0.340,478,1693,3025
file920.TextGrid,,0.029,794,1506,2764
file921.TextGrid,,0.170,852,1931,3058
file921.TextGrid,1,0.310,888,1753,3218
file921.TextGrid,2,0.490,673,1181,2779
file921.TextGrid,,0.159,768,1396,2821
file922.TextGrid,,0.220,911,1982,3069
file922.TextGrid,1,0.310,366,1911,2676
file922.TextGrid,2,0.670,706,1914,2904
file922.TextGrid,,0.195,869,2068,3173
file923.TextGrid,,0.290,1018,1871,3023
file923.TextGrid,1,0.230,818,1831,2725
file923.TextGrid,2,0.300,711,1618,2836
file923.TextGrid,,0.148,695,1727,3105
file924.TextGrid,,0.120,939,1921,3053
file924.TextGrid,1,0.360,934,1885,3024
file924.TextGrid,2,0.610,582,1713,2840
file924.TextGrid,,0.134,1181,2306,3181
file925.TextGrid,,0.240,782,1983,3110
file925.TextGrid,1,0.210,1158,2101,2948
file925.TextGrid,2,0.540,725,1585,3017
file925.TextGrid,,0.139,639,1311,2728
file926.TextGrid,,0.260,539,1766,2944
file926.TextGrid,1,0.110,571,1052,3084
file926.TextGrid,2,0.310,498,1323,3226
file926.TextGrid,,0.263,557,1570,2927
file927.TextGrid,,0.300,1088,2017,2948
file927.TextGrid,1,0.450,1241,2210,3144
file927.TextGrid,2,0.320,698,1723,2739
file927.TextGrid,,0.325,1091,2168,3190
file928.TextGrid,,0.240,544,1566,2707
file928.TextGrid,1,0.290,657,1533,2672
file928.TextGrid,2,0.340,804,1910,3250
file928.TextGrid,,0.259,721,1828,3091
file929.TextGrid,,0.290,1248,2002,3107
file929.TextGrid,1,0.220,661,1733,2965
file929.TextGrid,2,0.520,484,1493,2650
file929.TextGrid,,0.192,518,1934,3111
file93.TextGrid,,0.280,752,1982,2873
file93.TextGrid,1,0.270,896,1907,2984
file93.TextGrid,2,0.440,471,1656,2722
file93.TextGrid,,0.232,568,1721,2843
file930.TextGrid,,0.090,1447,2315,5129
file930.TextGrid,1,0.500,479,1496,2680
file930.TextGrid,2,0.410,802,1526,2568
file930.TextGrid,,0.224,1022,1620,2479
file931.TextGrid,,0.320,989,2191,3347
file931.TextGrid,1,0.250,983,2299,3541
file931.TextGrid,2,0.450,619,1466,2458
file931.TextGrid,,0.289,809,2270,3313
file932.TextGrid,,0.240,1026,1999,3174
file932.TextGrid,1,0.090,705,1484,3103
file932.TextGrid,2,0.540,384,1955,2710
file932.TextGrid,,0.013,--undefined--,--undefined--,--undefined--
file933.TextGrid,,0.300,1449,2348,5128
file933.TextGrid,1,0.300,977,1618,2750
file933.TextGrid,2,0.260,613,2116,2622
file933.TextGrid,,0.449,992,1797,2605
file934.TextGrid,,0.130,542,1629,2883
file934.TextGrid,1,0.280,823,1836,2573
file934.TextGrid,2,0.350,341,1847,2681
file934.TextGrid,,0.183,686,1869,2698
file935.TextGrid,,0.270,1233,2047,2892
file935.TextGrid,1,0.180,475,1549,2541
file935.TextGrid,2,0.440,569,1887,2738
file935.TextGrid,,0.239,774,1719,2598
file936.TextGrid,,0.280,755,1502,2554
file936.TextGrid,1,0.280,1106,2056,3114
file936.TextGrid,2,0.450,533,1107,2796
file936.TextGrid,,0.212,563,1388,2714
file937.TextGrid,,0.240,822,1926,2985
file937.TextGrid,1,0.150,642,1862,2868
file937.TextGrid,2,0.300,589,1998,3024
file937.TextGrid,,0.278,865,1819,2971
file938.TextGrid,,0.310,924,1885,3107
file938.TextGrid,1,0.240,433,1433,2730
file938.TextGrid,2,0.600,429,1341,2777
file938.TextGrid,,0.165,519,1804,2830
file939.TextGrid,,0.250,1043,2037,3046
file939.TextGrid,1,0.270,426,1965,2806
file939.TextGrid,2,0.460,836,2266,2940
file939.TextGrid,,0.244,1025,2035,3066
file94.TextGrid,,0.280,1001,2182,3260
file94.TextGrid,1,0.360,418,1647,2701
file94.TextGrid,2,0.330,507,1677,2686
file94.TextGrid,,0.254,902,1987,3403
file940.TextGrid,,0.280,1381,2195,4642
file940.TextGrid,1,0.370,807,1385,2742
file940.TextGrid,2,0.240,716,1566,3072
file940.TextGrid,,0.334,642,1376,3098
file941.TextGrid,,0.260,576,1428,2833
file941.TextGrid,1,0.210,468,1910,2770
file941.TextGrid,2,0.630,457,1857,2668
file941.TextGrid,,0.215,828,1893,2772
file942.TextGrid,,0.280,1433,2352,4996
file942.TextGrid,1,0.170,683,1760,2647
file942.TextGrid,2,0.360,726,1714,2533
file942.TextGrid,,0.414,1056,1943,3038
file943.TextGrid,,0.100,1274,2131,3912
file943.TextGrid,1,0.230,1191,1778,2934
file943.TextGrid,2,0.540,1042,2018,3256
file943.TextGrid,,0.098,790,2530,3657
file944.TextGrid,,0.220,921,1566,2511
file944.TextGrid,1,0.330,718,1958,2968
file944.TextGrid,2,0.290,551,1866,2535
file944.TextGrid,,0.289,464,1530,2676
file945.TextGrid,,0.230,1473,2182,5374
file945.TextGrid,1,0.460,670,1475,2939
file945.TextGrid,2,0.190,600,1207,3014
file945.TextGrid,,0.344,1115,1681,3003
file946.TextGrid,,0.060,991,2338,3202
file946.TextGrid,1,0.510,726,1955,2694
file946.TextGrid,2,0.450,1120,2362,3572
file946.TextGrid,,0.033,1460,2693,3688
file947.TextGrid,,0.290,990,2155,3261
file947.TextGrid,1,0.240,949,2025,2916
file947.TextGrid,2,0.570,505,2084,2811
file947.TextGrid,,0.124,421,1503,2846
file948.TextGrid,,0.290,629,1705,2696
file948.TextGrid,1,0.200,562,1936,2686
file948.TextGrid,2,0.240,319,1732,2553
file948.TextGrid,,0.213,295,1634,2500
file949.TextGrid,,0.170,1191,2135,3125
file949.TextGrid,1,0.460,920,1876,2501
file949.TextGrid,2,0.480,730,1915,2618
file949.TextGrid,,0.285,1045,2163,3090
file95.TextGrid,,0.120,1508,2032,3353
file95.TextGrid,1,0.420,838,1692,2856
file95.TextGrid,2,0.290,497,1070,2840
file95.TextGrid,,0.309,921,2128,3238
file950.TextGrid,,0.130,475,1681,2956
file950.TextGrid,1,0.220,861,1943,3277
file950.TextGrid,2,0.260,416,831,2856
file950.TextGrid,,0.333,390,1856,2886
file951.TextGrid,,0.180,519,1713,2781
file951.TextGrid,1,0.330,710,2064,2970
file951.TextGrid,2,0.360,437,1928,2947
file951.TextGrid,,0.166,514,1552,2464
file952.TextGrid,,0.120,829,1999,3160
file952.TextGrid,1,0.370,474,1340,2837
file952.TextGrid,2,0.510,849,1754,3062
file952.TextGrid,,0.309,877,2071,3117
file953.TextGrid,,0.190,652,1609,2774
file953.TextGrid,1,0.350,456,1582,2657
file953.TextGrid,2,0.390,363,1543,2526
file953.TextGrid,,0.106,393,1402,2332
file954.TextGrid,,0.170,613,1703,2626
file954.TextGrid,1,0.270,372,1613,2645
file954.TextGrid,2,0.320,490,1062,2938
file954.TextGrid,,0.183,458,1402,2550
file955.TextGrid,,0.270,1014,2079,3175
file955.TextGrid,1,0.310,1044,2227,2934
file955.TextGrid,2,0.740,450,1771,3120
file955.TextGrid,,0.245,875,1862,2995
file956.TextGrid,,0.250,1026,1764,3162
file956.TextGrid,1,0.470,706,1384,2837
file956.TextGrid,2,0.150,680,1205,2740
file956.TextGrid,,0.269,1267,2245,4446
file957.TextGrid,,0.210,840,1987,3058
file957.TextGrid,1,0.200,398,2294,2918
file957.TextGrid,2,0.540,499,2166,2989
file957.TextGrid,,0.189,906,1979,2993
file958.TextGrid,,0.150,932,1927,3300
file958.TextGrid,1,0.230,549,1182,3053
file958.TextGrid,2,0.560,1150,1906,3664
file958.TextGrid,,0.028,1512,3661,4369
file959.TextGrid,,0.200,991,1976,2990
file959.TextGrid,1,0.470,598,1943,2794
file959.TextGrid,2,0.240,688,1974,2679
file959.TextGrid,,0.314,957,2067,3331
file96.TextGrid,,0.250,1118,2052,3391
file96.TextGrid,1,0.370,500,1665,3056
file96.TextGrid,2,0.310,603,1392,3048
file96.TextGrid,,0.292,609,1433,2844
file960.TextGrid,,0.290,831,1881,3056
file960.TextGrid,1,0.090,669,1316,2927
file960.TextGrid,2,0.350,536,1545,2901
file960.TextGrid,,0.238,570,1645,3022
file961.TextGrid,,0.250,760,2080,3284
file961.TextGrid,1,0.240,648,2156,2750
file961.TextGrid,2,0.400,622,2010,3028
file961.TextGrid,,0.505,1794,2682,3401
file962.TextGrid,,0.310,1076,2068,3316
file962.TextGrid,1,0.200,793,1550,2998
file962.TextGrid,2,0.610,510,1349,3023
file962.TextGrid,,0.104,393,2093,3090
file963.TextGrid,,0.180,528,1629,2776
file963.TextGrid,1,0.140,382,1528,2672
file963.TextGrid,2,0.490,521,1301,2678
file963.TextGrid,,0.226,497,1579,2795
file964.TextGrid,,0.110,977,2135,3005
file964.TextGrid,1,0.410,927,1539,2697
file964.TextGrid,2,0.300,666,1578,2497
file964.TextGrid,,0.309,932,2004,3005
file965.TextGrid,,0.130,1103,2144,3148
file965.TextGrid,1,0.300,1201,2162,2970
file965.TextGrid,2,0.250,752,1523,2676
file965.TextGrid,,0.288,1172,1894,2638
file966.TextGrid,,0.200,1269,2242,4069
file966.TextGrid,1,0.160,745,2024,2565
file966.TextGrid,2,0.640,665,2107,3329
file966.TextGrid,,0.139,1092,2005,3019
file967.TextGrid,,0.290,508,1640,2987
file967.TextGrid,1,0.290,488,1446,2684
file967.TextGrid,2,0.440,430,1880,2685
file967.TextGrid,,0.109,536,1549,2510
file968.TextGrid,,0.280,1071,2079,3233
file968.TextGrid,1,0.260,821,1282,2870
file968.TextGrid,2,0.430,474,1100,2945
file968.TextGrid,,0.083,517,1842,2987
file969.TextGrid,,0.230,827,2021,3156
file969.TextGrid,1,0.240,535,2057,2738
file969.TextGrid,2,0.330,425,2341,3046
file969.TextGrid,,0.339,957,1988,3128
file97.TextGrid,,0.190,589,1649,3006
file97.TextGrid,1,0.600,665,1477,2407
file97.TextGrid,2,0.150,524,1457,2888
file97.TextGrid,,0.282,507,1585,2807
file970.TextGrid,,0.250,990,1751,2587
file970.TextGrid,1,0.180,443,1877,2599
file970.TextGrid,2,0.440,533,1189,2672
file970.TextGrid,,0.166,530,1467,2966
file971.TextGrid,,0.290,467,1589,2963
file971.TextGrid,1,0.230,410,1022,2990
file971.TextGrid,2,0.500,493,1998,2748
file971.TextGrid,,0.202,419,1497,2662
file972.TextGrid,,0.140,1287,2392,3395
file972.TextGrid,1,0.180,1148,1992,2681
file972.TextGrid,2,0.440,385,2043,2818
file972.TextGrid,,0.183,398,1526,2678
file973.TextGrid,,0.260,639,1669,2623
file973.TextGrid,1,0.180,1226,2261,3229
file973.TextGrid,2,0.490,552,1548,2598
file973.TextGrid,,0.106,640,1640,2548
file974.TextGrid,,0.160,1070,2079,3065
file974.TextGrid,1,0.350,1262,2089,3102
file974.TextGrid,2,0.200,850,1401,2566
file974.TextGrid,,0.429,1049,1696,2639
file975.TextGrid,,0.180,1264,2081,4811
file975.TextGrid,1,0.320,302,1909,2514
file975.TextGrid,2,0.440,402,1903,2568
file975.TextGrid,,0.199,906,2094,2901
file976.TextGrid,,0.130,520,1820,2840
file976.TextGrid,1,0.150,1155,2079,2791
file976.TextGrid,2,0.560,1148,2541,3241
file976.TextGrid,,0.289,453,1827,2842
file977.TextGrid,,0.290,805,1968,2912
file977.TextGrid,1,0.260,513,1590,2886
file977.TextGrid,2,0.440,452,1373,2932
file977.TextGrid,,0.139,437,1716,2567
file978.TextGrid,,0.250,526,1582,2965
file978.TextGrid,1,0.120,719,1210,2331
file978.TextGrid,2,0.450,405,1668,2685
file978.TextGrid,,0.216,467,1481,2689
file979.TextGrid,,0.260,574,1795,2768
file979.TextGrid,1,0.200,894,1748,2992
file979.TextGrid,2,0.390,551,2110,2941
file979.TextGrid,,0.186,521,1646,2724
file98.TextGrid,,0.240,854,2042,3110
file98.TextGrid,1,0.380,448,2362,2982
file98.TextGrid,2,0.110,239,2185,2889
file98.TextGrid,,0.238,756,2126,3097
file980.TextGrid,,0.210,784,2164,3183
file980.TextGrid,1,0.290,346,1526,2496
file980.TextGrid,2,0.400,672,1426,2727
file980.TextGrid,,0.322,1086,2170,3118
file981.TextGrid,,0.260,814,1749,3069
file981.TextGrid,1,0.150,964,2324,3313
file981.TextGrid,2,0.600,424,1767,2626
file981.TextGrid,,0.212,735,1617,3009
file982.TextGrid,,0.260,945,2160,3278
file982.TextGrid,1,0.100,641,1602,2633
file982.TextGrid,2,0.560,1211,2015,2855
file982.TextGrid,,0.209,781,2094,3043
file983.TextGrid,,0.340,437,1690,2752
file983.TextGrid,1,0.320,699,2222,3068
file983.TextGrid,2,0.240,384,1899,2866
file983.TextGrid,,0.229,487,1520,2584
file984.TextGrid,,0.300,696,1746,2929
file984.TextGrid,1,0.240,595,1860,2822
file984.TextGrid,2,0.490,470,1825,2604
file984.TextGrid,,0.192,576,1687,2950
file985.TextGrid,,0.300,973,1864,3347
file985.TextGrid,1,0.190,563,1720,2942
file985.TextGrid,2,0.630,366,1666,2710
file985.TextGrid,,0.102,764,1777,2925
file986.TextGrid,,0.170,913,2089,3160
file986.TextGrid,1,0.300,606,2154,2973
file986.TextGrid,2,0.340,428,1760,2584
file986.TextGrid,,0.243,270,1643,2934
file987.TextGrid,,0.130,868,1608,2802
file987.TextGrid,1,0.320,482,1539,2440
file987.TextGrid,2,0.300,473,2181,2852
file987.TextGrid,,0.218,835,1595,2840
file988.TextGrid,,0.200,749,1836,2987
file988.TextGrid,1,0.330,396,1734,2931
file988.TextGrid,2,0.530,497,2251,2912
file988.TextGrid,,0.069,601,1846,3077
file989.TextGrid,,0.270,1226,2137,3346
file989.TextGrid,1,0.330,663,1861,2662
file989.TextGrid,2,0.280,699,1563,3015
file989.TextGrid,,0.259,1449,2445,3544
file99.TextGrid,,0.150,1191,1856,3102
file99.TextGrid,1,0.130,1245,1769,3242
file99.TextGrid,2,0.560,540,1263,3049
file99.TextGrid,,0.196,489,1897,3005
file990.TextGrid,,0.350,727,1695,3056
file990.TextGrid,1,0.090,602,1684,2632
file990.TextGrid,2,0.310,470,1493,2905
file990.TextGrid,,0.303,731,1714,2858
file991.TextGrid,,0.210,946,2008,2874
file991.TextGrid,1,0.420,512,1571,2477
file991.TextGrid,2,0.320,543,1620,2468
file991.TextGrid,,0.274,863,2408,3070
file992.TextGrid,,0.260,1026,1800,3113
file992.TextGrid,1,0.180,762,1089,2462
file992.TextGrid,2,0.470,991,2219,3063
file992.TextGrid,,0.219,1003,2047,3151
file993.TextGrid,,0.250,561,1672,2924
file993.TextGrid,1,0.330,814,1896,3062
file993.TextGrid,2,0.400,558,1631,2840
file993.TextGrid,,0.149,679,1708,3064
file994.TextGrid,,0.240,728,2064,3182
file994.TextGrid,1,0.210,342,1379,2711
file994.TextGrid,2,0.420,463,1589,2753
file994.TextGrid,,0.259,571,2062,3014
file995.TextGrid,,0.260,733,1689,2853
file995.TextGrid,1,0.180,730,1291,2811
file995.TextGrid,2,0.400,623,1155,2696
file995.TextGrid,,0.196,711,1453,2843
file996.TextGrid,,0.240,504,1666,3054
file996.TextGrid,1,0.130,625,1186,3067
file996.TextGrid,2,0.380,623,1528,3218
file996.TextGrid,,0.193,425,1853,2963
file997.TextGrid,,0.230,1161,2284,3388
file997.TextGrid,1,0.210,292,2050,2913
file997.TextGrid,2,0.340,530,1319,2877
file997.TextGrid,,0.273,735,1896,3124
file998.TextGrid,,0.170,459,1543,2681
file998.TextGrid,1,0.250,386,1322,2714
file998.TextGrid,2,0.290,462,1487,2506
file998.TextGrid,,0.233,486,1527,2469
file999.TextGrid,,0.260,1170,2192,3148
file999.TextGrid,1,0.340,468,1126,2967
file999.TextGrid,2,0.220,490,986,3036
file999.TextGrid,,0.233,544,1772,3147
