fileName,name,duration,Pitch1,Pitch2,Pitch3,Pitch4,Pitch5,Pitch6,Pitch7,Pitch8,Pitch9,Pitch10
file0.TextGrid,1,0.130,103,103,103,103,103,103,103,103,103,103
file0.TextGrid,2,0.390,103,103,104,102,102,111,136,280,522,542
file1.TextGrid,1,0.210,120,120,119,117,114,114,114,115,116,116
file1.TextGrid,2,0.450,116,110,113,114,132,133,133,133,133,133
file10.TextGrid,1,0.300,140,140,140,140,140,139,130,122,117,111
file10.TextGrid,2,0.340,111,109,106,104,104,104,103,103,103,103
file100.TextGrid,1,0.280,161,161,161,161,161,161,157,151,138,124
file100.TextGrid,2,0.380,124,118,114,106,102,101,101,101,101,101
file1000.TextGrid,1,0.070,229,231,232,232,231,229,225,221,215,208
file1000.TextGrid,2,0.240,208,186,166,147,135,147,204,286,371,454
file1001.TextGrid,1,0.140,118,118,118,118,118,117,114,111,108,107
file1001.TextGrid,2,0.450,107,110,104,102,105,109,116,118,118,118
file1002.TextGrid,1,0.520,137,137,137,137,137,143,134,127,119,121
file1002.TextGrid,2,0.640,121,129,132,129,118,103,92,89,89,89
file1003.TextGrid,1,0.130,122,122,122,121,120,119,116,114,111,108
file1003.TextGrid,2,0.470,108,108,104,103,103,103,103,103,103,103
file1004.TextGrid,1,0.250,99,99,99,100,101,100,99,99,100,102
file1004.TextGrid,2,0.170,102,104,107,110,113,116,119,122,124,126
file1005.TextGrid,1,0.190,124,124,122,119,116,116,115,115,116,120
file1005.TextGrid,2,0.370,120,137,140,140,140,140,140,140,140,140
file1006.TextGrid,1,0.190,145,145,145,145,145,143,139,137,134,128
file1006.TextGrid,2,0.420,128,118,112,105,101,105,105,105,105,105
file1007.TextGrid,1,0.280,130,130,127,124,122,119,117,118,122,126
file1007.TextGrid,2,0.430,126,132,138,148,154,145,128,143,356,554
file1008.TextGrid,1,0.110,116,116,116,116,115,113,112,111,110,110
file1008.TextGrid,2,0.410,110,110,111,116,124,122,121,121,121,121
file1009.TextGrid,1,0.310,115,119,122,117,115,112,107,104,104,105
file1009.TextGrid,2,0.150,105,105,105,105,105,105,105,105,105,105
file101.TextGrid,1,0.200,211,211,211,218,229,236,237,228,209,186
file101.TextGrid,2,0.450,186,143,120,124,195,288,381,473,552,556
file1010.TextGrid,1,0.310,105,105,107,117,137,161,183,197,194,179
file1010.TextGrid,2,0.420,179,159,143,128,120,121,116,111,110,110
file1011.TextGrid,1,0.100,110,110,110,110,110,110,110,109,107,106
file1011.TextGrid,2,0.700,106,110,107,116,147,191,212,212,212,212
file1012.TextGrid,1,0.230,120,120,119,118,115,111,107,103,99,96
file1012.TextGrid,2,0.460,96,94,93,104,104,104,104,104,104,104
file1013.TextGrid,1,0.120,177,178,181,185,191,197,201,204,204,203
file1013.TextGrid,2,0.190,203,197,187,176,165,162,200,307,434,447
file1014.TextGrid,1,0.160,115,115,115,115,115,115,115,115,114,112
file1014.TextGrid,2,0.510,112,112,107,106,112,135,143,143,143,143
file1015.TextGrid,1,0.200,109,109,107,105,111,133,165,186,178,149
file1015.TextGrid,2,0.660,149,105,101,103,124,153,233,285,285,285
file1016.TextGrid,1,0.120,145,145,145,145,145,145,145,145,145,145
file1016.TextGrid,2,0.310,145,145,145,145,145,145,145,145,145,145
file1017.TextGrid,1,0.080,153,155,157,160,163,165,167,169,169,169
file1017.TextGrid,2,0.230,169,165,158,147,136,129,124,121,118,114
file1018.TextGrid,1,0.310,106,106,106,106,106,105,104,101,98,97
file1018.TextGrid,2,0.410,97,97,101,104,104,104,104,104,104,104
file1019.TextGrid,1,0.240,119,119,119,116,113,111,110,108,108,108
file1019.TextGrid,2,0.510,108,111,119,144,148,148,148,148,148,148
file102.TextGrid,1,0.550,250,250,250,250,246,244,213,183,171,169
file102.TextGrid,2,0.160,169,169,169,169,169,168,168,168,168,168
file1020.TextGrid,1,0.240,404,404,403,394,347,260,212,204,190,166
file1020.TextGrid,2,0.590,166,127,120,119,121,121,121,121,121,121
file1021.TextGrid,1,0.170,124,124,124,124,123,121,116,110,105,103
file1021.TextGrid,2,0.460,103,107,109,120,134,134,133,133,133,133
file1022.TextGrid,1,0.170,129,128,126,124,124,124,123,123,123,120
file1022.TextGrid,2,0.510,120,111,103,103,104,104,105,105,105,105
file1023.TextGrid,1,0.200,129,130,133,138,143,150,161,175,193,212
file1023.TextGrid,2,0.790,212,226,160,141,137,123,115,113,113,113
file1024.TextGrid,1,0.330,131,131,132,130,129,132,135,138,141,144
file1024.TextGrid,2,0.580,144,149,152,148,133,117,101,90,88,88
file1025.TextGrid,1,0.240,106,106,106,106,106,106,108,109,109,109
file1025.TextGrid,2,0.360,109,109,107,106,105,105,106,112,121,126
file1026.TextGrid,1,0.310,162,177,186,191,184,169,148,129,115,107
file1026.TextGrid,2,0.300,107,102,100,98,96,95,94,95,95,95
file1027.TextGrid,1,0.260,122,122,122,122,127,138,157,182,200,201
file1027.TextGrid,2,0.420,201,190,181,165,145,128,122,122,122,122
file1028.TextGrid,1,0.090,163,165,167,168,169,170,169,169,167,166
file1028.TextGrid,2,0.360,166,154,139,128,115,108,108,108,108,108
file1029.TextGrid,1,0.080,139,139,139,139,139,139,139,139,139,138
file1029.TextGrid,2,0.580,138,128,129,134,121,119,120,120,120,120
file103.TextGrid,1,0.230,99,99,99,101,106,110,109,107,104,102
file103.TextGrid,2,0.470,102,98,100,105,116,119,119,119,119,119
file1030.TextGrid,1,0.240,121,121,121,120,120,120,120,120,120,121
file1030.TextGrid,2,0.490,121,122,116,110,128,132,132,132,132,132
file1031.TextGrid,1,0.170,114,114,114,114,110,106,104,107,111,115
file1031.TextGrid,2,0.700,115,103,108,111,126,126,121,124,124,124
file1032.TextGrid,1,0.190,132,132,132,132,132,132,127,122,118,113
file1032.TextGrid,2,0.260,113,108,104,102,99,96,95,98,99,99
file1033.TextGrid,1,0.220,192,182,159,158,174,192,211,228,239,239
file1033.TextGrid,2,0.600,239,206,145,120,111,109,107,108,108,108
file1034.TextGrid,1,0.160,133,133,133,133,133,133,133,130,125,124
file1034.TextGrid,2,0.500,124,126,118,132,167,171,171,171,171,171
file1035.TextGrid,1,0.360,132,132,131,128,127,124,121,118,115,111
file1035.TextGrid,2,0.390,111,108,104,104,104,105,106,106,106,106
file1036.TextGrid,1,0.350,114,114,113,110,112,112,111,109,107,105
file1036.TextGrid,2,0.440,105,106,112,123,149,178,190,191,191,191
file1037.TextGrid,1,0.110,120,120,120,120,120,120,120,118,115,113
file1037.TextGrid,2,0.490,113,109,108,114,128,131,132,132,132,132
file1038.TextGrid,1,0.480,151,151,151,151,153,172,185,180,157,132
file1038.TextGrid,2,0.300,132,118,107,100,97,97,97,97,97,97
file1039.TextGrid,1,0.210,174,174,165,156,158,168,176,178,175,169
file1039.TextGrid,2,0.270,169,154,142,135,131,131,131,131,131,131
file104.TextGrid,1,0.210,124,124,123,122,120,120,119,117,115,112
file104.TextGrid,2,0.400,112,107,105,111,124,124,124,124,124,124
file1040.TextGrid,1,0.160,108,108,108,108,109,110,110,110,109,108
file1040.TextGrid,2,0.460,108,112,108,106,112,133,153,156,156,156
file1041.TextGrid,1,0.530,116,118,125,134,151,170,175,171,348,485
file1041.TextGrid,2,0.460,485,256,112,103,102,102,102,102,102,102
file1042.TextGrid,1,0.100,409,409,409,409,396,347,288,229,180,147
file1042.TextGrid,2,0.280,147,117,112,109,105,101,100,102,102,101
file1043.TextGrid,1,0.360,125,125,125,131,146,165,177,168,155,152
file1043.TextGrid,2,0.310,152,145,137,127,121,115,110,107,105,106
file1044.TextGrid,1,0.300,118,118,118,118,115,113,116,119,122,125
file1044.TextGrid,2,0.300,125,125,114,109,119,129,130,126,126,126
file1045.TextGrid,1,0.470,119,117,114,117,122,124,118,113,108,108
file1045.TextGrid,2,0.350,108,112,115,116,116,118,125,134,185,215
file1046.TextGrid,1,0.160,116,116,116,116,116,117,117,118,119,120
file1046.TextGrid,2,0.470,120,122,124,118,111,107,110,110,110,110
file1047.TextGrid,1,0.270,140,140,140,140,140,142,150,158,166,172
file1047.TextGrid,2,0.290,172,168,152,132,117,109,102,98,98,98
file1048.TextGrid,1,0.280,121,121,120,121,118,115,113,111,110,111
file1048.TextGrid,2,0.310,111,115,122,130,142,142,142,142,142,142
file1049.TextGrid,1,0.240,119,119,120,123,122,120,122,123,123,121
file1049.TextGrid,2,0.430,121,109,106,109,120,125,126,126,126,126
file105.TextGrid,1,0.280,117,117,112,110,111,112,113,114,113,109
file105.TextGrid,2,0.430,109,106,109,110,116,121,116,116,116,116
file1050.TextGrid,1,0.160,149,149,149,154,159,164,167,169,167,163
file1050.TextGrid,2,0.510,163,147,132,122,116,115,115,115,115,115
file1051.TextGrid,1,0.230,134,134,134,134,136,137,136,134,134,134
file1051.TextGrid,2,0.430,134,143,160,181,190,178,142,111,102,102
file1052.TextGrid,1,0.330,164,164,164,164,164,175,186,182,165,144
file1052.TextGrid,2,0.370,144,126,118,112,111,117,117,114,110,109
file1053.TextGrid,1,0.390,130,130,129,129,126,125,125,125,118,118
file1053.TextGrid,2,0.270,118,112,108,105,105,105,105,106,107,107
file1054.TextGrid,1,0.200,120,120,120,119,117,115,113,111,109,107
file1054.TextGrid,2,0.490,107,104,106,116,141,148,148,148,148,148
file1055.TextGrid,1,0.320,113,113,109,103,106,111,111,111,110,111
file1055.TextGrid,2,0.630,111,121,151,189,194,196,196,196,196,196
file1056.TextGrid,1,0.210,122,122,121,117,113,111,111,112,113,114
file1056.TextGrid,2,0.530,114,117,111,107,114,128,117,117,117,117
file1057.TextGrid,1,0.320,146,146,146,146,146,150,160,173,183,175
file1057.TextGrid,2,0.320,175,158,147,135,124,119,117,117,117,117
file1058.TextGrid,1,0.350,144,144,144,144,141,133,118,113,113,110
file1058.TextGrid,2,0.630,110,111,127,133,113,113,113,113,113,113
file1059.TextGrid,1,0.340,117,117,123,127,131,141,152,153,145,143
file1059.TextGrid,2,0.570,143,143,132,129,129,129,129,129,129,129
file106.TextGrid,1,0.340,162,180,192,191,184,178,172,165,159,152
file106.TextGrid,2,0.540,152,141,124,114,110,110,110,110,110,110
file1060.TextGrid,1,0.570,131,132,141,162,197,203,151,123,115,115
file1060.TextGrid,2,0.350,115,116,110,105,101,98,98,98,98,98
file1061.TextGrid,1,0.120,121,121,119,118,117,118,118,118,116,115
file1061.TextGrid,2,0.460,115,111,110,113,127,141,124,119,119,119
file1062.TextGrid,1,0.120,132,132,131,126,121,118,116,114,113,112
file1062.TextGrid,2,0.320,112,112,111,109,111,124,132,133,133,133
file1063.TextGrid,1,0.390,118,118,120,118,118,118,118,117,117,115
file1063.TextGrid,2,0.330,115,111,108,105,104,105,105,105,105,105
file1064.TextGrid,1,0.070,125,125,124,124,123,123,122,122,122,122
file1064.TextGrid,2,0.400,122,122,115,103,98,99,99,99,99,99
file1065.TextGrid,1,0.330,147,147,149,153,154,152,149,147,144,137
file1065.TextGrid,2,0.620,137,129,143,175,193,171,134,115,108,106
file1066.TextGrid,1,0.140,156,156,156,156,157,158,160,160,160,158
file1066.TextGrid,2,0.290,158,153,146,137,127,116,108,105,105,105
file1067.TextGrid,1,0.140,126,126,126,126,126,126,126,126,125,125
file1067.TextGrid,2,0.520,125,128,118,108,109,105,106,106,106,106
file1068.TextGrid,1,0.250,122,122,130,140,155,175,192,201,201,190
file1068.TextGrid,2,0.260,190,173,158,146,136,127,134,194,304,412
file1069.TextGrid,1,0.170,121,121,121,119,116,114,113,112,110,108
file1069.TextGrid,2,0.570,108,106,102,101,114,126,130,132,132,132
file107.TextGrid,1,0.320,144,140,131,129,128,125,121,118,115,112
file107.TextGrid,2,0.450,112,111,107,103,105,106,106,106,106,106
file1070.TextGrid,1,0.290,170,258,286,240,224,221,201,171,147,133
file1070.TextGrid,2,0.390,133,124,120,118,115,111,111,111,111,111
file1071.TextGrid,1,0.170,109,109,109,109,108,108,107,107,107,106
file1071.TextGrid,2,0.420,106,103,102,102,114,136,143,143,143,143
file1072.TextGrid,1,0.260,118,118,118,118,118,113,107,105,106,106
file1072.TextGrid,2,0.680,106,103,103,103,117,139,131,131,131,131
file1073.TextGrid,1,0.280,138,132,115,112,116,116,112,110,112,112
file1073.TextGrid,2,0.100,112,111,110,110,111,111,112,113,114,115
file1074.TextGrid,1,0.380,112,112,116,127,140,155,169,175,175,163
file1074.TextGrid,2,0.570,163,142,125,111,104,103,103,103,103,103
file1075.TextGrid,1,0.220,113,113,113,113,113,113,113,111,108,105
file1075.TextGrid,2,0.400,105,102,101,109,126,129,128,128,128,128
file1076.TextGrid,1,0.140,209,209,209,209,209,210,211,212,212,208
file1076.TextGrid,2,0.650,208,174,150,129,114,105,97,94,93,93
file1077.TextGrid,1,0.310,121,121,121,121,121,119,118,118,118,119
file1077.TextGrid,2,0.400,119,114,110,122,131,132,132,132,132,132
file1078.TextGrid,1,0.150,152,152,147,135,125,119,117,117,117,117
file1078.TextGrid,2,0.500,117,113,110,122,155,179,179,179,179,179
file1079.TextGrid,1,0.160,145,145,140,133,129,129,129,128,128,128
file1079.TextGrid,2,0.530,128,137,147,150,137,130,125,128,132,133
file108.TextGrid,1,0.200,111,111,111,111,111,111,109,108,109,110
file108.TextGrid,2,0.540,110,102,100,99,105,125,129,127,127,127
file1080.TextGrid,1,0.530,206,213,236,240,209,169,141,127,121,115
file1080.TextGrid,2,0.190,115,112,111,111,118,141,174,195,195,195
file1081.TextGrid,1,0.520,202,202,202,190,156,118,100,96,98,97
file1081.TextGrid,2,0.230,97,97,97,97,97,97,97,97,97,97
file1082.TextGrid,1,0.120,121,121,121,121,121,121,120,119,118,118
file1082.TextGrid,2,0.540,118,120,127,131,129,124,115,105,100,100
file1083.TextGrid,1,0.260,170,183,186,180,173,165,158,151,144,136
file1083.TextGrid,2,0.410,136,125,114,106,102,104,102,110,110,110
file1084.TextGrid,1,0.050,117,116,116,116,115,115,115,114,114,113
file1084.TextGrid,2,0.570,113,113,119,130,122,121,121,121,121,121
file1085.TextGrid,1,0.260,174,174,164,159,158,155,154,155,156,156
file1085.TextGrid,2,0.360,156,152,139,137,142,136,137,137,137,137
file1086.TextGrid,1,0.470,188,188,188,188,190,210,223,205,161,135
file1086.TextGrid,2,0.360,135,126,122,121,117,112,109,108,108,108
file1087.TextGrid,1,0.280,208,208,209,222,241,240,181,123,141,164
file1087.TextGrid,2,0.260,164,164,172,175,169,166,167,172,177,177
file1088.TextGrid,1,0.260,126,126,120,124,131,129,124,118,113,111
file1088.TextGrid,2,0.300,111,108,100,95,94,94,94,94,94,94
file1089.TextGrid,1,0.170,225,225,228,239,252,261,264,262,254,241
file1089.TextGrid,2,0.230,241,224,210,194,176,160,147,138,132,128
file109.TextGrid,1,0.340,109,109,109,112,119,127,133,143,157,159
file109.TextGrid,2,0.340,159,150,141,132,121,107,100,96,95,95
file1090.TextGrid,1,0.300,123,123,123,121,119,116,112,108,103,99
file1090.TextGrid,2,0.260,99,98,96,95,95,95,95,95,95,95
file1091.TextGrid,1,0.440,135,135,154,193,222,221,195,174,155,130
file1091.TextGrid,2,0.480,130,122,116,107,106,106,106,106,106,106
file1092.TextGrid,1,0.060,103,103,103,103,103,103,103,104,105,106
file1092.TextGrid,2,0.480,106,118,140,172,186,167,138,118,107,106
file1093.TextGrid,1,0.380,128,128,128,141,165,190,195,168,134,123
file1093.TextGrid,2,0.260,123,124,123,118,114,112,112,112,112,112
file1094.TextGrid,1,0.200,122,122,118,111,107,108,110,111,110,107
file1094.TextGrid,2,0.350,107,107,107,105,104,104,106,112,121,129
file1095.TextGrid,1,0.230,121,121,121,120,119,117,115,112,109,106
file1095.TextGrid,2,0.420,106,105,107,121,150,176,183,183,183,183
file1096.TextGrid,1,0.300,101,99,99,108,114,115,112,104,104,112
file1096.TextGrid,2,0.450,112,116,121,144,159,143,141,141,141,141
file1097.TextGrid,1,0.580,116,117,125,136,151,135,107,114,113,174
file1097.TextGrid,2,0.150,174,192,201,204,205,205,205,205,205,205
file1098.TextGrid,1,0.270,112,112,112,112,112,111,106,102,102,100
file1098.TextGrid,2,0.470,100,98,103,116,128,127,127,127,127,127
file1099.TextGrid,1,0.300,131,136,145,153,157,156,154,150,146,139
file1099.TextGrid,2,0.470,139,125,117,113,112,112,110,109,111,111
file11.TextGrid,1,0.160,94,94,94,93,92,92,92,91,90,89
file11.TextGrid,2,0.420,89,84,90,94,90,86,84,83,82,82
file110.TextGrid,1,0.420,121,121,119,116,124,122,116,113,114,115
file110.TextGrid,2,0.450,115,115,114,112,108,108,107,107,107,107
file1100.TextGrid,1,0.170,117,117,117,116,116,117,117,115,113,111
file1100.TextGrid,2,0.560,111,106,110,133,136,136,136,136,136,136
file1101.TextGrid,1,0.180,110,110,110,111,111,110,108,106,104,102
file1101.TextGrid,2,0.450,102,100,101,106,122,138,129,129,129,129
file1102.TextGrid,1,0.310,122,122,122,123,118,115,115,115,115,113
file1102.TextGrid,2,0.250,113,112,110,110,110,108,104,102,101,102
file1103.TextGrid,1,0.220,128,128,128,128,128,128,128,126,117,112
file1103.TextGrid,2,0.550,112,110,109,135,152,115,107,107,107,107
file1104.TextGrid,1,0.390,169,170,182,197,202,195,181,165,150,140
file1104.TextGrid,2,0.500,140,130,123,116,112,110,108,111,113,113
file1105.TextGrid,1,0.200,165,165,165,164,170,177,179,173,165,159
file1105.TextGrid,2,0.430,159,150,141,132,122,114,112,108,105,105
file1106.TextGrid,1,0.330,235,235,235,235,235,234,232,230,231,224
file1106.TextGrid,2,0.260,224,206,189,181,179,179,179,179,179,179
file1107.TextGrid,1,0.200,124,124,124,124,127,132,137,139,138,134
file1107.TextGrid,2,0.470,134,130,127,102,95,97,97,97,97,97
file1108.TextGrid,1,0.250,121,121,121,121,119,111,108,111,111,108
file1108.TextGrid,2,0.600,108,105,103,106,119,139,138,138,138,138
file1109.TextGrid,1,0.410,122,122,118,119,128,129,119,112,115,120
file1109.TextGrid,2,0.540,120,127,139,145,136,118,104,98,97,97
file111.TextGrid,1,0.200,116,116,116,116,116,116,116,116,116,116
file111.TextGrid,2,0.360,116,116,112,103,101,104,111,116,93,84
file1110.TextGrid,1,0.290,125,125,130,140,151,161,172,181,185,180
file1110.TextGrid,2,0.290,180,170,162,153,141,133,172,301,370,370
file1111.TextGrid,1,0.300,117,117,117,117,117,104,96,97,97,97
file1111.TextGrid,2,0.340,97,103,112,127,138,136,135,135,135,135
file1112.TextGrid,1,0.350,127,124,123,125,121,117,117,116,117,117
file1112.TextGrid,2,0.340,117,110,105,102,101,101,102,102,102,102
file1113.TextGrid,1,0.310,145,145,145,145,145,145,145,153,161,153
file1113.TextGrid,2,0.390,153,135,118,106,112,165,232,298,364,431
file1114.TextGrid,1,0.160,121,121,120,117,116,115,114,112,110,109
file1114.TextGrid,2,0.450,109,106,105,116,129,130,130,130,130,130
file1115.TextGrid,1,0.220,114,114,114,114,113,107,103,100,100,100
file1115.TextGrid,2,0.390,100,99,102,106,106,105,104,104,104,104
file1116.TextGrid,1,0.470,140,140,140,140,140,141,146,145,141,136
file1116.TextGrid,2,0.450,136,124,114,109,100,103,147,205,218,218
file1117.TextGrid,1,0.160,89,89,89,89,89,95,103,110,114,115
file1117.TextGrid,2,0.280,115,116,117,118,119,121,130,147,159,151
file1118.TextGrid,1,0.100,122,122,122,122,122,121,120,119,118,117
file1118.TextGrid,2,0.470,117,116,117,118,125,133,123,122,123,123
file1119.TextGrid,1,0.040,141,141,141,141,141,141,142,143,143,144
file1119.TextGrid,2,0.540,144,146,144,141,127,126,186,187,187,187
file112.TextGrid,1,0.170,120,120,120,120,118,114,111,110,109,107
file112.TextGrid,2,0.500,107,103,103,119,125,125,125,125,125,125
file1120.TextGrid,1,0.270,157,157,158,160,161,163,165,167,169,171
file1120.TextGrid,2,0.710,171,176,185,195,155,134,112,101,94,92
file1121.TextGrid,1,0.380,152,151,152,147,142,139,136,132,126,125
file1121.TextGrid,2,0.600,125,146,170,173,141,117,105,103,103,103
file1122.TextGrid,1,0.170,117,117,113,109,107,106,105,104,104,103
file1122.TextGrid,2,0.510,103,106,102,94,101,115,127,125,123,123
file1123.TextGrid,1,0.230,156,156,156,156,156,156,156,156,156,145
file1123.TextGrid,2,0.430,145,141,140,139,136,134,134,135,136,136
file1124.TextGrid,1,0.340,142,123,121,123,125,126,128,127,124,122
file1124.TextGrid,2,0.290,122,120,118,120,129,158,245,377,476,482
file1125.TextGrid,1,0.380,188,188,188,188,188,188,197,216,213,196
file1125.TextGrid,2,0.510,196,169,140,122,125,117,112,110,110,110
file1126.TextGrid,1,0.280,131,131,126,122,121,119,120,120,121,121
file1126.TextGrid,2,0.610,121,120,119,128,130,126,128,128,128,128
file1127.TextGrid,1,0.510,110,109,108,104,100,105,122,155,165,165
file1127.TextGrid,2,0.160,165,165,165,165,165,165,165,165,165,165
file1128.TextGrid,1,0.260,117,117,117,117,117,116,104,97,98,103
file1128.TextGrid,2,0.710,103,112,111,130,159,164,165,163,163,163
file1129.TextGrid,1,0.280,173,173,170,156,141,133,135,138,140,142
file1129.TextGrid,2,0.690,142,152,154,145,131,130,142,148,148,148
file113.TextGrid,1,0.150,115,115,115,115,115,114,112,113,115,119
file113.TextGrid,2,0.540,119,131,137,118,132,138,135,135,135,135
file1130.TextGrid,1,0.320,127,127,127,127,132,179,248,316,385,454
file1130.TextGrid,2,0.300,454,446,234,106,95,100,102,102,102,102
file1131.TextGrid,1,0.360,120,120,124,128,130,129,122,116,114,115
file1131.TextGrid,2,0.620,115,126,142,153,144,122,105,102,102,102
file1132.TextGrid,1,0.540,167,167,167,167,184,213,224,208,170,144
file1132.TextGrid,2,0.360,144,132,125,118,111,107,107,107,107,107
file1133.TextGrid,1,0.480,196,196,196,196,212,241,256,250,242,247
file1133.TextGrid,2,0.580,247,199,130,120,118,116,115,115,115,115
file1134.TextGrid,1,0.210,115,115,115,115,115,115,115,114,112,111
file1134.TextGrid,2,0.510,111,113,113,108,115,118,113,111,111,111
file1135.TextGrid,1,0.130,119,119,118,117,116,117,116,114,111,109
file1135.TextGrid,2,0.520,109,108,108,111,116,124,124,119,119,119
file1136.TextGrid,1,0.190,106,106,106,106,106,108,108,106,104,104
file1136.TextGrid,2,0.520,104,101,102,112,112,112,112,112,112,112
file1137.TextGrid,1,0.230,127,127,126,127,128,130,131,129,126,120
file1137.TextGrid,2,0.790,120,119,120,139,146,127,107,98,100,100
file1138.TextGrid,1,0.360,117,117,115,119,128,131,130,127,121,117
file1138.TextGrid,2,0.690,117,126,135,150,148,123,107,103,102,102
file1139.TextGrid,1,0.280,152,152,152,154,159,161,159,154,149,144
file1139.TextGrid,2,0.540,144,126,113,107,104,101,98,96,97,97
file114.TextGrid,1,0.380,205,205,205,205,205,205,204,209,218,208
file114.TextGrid,2,0.580,208,272,204,108,92,88,88,88,88,88
file1140.TextGrid,1,0.320,459,459,452,422,407,353,262,202,193,190
file1140.TextGrid,2,0.230,190,183,173,163,153,144,136,129,121,111
file1141.TextGrid,1,0.230,116,115,113,110,109,109,109,110,110,110
file1141.TextGrid,2,0.740,110,104,109,128,151,153,157,156,156,156
file1142.TextGrid,1,0.180,115,115,115,112,110,108,107,105,104,104
file1142.TextGrid,2,0.420,104,110,115,126,136,136,136,136,136,136
file1143.TextGrid,1,0.170,176,176,175,164,145,129,122,119,119,118
file1143.TextGrid,2,0.570,118,121,128,131,125,112,112,112,112,112
file1144.TextGrid,1,0.130,86,86,90,105,124,140,150,155,160,167
file1144.TextGrid,2,0.440,167,215,238,285,467,508,280,118,109,109
file1145.TextGrid,1,0.350,131,128,122,117,118,119,119,119,119,120
file1145.TextGrid,2,0.460,120,118,110,105,105,106,105,105,105,105
file1146.TextGrid,1,0.470,138,138,138,138,139,144,149,150,147,141
file1146.TextGrid,2,0.540,141,131,125,122,113,106,102,99,95,95
file1147.TextGrid,1,0.190,152,152,152,152,152,151,148,144,141,139
file1147.TextGrid,2,0.280,139,140,143,152,174,192,198,198,198,198
file1148.TextGrid,1,0.240,142,142,142,142,142,142,142,139,137,139
file1148.TextGrid,2,0.420,139,149,161,176,191,186,153,119,105,105
file1149.TextGrid,1,0.170,127,137,146,153,158,161,162,162,161,159
file1149.TextGrid,2,0.460,159,156,148,134,121,113,108,102,97,97
file115.TextGrid,1,0.160,117,117,117,115,113,111,110,109,109,108
file115.TextGrid,2,0.550,108,108,112,125,148,148,132,132,132,132
file1150.TextGrid,1,0.260,244,244,244,241,238,234,228,222,216,210
file1150.TextGrid,2,0.270,210,199,185,177,174,173,173,174,174,174
file1151.TextGrid,1,0.260,121,121,121,119,117,117,118,120,121,123
file1151.TextGrid,2,0.430,123,113,106,109,117,115,116,116,117,116
file1152.TextGrid,1,0.270,111,111,109,105,102,101,98,92,87,86
file1152.TextGrid,2,0.240,86,84,82,81,80,79,80,80,80,80
file1153.TextGrid,1,0.260,122,122,122,122,122,122,144,222,331,431
file1153.TextGrid,2,0.450,431,414,225,119,130,131,131,131,131,131
file1154.TextGrid,1,0.490,148,148,148,148,161,174,199,294,167,117
file1154.TextGrid,2,0.260,117,112,107,100,96,95,95,95,95,95
file1155.TextGrid,1,0.230,546,546,546,550,534,458,308,172,121,115
file1155.TextGrid,2,0.480,115,115,109,108,117,127,125,120,118,118
file1156.TextGrid,1,0.150,111,111,111,111,111,111,111,111,111,112
file1156.TextGrid,2,0.530,112,109,108,105,111,117,118,117,117,117
file116.TextGrid,1,0.310,132,132,137,145,153,161,170,178,179,169
file116.TextGrid,2,0.290,169,160,154,147,137,130,124,119,115,115
file117.TextGrid,1,0.600,144,144,144,144,148,172,185,177,185,212
file117.TextGrid,2,0.230,212,168,125,108,106,106,106,106,106,106
file118.TextGrid,1,0.400,129,131,150,171,172,172,168,160,151,143
file118.TextGrid,2,0.340,143,135,125,115,107,99,97,97,97,97
file119.TextGrid,1,0.240,133,133,133,133,133,133,123,112,107,109
file119.TextGrid,2,0.240,109,115,123,128,131,131,130,130,131,130
file12.TextGrid,1,0.200,120,118,111,106,103,102,106,109,112,116
file12.TextGrid,2,0.490,116,117,105,100,94,91,92,92,92,92
file120.TextGrid,1,0.170,116,116,116,116,116,116,116,116,116,121
file120.TextGrid,2,0.620,121,122,110,119,149,159,152,152,152,152
file121.TextGrid,1,0.100,115,115,115,115,115,115,114,113,112,111
file121.TextGrid,2,0.500,111,112,112,105,114,139,135,133,133,133
file122.TextGrid,1,0.370,134,134,135,138,136,134,133,133,131,124
file122.TextGrid,2,0.730,124,125,134,138,121,101,99,99,99,99
file123.TextGrid,1,0.640,168,168,168,168,168,174,173,152,133,125
file123.TextGrid,2,0.270,125,122,119,118,116,115,114,115,115,114
file124.TextGrid,1,0.200,146,146,146,146,145,141,136,131,126,120
file124.TextGrid,2,0.410,120,113,107,102,101,101,101,101,101,101
file125.TextGrid,1,0.130,116,116,116,116,116,116,116,116,116,117
file125.TextGrid,2,0.780,117,124,117,110,132,175,190,189,189,189
file126.TextGrid,1,0.280,127,127,128,131,141,156,170,181,203,259
file126.TextGrid,2,0.640,259,377,273,150,107,98,97,97,97,97
file127.TextGrid,1,0.270,185,182,170,165,171,193,237,369,485,420
file127.TextGrid,2,0.460,420,233,234,226,256,206,175,170,170,170
file128.TextGrid,1,0.210,119,119,119,119,119,112,107,104,102,101
file128.TextGrid,2,0.480,101,107,126,144,144,144,144,144,144,144
file129.TextGrid,1,0.160,175,175,175,175,181,190,199,206,208,205
file129.TextGrid,2,0.320,205,192,178,164,146,131,121,114,113,113
file13.TextGrid,1,0.290,102,102,102,108,116,120,128,142,158,166
file13.TextGrid,2,0.410,166,159,144,129,116,109,104,99,98,98
file130.TextGrid,1,0.260,111,111,111,112,111,110,109,107,103,100
file130.TextGrid,2,0.430,100,99,95,100,121,139,139,139,139,139
file131.TextGrid,1,0.220,130,130,127,118,114,110,105,102,103,103
file131.TextGrid,2,0.380,103,98,98,105,113,123,127,126,126,126
file132.TextGrid,1,0.610,214,214,214,214,217,227,212,182,146,124
file132.TextGrid,2,0.260,124,119,116,112,109,107,105,104,104,104
file133.TextGrid,1,0.370,132,132,133,152,162,151,145,143,139,131
file133.TextGrid,2,0.260,131,123,115,107,101,97,95,95,95,95
file134.TextGrid,1,0.340,132,132,132,129,122,121,122,123,124,128
file134.TextGrid,2,0.570,128,135,127,123,118,117,123,126,127,127
file135.TextGrid,1,0.270,126,126,126,127,130,141,163,186,200,197
file135.TextGrid,2,0.300,197,179,161,147,134,123,116,112,108,108
file136.TextGrid,1,0.290,111,111,111,119,128,134,132,124,116,111
file136.TextGrid,2,0.390,111,103,100,100,100,100,100,100,100,100
file137.TextGrid,1,0.100,162,162,162,165,168,172,175,176,176,175
file137.TextGrid,2,0.370,175,159,140,132,124,115,109,107,106,106
file138.TextGrid,1,0.270,154,156,166,183,203,220,227,228,228,223
file138.TextGrid,2,0.420,223,190,147,121,121,121,121,121,121,121
file139.TextGrid,1,0.310,114,114,110,111,116,114,112,109,106,102
file139.TextGrid,2,0.460,102,96,101,112,124,122,122,122,122,122
file14.TextGrid,1,0.250,136,136,136,136,136,136,136,136,133,131
file14.TextGrid,2,0.580,131,130,132,132,121,121,125,127,127,127
file140.TextGrid,1,0.290,124,124,124,124,124,119,109,107,107,108
file140.TextGrid,2,0.400,108,109,113,127,140,141,142,142,142,142
file141.TextGrid,1,0.330,127,127,127,127,127,123,121,118,110,107
file141.TextGrid,2,0.300,107,109,109,111,117,122,130,134,134,134
file142.TextGrid,1,0.270,149,149,149,145,141,138,134,131,128,123
file142.TextGrid,2,0.280,123,117,111,108,106,102,98,94,92,92
file143.TextGrid,1,0.160,125,125,125,122,119,120,121,121,119,119
file143.TextGrid,2,0.440,119,121,120,113,116,129,144,144,144,144
file144.TextGrid,1,0.350,125,125,125,128,140,165,194,220,231,216
file144.TextGrid,2,0.400,216,178,149,129,114,108,100,99,100,100
file145.TextGrid,1,0.250,135,135,135,141,152,168,182,188,185,174
file145.TextGrid,2,0.200,174,164,154,146,139,133,128,125,123,123
file146.TextGrid,1,0.160,114,114,114,114,114,114,114,114,112,111
file146.TextGrid,2,0.350,111,111,114,117,123,128,125,123,123,123
file147.TextGrid,1,0.310,133,133,130,138,153,177,196,203,197,179
file147.TextGrid,2,0.330,179,158,144,133,121,114,109,100,86,86
file148.TextGrid,1,0.350,172,172,172,172,172,172,172,173,176,167
file148.TextGrid,2,0.530,167,135,119,109,107,107,107,107,107,107
file149.TextGrid,1,0.230,126,126,121,116,122,138,159,180,192,190
file149.TextGrid,2,0.290,190,178,170,162,153,140,130,120,112,110
file15.TextGrid,1,0.470,154,154,154,154,154,162,163,162,157,154
file15.TextGrid,2,0.650,154,146,134,123,118,116,116,116,116,116
file150.TextGrid,1,0.180,132,138,145,150,151,150,147,145,142,140
file150.TextGrid,2,0.580,140,132,125,118,110,100,100,101,99,99
file151.TextGrid,1,0.390,175,172,170,191,211,219,227,234,233,222
file151.TextGrid,2,0.340,222,205,188,172,163,164,167,166,166,167
file152.TextGrid,1,0.420,469,471,472,379,192,167,147,124,117,118
file152.TextGrid,2,0.330,118,121,119,115,111,109,109,109,109,109
file153.TextGrid,1,0.060,139,139,139,140,140,141,142,142,143,144
file153.TextGrid,2,0.540,144,153,161,170,187,168,133,117,114,114
file154.TextGrid,1,0.200,197,197,197,197,197,197,197,197,197,196
file154.TextGrid,2,0.250,196,190,176,160,148,141,136,133,131,131
file155.TextGrid,1,0.210,107,107,99,97,101,105,107,106,105,104
file155.TextGrid,2,0.420,104,102,110,120,123,124,124,124,124,124
file156.TextGrid,1,0.360,113,113,113,113,112,109,103,100,109,107
file156.TextGrid,2,0.460,107,105,112,133,138,136,136,136,136,136
file157.TextGrid,1,0.100,122,122,122,122,122,122,122,122,122,122
file157.TextGrid,2,0.330,122,120,114,110,108,109,114,126,146,158
file158.TextGrid,1,0.200,112,112,112,112,112,112,112,112,109,106
file158.TextGrid,2,0.160,106,105,105,104,103,103,103,104,106,109
file159.TextGrid,1,0.160,89,89,89,89,89,95,103,110,114,115
file159.TextGrid,2,0.280,115,116,117,118,119,121,130,147,159,151
file16.TextGrid,1,0.080,123,123,123,123,123,123,123,123,123,123
file16.TextGrid,2,0.440,123,123,118,115,113,113,115,115,115,115
file160.TextGrid,1,0.400,112,114,133,160,185,198,203,198,193,184
file160.TextGrid,2,0.320,184,169,150,134,126,122,119,119,119,119
file161.TextGrid,1,0.430,239,239,218,155,159,171,173,164,145,129
file161.TextGrid,2,0.520,129,117,107,106,106,106,106,106,106,106
file162.TextGrid,1,0.240,120,120,118,116,114,112,109,108,106,103
file162.TextGrid,2,0.500,103,103,104,110,122,128,128,128,128,128
file163.TextGrid,1,0.270,123,123,122,121,119,118,119,118,114,111
file163.TextGrid,2,0.400,111,110,109,110,125,129,117,113,113,113
file164.TextGrid,1,0.100,593,589,580,564,541,510,475,437,400,362
file164.TextGrid,2,0.510,362,204,178,162,140,118,94,82,82,82
file165.TextGrid,1,0.180,111,111,111,112,116,120,120,118,114,111
file165.TextGrid,2,0.340,111,112,112,118,129,138,142,141,141,141
file166.TextGrid,1,0.270,107,107,107,108,109,110,110,111,111,111
file166.TextGrid,2,0.570,111,99,98,124,129,129,129,129,129,129
file167.TextGrid,1,0.310,139,134,122,118,114,122,238,440,485,283
file167.TextGrid,2,0.280,283,130,118,134,142,142,142,142,142,142
file168.TextGrid,1,0.530,165,165,165,165,174,197,174,146,132,118
file168.TextGrid,2,0.210,118,115,111,108,105,104,102,100,100,99
file169.TextGrid,1,0.120,121,121,121,118,116,114,112,110,109,108
file169.TextGrid,2,0.570,108,111,113,106,103,116,127,127,127,127
file17.TextGrid,1,0.200,112,112,112,113,113,112,111,110,109,109
file17.TextGrid,2,0.510,109,112,114,114,120,129,134,134,134,134
file170.TextGrid,1,0.580,118,122,126,155,155,128,114,116,115,114
file170.TextGrid,2,0.060,114,114,114,114,114,114,114,114,114,114
file171.TextGrid,1,0.270,138,138,142,140,137,137,137,137,136,133
file171.TextGrid,2,0.490,133,125,118,109,103,104,104,104,104,104
file172.TextGrid,1,0.170,122,122,121,116,114,113,113,114,113,111
file172.TextGrid,2,0.260,111,110,111,110,110,111,111,111,111,111
file173.TextGrid,1,0.130,113,113,113,113,113,113,113,113,111,108
file173.TextGrid,2,0.200,108,106,109,112,114,119,128,141,154,161
file174.TextGrid,1,0.140,137,137,134,127,122,121,122,122,120,115
file174.TextGrid,2,0.520,115,105,105,108,117,129,133,125,121,121
file175.TextGrid,1,0.370,145,141,124,126,127,121,113,111,113,113
file175.TextGrid,2,0.310,113,112,111,110,110,110,109,110,110,110
file176.TextGrid,1,0.170,120,120,115,112,112,115,116,115,115,116
file176.TextGrid,2,0.160,116,118,119,120,120,120,121,120,119,119
file177.TextGrid,1,0.170,146,146,146,146,153,165,179,190,196,197
file177.TextGrid,2,0.240,197,192,183,176,174,175,176,176,176,176
file178.TextGrid,1,0.180,120,120,120,120,120,120,119,118,116,113
file178.TextGrid,2,0.270,113,107,98,94,94,95,95,97,99,99
file179.TextGrid,1,0.160,105,105,105,105,105,104,102,101,101,101
file179.TextGrid,2,0.510,101,103,104,104,107,121,124,123,123,125
file18.TextGrid,1,0.290,107,107,107,107,107,107,105,105,104,99
file18.TextGrid,2,0.540,99,100,110,125,133,127,127,127,127,127
file180.TextGrid,1,0.490,115,117,134,165,196,209,187,154,130,122
file180.TextGrid,2,0.210,122,119,115,111,109,107,105,104,104,104
file181.TextGrid,1,0.340,191,190,185,179,181,190,195,197,191,173
file181.TextGrid,2,0.430,173,193,203,201,201,201,201,201,201,201
file182.TextGrid,1,0.430,129,129,131,134,157,186,213,222,201,154
file182.TextGrid,2,0.460,154,128,117,112,112,113,113,112,112,112
file183.TextGrid,1,0.320,130,130,156,194,222,225,210,180,149,129
file183.TextGrid,2,0.360,129,119,119,117,114,111,111,111,111,111
file184.TextGrid,1,0.200,506,506,490,429,342,251,173,131,117,111
file184.TextGrid,2,0.330,111,106,102,99,100,100,100,100,100,100
file185.TextGrid,1,0.350,143,143,143,143,129,131,134,111,99,98
file185.TextGrid,2,0.230,98,98,98,98,98,98,98,98,98,98
file186.TextGrid,1,0.330,204,204,204,204,204,204,208,220,222,222
file186.TextGrid,2,0.420,222,204,162,133,122,118,118,118,118,118
file187.TextGrid,1,0.360,112,112,113,122,132,135,131,127,117,103
file187.TextGrid,2,0.580,103,125,141,149,140,120,107,101,102,102
file188.TextGrid,1,0.220,127,127,123,120,120,118,112,104,99,100
file188.TextGrid,2,0.620,100,115,113,119,140,150,140,140,140,140
file189.TextGrid,1,0.290,117,117,115,115,116,110,104,100,97,96
file189.TextGrid,2,0.400,96,103,109,114,120,119,119,119,119,119
file19.TextGrid,1,0.120,122,122,125,127,128,128,127,126,125,125
file19.TextGrid,2,0.490,125,121,116,126,124,131,135,133,131,258
file190.TextGrid,1,0.460,101,101,109,136,164,182,227,285,343,401
file190.TextGrid,2,0.240,401,432,463,491,432,246,118,88,83,83
file191.TextGrid,1,0.400,135,135,135,135,135,135,127,119,115,115
file191.TextGrid,2,0.630,115,116,126,134,129,111,96,94,94,94
file192.TextGrid,1,0.290,121,121,121,121,121,120,114,108,105,102
file192.TextGrid,2,0.400,102,103,108,117,135,141,141,141,141,141
file193.TextGrid,1,0.280,123,123,122,122,125,130,138,147,155,155
file193.TextGrid,2,0.280,155,149,143,138,133,126,118,112,108,108
file194.TextGrid,1,0.230,197,200,202,197,190,185,178,166,154,142
file194.TextGrid,2,0.430,142,130,122,119,118,118,117,119,121,121
file195.TextGrid,1,0.370,229,172,149,166,177,179,166,142,122,113
file195.TextGrid,2,0.430,113,107,97,90,89,89,89,89,89,89
file196.TextGrid,1,0.200,120,120,119,118,117,115,113,111,108,106
file196.TextGrid,2,0.250,106,105,107,108,110,112,114,115,114,113
file197.TextGrid,1,0.190,128,128,118,109,107,110,114,115,115,115
file197.TextGrid,2,0.450,115,116,111,114,124,130,121,114,114,114
file198.TextGrid,1,0.090,134,134,134,135,135,136,136,137,137,138
file198.TextGrid,2,0.420,138,147,163,160,145,137,148,156,416,514
file199.TextGrid,1,0.320,141,133,122,122,120,118,113,108,105,105
file199.TextGrid,2,0.220,105,108,107,107,107,107,107,107,107,107
file2.TextGrid,1,0.330,193,193,198,205,210,215,219,223,224,220
file2.TextGrid,2,0.210,220,215,207,197,187,177,173,172,172,173
file20.TextGrid,1,0.280,111,111,111,110,109,108,108,109,111,112
file20.TextGrid,2,0.360,112,109,110,123,130,125,121,121,121,121
file200.TextGrid,1,0.070,108,108,108,108,108,108,108,108,108,108
file200.TextGrid,2,0.240,108,108,107,104,102,100,100,100,101,101
file201.TextGrid,1,0.230,155,164,178,192,204,214,215,208,195,181
file201.TextGrid,2,0.500,181,158,136,123,118,109,107,107,107,107
file202.TextGrid,1,0.310,109,109,109,112,123,135,151,162,162,155
file202.TextGrid,2,0.400,155,143,130,120,114,111,108,101,98,98
file203.TextGrid,1,0.180,119,119,117,117,119,120,117,114,110,107
file203.TextGrid,2,0.560,107,106,102,105,116,121,123,123,123,123
file204.TextGrid,1,0.290,120,116,115,113,109,105,102,99,97,98
file204.TextGrid,2,0.330,98,107,125,140,142,142,142,142,142,142
file205.TextGrid,1,0.130,163,164,170,178,187,195,201,203,199,189
file205.TextGrid,2,0.220,189,165,147,136,127,118,110,102,94,91
file206.TextGrid,1,0.210,132,132,132,127,120,116,114,114,115,115
file206.TextGrid,2,0.290,115,117,119,118,118,123,136,151,157,141
file207.TextGrid,1,0.150,141,141,141,140,137,136,135,135,135,135
file207.TextGrid,2,0.310,135,138,147,157,173,187,195,202,202,202
file208.TextGrid,1,0.340,165,163,166,178,184,180,170,156,142,130
file208.TextGrid,2,0.280,130,122,116,112,109,104,101,101,101,101
file209.TextGrid,1,0.270,227,227,227,227,227,227,227,228,234,234
file209.TextGrid,2,0.540,234,232,207,166,141,191,220,206,200,199
file21.TextGrid,1,0.110,133,133,133,132,129,126,125,123,123,123
file21.TextGrid,2,0.500,123,123,123,119,119,138,142,142,142,142
file210.TextGrid,1,0.370,166,166,166,166,166,166,168,174,173,157
file210.TextGrid,2,0.230,157,141,125,111,115,181,282,335,344,344
file211.TextGrid,1,0.230,112,112,111,110,109,110,110,110,110,113
file211.TextGrid,2,0.580,113,137,165,265,183,160,160,160,160,160
file212.TextGrid,1,0.280,137,137,136,129,125,130,148,140,126,123
file212.TextGrid,2,0.510,123,119,114,107,106,105,105,105,105,105
file213.TextGrid,1,0.280,123,123,122,119,116,115,116,116,117,115
file213.TextGrid,2,0.460,115,103,100,108,121,128,136,147,149,148
file214.TextGrid,1,0.160,127,127,127,127,127,126,122,117,114,111
file214.TextGrid,2,0.430,111,99,94,98,98,98,98,98,98,98
file215.TextGrid,1,0.440,105,105,115,147,178,173,163,154,146,137
file215.TextGrid,2,0.410,137,129,123,120,117,112,109,104,102,102
file216.TextGrid,1,0.150,116,116,116,116,116,116,116,116,114,110
file216.TextGrid,2,0.490,110,108,110,111,119,124,119,119,119,119
file217.TextGrid,1,0.390,524,524,514,431,281,162,137,133,130,130
file217.TextGrid,2,0.170,130,131,135,139,142,142,138,133,130,129
file218.TextGrid,1,0.330,131,131,134,138,146,158,169,169,152,133
file218.TextGrid,2,0.360,133,121,116,115,113,114,115,112,113,115
file219.TextGrid,1,0.230,127,127,127,127,127,127,125,117,112,108
file219.TextGrid,2,0.370,108,104,99,94,93,99,108,108,108,108
file22.TextGrid,1,0.220,119,119,119,117,115,111,108,106,106,108
file22.TextGrid,2,0.280,108,110,110,110,110,110,110,110,110,110
file220.TextGrid,1,0.570,125,120,111,106,107,134,185,196,200,200
file220.TextGrid,2,0.090,200,200,200,200,200,200,200,200,200,200
file221.TextGrid,1,0.140,128,128,128,128,128,128,128,128,129,131
file221.TextGrid,2,0.640,131,134,113,99,98,102,102,102,102,102
file222.TextGrid,1,0.330,138,138,142,165,193,213,224,218,205,201
file222.TextGrid,2,0.290,201,198,183,160,136,118,110,108,108,108
file223.TextGrid,1,0.220,138,138,143,148,151,151,149,145,140,134
file223.TextGrid,2,0.820,134,142,158,189,190,156,124,111,111,111
file224.TextGrid,1,0.270,136,136,134,133,139,156,174,185,190,183
file224.TextGrid,2,0.320,183,164,151,138,128,121,117,113,113,113
file225.TextGrid,1,0.170,117,117,117,117,115,114,113,112,110,108
file225.TextGrid,2,0.600,108,105,106,119,136,131,131,131,131,131
file226.TextGrid,1,0.390,141,141,139,144,159,180,209,222,210,186
file226.TextGrid,2,0.520,186,152,134,123,121,122,122,122,122,122
file227.TextGrid,1,0.370,234,234,234,234,234,234,241,248,237,222
file227.TextGrid,2,0.650,222,198,174,151,135,121,118,118,118,118
file228.TextGrid,1,0.210,119,119,119,119,119,119,115,108,102,101
file228.TextGrid,2,0.500,101,103,104,102,103,103,103,103,103,103
file229.TextGrid,1,0.280,133,133,129,127,128,129,129,129,129,129
file229.TextGrid,2,0.560,129,129,140,151,141,117,102,100,102,102
file23.TextGrid,1,0.320,125,125,127,128,125,123,121,120,118,117
file23.TextGrid,2,0.560,117,114,111,106,105,105,106,106,106,106
file230.TextGrid,1,0.510,121,121,121,121,119,115,109,107,116,141
file230.TextGrid,2,0.210,141,169,217,250,257,257,257,257,257,257
file231.TextGrid,1,0.190,162,162,162,166,173,181,186,186,183,182
file231.TextGrid,2,0.510,182,166,144,126,167,214,206,206,206,206
file232.TextGrid,1,0.200,125,125,125,125,125,125,125,125,118,113
file232.TextGrid,2,0.460,113,110,105,102,103,124,146,160,156,150
file233.TextGrid,1,0.410,141,141,141,141,141,139,138,132,127,121
file233.TextGrid,2,0.630,121,116,131,142,138,122,105,102,102,102
file234.TextGrid,1,0.220,115,115,115,116,116,116,114,110,107,104
file234.TextGrid,2,0.170,104,102,100,97,94,93,93,95,97,98
file235.TextGrid,1,0.160,118,118,118,113,110,109,109,109,108,106
file235.TextGrid,2,0.480,106,105,101,105,122,140,139,139,139,139
file236.TextGrid,1,0.220,530,530,530,530,530,490,311,153,102,98
file236.TextGrid,2,0.450,98,102,103,114,135,143,144,144,144,144
file237.TextGrid,1,0.200,111,111,111,111,111,112,112,110,108,106
file237.TextGrid,2,0.420,106,106,105,113,129,131,131,131,131,131
file238.TextGrid,1,0.350,122,122,125,131,136,142,151,162,166,154
file238.TextGrid,2,0.440,154,134,133,127,123,120,118,112,106,106
file239.TextGrid,1,0.190,126,126,126,123,120,118,116,114,112,111
file239.TextGrid,2,0.440,111,110,111,114,114,112,112,112,112,112
file24.TextGrid,1,0.210,118,118,116,114,116,115,113,111,110,110
file24.TextGrid,2,0.590,110,116,119,122,144,151,145,144,144,144
file240.TextGrid,1,0.210,131,131,131,133,140,152,165,175,183,185
file240.TextGrid,2,0.450,185,169,143,122,111,106,105,106,107,107
file241.TextGrid,1,0.460,182,182,193,193,163,130,116,160,200,198
file241.TextGrid,2,0.250,198,201,204,224,319,450,513,521,521,521
file242.TextGrid,1,0.360,211,211,211,211,211,211,211,227,235,231
file242.TextGrid,2,0.460,231,207,177,148,130,118,113,113,113,113
file243.TextGrid,1,0.450,148,148,148,148,148,149,148,146,145,136
file243.TextGrid,2,0.360,136,121,118,117,113,112,136,185,193,193
file244.TextGrid,1,0.280,214,227,241,244,238,208,161,146,149,149
file244.TextGrid,2,0.590,149,143,123,109,95,88,90,90,90,90
file245.TextGrid,1,0.200,114,114,114,114,109,104,101,99,98,99
file245.TextGrid,2,0.220,99,102,106,111,115,119,122,125,130,137
file246.TextGrid,1,0.270,119,119,119,119,119,113,107,106,105,105
file246.TextGrid,2,0.370,105,108,115,141,165,169,169,169,169,169
file247.TextGrid,1,0.180,150,150,150,153,158,164,167,167,164,160
file247.TextGrid,2,0.390,160,153,142,130,121,112,107,106,106,106
file248.TextGrid,1,0.430,126,126,128,137,133,133,135,142,149,156
file248.TextGrid,2,0.310,156,161,163,157,148,141,136,133,132,132
file249.TextGrid,1,0.240,147,147,147,147,147,147,143,138,138,138
file249.TextGrid,2,0.370,138,129,116,108,111,114,112,112,112,112
file25.TextGrid,1,0.150,185,185,185,185,186,190,194,197,198,196
file25.TextGrid,2,0.350,196,180,157,133,115,104,98,97,97,97
file250.TextGrid,1,0.330,153,153,156,170,185,189,178,162,148,131
file250.TextGrid,2,0.320,131,118,108,102,99,98,98,98,98,98
file251.TextGrid,1,0.270,113,113,113,114,116,119,130,142,147,145
file251.TextGrid,2,0.360,145,139,134,129,125,120,112,106,104,104
file252.TextGrid,1,0.050,147,148,149,151,152,154,156,157,159,161
file252.TextGrid,2,0.710,161,176,170,158,140,124,119,118,118,133
file253.TextGrid,1,0.130,116,116,116,116,115,114,113,113,114,114
file253.TextGrid,2,0.560,114,116,117,113,127,129,121,121,121,121
file254.TextGrid,1,0.490,171,171,171,178,214,222,187,144,122,117
file254.TextGrid,2,0.500,117,124,123,117,113,110,103,100,100,100
file255.TextGrid,1,0.360,150,150,150,151,149,145,141,137,134,129
file255.TextGrid,2,0.570,129,125,145,170,188,167,133,114,101,100
file256.TextGrid,1,0.250,111,111,111,111,111,111,110,108,106,107
file256.TextGrid,2,0.440,107,110,113,116,119,118,115,115,115,115
file257.TextGrid,1,0.180,114,114,110,106,105,105,105,104,100,98
file257.TextGrid,2,0.340,98,106,113,110,108,109,110,116,125,129
file258.TextGrid,1,0.380,114,114,110,108,112,117,118,118,119,116
file258.TextGrid,2,0.270,116,114,118,128,143,159,167,164,164,164
file259.TextGrid,1,0.130,117,117,117,117,116,113,111,109,107,106
file259.TextGrid,2,0.560,106,109,112,114,136,155,155,155,155,155
file26.TextGrid,1,0.300,120,120,121,124,132,139,142,141,138,136
file26.TextGrid,2,0.690,136,144,155,169,174,153,125,109,103,104
file260.TextGrid,1,0.250,121,121,121,121,121,120,118,117,116,114
file260.TextGrid,2,0.460,114,104,100,112,135,150,151,151,151,151
file261.TextGrid,1,0.570,132,132,139,155,190,199,161,121,103,96
file261.TextGrid,2,0.090,96,96,96,96,96,96,96,96,96,96
file262.TextGrid,1,0.460,164,164,164,164,174,202,210,190,158,134
file262.TextGrid,2,0.440,134,122,113,108,108,108,108,108,108,108
file263.TextGrid,1,0.210,114,114,114,114,114,114,114,114,114,114
file263.TextGrid,2,0.670,114,110,105,107,127,153,147,143,143,143
file264.TextGrid,1,0.330,175,187,199,206,205,198,185,168,149,135
file264.TextGrid,2,0.400,135,124,118,111,105,106,104,105,107,107
file265.TextGrid,1,0.270,114,114,114,112,111,111,111,112,111,110
file265.TextGrid,2,0.540,110,109,108,118,130,129,128,128,128,128
file266.TextGrid,1,0.270,129,129,127,129,138,161,182,194,197,192
file266.TextGrid,2,0.570,192,170,148,125,111,110,107,103,101,101
file267.TextGrid,1,0.370,236,240,240,190,184,205,217,211,187,160
file267.TextGrid,2,0.330,160,139,123,115,110,109,109,109,109,109
file268.TextGrid,1,0.380,151,155,155,153,148,135,118,107,110,115
file268.TextGrid,2,0.360,115,116,116,116,114,111,111,111,111,111
file269.TextGrid,1,0.210,135,135,135,137,143,148,152,153,151,147
file269.TextGrid,2,0.600,147,147,160,175,201,207,161,121,106,106
file27.TextGrid,1,0.360,123,123,126,128,127,127,127,127,125,122
file27.TextGrid,2,0.380,122,113,104,101,102,104,104,104,104,104
file270.TextGrid,1,0.070,125,125,125,125,125,125,125,125,124,123
file270.TextGrid,2,0.560,123,120,112,106,116,119,118,115,115,115
file271.TextGrid,1,0.200,115,115,115,115,115,115,115,115,114,114
file271.TextGrid,2,0.470,114,100,98,101,107,121,127,126,126,126
file272.TextGrid,1,0.310,127,127,127,127,127,127,127,131,135,135
file272.TextGrid,2,0.400,135,138,146,153,142,128,125,125,128,128
file273.TextGrid,1,0.230,131,131,131,130,132,141,152,161,166,169
file273.TextGrid,2,0.320,169,186,202,200,187,168,180,189,189,189
file274.TextGrid,1,0.340,140,140,148,162,170,169,165,159,153,147
file274.TextGrid,2,0.390,147,139,131,124,120,117,112,109,112,112
file275.TextGrid,1,0.260,144,144,142,141,142,139,131,129,135,140
file275.TextGrid,2,0.330,140,136,131,128,125,129,138,142,142,142
file276.TextGrid,1,0.090,114,114,114,114,114,114,112,111,110,110
file276.TextGrid,2,0.390,110,112,107,107,120,128,178,415,452,452
file277.TextGrid,1,0.190,120,120,120,119,116,114,114,116,118,119
file277.TextGrid,2,0.250,119,119,119,119,116,109,108,116,131,142
file278.TextGrid,1,0.150,161,161,161,158,155,153,153,152,151,150
file278.TextGrid,2,0.190,150,148,145,144,143,142,139,137,138,141
file279.TextGrid,1,0.200,152,161,171,176,175,171,165,158,152,146
file279.TextGrid,2,0.460,146,136,127,117,107,104,102,103,103,103
file28.TextGrid,1,0.220,129,129,129,129,129,129,129,131,134,128
file28.TextGrid,2,0.380,128,118,126,134,138,132,133,170,178,178
file280.TextGrid,1,0.130,179,179,179,179,183,189,195,199,201,202
file280.TextGrid,2,0.400,202,202,189,153,125,114,107,106,106,106
file281.TextGrid,1,0.360,167,167,167,167,167,167,170,182,183,165
file281.TextGrid,2,0.360,165,144,125,112,112,112,112,112,112,112
file282.TextGrid,1,0.230,110,110,110,110,110,109,109,106,103,101
file282.TextGrid,2,0.440,101,107,110,111,117,128,126,126,126,126
file283.TextGrid,1,0.370,113,113,119,130,140,146,142,139,138,138
file283.TextGrid,2,0.460,138,148,162,154,145,137,128,115,103,96
file284.TextGrid,1,0.050,110,110,110,110,110,110,111,111,112,112
file284.TextGrid,2,0.330,112,116,118,120,118,111,108,109,118,132
file285.TextGrid,1,0.250,102,102,102,102,102,102,103,105,107,108
file285.TextGrid,2,0.330,108,108,101,96,96,96,96,95,95,95
file286.TextGrid,1,0.250,125,116,108,105,107,111,109,106,105,104
file286.TextGrid,2,0.630,104,105,110,122,130,116,113,113,113,113
file287.TextGrid,1,0.140,116,116,115,113,113,116,118,119,119,118
file287.TextGrid,2,0.380,118,119,118,114,112,117,119,126,126,126
file288.TextGrid,1,0.310,124,124,124,124,124,124,119,114,113,111
file288.TextGrid,2,0.430,111,109,110,114,129,131,127,127,127,127
file289.TextGrid,1,0.170,89,89,92,111,141,166,181,188,191,191
file289.TextGrid,2,0.560,191,180,172,171,177,177,177,177,177,177
file29.TextGrid,1,0.200,115,115,114,112,111,111,111,112,112,112
file29.TextGrid,2,0.640,112,112,111,130,158,267,295,295,295,295
file290.TextGrid,1,0.250,176,176,176,176,176,176,176,177,183,189
file290.TextGrid,2,0.330,189,186,179,179,179,179,179,179,179,179
file291.TextGrid,1,0.150,105,105,105,106,107,108,110,112,114,115
file291.TextGrid,2,0.640,115,109,111,111,117,130,114,119,120,120
file292.TextGrid,1,0.360,198,198,198,198,198,198,198,206,219,217
file292.TextGrid,2,0.610,217,180,153,130,117,144,198,198,198,198
file293.TextGrid,1,0.260,144,144,144,145,148,151,152,151,149,152
file293.TextGrid,2,0.550,152,244,219,188,213,228,230,230,230,230
file294.TextGrid,1,0.140,117,117,117,117,117,117,115,114,113,111
file294.TextGrid,2,0.350,111,106,102,99,95,95,99,99,99,99
file295.TextGrid,1,0.240,130,130,127,124,124,123,123,122,123,125
file295.TextGrid,2,0.380,125,120,114,116,126,130,130,130,130,130
file296.TextGrid,1,0.130,186,186,188,193,202,213,222,226,225,220
file296.TextGrid,2,0.500,220,198,184,158,137,120,109,106,106,106
file297.TextGrid,1,0.120,114,114,114,114,114,114,114,114,111,108
file297.TextGrid,2,0.490,108,100,100,100,105,106,104,104,104,104
file298.TextGrid,1,0.340,149,149,158,178,195,206,207,199,184,171
file298.TextGrid,2,0.320,171,164,159,153,146,136,129,122,118,118
file299.TextGrid,1,0.130,127,121,116,113,113,115,115,114,112,110
file299.TextGrid,2,0.590,110,109,108,111,124,127,120,120,120,120
file3.TextGrid,1,0.180,110,110,110,109,114,134,168,203,226,228
file3.TextGrid,2,0.490,228,192,150,118,117,120,120,119,120,120
file30.TextGrid,1,0.140,102,102,102,102,102,102,102,102,102,102
file30.TextGrid,2,0.540,102,102,102,99,100,100,100,100,100,100
file300.TextGrid,1,0.210,124,124,124,124,124,124,124,124,124,121
file300.TextGrid,2,0.460,121,111,111,118,141,156,155,150,150,150
file301.TextGrid,1,0.290,118,118,118,120,121,117,113,113,112,110
file301.TextGrid,2,0.650,110,122,138,148,147,132,113,103,101,101
file302.TextGrid,1,0.710,220,145,142,146,169,192,143,113,101,101
file302.TextGrid,2,0.090,101,101,101,101,101,101,101,101,101,101
file303.TextGrid,1,0.460,121,122,121,111,111,109,110,111,113,116
file303.TextGrid,2,0.380,116,117,114,137,363,395,140,98,98,98
file304.TextGrid,1,0.280,124,124,121,121,119,112,110,109,108,106
file304.TextGrid,2,0.390,106,105,111,117,117,117,117,117,117,117
file305.TextGrid,1,0.320,138,140,142,141,139,137,137,166,215,212
file305.TextGrid,2,0.390,212,141,107,102,100,99,96,95,95,95
file306.TextGrid,1,0.200,118,118,118,117,113,110,108,107,105,104
file306.TextGrid,2,0.570,104,110,129,147,143,144,145,145,145,145
file307.TextGrid,1,0.170,111,111,111,111,111,111,111,110,108,106
file307.TextGrid,2,0.210,106,104,104,103,105,112,124,138,146,145
file308.TextGrid,1,0.430,118,118,123,136,148,158,167,171,167,150
file308.TextGrid,2,0.380,150,134,124,118,112,107,105,105,105,105
file309.TextGrid,1,0.240,125,125,118,114,116,116,114,113,111,109
file309.TextGrid,2,0.420,109,101,108,125,139,138,135,135,135,135
file31.TextGrid,1,0.190,117,117,116,113,108,107,107,106,103,104
file31.TextGrid,2,0.160,104,107,109,110,112,115,121,130,139,145
file310.TextGrid,1,0.360,115,115,115,114,110,105,98,98,98,97
file310.TextGrid,2,0.380,97,97,103,116,132,133,131,131,131,131
file311.TextGrid,1,0.350,119,119,122,127,143,162,166,162,156,147
file311.TextGrid,2,0.450,147,135,125,125,118,111,104,102,101,102
file312.TextGrid,1,0.140,116,116,115,113,113,116,118,119,119,118
file312.TextGrid,2,0.380,118,119,118,114,112,117,119,126,126,126
file313.TextGrid,1,0.370,191,191,191,191,191,205,217,205,180,162
file313.TextGrid,2,0.310,162,154,146,139,133,126,120,112,106,106
file314.TextGrid,1,0.340,119,119,121,120,115,111,109,109,109,110
file314.TextGrid,2,0.480,110,111,110,105,101,102,103,103,103,103
file315.TextGrid,1,0.180,115,115,115,115,115,115,115,115,112,110
file315.TextGrid,2,0.430,110,108,106,111,120,117,112,112,112,112
file316.TextGrid,1,0.230,139,139,139,139,144,153,165,176,183,186
file316.TextGrid,2,0.320,186,183,178,173,162,147,137,135,135,135
file317.TextGrid,1,0.440,158,158,158,158,162,173,175,173,170,158
file317.TextGrid,2,0.340,158,148,140,132,119,107,102,94,87,87
file318.TextGrid,1,0.230,132,132,132,132,130,124,121,118,116,113
file318.TextGrid,2,0.390,113,109,114,125,118,110,109,109,109,109
file319.TextGrid,1,0.370,138,138,151,184,229,249,235,210,186,161
file319.TextGrid,2,0.380,161,138,126,117,111,105,118,129,130,130
file32.TextGrid,1,0.250,127,127,127,127,129,134,142,152,159,162
file32.TextGrid,2,0.220,162,159,149,136,137,189,286,342,346,346
file320.TextGrid,1,0.230,252,252,252,252,252,252,252,252,252,245
file320.TextGrid,2,0.540,245,220,194,169,143,127,112,113,113,113
file321.TextGrid,1,0.270,97,97,97,96,96,96,95,94,96,101
file321.TextGrid,2,0.320,101,100,96,91,86,81,79,79,78,78
file322.TextGrid,1,0.360,159,159,159,159,159,161,184,206,209,201
file322.TextGrid,2,0.440,201,189,176,164,152,139,127,118,107,106
file323.TextGrid,1,0.160,120,120,120,120,120,120,120,120,118,115
file323.TextGrid,2,0.640,115,118,118,145,201,223,226,226,226,226
file324.TextGrid,1,0.270,397,228,193,199,203,199,192,184,172,157
file324.TextGrid,2,0.510,157,135,122,115,112,111,108,106,106,106
file325.TextGrid,1,0.240,123,123,122,120,117,113,110,108,105,103
file325.TextGrid,2,0.590,103,106,109,125,125,125,125,125,125,125
file326.TextGrid,1,0.250,152,148,144,143,142,142,141,140,140,141
file326.TextGrid,2,0.570,141,159,187,205,173,126,108,96,94,94
file327.TextGrid,1,0.250,137,137,134,134,145,164,181,199,216,225
file327.TextGrid,2,0.460,225,230,445,334,130,133,201,223,225,225
file328.TextGrid,1,0.220,131,131,131,131,131,128,124,123,123,121
file328.TextGrid,2,0.530,121,113,129,153,135,92,80,80,80,80
file329.TextGrid,1,0.180,152,152,154,164,185,211,235,245,230,194
file329.TextGrid,2,0.280,194,145,128,120,113,108,105,106,106,106
file33.TextGrid,1,0.220,127,127,127,127,127,127,115,106,104,107
file33.TextGrid,2,0.630,107,117,124,110,111,120,121,122,122,122
file330.TextGrid,1,0.500,131,137,134,159,184,198,196,180,158,140
file330.TextGrid,2,0.270,140,133,125,120,115,111,106,102,102,102
file331.TextGrid,1,0.300,118,118,119,120,121,124,134,144,149,148
file331.TextGrid,2,0.380,148,142,133,128,123,115,106,101,100,100
file332.TextGrid,1,0.230,130,129,121,115,113,113,114,115,115,116
file332.TextGrid,2,0.680,116,111,107,110,125,135,124,127,127,127
file333.TextGrid,1,0.270,439,398,265,192,187,188,186,177,164,146
file333.TextGrid,2,0.300,146,125,116,114,110,107,104,102,102,102
file334.TextGrid,1,0.280,123,124,125,126,129,134,136,136,135,133
file334.TextGrid,2,0.630,133,117,119,139,145,140,122,107,107,107
file335.TextGrid,1,0.250,116,115,113,116,119,118,119,119,118,116
file335.TextGrid,2,0.270,116,112,112,116,118,120,125,126,126,126
file336.TextGrid,1,0.270,151,151,151,151,151,176,215,240,249,249
file336.TextGrid,2,0.570,249,239,165,125,119,119,119,119,119,119
file337.TextGrid,1,0.270,125,127,127,129,130,125,119,116,116,117
file337.TextGrid,2,0.380,117,119,118,120,129,135,127,124,123,123
file338.TextGrid,1,0.260,99,99,98,100,103,105,106,106,106,107
file338.TextGrid,2,0.710,107,103,102,122,157,192,198,190,190,190
file339.TextGrid,1,0.190,113,114,117,121,125,127,126,122,117,115
file339.TextGrid,2,0.220,115,113,111,108,105,105,105,105,105,105
file34.TextGrid,1,0.260,145,145,145,145,145,157,173,190,202,202
file34.TextGrid,2,0.410,202,177,161,151,132,117,105,98,96,96
file340.TextGrid,1,0.460,128,127,119,124,131,130,128,126,126,125
file340.TextGrid,2,0.490,125,112,106,104,105,104,104,104,104,104
file341.TextGrid,1,0.400,136,136,144,144,136,139,139,135,138,133
file341.TextGrid,2,0.610,133,131,156,180,181,155,123,106,104,104
file342.TextGrid,1,0.050,131,131,131,130,127,125,122,121,119,118
file342.TextGrid,2,0.310,118,120,124,127,120,108,106,108,110,110
file343.TextGrid,1,0.120,114,114,114,114,114,114,114,113,111,109
file343.TextGrid,2,0.510,109,105,104,99,109,124,124,124,124,124
file344.TextGrid,1,0.680,178,178,178,178,187,210,197,171,141,124
file344.TextGrid,2,0.330,124,120,113,109,106,102,101,101,101,101
file345.TextGrid,1,0.320,132,132,132,132,130,124,126,120,111,115
file345.TextGrid,2,0.500,115,174,136,120,139,117,182,170,108,108
file346.TextGrid,1,0.270,110,110,110,110,114,126,145,166,181,184
file346.TextGrid,2,0.340,184,177,170,158,140,128,119,113,111,111
file347.TextGrid,1,0.310,133,133,134,134,134,138,153,174,191,192
file347.TextGrid,2,0.330,192,178,163,147,134,126,119,111,107,107
file348.TextGrid,1,0.220,153,161,167,167,165,163,161,159,157,153
file348.TextGrid,2,0.590,153,132,116,111,107,105,104,102,102,102
file349.TextGrid,1,0.130,123,123,123,123,123,122,120,119,118,118
file349.TextGrid,2,0.310,118,121,124,124,122,121,121,121,121,121
file35.TextGrid,1,0.140,124,124,124,124,124,124,123,122,121,120
file35.TextGrid,2,0.490,120,117,113,102,93,94,94,94,94,94
file350.TextGrid,1,0.130,145,145,145,144,142,141,141,140,138,136
file350.TextGrid,2,0.260,136,134,133,133,132,129,125,122,121,121
file351.TextGrid,1,0.440,197,197,197,197,197,211,239,251,268,348
file351.TextGrid,2,0.270,348,321,211,132,114,107,105,105,105,105
file352.TextGrid,1,0.120,136,136,141,145,150,154,157,158,158,155
file352.TextGrid,2,0.450,155,140,132,123,117,115,115,117,121,121
file353.TextGrid,1,0.200,147,147,147,150,156,164,168,169,167,163
file353.TextGrid,2,0.430,163,152,135,118,109,103,98,92,91,91
file354.TextGrid,1,0.430,160,160,160,160,164,184,203,208,200,179
file354.TextGrid,2,0.370,179,165,154,143,129,114,106,102,101,101
file355.TextGrid,1,0.360,138,137,132,136,151,173,194,185,158,142
file355.TextGrid,2,0.400,142,129,118,116,121,126,124,118,111,109
file356.TextGrid,1,0.250,121,121,118,114,116,116,113,110,107,105
file356.TextGrid,2,0.410,105,105,109,118,138,141,141,141,141,141
file357.TextGrid,1,0.190,111,111,111,111,111,111,111,111,111,111
file357.TextGrid,2,0.800,111,111,111,105,113,147,148,148,148,148
file358.TextGrid,1,0.370,127,127,132,152,173,190,199,198,193,178
file358.TextGrid,2,0.380,178,151,129,117,108,100,95,95,95,95
file359.TextGrid,1,0.420,106,106,112,130,154,166,166,160,154,142
file359.TextGrid,2,0.330,142,132,125,118,115,113,111,110,110,110
file36.TextGrid,1,0.220,123,123,123,123,123,123,123,123,123,123
file36.TextGrid,2,0.470,123,113,110,109,111,125,134,129,125,125
file360.TextGrid,1,0.470,175,175,175,181,205,198,185,172,159,146
file360.TextGrid,2,0.370,146,135,125,117,110,103,100,98,94,93
file361.TextGrid,1,0.150,119,119,117,112,109,109,108,106,104,104
file361.TextGrid,2,0.480,104,107,109,105,112,127,127,127,127,127
file362.TextGrid,1,0.130,119,119,118,116,114,113,114,114,115,115
file362.TextGrid,2,0.540,115,117,113,112,127,127,128,128,128,128
file363.TextGrid,1,0.170,115,115,115,113,111,111,111,109,106,104
file363.TextGrid,2,0.520,104,107,113,116,107,97,93,93,93,93
file364.TextGrid,1,0.390,170,123,122,132,141,146,146,147,147,142
file364.TextGrid,2,0.510,142,128,118,114,109,105,102,97,96,96
file365.TextGrid,1,0.290,106,106,106,107,106,103,102,100,97,99
file365.TextGrid,2,0.300,99,105,111,122,134,139,139,139,139,139
file366.TextGrid,1,0.270,166,166,166,170,172,166,154,142,131,121
file366.TextGrid,2,0.190,121,115,111,106,103,103,103,103,103,103
file367.TextGrid,1,0.350,165,165,165,165,165,165,168,184,197,198
file367.TextGrid,2,0.190,198,190,177,162,146,131,119,106,93,91
file368.TextGrid,1,0.340,171,171,171,171,171,171,171,173,174,162
file368.TextGrid,2,0.410,162,145,131,121,112,107,102,104,115,118
file369.TextGrid,1,0.300,174,174,174,174,174,174,171,174,177,174
file369.TextGrid,2,0.250,174,170,165,158,150,143,137,131,131,131
file37.TextGrid,1,0.340,127,127,129,128,129,130,132,134,136,137
file37.TextGrid,2,0.480,137,140,146,143,128,110,98,92,92,92
file370.TextGrid,1,0.300,116,116,116,116,115,111,110,111,114,120
file370.TextGrid,2,0.280,120,124,125,125,133,141,140,136,136,136
file371.TextGrid,1,0.200,116,116,116,116,116,116,116,112,106,105
file371.TextGrid,2,0.240,105,106,103,99,100,102,107,114,118,119
file372.TextGrid,1,0.330,162,154,135,135,136,137,139,140,138,136
file372.TextGrid,2,0.360,136,133,129,124,124,131,138,139,139,139
file373.TextGrid,1,0.230,112,112,112,113,116,113,109,108,108,108
file373.TextGrid,2,0.370,108,111,120,125,120,120,120,120,120,120
file374.TextGrid,1,0.170,118,118,118,116,115,114,114,113,112,110
file374.TextGrid,2,0.450,110,107,109,183,434,467,467,467,467,467
file375.TextGrid,1,0.350,176,179,189,198,196,197,198,199,200,200
file375.TextGrid,2,0.330,200,203,207,205,201,197,193,190,189,189
file376.TextGrid,1,0.200,146,146,146,148,161,178,190,196,196,191
file376.TextGrid,2,0.210,191,183,177,174,174,175,176,176,176,176
file377.TextGrid,1,0.150,120,120,121,122,122,121,118,116,113,110
file377.TextGrid,2,0.500,110,107,108,107,112,122,123,123,123,123
file378.TextGrid,1,0.320,135,135,139,149,169,192,208,210,193,165
file378.TextGrid,2,0.250,165,144,129,120,114,108,105,102,101,100
file379.TextGrid,1,0.290,121,121,121,121,121,121,115,113,114,115
file379.TextGrid,2,0.200,115,113,112,113,115,115,115,115,115,115
file38.TextGrid,1,0.330,125,125,124,123,119,117,116,114,113,111
file38.TextGrid,2,0.430,111,109,107,104,101,102,101,101,101,101
file380.TextGrid,1,0.220,126,119,118,119,115,109,102,100,102,108
file380.TextGrid,2,0.480,108,111,107,110,118,118,118,118,118,118
file381.TextGrid,1,0.180,124,124,124,124,124,120,116,114,111,107
file381.TextGrid,2,0.440,107,105,106,121,158,187,190,192,192,192
file382.TextGrid,1,0.390,145,145,145,145,145,140,132,124,115,115
file382.TextGrid,2,0.660,115,108,120,141,140,125,108,99,96,96
file383.TextGrid,1,0.180,115,115,115,115,115,115,114,112,109,105
file383.TextGrid,2,0.290,105,101,97,93,92,93,93,93,93,93
file384.TextGrid,1,0.430,114,115,119,120,119,117,116,114,112,110
file384.TextGrid,2,0.340,110,108,105,104,104,105,105,105,105,105
file385.TextGrid,1,0.110,128,128,125,123,121,120,122,125,129,134
file385.TextGrid,2,0.370,134,151,156,153,239,491,514,514,514,514
file386.TextGrid,1,0.200,189,189,187,185,186,184,180,173,162,149
file386.TextGrid,2,0.220,149,136,126,117,110,107,106,106,106,106
file387.TextGrid,1,0.390,109,105,95,102,110,118,126,130,121,112
file387.TextGrid,2,0.350,112,99,85,79,77,77,77,78,78,78
file388.TextGrid,1,0.050,120,119,118,117,115,114,113,112,111,111
file388.TextGrid,2,0.570,111,111,112,120,149,149,149,149,149,149
file389.TextGrid,1,0.160,128,128,128,128,128,128,128,124,117,113
file389.TextGrid,2,0.510,113,111,113,126,129,120,120,120,120,120
file39.TextGrid,1,0.300,113,113,113,113,116,120,120,118,116,115
file39.TextGrid,2,0.450,115,117,140,169,170,170,170,170,170,170
file390.TextGrid,1,0.290,102,102,102,102,104,105,105,105,105,105
file390.TextGrid,2,0.470,105,104,108,120,130,128,128,128,128,128
file391.TextGrid,1,0.460,162,162,157,150,143,134,125,117,109,101
file391.TextGrid,2,0.180,101,98,96,93,91,89,86,85,85,85
file392.TextGrid,1,0.540,153,153,153,153,157,172,156,131,121,117
file392.TextGrid,2,0.230,117,121,126,126,122,119,117,114,110,109
file393.TextGrid,1,0.130,122,122,121,117,115,116,118,119,119,116
file393.TextGrid,2,0.500,116,108,108,111,127,137,137,137,137,137
file394.TextGrid,1,0.170,118,118,118,118,118,118,118,116,111,108
file394.TextGrid,2,0.440,108,108,108,116,123,120,120,120,120,120
file395.TextGrid,1,0.380,130,130,130,130,123,118,114,107,103,191
file395.TextGrid,2,0.260,191,346,402,288,151,134,134,134,134,134
file396.TextGrid,1,0.220,115,115,115,115,115,115,115,114,111,108
file396.TextGrid,2,0.400,108,108,107,112,126,139,143,141,141,141
file397.TextGrid,1,0.180,121,121,121,121,121,121,121,121,119,115
file397.TextGrid,2,0.490,115,111,133,142,142,130,122,122,122,122
file398.TextGrid,1,0.420,247,247,247,247,246,247,248,242,232,213
file398.TextGrid,2,0.220,213,198,185,177,170,166,165,165,166,166
file399.TextGrid,1,0.040,127,127,127,127,127,127,127,126,126,126
file399.TextGrid,2,0.480,126,117,119,145,142,137,131,131,131,131
file4.TextGrid,1,0.260,162,162,162,159,155,151,147,144,139,133
file4.TextGrid,2,0.380,133,125,119,113,106,100,94,89,85,85
file40.TextGrid,1,0.370,111,111,110,111,114,112,111,109,108,110
file40.TextGrid,2,0.480,110,113,115,125,146,168,169,169,169,169
file400.TextGrid,1,0.120,194,198,203,207,212,219,230,243,259,275
file400.TextGrid,2,0.540,275,345,415,484,411,125,116,116,116,116
file401.TextGrid,1,0.150,130,130,130,126,122,118,115,111,107,104
file401.TextGrid,2,0.240,104,104,108,108,106,104,101,99,99,101
file402.TextGrid,1,0.230,139,139,140,143,146,147,145,143,139,137
file402.TextGrid,2,0.640,137,148,161,163,161,135,108,99,98,98
file403.TextGrid,1,0.220,142,142,142,137,127,120,115,110,106,101
file403.TextGrid,2,0.270,101,98,96,95,94,94,94,94,94,94
file404.TextGrid,1,0.430,122,116,110,107,108,111,103,101,107,112
file404.TextGrid,2,0.450,112,109,101,97,96,98,99,99,99,99
file405.TextGrid,1,0.240,109,109,109,111,112,110,105,102,106,110
file405.TextGrid,2,0.200,110,107,102,100,102,105,112,121,129,135
file406.TextGrid,1,0.280,135,134,132,129,126,122,118,116,115,114
file406.TextGrid,2,0.490,114,109,109,106,103,104,104,104,104,104
file407.TextGrid,1,0.330,193,167,134,131,133,137,144,151,156,153
file407.TextGrid,2,0.420,153,140,137,140,129,124,124,124,124,124
file408.TextGrid,1,0.040,116,116,115,115,114,114,114,114,113,113
file408.TextGrid,2,0.660,113,113,108,113,135,122,117,117,117,117
file409.TextGrid,1,0.390,129,129,128,130,130,130,130,130,129,131
file409.TextGrid,2,0.590,131,157,193,179,140,121,112,111,111,111
file41.TextGrid,1,0.470,140,128,130,154,173,181,175,168,156,144
file41.TextGrid,2,0.430,144,136,130,125,121,121,121,121,121,121
file410.TextGrid,1,0.330,116,116,119,128,132,141,160,178,190,185
file410.TextGrid,2,0.250,185,170,153,136,123,114,106,101,99,99
file411.TextGrid,1,0.250,168,168,171,169,165,161,157,153,149,144
file411.TextGrid,2,0.570,144,131,123,118,113,110,109,109,109,109
file412.TextGrid,1,0.230,164,164,172,183,190,191,190,181,163,146
file412.TextGrid,2,0.430,146,132,122,112,105,103,102,103,104,104
file413.TextGrid,1,0.410,179,179,179,179,181,200,213,209,200,186
file413.TextGrid,2,0.530,186,167,147,123,110,107,106,106,106,106
file414.TextGrid,1,0.540,109,108,115,119,118,114,111,115,118,118
file414.TextGrid,2,0.310,118,117,117,117,117,117,117,117,117,117
file415.TextGrid,1,0.240,128,128,128,128,128,128,123,115,110,107
file415.TextGrid,2,0.410,107,103,99,95,95,102,101,100,100,100
file416.TextGrid,1,0.180,120,120,120,118,117,117,117,115,113,112
file416.TextGrid,2,0.570,112,109,108,120,136,114,118,119,119,119
file417.TextGrid,1,0.290,112,108,98,95,93,91,89,88,86,84
file417.TextGrid,2,0.320,84,83,83,83,81,79,79,79,79,79
file418.TextGrid,1,0.170,120,121,120,116,112,107,105,103,101,99
file418.TextGrid,2,0.140,99,99,99,100,102,104,106,109,113,117
file419.TextGrid,1,0.100,124,124,124,123,120,117,114,113,113,113
file419.TextGrid,2,0.250,113,113,112,111,110,109,108,107,109,116
file42.TextGrid,1,0.070,107,107,107,107,107,107,107,107,107,107
file42.TextGrid,2,0.670,107,107,107,100,99,111,132,132,130,130
file420.TextGrid,1,0.140,113,113,113,113,113,113,113,113,113,113
file420.TextGrid,2,0.510,113,113,113,112,118,122,119,119,117,117
file421.TextGrid,1,0.550,123,125,125,127,135,138,154,171,164,136
file421.TextGrid,2,0.330,136,119,111,110,108,101,95,91,91,91
file422.TextGrid,1,0.210,121,121,120,120,121,119,117,115,113,111
file422.TextGrid,2,0.380,111,110,112,120,129,142,142,142,142,142
file423.TextGrid,1,0.410,126,126,126,122,113,118,123,133,139,140
file423.TextGrid,2,0.210,140,140,140,140,140,140,140,140,140,140
file424.TextGrid,1,0.050,489,461,427,389,348,307,266,232,200,175
file424.TextGrid,2,0.510,175,110,108,111,126,136,134,134,134,134
file425.TextGrid,1,0.150,141,141,141,140,137,136,135,135,135,135
file425.TextGrid,2,0.310,135,138,147,157,173,187,195,202,202,202
file426.TextGrid,1,0.170,172,172,172,173,177,182,188,193,192,184
file426.TextGrid,2,0.480,184,157,142,125,114,108,103,99,99,99
file427.TextGrid,1,0.230,112,112,114,116,113,108,105,104,104,104
file427.TextGrid,2,0.500,104,104,101,99,102,118,123,122,122,122
file428.TextGrid,1,0.330,469,345,196,189,200,200,194,187,178,163
file428.TextGrid,2,0.430,163,141,125,117,113,108,104,98,96,96
file429.TextGrid,1,0.120,107,107,106,106,106,105,105,104,103,100
file429.TextGrid,2,0.620,100,99,104,120,127,127,127,127,127,127
file43.TextGrid,1,0.360,116,116,116,116,116,109,102,98,94,91
file43.TextGrid,2,0.310,91,88,84,79,77,77,77,77,77,77
file430.TextGrid,1,0.420,147,147,147,147,146,136,130,135,142,147
file430.TextGrid,2,0.640,147,139,147,150,132,116,106,101,101,101
file431.TextGrid,1,0.100,165,165,165,165,165,165,165,165,166,167
file431.TextGrid,2,0.670,167,185,162,128,113,113,113,113,113,113
file432.TextGrid,1,0.140,109,109,109,109,109,109,111,113,116,120
file432.TextGrid,2,0.590,120,120,110,99,107,149,178,107,97,97
file433.TextGrid,1,0.220,112,112,112,112,110,109,108,110,114,119
file433.TextGrid,2,0.230,119,121,121,121,121,121,121,122,122,121
file434.TextGrid,1,0.220,102,102,102,102,102,102,103,106,112,118
file434.TextGrid,2,0.310,118,125,129,124,114,102,91,85,85,85
file435.TextGrid,1,0.390,117,127,155,185,208,216,202,177,154,135
file435.TextGrid,2,0.350,135,124,116,109,108,108,108,108,108,108
file436.TextGrid,1,0.170,135,131,121,114,112,114,116,115,111,107
file436.TextGrid,2,0.320,107,107,107,102,101,104,104,104,104,104
file437.TextGrid,1,0.210,181,181,179,178,179,178,176,174,171,163
file437.TextGrid,2,0.260,163,148,132,117,105,97,96,96,96,96
file438.TextGrid,1,0.240,114,114,114,114,114,114,112,110,109,108
file438.TextGrid,2,0.410,108,109,110,106,107,124,130,130,130,130
file439.TextGrid,1,0.270,124,125,126,125,127,129,129,128,127,125
file439.TextGrid,2,0.110,125,124,123,123,122,122,122,122,122,123
file44.TextGrid,1,0.100,137,139,140,142,143,143,142,141,140,138
file44.TextGrid,2,0.480,138,132,128,121,113,111,103,98,96,95
file440.TextGrid,1,0.440,207,207,207,207,219,230,201,170,135,123
file440.TextGrid,2,0.390,123,125,120,117,115,113,115,116,116,116
file441.TextGrid,1,0.430,127,127,127,127,128,132,133,137,136,120
file441.TextGrid,2,0.570,120,108,104,98,97,97,97,97,97,97
file442.TextGrid,1,0.200,117,117,117,117,117,118,123,127,129,128
file442.TextGrid,2,0.400,128,128,129,129,128,119,120,128,128,128
file443.TextGrid,1,0.280,124,124,122,125,125,116,117,122,127,124
file443.TextGrid,2,0.450,124,115,109,119,128,127,127,127,127,127
file444.TextGrid,1,0.250,131,131,129,126,124,124,123,126,145,192
file444.TextGrid,2,0.240,192,246,300,355,413,460,467,454,454,454
file445.TextGrid,1,0.180,128,123,118,115,114,112,110,108,105,102
file445.TextGrid,2,0.110,102,101,100,99,98,98,98,98,98,98
file446.TextGrid,1,0.430,157,157,157,170,186,196,191,175,152,130
file446.TextGrid,2,0.250,130,123,118,113,109,105,102,101,101,101
file447.TextGrid,1,0.230,137,137,137,141,152,168,185,198,201,191
file447.TextGrid,2,0.240,191,173,159,149,141,134,127,121,118,118
file448.TextGrid,1,0.270,223,223,223,223,223,223,223,230,228,209
file448.TextGrid,2,0.270,209,190,177,163,148,137,128,120,113,112
file449.TextGrid,1,0.260,114,114,114,114,114,114,114,114,112,108
file449.TextGrid,2,0.330,108,105,99,95,97,101,101,101,101,101
file45.TextGrid,1,0.170,172,172,170,163,161,164,169,173,174,174
file45.TextGrid,2,0.460,174,169,160,154,151,149,151,151,151,151
file450.TextGrid,1,0.200,108,108,108,108,108,108,105,102,101,100
file450.TextGrid,2,0.610,100,101,102,102,109,126,134,133,134,134
file451.TextGrid,1,0.160,127,127,127,127,125,123,120,117,112,109
file451.TextGrid,2,0.360,109,102,98,95,95,97,97,97,97,97
file452.TextGrid,1,0.190,116,116,116,116,116,116,116,116,116,116
file452.TextGrid,2,0.260,116,116,111,109,113,122,135,148,154,150
file453.TextGrid,1,0.120,131,131,131,129,126,123,121,119,118,117
file453.TextGrid,2,0.370,117,125,138,141,138,126,112,102,101,101
file454.TextGrid,1,0.310,119,119,119,115,113,128,149,177,199,199
file454.TextGrid,2,0.260,199,183,169,162,154,143,132,122,115,115
file455.TextGrid,1,0.210,113,113,107,104,104,104,104,103,102,101
file455.TextGrid,2,0.450,101,99,99,101,112,124,126,126,126,126
file456.TextGrid,1,0.240,111,111,111,111,111,109,100,94,95,97
file456.TextGrid,2,0.470,97,103,108,111,129,147,144,144,144,144
file457.TextGrid,1,0.130,116,116,116,114,111,109,107,106,105,104
file457.TextGrid,2,0.500,104,106,104,104,116,134,134,134,134,134
file458.TextGrid,1,0.150,117,117,117,117,119,122,123,122,121,119
file458.TextGrid,2,0.450,119,117,115,122,129,129,129,129,129,129
file459.TextGrid,1,0.110,146,147,147,147,146,144,141,138,135,131
file459.TextGrid,2,0.360,131,119,110,103,98,95,94,95,95,95
file46.TextGrid,1,0.350,172,172,176,208,244,249,249,239,219,202
file46.TextGrid,2,0.220,202,196,186,171,159,154,155,155,155,155
file460.TextGrid,1,0.040,113,113,113,113,113,113,114,114,114,114
file460.TextGrid,2,0.580,114,116,111,117,157,189,190,190,190,190
file461.TextGrid,1,0.300,142,142,138,132,127,125,126,124,119,114
file461.TextGrid,2,0.200,114,112,113,113,111,110,109,109,109,109
file462.TextGrid,1,0.280,127,127,127,126,133,149,164,173,172,167
file462.TextGrid,2,0.410,167,159,151,143,135,125,111,102,97,96
file463.TextGrid,1,0.040,124,124,123,123,123,123,123,122,122,123
file463.TextGrid,2,0.600,123,132,143,159,180,153,114,98,98,98
file464.TextGrid,1,0.180,114,114,114,114,113,113,112,111,110,110
file464.TextGrid,2,0.460,110,111,111,103,105,125,142,147,147,147
file465.TextGrid,1,0.360,217,214,165,144,162,186,205,209,204,206
file465.TextGrid,2,0.450,206,180,126,111,107,107,107,107,107,107
file466.TextGrid,1,0.190,157,157,157,157,154,149,144,137,129,123
file466.TextGrid,2,0.370,123,119,117,114,112,117,118,118,118,118
file467.TextGrid,1,0.300,117,117,117,117,117,117,112,108,106,106
file467.TextGrid,2,0.600,106,115,118,125,149,150,147,149,149,149
file468.TextGrid,1,0.290,93,93,93,97,106,112,113,110,107,108
file468.TextGrid,2,0.430,108,103,104,121,145,155,142,142,142,142
file469.TextGrid,1,0.210,170,170,172,185,200,211,218,218,207,192
file469.TextGrid,2,0.360,192,171,154,138,123,114,103,93,93,93
file47.TextGrid,1,0.480,121,121,129,141,156,176,190,191,228,212
file47.TextGrid,2,0.270,212,154,118,108,103,99,99,99,99,99
file470.TextGrid,1,0.480,158,158,158,160,187,210,204,171,131,117
file470.TextGrid,2,0.380,117,120,120,113,110,109,108,107,107,107
file471.TextGrid,1,0.320,127,127,128,128,124,125,131,171,209,205
file471.TextGrid,2,0.480,205,175,144,118,115,116,115,115,115,115
file472.TextGrid,1,0.190,132,132,129,121,116,113,112,111,110,109
file472.TextGrid,2,0.560,109,106,109,112,126,118,112,112,112,112
file473.TextGrid,1,0.140,120,120,120,120,120,120,120,120,120,120
file473.TextGrid,2,0.560,120,120,115,106,101,108,150,201,204,204
file474.TextGrid,1,0.220,112,112,112,111,108,106,105,106,106,105
file474.TextGrid,2,0.640,105,106,106,117,130,128,128,128,128,128
file475.TextGrid,1,0.270,119,119,116,112,107,102,100,100,102,104
file475.TextGrid,2,0.400,104,104,104,106,113,127,132,131,130,130
file476.TextGrid,1,0.330,114,114,114,114,114,114,120,126,123,115
file476.TextGrid,2,0.270,115,111,109,106,104,100,95,94,94,94
file477.TextGrid,1,0.310,126,126,132,140,148,157,169,180,191,219
file477.TextGrid,2,0.490,219,338,465,399,129,108,106,106,106,106
file478.TextGrid,1,0.150,156,156,156,156,156,156,155,154,153,153
file478.TextGrid,2,0.500,153,150,141,131,116,107,106,106,106,106
file479.TextGrid,1,0.250,130,128,117,114,117,117,115,114,114,116
file479.TextGrid,2,0.310,116,121,126,127,127,126,126,126,126,126
file48.TextGrid,1,0.200,132,132,132,133,133,128,127,130,133,135
file48.TextGrid,2,0.510,135,166,236,307,356,165,110,110,110,110
file480.TextGrid,1,0.290,104,104,104,107,118,136,153,171,185,187
file480.TextGrid,2,0.260,187,182,173,160,143,129,117,107,99,99
file481.TextGrid,1,0.520,143,143,143,156,177,195,189,168,139,122
file481.TextGrid,2,0.270,122,117,111,107,104,99,95,91,89,88
file482.TextGrid,1,0.370,112,112,112,112,111,106,102,99,96,91
file482.TextGrid,2,0.280,91,89,86,83,81,81,81,81,81,81
file483.TextGrid,1,0.170,129,129,129,130,131,132,133,135,136,137
file483.TextGrid,2,0.460,137,141,144,144,138,128,117,115,115,115
file484.TextGrid,1,0.210,113,113,113,111,110,111,111,110,109,108
file484.TextGrid,2,0.500,108,107,105,105,117,132,136,127,127,127
file485.TextGrid,1,0.490,165,165,165,165,165,167,173,156,148,146
file485.TextGrid,2,0.340,146,145,144,142,135,121,114,109,104,105
file486.TextGrid,1,0.470,117,114,114,123,139,154,166,168,158,134
file486.TextGrid,2,0.410,134,118,109,103,99,97,95,95,95,95
file487.TextGrid,1,0.170,115,115,115,115,115,115,115,115,111,109
file487.TextGrid,2,0.650,109,107,105,108,127,127,127,127,127,127
file488.TextGrid,1,0.520,118,118,117,107,105,104,118,135,136,133
file488.TextGrid,2,0.090,133,133,133,133,133,133,133,133,133,133
file489.TextGrid,1,0.320,122,122,126,130,138,152,168,178,181,171
file489.TextGrid,2,0.210,171,161,152,141,133,148,232,373,453,453
file49.TextGrid,1,0.530,117,117,123,135,148,153,157,154,149,144
file49.TextGrid,2,0.360,144,142,140,138,136,136,136,136,136,136
file490.TextGrid,1,0.260,147,147,150,161,172,179,183,182,177,166
file490.TextGrid,2,0.600,166,147,132,121,113,104,100,94,91,91
file491.TextGrid,1,0.220,134,134,134,134,136,140,149,166,186,206
file491.TextGrid,2,0.310,206,215,195,176,165,152,139,125,113,111
file492.TextGrid,1,0.050,154,153,151,150,149,147,146,145,144,144
file492.TextGrid,2,0.450,144,152,164,159,134,116,103,95,94,94
file493.TextGrid,1,0.480,151,151,151,152,159,165,161,150,136,122
file493.TextGrid,2,0.320,122,118,114,109,105,101,99,99,99,99
file494.TextGrid,1,0.260,115,115,122,134,142,146,147,146,145,142
file494.TextGrid,2,0.450,142,132,123,114,105,100,99,99,99,99
file495.TextGrid,1,0.150,132,132,132,128,122,118,115,115,117,119
file495.TextGrid,2,0.500,119,118,134,163,157,97,83,83,83,83
file496.TextGrid,1,0.430,215,192,143,168,202,228,232,208,174,145
file496.TextGrid,2,0.300,145,134,126,122,120,116,110,108,108,108
file497.TextGrid,1,0.220,122,122,122,123,123,123,124,125,128,129
file497.TextGrid,2,0.170,129,126,121,118,118,118,118,118,119,121
file498.TextGrid,1,0.180,116,116,114,112,110,109,109,109,110,110
file498.TextGrid,2,0.500,110,110,103,103,118,134,135,135,135,135
file499.TextGrid,1,0.320,129,129,128,127,129,131,132,134,136,138
file499.TextGrid,2,0.550,138,141,150,155,150,131,113,107,107,107
file5.TextGrid,1,0.250,136,136,136,136,136,136,136,136,133,132
file5.TextGrid,2,0.460,132,142,153,155,169,164,128,98,97,97
file50.TextGrid,1,0.150,118,118,118,116,116,116,117,117,116,114
file50.TextGrid,2,0.400,114,109,107,107,116,122,117,117,117,117
file500.TextGrid,1,0.540,157,148,157,180,202,199,175,158,140,133
file500.TextGrid,2,0.520,133,142,137,131,126,118,113,108,106,106
file501.TextGrid,1,0.360,144,144,148,162,179,180,171,162,154,145
file501.TextGrid,2,0.450,145,135,129,125,121,120,120,120,120,120
file502.TextGrid,1,0.330,200,200,197,195,191,182,173,161,146,135
file502.TextGrid,2,0.580,135,129,129,129,196,322,448,561,578,578
file503.TextGrid,1,0.350,130,130,130,136,153,175,194,200,192,176
file503.TextGrid,2,0.340,176,157,141,129,119,117,117,120,120,120
file504.TextGrid,1,0.130,164,169,175,180,183,185,184,182,180,178
file504.TextGrid,2,0.600,178,167,156,145,134,126,119,114,112,112
file505.TextGrid,1,0.270,131,131,131,131,129,119,118,122,127,129
file505.TextGrid,2,0.690,129,119,104,113,161,189,184,183,183,183
file506.TextGrid,1,0.250,129,129,129,134,149,169,189,199,194,181
file506.TextGrid,2,0.630,181,159,139,125,118,112,111,111,111,111
file507.TextGrid,1,0.240,155,156,163,178,199,220,237,249,255,248
file507.TextGrid,2,0.530,248,187,142,125,123,123,123,123,123,123
file508.TextGrid,1,0.170,175,175,175,175,175,175,175,175,176,180
file508.TextGrid,2,0.550,180,193,172,141,124,118,113,108,108,108
file509.TextGrid,1,0.420,141,141,141,141,139,134,131,128,125,116
file509.TextGrid,2,0.610,116,128,142,148,138,119,105,98,98,98
file51.TextGrid,1,0.140,120,120,120,120,120,119,116,113,111,110
file51.TextGrid,2,0.690,110,114,113,108,114,142,151,141,141,141
file510.TextGrid,1,0.350,119,116,113,113,114,113,108,103,100,128
file510.TextGrid,2,0.250,128,237,376,405,283,139,127,127,127,127
file511.TextGrid,1,0.210,84,85,86,85,86,89,90,89,88,87
file511.TextGrid,2,0.520,87,90,91,90,85,81,81,82,84,84
file512.TextGrid,1,0.390,152,152,149,156,167,181,199,220,236,238
file512.TextGrid,2,0.550,238,229,168,118,111,110,110,110,110,110
file513.TextGrid,1,0.450,114,114,110,119,150,177,189,186,177,162
file513.TextGrid,2,0.270,162,150,138,129,122,119,117,116,116,116
file514.TextGrid,1,0.490,346,315,147,164,199,214,200,181,162,144
file514.TextGrid,2,0.340,144,133,124,116,110,104,98,96,96,96
file515.TextGrid,1,0.100,133,133,133,133,133,133,131,129,128,127
file515.TextGrid,2,0.560,127,127,121,120,122,117,115,121,123,123
file516.TextGrid,1,0.310,116,116,123,149,172,175,168,161,154,144
file516.TextGrid,2,0.300,144,128,115,107,102,100,98,98,98,98
file517.TextGrid,1,0.410,192,192,192,192,194,194,180,136,117,114
file517.TextGrid,2,0.310,114,117,118,115,109,104,104,107,107,107
file518.TextGrid,1,0.190,188,188,188,188,193,199,202,199,189,176
file518.TextGrid,2,0.530,176,136,120,117,114,108,101,99,99,99
file519.TextGrid,1,0.090,120,120,120,120,120,120,120,120,119,117
file519.TextGrid,2,0.550,117,115,108,107,116,135,153,148,147,147
file52.TextGrid,1,0.310,118,118,118,118,118,112,107,105,102,104
file52.TextGrid,2,0.490,104,109,112,119,119,119,119,119,119,119
file520.TextGrid,1,0.060,130,130,130,130,130,129,127,126,125,124
file520.TextGrid,2,0.580,124,126,126,111,105,120,174,208,209,209
file521.TextGrid,1,0.300,128,128,119,115,113,120,161,197,160,116
file521.TextGrid,2,0.410,116,111,117,140,152,153,153,153,153,153
file522.TextGrid,1,0.170,129,127,125,124,122,117,112,108,106,107
file522.TextGrid,2,0.350,107,113,108,109,116,130,141,146,145,145
file523.TextGrid,1,0.190,178,178,178,178,178,179,188,197,205,207
file523.TextGrid,2,0.230,207,201,186,167,150,136,126,123,123,123
file524.TextGrid,1,0.280,137,137,137,138,145,156,168,176,178,172
file524.TextGrid,2,0.470,172,159,141,131,127,130,125,118,106,103
file525.TextGrid,1,0.210,120,119,118,116,112,108,105,104,104,104
file525.TextGrid,2,0.300,104,104,103,95,88,87,87,87,87,87
file526.TextGrid,1,0.430,114,117,230,483,257,179,159,128,116,114
file526.TextGrid,2,0.370,114,113,110,107,104,105,108,108,108,108
file527.TextGrid,1,0.330,111,111,112,115,114,111,114,114,114,115
file527.TextGrid,2,0.530,115,113,121,134,131,131,131,131,131,131
file528.TextGrid,1,0.250,124,124,124,119,117,114,112,110,108,107
file528.TextGrid,2,0.360,107,110,120,125,125,125,125,125,125,125
file529.TextGrid,1,0.260,118,118,115,116,116,113,111,104,99,101
file529.TextGrid,2,0.700,101,111,108,112,128,137,125,124,124,124
file53.TextGrid,1,0.180,119,119,119,116,113,112,112,110,108,107
file53.TextGrid,2,0.530,107,114,116,105,111,129,132,132,132,132
file530.TextGrid,1,0.300,124,124,126,134,143,149,150,148,146,141
file530.TextGrid,2,0.150,141,137,130,125,120,117,114,111,109,106
file531.TextGrid,1,0.140,136,129,121,115,112,110,109,108,107,105
file531.TextGrid,2,0.530,105,100,100,100,108,133,154,155,155,155
file532.TextGrid,1,0.110,113,113,113,113,113,113,113,113,113,113
file532.TextGrid,2,0.710,113,113,111,101,104,134,141,141,141,141
file533.TextGrid,1,0.170,113,113,113,113,113,113,113,113,112,112
file533.TextGrid,2,0.460,112,123,125,111,99,152,222,234,234,234
file534.TextGrid,1,0.050,126,126,126,126,126,126,124,123,122,121
file534.TextGrid,2,0.630,121,121,118,122,135,126,121,121,121,121
file535.TextGrid,1,0.290,213,213,213,213,213,213,213,220,227,221
file535.TextGrid,2,0.550,221,201,181,159,140,124,112,102,97,97
file536.TextGrid,1,0.170,117,117,117,117,117,117,117,117,113,109
file536.TextGrid,2,0.560,109,108,113,135,172,178,178,178,178,178
file537.TextGrid,1,0.220,104,104,104,104,104,108,113,113,109,105
file537.TextGrid,2,0.600,105,103,115,155,187,182,180,180,180,180
file538.TextGrid,1,0.180,239,237,235,234,234,233,228,220,209,198
file538.TextGrid,2,0.180,198,188,178,162,136,108,90,84,84,84
file539.TextGrid,1,0.540,175,175,175,175,184,197,201,192,175,145
file539.TextGrid,2,0.270,145,134,126,120,117,114,112,112,112,112
file54.TextGrid,1,0.090,123,123,124,124,124,125,125,124,123,121
file54.TextGrid,2,0.520,121,109,111,114,124,130,124,124,124,124
file540.TextGrid,1,0.370,121,122,126,127,128,140,171,188,182,157
file540.TextGrid,2,0.560,157,127,126,118,108,101,99,99,99,99
file541.TextGrid,1,0.520,158,158,158,158,168,182,178,146,114,110
file541.TextGrid,2,0.290,110,116,115,110,105,103,105,107,107,107
file542.TextGrid,1,0.170,108,108,108,107,105,104,102,101,99,99
file542.TextGrid,2,0.440,99,98,98,100,122,135,135,135,135,135
file543.TextGrid,1,0.320,155,167,178,186,185,178,177,178,167,146
file543.TextGrid,2,0.230,146,129,114,106,102,99,95,93,93,93
file544.TextGrid,1,0.300,142,138,128,125,121,118,117,116,114,113
file544.TextGrid,2,0.440,113,111,109,106,104,104,105,105,105,105
file545.TextGrid,1,0.440,165,165,165,165,165,170,179,183,177,161
file545.TextGrid,2,0.470,161,136,119,112,107,102,99,87,85,85
file546.TextGrid,1,0.240,145,155,165,170,170,167,163,159,156,152
file546.TextGrid,2,0.340,152,147,141,136,130,121,114,106,97,96
file547.TextGrid,1,0.360,130,129,129,124,121,119,117,115,113,111
file547.TextGrid,2,0.500,111,110,106,100,102,105,105,105,105,105
file548.TextGrid,1,0.170,125,125,125,124,116,110,107,106,105,104
file548.TextGrid,2,0.450,104,109,120,146,155,154,152,152,152,152
file549.TextGrid,1,0.240,113,113,113,115,119,123,123,120,116,114
file549.TextGrid,2,0.520,114,111,117,139,152,143,143,143,143,143
file55.TextGrid,1,0.300,161,161,159,160,159,157,153,148,139,138
file55.TextGrid,2,0.460,138,152,164,177,196,184,143,119,110,108
file550.TextGrid,1,0.220,125,125,128,134,144,157,171,181,186,183
file550.TextGrid,2,0.340,183,170,152,147,147,147,147,147,147,147
file551.TextGrid,1,0.280,183,179,172,179,199,215,222,226,226,225
file551.TextGrid,2,0.350,225,224,212,193,180,175,174,171,170,169
file552.TextGrid,1,0.300,139,139,138,139,143,151,163,179,194,192
file552.TextGrid,2,0.350,192,179,168,156,141,133,126,119,112,112
file553.TextGrid,1,0.280,223,223,209,156,132,141,150,154,153,141
file553.TextGrid,2,0.400,141,125,123,117,111,102,98,98,98,98
file554.TextGrid,1,0.350,128,128,120,115,115,111,109,107,107,111
file554.TextGrid,2,0.560,111,117,115,112,131,151,140,140,140,140
file555.TextGrid,1,0.330,121,121,121,121,121,121,117,113,110,108
file555.TextGrid,2,0.170,108,105,102,98,96,95,96,95,95,95
file556.TextGrid,1,0.190,117,117,117,114,112,113,115,114,113,113
file556.TextGrid,2,0.280,113,114,117,117,113,116,128,147,157,159
file557.TextGrid,1,0.280,135,146,158,165,169,165,156,148,138,128
file557.TextGrid,2,0.330,128,119,117,116,111,107,104,102,102,102
file558.TextGrid,1,0.120,120,120,120,120,121,121,121,120,118,116
file558.TextGrid,2,0.350,116,113,111,110,109,115,132,168,214,162
file559.TextGrid,1,0.340,122,122,116,117,120,117,113,107,103,106
file559.TextGrid,2,0.310,106,105,108,109,114,123,128,126,125,125
file56.TextGrid,1,0.170,119,119,119,118,117,115,113,110,108,106
file56.TextGrid,2,0.330,106,107,110,110,110,110,110,110,110,110
file560.TextGrid,1,0.280,118,118,118,118,118,118,113,107,104,103
file560.TextGrid,2,0.430,103,105,116,142,150,150,150,150,150,150
file561.TextGrid,1,0.700,123,125,118,109,139,189,179,156,138,121
file561.TextGrid,2,0.290,121,119,116,111,109,108,107,106,106,106
file562.TextGrid,1,0.340,131,131,152,171,181,183,178,170,161,148
file562.TextGrid,2,0.350,148,131,123,120,113,105,99,94,92,92
file563.TextGrid,1,0.050,119,119,119,119,119,119,118,118,118,118
file563.TextGrid,2,0.650,118,113,123,165,189,191,191,191,191,191
file564.TextGrid,1,0.130,172,172,172,172,172,172,171,170,168,165
file564.TextGrid,2,0.570,165,156,148,139,129,113,107,100,98,98
file565.TextGrid,1,0.350,161,161,161,161,161,152,146,144,144,145
file565.TextGrid,2,0.320,145,148,153,158,156,141,126,121,124,126
file566.TextGrid,1,0.150,395,337,281,243,225,223,224,223,217,207
file566.TextGrid,2,0.510,207,170,151,138,125,118,114,112,112,112
file567.TextGrid,1,0.270,219,219,216,216,216,212,201,190,179,168
file567.TextGrid,2,0.390,168,152,136,120,121,170,194,194,194,194
file568.TextGrid,1,0.210,164,164,164,164,164,164,167,174,178,176
file568.TextGrid,2,0.300,176,157,134,120,111,108,109,137,210,294
file569.TextGrid,1,0.140,118,118,118,118,118,118,118,117,115,113
file569.TextGrid,2,0.540,113,121,115,113,127,128,128,128,128,128
file57.TextGrid,1,0.160,118,118,118,118,118,118,118,117,116,115
file57.TextGrid,2,0.470,115,115,119,112,106,110,110,110,110,110
file570.TextGrid,1,0.300,191,191,191,191,191,191,192,204,215,206
file570.TextGrid,2,0.270,206,189,173,157,143,133,125,116,109,108
file571.TextGrid,1,0.300,108,108,109,113,119,126,130,133,136,139
file571.TextGrid,2,0.680,139,146,151,151,151,136,112,97,98,98
file572.TextGrid,1,0.250,131,131,133,136,143,152,163,173,180,178
file572.TextGrid,2,0.430,178,156,134,116,98,92,92,92,92,92
file573.TextGrid,1,0.470,133,138,142,146,153,167,173,166,146,130
file573.TextGrid,2,0.360,130,121,114,110,108,104,105,107,107,107
file574.TextGrid,1,0.170,120,120,123,125,126,125,125,126,125,124
file574.TextGrid,2,0.490,124,112,111,108,118,120,119,119,119,119
file575.TextGrid,1,0.230,101,101,101,101,106,110,112,113,112,110
file575.TextGrid,2,0.410,110,106,101,96,94,96,97,98,98,98
file576.TextGrid,1,0.280,129,129,129,131,143,161,181,202,244,291
file576.TextGrid,2,0.490,291,174,137,126,123,123,123,123,123,123
file577.TextGrid,1,0.150,116,116,116,116,115,114,111,109,107,108
file577.TextGrid,2,0.230,108,111,112,112,110,107,106,109,114,120
file578.TextGrid,1,0.360,153,153,153,153,153,153,170,179,179,166
file578.TextGrid,2,0.480,166,144,122,111,158,349,406,406,406,406
file579.TextGrid,1,0.170,139,139,139,139,139,139,142,145,148,150
file579.TextGrid,2,0.340,150,152,150,143,133,129,140,142,142,142
file58.TextGrid,1,0.510,106,107,133,173,208,212,184,148,131,121
file58.TextGrid,2,0.150,121,118,115,112,110,107,105,104,103,103
file580.TextGrid,1,0.350,144,144,144,144,141,133,118,113,113,110
file580.TextGrid,2,0.630,110,111,127,133,113,113,113,113,113,113
file581.TextGrid,1,0.280,146,146,148,156,169,186,203,215,220,219
file581.TextGrid,2,0.340,219,215,202,180,158,147,140,131,124,124
file582.TextGrid,1,0.450,125,125,122,125,142,162,171,166,161,140
file582.TextGrid,2,0.360,140,131,133,132,124,118,113,105,101,101
file583.TextGrid,1,0.170,120,120,120,120,120,120,120,120,118,116
file583.TextGrid,2,0.470,116,121,121,111,98,101,107,107,107,107
file584.TextGrid,1,0.290,137,137,132,130,128,128,130,129,127,121
file584.TextGrid,2,0.400,121,111,105,104,104,104,104,104,104,104
file585.TextGrid,1,0.220,119,119,119,119,119,119,119,115,111,109
file585.TextGrid,2,0.440,109,106,105,103,99,111,280,555,558,558
file586.TextGrid,1,0.180,115,115,115,115,115,115,115,113,108,104
file586.TextGrid,2,0.580,104,105,105,104,113,135,146,152,149,149
file587.TextGrid,1,0.280,111,111,111,113,122,142,167,187,195,187
file587.TextGrid,2,0.320,187,167,157,155,146,132,122,115,113,113
file588.TextGrid,1,0.170,107,107,101,97,97,101,105,107,107,106
file588.TextGrid,2,0.460,106,103,103,115,122,124,124,124,124,124
file589.TextGrid,1,0.290,125,125,125,128,136,152,175,195,202,196
file589.TextGrid,2,0.480,196,184,172,160,147,132,121,114,110,110
file59.TextGrid,1,0.170,153,156,161,168,173,176,176,174,170,165
file59.TextGrid,2,0.360,165,153,140,130,126,125,123,121,121,123
file590.TextGrid,1,0.470,164,164,175,198,207,192,162,138,128,122
file590.TextGrid,2,0.220,122,119,117,115,113,111,108,107,107,107
file591.TextGrid,1,0.210,146,146,146,150,160,173,185,195,203,205
file591.TextGrid,2,0.420,205,183,146,123,112,105,110,220,292,292
file592.TextGrid,1,0.320,128,128,128,144,156,153,147,140,134,127
file592.TextGrid,2,0.260,127,117,109,105,101,97,96,97,97,97
file593.TextGrid,1,0.160,151,151,151,147,141,135,131,128,125,122
file593.TextGrid,2,0.440,122,114,112,123,147,166,171,169,169,169
file594.TextGrid,1,0.230,115,115,116,115,114,113,111,109,110,113
file594.TextGrid,2,0.510,113,109,107,111,131,132,132,132,132,132
file595.TextGrid,1,0.390,136,131,124,125,126,126,124,121,123,125
file595.TextGrid,2,0.410,125,123,116,115,115,116,116,115,115,115
file596.TextGrid,1,0.400,163,163,163,163,163,168,182,190,181,163
file596.TextGrid,2,0.380,163,144,139,135,131,125,116,109,101,100
file597.TextGrid,1,0.300,192,192,192,192,192,192,192,194,200,194
file597.TextGrid,2,0.320,194,181,174,169,161,147,135,127,120,118
file598.TextGrid,1,0.230,128,128,124,121,119,116,113,110,108,106
file598.TextGrid,2,0.430,106,106,111,124,128,125,123,123,123,123
file599.TextGrid,1,0.420,121,121,122,131,149,164,172,170,165,153
file599.TextGrid,2,0.440,153,146,142,130,120,113,102,97,97,97
file6.TextGrid,1,0.180,199,199,199,200,202,205,207,208,208,206
file6.TextGrid,2,0.290,206,199,190,178,161,144,132,124,120,120
file60.TextGrid,1,0.200,117,117,117,117,112,108,105,104,104,104
file60.TextGrid,2,0.330,104,105,110,124,134,134,134,134,134,134
file600.TextGrid,1,0.240,126,125,117,116,116,114,112,111,110,108
file600.TextGrid,2,0.570,108,104,117,139,140,141,141,141,141,141
file601.TextGrid,1,0.120,106,106,106,106,105,105,105,105,105,105
file601.TextGrid,2,0.290,105,105,105,104,104,103,102,103,105,105
file602.TextGrid,1,0.380,567,567,567,556,492,286,180,182,180,174
file602.TextGrid,2,0.430,174,138,113,107,106,107,107,107,107,107
file603.TextGrid,1,0.290,139,139,140,151,163,172,175,171,164,158
file603.TextGrid,2,0.370,158,151,140,131,123,119,116,113,110,108
file604.TextGrid,1,0.270,118,118,119,129,144,154,155,147,133,121
file604.TextGrid,2,0.310,121,113,109,104,100,100,101,101,101,101
file605.TextGrid,1,0.070,155,154,153,152,151,151,150,150,149,148
file605.TextGrid,2,0.290,148,141,131,122,113,114,152,187,187,187
file606.TextGrid,1,0.420,162,162,162,162,162,176,203,221,221,196
file606.TextGrid,2,0.270,196,172,150,130,116,109,105,102,101,101
file607.TextGrid,1,0.280,119,119,119,120,124,133,145,159,170,170
file607.TextGrid,2,0.510,170,156,144,129,124,124,124,124,124,124
file608.TextGrid,1,0.220,110,110,110,110,110,110,108,107,106,105
file608.TextGrid,2,0.690,105,106,107,111,124,132,118,118,118,118
file609.TextGrid,1,0.480,202,202,202,202,201,201,197,180,155,132
file609.TextGrid,2,0.450,132,117,108,106,106,106,106,106,106,106
file61.TextGrid,1,0.140,181,181,181,181,181,181,242,347,440,483
file61.TextGrid,2,0.560,483,220,174,145,113,95,89,89,89,89
file610.TextGrid,1,0.200,112,112,112,112,112,112,112,111,106,100
file610.TextGrid,2,0.450,100,100,106,112,126,128,127,127,127,127
file611.TextGrid,1,0.210,110,110,110,110,110,110,110,109,106,103
file611.TextGrid,2,0.730,103,100,102,108,137,142,141,141,141,141
file612.TextGrid,1,0.240,213,213,213,216,220,225,229,229,226,219
file612.TextGrid,2,0.370,219,214,207,200,193,185,178,172,176,179
file613.TextGrid,1,0.210,114,114,114,114,114,114,113,111,111,112
file613.TextGrid,2,0.300,112,115,117,122,128,126,123,123,123,123
file614.TextGrid,1,0.390,115,114,115,110,100,103,106,110,116,118
file614.TextGrid,2,0.210,118,116,115,114,114,114,114,114,114,114
file615.TextGrid,1,0.200,112,112,112,110,108,107,108,108,108,108
file615.TextGrid,2,0.270,108,108,108,107,107,107,107,107,107,107
file616.TextGrid,1,0.550,119,119,119,110,107,107,112,122,121,122
file616.TextGrid,2,0.070,122,122,122,122,122,122,122,122,122,122
file617.TextGrid,1,0.220,122,122,122,122,122,122,125,126,126,126
file617.TextGrid,2,0.560,126,122,112,109,112,114,114,114,114,114
file618.TextGrid,1,0.170,109,109,109,109,109,109,109,109,106,103
file618.TextGrid,2,0.410,103,104,108,102,100,104,113,116,116,116
file619.TextGrid,1,0.310,192,192,192,192,192,192,192,201,209,203
file619.TextGrid,2,0.500,203,169,143,124,118,114,107,99,94,94
file62.TextGrid,1,0.450,129,142,161,191,224,232,207,161,130,121
file62.TextGrid,2,0.390,121,125,119,112,109,108,109,109,111,111
file620.TextGrid,1,0.210,122,122,122,122,122,122,119,115,116,117
file620.TextGrid,2,0.420,117,113,108,117,136,144,144,144,144,144
file621.TextGrid,1,0.050,142,143,143,144,144,145,145,146,146,147
file621.TextGrid,2,0.550,147,160,176,190,199,172,136,118,114,114
file622.TextGrid,1,0.270,152,152,153,160,169,175,179,177,167,157
file622.TextGrid,2,0.470,157,148,141,128,116,111,107,102,99,99
file623.TextGrid,1,0.180,122,122,122,122,120,118,118,117,115,113
file623.TextGrid,2,0.290,113,109,104,101,100,99,98,99,100,100
file624.TextGrid,1,0.320,194,195,209,225,223,212,187,154,131,123
file624.TextGrid,2,0.330,123,123,122,119,116,114,113,113,113,113
file625.TextGrid,1,0.260,113,113,113,113,113,113,112,108,105,104
file625.TextGrid,2,0.420,104,107,116,124,148,177,193,201,200,200
file626.TextGrid,1,0.200,156,156,156,156,156,156,156,156,153,146
file626.TextGrid,2,0.460,146,138,139,141,137,131,134,181,331,444
file627.TextGrid,1,0.070,132,132,132,132,132,131,129,126,124,121
file627.TextGrid,2,0.580,121,117,118,135,166,136,83,83,83,83
file628.TextGrid,1,0.260,126,126,118,115,115,113,110,107,104,103
file628.TextGrid,2,0.350,103,104,106,121,143,155,155,155,155,155
file629.TextGrid,1,0.400,158,157,153,151,147,142,137,133,133,132
file629.TextGrid,2,0.600,132,153,197,190,137,122,116,112,144,361
file63.TextGrid,1,0.210,177,177,177,177,177,175,192,220,252,283
file63.TextGrid,2,0.340,283,333,384,436,465,465,465,465,465,465
file630.TextGrid,1,0.390,169,169,169,169,169,170,186,209,207,195
file630.TextGrid,2,0.740,195,175,156,134,119,111,111,111,111,111
file631.TextGrid,1,0.130,96,96,96,96,97,96,96,96,96,96
file631.TextGrid,2,0.500,96,99,102,102,94,90,88,87,93,93
file632.TextGrid,1,0.250,143,136,124,123,123,121,117,113,114,115
file632.TextGrid,2,0.430,115,115,124,142,171,175,175,175,175,175
file633.TextGrid,1,0.410,116,116,112,109,109,111,112,111,114,122
file633.TextGrid,2,0.360,122,119,120,134,158,161,158,158,158,158
file634.TextGrid,1,0.190,126,126,126,126,126,126,125,116,109,106
file634.TextGrid,2,0.420,106,108,114,133,172,194,196,197,194,194
file635.TextGrid,1,0.310,89,90,90,90,90,91,90,89,90,91
file635.TextGrid,2,0.520,91,91,91,89,85,82,83,83,83,84
file636.TextGrid,1,0.140,120,120,120,120,120,120,120,120,119,117
file636.TextGrid,2,0.560,117,119,115,111,114,129,146,146,147,147
file637.TextGrid,1,0.190,109,109,109,109,109,109,109,109,106,103
file637.TextGrid,2,0.180,103,102,102,103,104,105,108,111,115,120
file638.TextGrid,1,0.230,97,97,97,98,100,103,103,103,102,102
file638.TextGrid,2,0.660,102,99,98,103,126,133,134,134,134,134
file639.TextGrid,1,0.450,143,143,143,143,143,143,144,147,149,139
file639.TextGrid,2,0.430,139,116,108,104,103,103,102,103,103,103
file64.TextGrid,1,0.190,125,125,124,122,121,119,116,114,112,110
file64.TextGrid,2,0.440,110,108,111,122,130,130,129,129,129,129
file640.TextGrid,1,0.430,119,121,126,139,163,175,175,172,161,150
file640.TextGrid,2,0.520,150,136,121,105,100,96,92,89,89,89
file641.TextGrid,1,0.230,113,113,114,114,114,114,113,109,105,102
file641.TextGrid,2,0.470,102,104,113,152,209,215,215,215,215,215
file642.TextGrid,1,0.290,139,142,142,140,138,136,140,176,217,212
file642.TextGrid,2,0.390,212,141,107,102,100,99,96,95,95,95
file643.TextGrid,1,0.300,143,138,119,113,114,111,107,105,103,102
file643.TextGrid,2,0.270,102,101,98,97,98,101,103,105,107,105
file644.TextGrid,1,0.280,136,120,108,107,109,109,107,104,102,100
file644.TextGrid,2,0.460,100,104,115,141,172,178,178,178,178,178
file645.TextGrid,1,0.330,125,125,125,125,125,124,121,120,121,123
file645.TextGrid,2,0.630,123,128,134,149,152,135,109,96,93,93
file646.TextGrid,1,0.630,364,364,342,260,235,228,183,137,178,356
file646.TextGrid,2,0.050,356,356,356,356,356,356,356,356,356,356
file647.TextGrid,1,0.130,523,523,523,523,523,523,525,523,505,461
file647.TextGrid,2,0.600,461,129,109,122,129,114,114,114,114,114
file648.TextGrid,1,0.310,132,132,134,141,157,172,173,160,150,142
file648.TextGrid,2,0.160,142,136,129,123,119,118,118,118,118,118
file649.TextGrid,1,0.260,135,137,147,159,169,176,180,180,170,154
file649.TextGrid,2,0.230,154,140,129,119,110,104,99,96,96,96
file65.TextGrid,1,0.430,134,130,152,190,214,215,213,197,177,158
file65.TextGrid,2,0.360,158,141,124,113,102,93,89,89,89,89
file650.TextGrid,1,0.330,170,168,170,197,214,214,216,220,224,228
file650.TextGrid,2,0.280,228,231,234,234,230,221,205,191,183,176
file651.TextGrid,1,0.220,116,116,116,117,118,118,115,112,109,105
file651.TextGrid,2,0.490,105,102,116,145,240,306,302,302,302,302
file652.TextGrid,1,0.200,106,106,106,106,106,106,106,106,106,105
file652.TextGrid,2,0.450,105,105,112,112,106,99,99,102,101,101
file653.TextGrid,1,0.310,113,111,107,108,111,113,111,108,108,106
file653.TextGrid,2,0.390,106,108,112,119,126,122,122,122,122,122
file654.TextGrid,1,0.140,118,118,118,118,118,117,116,114,111,108
file654.TextGrid,2,0.760,108,106,104,105,128,141,136,136,136,136
file655.TextGrid,1,0.350,225,225,225,225,225,225,225,224,225,218
file655.TextGrid,2,0.230,218,200,175,148,125,122,161,246,343,441
file656.TextGrid,1,0.260,164,164,164,167,170,172,171,167,163,158
file656.TextGrid,2,0.790,158,140,169,200,190,489,115,102,86,86
file657.TextGrid,1,0.320,102,111,123,135,147,158,162,160,155,149
file657.TextGrid,2,0.630,149,142,135,126,119,114,114,114,114,114
file658.TextGrid,1,0.280,146,146,140,131,127,126,126,126,124,124
file658.TextGrid,2,0.320,124,123,122,121,120,118,118,120,121,121
file659.TextGrid,1,0.420,148,148,148,148,148,149,163,166,150,136
file659.TextGrid,2,0.410,136,125,118,120,123,119,116,114,113,113
file66.TextGrid,1,0.210,122,120,119,120,120,121,121,121,121,120
file66.TextGrid,2,0.320,120,119,117,113,110,109,111,117,124,124
file660.TextGrid,1,0.210,107,107,107,109,114,115,115,116,116,116
file660.TextGrid,2,0.450,116,117,115,105,106,125,140,135,135,135
file661.TextGrid,1,0.310,177,177,177,177,177,177,182,192,194,188
file661.TextGrid,2,0.060,188,187,185,184,183,181,180,179,178,176
file662.TextGrid,1,0.280,118,116,113,112,108,105,107,111,111,108
file662.TextGrid,2,0.450,108,102,107,130,152,154,154,154,154,154
file663.TextGrid,1,0.280,120,120,120,120,120,120,120,120,120,120
file663.TextGrid,2,0.430,120,119,108,106,114,130,169,212,210,210
file664.TextGrid,1,0.380,131,131,130,126,126,128,131,134,136,139
file664.TextGrid,2,0.430,139,140,147,158,279,560,585,585,585,585
file665.TextGrid,1,0.090,118,118,118,118,118,117,115,115,117,123
file665.TextGrid,2,0.450,123,264,339,123,110,127,140,140,140,140
file666.TextGrid,1,0.310,120,129,137,145,151,153,151,147,141,131
file666.TextGrid,2,0.520,131,123,120,109,96,92,93,93,93,93
file667.TextGrid,1,0.570,130,131,130,140,155,172,171,154,136,124
file667.TextGrid,2,0.260,124,118,113,109,108,106,102,101,101,101
file668.TextGrid,1,0.310,135,135,134,134,133,134,135,131,127,122
file668.TextGrid,2,0.340,122,116,111,109,109,110,113,113,113,113
file669.TextGrid,1,0.260,343,306,225,198,197,189,178,168,157,146
file669.TextGrid,2,0.260,146,137,132,128,123,118,114,112,112,112
file67.TextGrid,1,0.250,117,117,117,116,115,119,123,124,121,118
file67.TextGrid,2,0.570,118,125,140,145,138,121,104,102,102,102
file670.TextGrid,1,0.460,143,143,143,144,160,187,204,211,205,181
file670.TextGrid,2,0.470,181,156,137,130,121,113,102,98,99,99
file671.TextGrid,1,0.240,120,120,120,119,119,116,113,109,107,105
file671.TextGrid,2,0.570,105,105,115,116,116,116,116,116,116,116
file672.TextGrid,1,0.220,108,108,107,104,104,105,106,107,107,107
file672.TextGrid,2,0.330,107,109,112,115,117,116,120,134,142,139
file673.TextGrid,1,0.230,149,156,163,163,158,153,148,143,138,133
file673.TextGrid,2,0.330,133,125,116,108,105,101,97,94,93,93
file674.TextGrid,1,0.330,299,223,221,232,233,224,221,225,222,197
file674.TextGrid,2,0.400,197,149,123,114,102,94,107,266,366,366
file675.TextGrid,1,0.400,126,126,124,130,138,156,185,209,212,184
file675.TextGrid,2,0.260,184,156,134,118,106,98,95,95,95,95
file676.TextGrid,1,0.190,110,110,110,110,110,110,110,110,110,109
file676.TextGrid,2,0.310,109,109,106,100,94,92,92,92,92,92
file677.TextGrid,1,0.230,130,130,130,130,126,120,114,109,106,104
file677.TextGrid,2,0.520,104,99,99,103,118,124,121,121,121,121
file678.TextGrid,1,0.090,114,114,114,114,114,114,115,115,115,114
file678.TextGrid,2,0.650,114,115,113,129,152,226,119,103,103,103
file679.TextGrid,1,0.130,117,117,116,114,110,107,105,104,104,104
file679.TextGrid,2,0.710,104,105,103,102,107,120,120,120,120,120
file68.TextGrid,1,0.220,133,133,133,133,127,122,119,121,123,120
file68.TextGrid,2,0.460,120,113,109,112,132,135,130,136,136,136
file680.TextGrid,1,0.190,113,113,113,113,115,118,119,118,118,119
file680.TextGrid,2,0.320,119,123,123,115,108,109,132,322,524,476
file681.TextGrid,1,0.500,170,170,170,165,178,200,209,193,163,134
file681.TextGrid,2,0.330,134,124,119,114,109,107,105,97,96,96
file682.TextGrid,1,0.340,228,236,351,467,299,179,173,195,245,228
file682.TextGrid,2,0.450,228,131,100,97,96,96,96,96,96,96
file683.TextGrid,1,0.190,122,122,123,129,137,146,156,163,168,167
file683.TextGrid,2,0.360,167,159,148,137,124,113,107,107,107,107
file684.TextGrid,1,0.480,209,209,209,218,246,239,169,130,116,112
file684.TextGrid,2,0.300,112,116,113,108,104,101,99,100,100,100
file685.TextGrid,1,0.410,141,141,141,141,144,157,171,177,174,166
file685.TextGrid,2,0.330,166,154,139,128,122,117,112,99,85,85
file686.TextGrid,1,0.150,107,107,107,107,107,108,108,109,109,110
file686.TextGrid,2,0.610,110,111,113,102,109,132,142,132,132,132
file687.TextGrid,1,0.180,116,116,116,116,113,110,109,108,106,105
file687.TextGrid,2,0.280,105,103,106,111,116,111,104,107,113,113
file688.TextGrid,1,0.130,167,170,173,176,179,181,180,177,173,168
file688.TextGrid,2,0.250,168,157,149,141,132,123,116,110,106,106
file689.TextGrid,1,0.130,106,106,106,106,107,109,112,115,115,115
file689.TextGrid,2,0.520,115,114,114,116,142,158,148,148,148,148
file69.TextGrid,1,0.270,119,119,119,119,119,117,111,108,106,106
file69.TextGrid,2,0.380,106,106,109,117,122,121,121,121,121,121
file690.TextGrid,1,0.240,112,112,114,117,117,115,113,111,109,105
file690.TextGrid,2,0.450,105,101,110,121,135,135,134,134,134,134
file691.TextGrid,1,0.070,118,118,118,118,118,117,117,116,115,115
file691.TextGrid,2,0.630,115,115,112,125,157,109,78,79,79,79
file692.TextGrid,1,0.360,113,113,113,113,112,105,100,99,102,114
file692.TextGrid,2,0.270,114,121,122,122,122,122,122,122,122,122
file693.TextGrid,1,0.110,120,120,120,120,120,120,120,118,115,113
file693.TextGrid,2,0.490,113,109,108,114,128,131,132,132,132,132
file694.TextGrid,1,0.090,104,104,104,104,104,104,104,104,104,104
file694.TextGrid,2,0.440,104,106,114,129,130,128,129,129,129,129
file695.TextGrid,1,0.190,124,124,124,120,116,117,121,123,121,118
file695.TextGrid,2,0.430,118,112,107,103,102,101,101,101,101,101
file696.TextGrid,1,0.330,199,199,199,199,199,199,199,208,214,199
file696.TextGrid,2,0.280,199,174,155,145,139,133,128,122,114,105
file697.TextGrid,1,0.350,167,167,167,167,167,166,165,164,156,141
file697.TextGrid,2,0.500,141,128,130,139,132,119,115,111,108,108
file698.TextGrid,1,0.450,171,171,171,171,178,199,220,221,204,176
file698.TextGrid,2,0.320,176,161,152,145,140,133,126,122,118,118
file699.TextGrid,1,0.200,108,108,108,108,109,110,109,108,108,107
file699.TextGrid,2,0.660,107,105,105,118,154,154,154,154,154,154
file7.TextGrid,1,0.280,141,141,124,118,116,111,106,103,105,106
file7.TextGrid,2,0.630,106,106,104,124,156,167,156,160,160,160
file70.TextGrid,1,0.360,148,148,148,148,148,148,148,148,146,139
file70.TextGrid,2,0.390,139,129,119,113,149,199,201,203,203,203
file700.TextGrid,1,0.180,159,171,189,208,225,238,245,247,247,247
file700.TextGrid,2,0.460,247,230,182,135,117,109,109,109,109,109
file701.TextGrid,1,0.250,110,110,110,110,110,110,109,109,109,107
file701.TextGrid,2,0.460,107,105,113,118,123,123,118,117,117,117
file702.TextGrid,1,0.220,126,126,122,111,106,105,106,106,105,103
file702.TextGrid,2,0.460,103,100,104,112,112,112,112,112,112,112
file703.TextGrid,1,0.150,126,126,126,126,125,123,121,120,119,117
file703.TextGrid,2,0.520,117,123,150,153,139,126,126,130,132,132
file704.TextGrid,1,0.370,173,173,173,173,173,173,179,197,213,211
file704.TextGrid,2,0.530,211,183,146,126,116,106,104,104,104,104
file705.TextGrid,1,0.240,518,515,456,353,243,157,118,109,109,114
file705.TextGrid,2,0.290,114,120,120,119,119,119,119,119,119,119
file706.TextGrid,1,0.230,140,140,140,140,140,140,138,132,129,129
file706.TextGrid,2,0.380,129,129,126,118,107,91,81,77,77,77
file707.TextGrid,1,0.200,189,189,189,189,189,186,181,177,171,162
file707.TextGrid,2,0.260,162,142,122,105,93,90,90,90,90,90
file708.TextGrid,1,0.470,116,112,110,105,98,101,98,107,126,129
file708.TextGrid,2,0.150,129,129,129,129,129,129,129,129,129,129
file709.TextGrid,1,0.220,123,123,127,130,123,118,119,118,115,111
file709.TextGrid,2,0.450,111,104,105,123,155,144,131,131,131,131
file71.TextGrid,1,0.190,142,142,142,142,142,142,141,141,141,140
file71.TextGrid,2,0.190,140,138,134,127,118,110,103,100,99,99
file710.TextGrid,1,0.150,116,115,115,114,114,114,113,113,113,112
file710.TextGrid,2,0.400,112,111,108,106,86,80,80,80,80,80
file711.TextGrid,1,0.250,152,152,152,155,167,186,202,204,191,176
file711.TextGrid,2,0.380,176,154,135,119,107,100,96,96,96,96
file712.TextGrid,1,0.240,153,161,170,171,166,161,157,153,149,145
file712.TextGrid,2,0.500,145,135,126,119,114,112,112,112,112,112
file713.TextGrid,1,0.500,130,130,138,161,179,171,143,124,115,108
file713.TextGrid,2,0.310,108,107,112,118,120,119,114,109,108,108
file714.TextGrid,1,0.240,109,109,109,111,112,110,105,102,106,110
file714.TextGrid,2,0.200,110,107,102,100,102,105,112,121,129,135
file715.TextGrid,1,0.230,104,104,105,112,119,118,112,106,103,103
file715.TextGrid,2,0.470,103,96,95,104,120,123,123,123,123,123
file716.TextGrid,1,0.340,203,203,203,203,203,203,203,204,209,206
file716.TextGrid,2,0.340,206,191,162,137,122,111,108,108,108,108
file717.TextGrid,1,0.120,162,162,162,164,170,186,208,229,236,222
file717.TextGrid,2,0.470,222,134,121,111,102,96,94,95,95,95
file718.TextGrid,1,0.270,125,125,125,127,131,142,157,169,177,168
file718.TextGrid,2,0.380,168,144,137,130,123,118,112,107,105,105
file719.TextGrid,1,0.250,118,118,118,113,107,103,102,101,102,103
file719.TextGrid,2,0.540,103,106,105,124,129,129,129,129,129,129
file72.TextGrid,1,0.290,105,105,105,104,111,131,154,178,196,193
file72.TextGrid,2,0.420,193,174,157,145,127,116,110,104,102,102
file720.TextGrid,1,0.140,112,112,112,111,112,114,116,116,114,111
file720.TextGrid,2,0.360,111,106,106,102,99,95,92,90,91,91
file721.TextGrid,1,0.320,252,252,252,252,252,248,243,239,242,246
file721.TextGrid,2,0.430,246,247,228,207,196,193,194,196,196,195
file722.TextGrid,1,0.310,123,123,123,123,123,120,114,107,103,103
file722.TextGrid,2,0.330,103,106,111,117,135,164,181,187,189,189
file723.TextGrid,1,0.380,116,116,116,121,129,139,147,150,144,133
file723.TextGrid,2,0.240,133,125,118,111,104,97,94,93,93,94
file724.TextGrid,1,0.620,121,124,139,176,332,302,124,109,108,108
file724.TextGrid,2,0.040,108,108,108,108,108,108,108,108,108,108
file725.TextGrid,1,0.360,201,201,201,201,201,203,217,212,201,192
file725.TextGrid,2,0.500,192,179,167,155,148,140,132,126,118,117
file726.TextGrid,1,0.080,114,114,114,114,114,114,114,114,114,114
file726.TextGrid,2,0.370,114,114,114,114,110,108,110,119,135,124
file727.TextGrid,1,0.270,112,112,112,112,112,112,109,106,105,104
file727.TextGrid,2,0.360,104,102,106,111,115,121,121,120,120,120
file728.TextGrid,1,0.180,571,571,571,567,532,453,341,229,147,111
file728.TextGrid,2,0.440,111,96,95,102,115,132,133,131,131,131
file729.TextGrid,1,0.300,115,115,115,115,115,112,103,98,101,105
file729.TextGrid,2,0.380,105,110,112,118,128,127,123,123,123,123
file73.TextGrid,1,0.150,99,99,99,99,99,99,102,106,109,110
file73.TextGrid,2,0.510,110,111,114,122,132,129,129,129,129,129
file730.TextGrid,1,0.070,130,130,130,130,131,131,132,133,133,133
file730.TextGrid,2,0.670,133,139,147,158,160,135,108,101,103,107
file731.TextGrid,1,0.530,131,121,117,109,108,108,122,132,130,130
file731.TextGrid,2,0.140,130,130,130,130,130,130,130,130,130,130
file732.TextGrid,1,0.250,131,131,134,138,140,137,131,127,125,122
file732.TextGrid,2,0.710,122,129,141,148,152,135,112,99,99,100
file733.TextGrid,1,0.240,120,120,120,119,119,116,113,109,107,105
file733.TextGrid,2,0.570,105,105,115,116,116,116,116,116,116,116
file734.TextGrid,1,0.560,188,188,188,188,193,219,220,213,186,160
file734.TextGrid,2,0.340,160,142,128,122,121,149,191,191,191,191
file735.TextGrid,1,0.550,147,148,167,166,153,131,113,104,97,91
file735.TextGrid,2,0.090,91,91,91,91,91,91,91,91,91,91
file736.TextGrid,1,0.500,143,143,143,163,206,228,193,176,237,213
file736.TextGrid,2,0.200,213,178,140,118,110,114,146,229,342,443
file737.TextGrid,1,0.280,124,124,128,133,138,147,161,179,196,202
file737.TextGrid,2,0.360,202,196,187,175,155,139,125,114,114,114
file738.TextGrid,1,0.270,167,181,192,193,181,170,163,157,151,148
file738.TextGrid,2,0.530,148,148,136,127,118,111,105,101,101,101
file739.TextGrid,1,0.220,153,161,174,186,197,206,209,207,201,192
file739.TextGrid,2,0.390,192,176,163,144,138,130,121,115,110,110
file74.TextGrid,1,0.290,111,111,109,107,104,103,103,102,101,100
file74.TextGrid,2,0.350,100,100,104,119,130,137,139,139,139,139
file740.TextGrid,1,0.270,232,236,240,240,236,206,160,148,155,158
file740.TextGrid,2,0.560,158,147,129,111,108,108,109,110,110,110
file741.TextGrid,1,0.170,114,127,132,129,126,125,126,127,126,122
file741.TextGrid,2,0.170,122,119,116,114,111,109,109,109,109,109
file742.TextGrid,1,0.250,122,122,122,122,131,150,172,193,201,191
file742.TextGrid,2,0.440,191,178,164,136,118,112,112,112,112,112
file743.TextGrid,1,0.210,174,174,162,147,137,132,131,134,138,140
file743.TextGrid,2,0.460,140,138,138,137,130,124,137,167,167,167
file744.TextGrid,1,0.050,140,140,141,141,142,143,144,144,145,145
file744.TextGrid,2,0.700,145,145,151,163,157,136,118,107,104,104
file745.TextGrid,1,0.300,134,137,143,150,156,163,176,196,213,220
file745.TextGrid,2,0.560,220,191,153,126,101,94,91,91,91,91
file746.TextGrid,1,0.290,132,131,130,131,136,151,168,181,191,189
file746.TextGrid,2,0.430,189,169,147,127,115,106,102,102,102,102
file747.TextGrid,1,0.280,118,118,118,118,118,115,110,109,112,113
file747.TextGrid,2,0.340,113,111,112,121,123,121,121,121,121,121
file748.TextGrid,1,0.160,115,115,115,114,113,114,114,111,107,103
file748.TextGrid,2,0.530,103,104,104,116,132,123,123,123,123,123
file749.TextGrid,1,0.240,137,134,118,110,114,118,116,113,111,111
file749.TextGrid,2,0.440,111,116,129,151,154,133,133,133,133,133
file75.TextGrid,1,0.320,121,122,127,135,151,172,195,211,209,195
file75.TextGrid,2,0.400,195,172,158,148,138,130,123,113,99,92
file750.TextGrid,1,0.280,113,113,113,115,115,114,112,111,110,108
file750.TextGrid,2,0.340,108,111,123,149,170,172,172,172,172,172
file751.TextGrid,1,0.150,118,118,118,118,117,117,116,116,116,116
file751.TextGrid,2,0.240,116,115,115,114,112,110,113,125,160,265
file752.TextGrid,1,0.450,130,130,130,122,112,112,115,128,151,158
file752.TextGrid,2,0.210,158,157,155,153,153,153,153,153,153,153
file753.TextGrid,1,0.280,129,129,120,116,114,111,110,109,107,107
file753.TextGrid,2,0.450,107,108,111,114,123,126,116,116,116,116
file754.TextGrid,1,0.370,156,156,155,159,174,198,213,216,215,213
file754.TextGrid,2,0.470,213,193,167,141,117,109,106,105,105,105
file755.TextGrid,1,0.160,114,114,114,114,114,114,114,114,114,113
file755.TextGrid,2,0.520,113,105,103,102,107,122,128,126,126,126
file756.TextGrid,1,0.250,115,115,115,115,115,115,113,110,108,106
file756.TextGrid,2,0.460,106,103,102,104,117,126,125,125,125,125
file757.TextGrid,1,0.340,224,224,224,224,224,223,222,221,221,221
file757.TextGrid,2,0.220,221,222,222,222,222,222,222,222,222,222
file758.TextGrid,1,0.360,189,189,189,189,189,189,191,202,197,163
file758.TextGrid,2,0.320,163,142,131,154,259,392,491,519,525,528
file759.TextGrid,1,0.190,131,131,131,131,131,131,131,131,129,120
file759.TextGrid,2,0.470,120,112,107,108,119,141,144,141,141,141
file76.TextGrid,1,0.210,134,134,128,118,113,108,104,102,104,108
file76.TextGrid,2,0.340,108,108,110,111,113,116,115,114,114,115
file760.TextGrid,1,0.250,117,117,117,117,119,118,115,111,106,105
file760.TextGrid,2,0.360,105,185,376,476,482,482,482,482,482,482
file761.TextGrid,1,0.080,158,158,158,158,157,156,153,149,145,140
file761.TextGrid,2,0.620,140,119,117,116,152,173,170,170,170,170
file762.TextGrid,1,0.230,198,203,209,208,203,194,185,175,165,154
file762.TextGrid,2,0.310,154,142,133,123,112,103,99,96,95,95
file763.TextGrid,1,0.520,109,108,103,109,115,102,99,110,141,148
file763.TextGrid,2,0.230,148,147,147,147,147,147,147,147,147,147
file764.TextGrid,1,0.290,127,126,124,122,119,118,117,115,114,113
file764.TextGrid,2,0.490,113,110,110,106,103,105,105,104,104,104
file765.TextGrid,1,0.270,257,257,257,257,257,252,241,223,200,175
file765.TextGrid,2,0.280,175,150,130,117,108,103,99,97,97,97
file766.TextGrid,1,0.290,164,164,151,147,151,197,310,434,478,322
file766.TextGrid,2,0.470,322,158,132,157,351,502,393,384,384,384
file767.TextGrid,1,0.530,149,145,145,174,210,217,211,191,170,150
file767.TextGrid,2,0.350,150,136,120,111,107,103,101,103,103,103
file768.TextGrid,1,0.140,111,111,111,109,108,109,112,116,117,115
file768.TextGrid,2,0.480,115,103,108,105,113,128,127,127,127,127
file769.TextGrid,1,0.320,148,156,170,180,178,166,150,136,125,117
file769.TextGrid,2,0.270,117,113,111,109,106,105,104,104,104,104
file77.TextGrid,1,0.400,116,117,118,121,126,130,133,135,133,131
file77.TextGrid,2,0.530,131,128,125,121,118,115,109,107,107,107
file770.TextGrid,1,0.180,108,108,108,108,108,108,108,106,102,100
file770.TextGrid,2,0.220,100,101,102,102,103,103,104,108,113,115
file771.TextGrid,1,0.240,113,113,113,113,113,113,110,108,107,106
file771.TextGrid,2,0.370,106,105,106,111,123,134,137,134,134,134
file772.TextGrid,1,0.270,118,118,117,115,113,111,108,105,105,107
file772.TextGrid,2,0.370,107,113,129,148,190,209,210,210,210,210
file773.TextGrid,1,0.340,104,104,104,104,109,122,141,161,164,150
file773.TextGrid,2,0.310,150,139,133,124,112,102,97,96,96,96
file774.TextGrid,1,0.540,134,136,149,174,195,200,183,153,129,123
file774.TextGrid,2,0.320,123,121,115,111,109,107,106,103,102,102
file775.TextGrid,1,0.520,161,161,161,161,165,183,192,176,147,123
file775.TextGrid,2,0.430,123,113,108,105,103,103,109,188,213,213
file776.TextGrid,1,0.060,129,128,127,127,126,126,127,128,129,130
file776.TextGrid,2,0.480,130,126,115,111,113,134,152,147,146,146
file777.TextGrid,1,0.270,118,118,119,129,144,154,155,147,133,121
file777.TextGrid,2,0.310,121,113,109,104,100,100,101,101,101,101
file778.TextGrid,1,0.110,120,120,120,120,118,116,114,112,111,110
file778.TextGrid,2,0.360,110,112,117,120,119,118,119,118,118,118
file779.TextGrid,1,0.230,132,132,129,122,121,123,125,127,130,135
file779.TextGrid,2,0.340,135,129,121,120,121,122,129,146,165,172
file78.TextGrid,1,0.250,152,152,160,170,171,165,155,146,136,127
file78.TextGrid,2,0.480,127,111,107,107,102,99,98,98,98,98
file780.TextGrid,1,0.210,542,542,518,452,364,274,190,138,123,122
file780.TextGrid,2,0.560,122,120,117,111,109,119,128,128,128,128
file781.TextGrid,1,0.090,117,117,117,117,118,118,119,121,122,123
file781.TextGrid,2,0.460,123,129,136,140,138,123,107,107,107,107
file782.TextGrid,1,0.240,130,130,124,117,112,110,107,104,101,100
file782.TextGrid,2,0.420,100,104,114,132,135,130,130,130,130,130
file783.TextGrid,1,0.170,113,113,113,113,113,113,113,112,108,106
file783.TextGrid,2,0.240,106,107,109,109,108,108,110,112,114,115
file784.TextGrid,1,0.330,137,135,127,128,124,122,121,120,119,118
file784.TextGrid,2,0.570,118,118,110,105,105,105,105,105,105,105
file785.TextGrid,1,0.480,127,127,131,127,115,104,99,99,99,99
file785.TextGrid,2,0.080,99,99,99,99,99,99,99,99,99,99
file786.TextGrid,1,0.430,163,163,163,163,163,163,173,183,179,162
file786.TextGrid,2,0.360,162,150,144,139,133,125,115,104,87,87
file787.TextGrid,1,0.420,94,97,112,129,145,150,148,143,133,120
file787.TextGrid,2,0.380,120,111,106,103,101,101,101,101,101,101
file788.TextGrid,1,0.400,102,102,105,116,124,141,161,165,152,138
file788.TextGrid,2,0.300,138,126,117,112,107,104,100,98,98,98
file789.TextGrid,1,0.310,118,118,114,116,120,117,113,109,105,102
file789.TextGrid,2,0.160,102,101,99,97,96,94,94,94,94,95
file79.TextGrid,1,0.370,132,125,115,112,112,110,109,120,132,133
file79.TextGrid,2,0.070,133,133,133,133,133,133,133,133,133,133
file790.TextGrid,1,0.090,106,106,106,106,106,106,106,106,105,104
file790.TextGrid,2,0.530,104,94,91,97,102,118,125,125,125,125
file791.TextGrid,1,0.170,131,131,131,134,148,182,229,280,327,350
file791.TextGrid,2,0.620,350,212,182,158,134,120,110,102,99,99
file792.TextGrid,1,0.490,123,123,128,179,482,265,173,149,130,119
file792.TextGrid,2,0.290,119,114,112,110,107,104,104,104,104,104
file793.TextGrid,1,0.330,162,162,166,181,193,194,186,172,155,141
file793.TextGrid,2,0.470,141,124,113,108,106,106,106,106,106,106
file794.TextGrid,1,0.390,170,170,170,170,173,181,182,177,169,161
file794.TextGrid,2,0.410,161,158,150,140,129,123,120,115,114,114
file795.TextGrid,1,0.600,114,114,114,99,106,106,102,106,124,131
file795.TextGrid,2,0.300,131,130,130,130,130,130,130,130,130,130
file796.TextGrid,1,0.040,141,141,141,141,141,141,142,143,143,144
file796.TextGrid,2,0.540,144,146,144,141,127,126,186,187,187,187
file797.TextGrid,1,0.230,145,145,147,148,148,146,143,139,135,130
file797.TextGrid,2,0.230,130,122,115,109,103,100,98,95,95,95
file798.TextGrid,1,0.260,118,118,118,117,113,111,110,110,109,108
file798.TextGrid,2,0.400,108,106,101,106,111,110,110,110,110,110
file799.TextGrid,1,0.270,118,118,117,115,113,111,108,105,105,107
file799.TextGrid,2,0.370,107,113,129,148,190,209,210,210,210,210
file8.TextGrid,1,0.380,122,122,123,126,125,121,117,114,118,122
file8.TextGrid,2,0.380,122,129,132,119,111,110,117,127,127,127
file80.TextGrid,1,0.190,136,136,132,127,124,119,114,111,109,107
file80.TextGrid,2,0.420,107,106,105,113,126,119,119,119,119,119
file800.TextGrid,1,0.450,124,124,125,128,138,152,163,166,158,139
file800.TextGrid,2,0.340,139,124,114,108,107,104,100,98,98,98
file801.TextGrid,1,0.110,120,118,117,116,115,114,113,112,112,112
file801.TextGrid,2,0.440,112,111,112,122,128,123,120,120,120,120
file802.TextGrid,1,0.210,105,105,105,105,105,104,103,102,102,101
file802.TextGrid,2,0.480,101,101,99,102,121,123,123,123,123,123
file803.TextGrid,1,0.170,185,185,185,186,190,195,198,199,197,192
file803.TextGrid,2,0.210,192,186,177,167,156,146,137,131,128,128
file804.TextGrid,1,0.480,178,178,178,178,178,184,191,185,171,152
file804.TextGrid,2,0.430,152,136,123,118,114,109,104,100,98,98
file805.TextGrid,1,0.360,105,103,99,99,98,101,104,108,111,112
file805.TextGrid,2,0.420,112,106,101,100,95,89,87,87,87,87
file806.TextGrid,1,0.270,142,142,142,142,142,142,142,144,149,151
file806.TextGrid,2,0.590,151,149,139,119,112,106,99,100,100,100
file807.TextGrid,1,0.460,238,238,238,180,192,194,188,174,160,146
file807.TextGrid,2,0.470,146,131,119,112,105,101,97,93,93,93
file808.TextGrid,1,0.270,105,105,105,105,107,114,129,146,159,163
file808.TextGrid,2,0.530,163,151,137,120,112,107,107,107,107,107
file809.TextGrid,1,0.310,132,132,129,125,123,123,141,206,286,366
file809.TextGrid,2,0.150,366,406,447,484,515,536,545,547,547,547
file81.TextGrid,1,0.250,130,122,111,109,112,113,110,108,105,104
file81.TextGrid,2,0.470,104,102,103,114,120,117,117,117,117,117
file810.TextGrid,1,0.090,117,117,117,117,117,116,114,113,112,111
file810.TextGrid,2,0.650,111,112,106,117,146,124,124,124,124,124
file811.TextGrid,1,0.050,122,121,120,120,119,119,119,119,120,120
file811.TextGrid,2,0.560,120,120,120,135,90,87,87,87,87,87
file812.TextGrid,1,0.270,139,139,140,146,159,177,198,216,223,224
file812.TextGrid,2,0.580,224,213,162,128,105,97,93,93,93,93
file813.TextGrid,1,0.190,181,181,182,181,181,179,176,174,174,175
file813.TextGrid,2,0.170,175,179,188,198,211,241,299,361,392,399
file814.TextGrid,1,0.250,132,132,124,114,109,107,107,108,107,108
file814.TextGrid,2,0.410,108,108,108,115,130,133,133,133,133,133
file815.TextGrid,1,0.440,141,141,141,141,141,143,150,150,149,144
file815.TextGrid,2,0.520,144,126,113,106,104,102,101,99,98,98
file816.TextGrid,1,0.190,145,145,145,148,152,154,154,152,149,143
file816.TextGrid,2,0.220,143,135,128,121,115,115,139,191,252,314
file817.TextGrid,1,0.330,178,133,117,124,131,139,145,147,149,147
file817.TextGrid,2,0.540,147,135,122,112,109,105,99,96,96,96
file818.TextGrid,1,0.360,126,126,124,123,129,139,151,159,162,158
file818.TextGrid,2,0.390,158,152,148,145,142,140,139,139,139,139
file819.TextGrid,1,0.130,116,116,116,116,116,115,113,111,109,107
file819.TextGrid,2,0.420,107,106,103,105,114,114,114,114,114,114
file82.TextGrid,1,0.300,101,101,101,101,101,101,101,101,101,101
file82.TextGrid,2,0.330,101,101,100,100,108,119,128,128,127,127
file820.TextGrid,1,0.140,126,126,126,122,119,119,120,121,121,120
file820.TextGrid,2,0.490,120,112,113,113,123,130,123,121,121,121
file821.TextGrid,1,0.270,126,126,120,115,107,102,99,100,100,101
file821.TextGrid,2,0.710,101,109,105,117,142,140,139,144,144,144
file822.TextGrid,1,0.300,103,103,103,106,111,119,131,145,152,150
file822.TextGrid,2,0.540,150,143,134,137,127,119,119,195,199,199
file823.TextGrid,1,0.230,124,124,124,124,122,119,116,113,111,109
file823.TextGrid,2,0.390,109,106,107,112,120,119,118,118,118,118
file824.TextGrid,1,0.290,146,146,146,146,146,146,144,145,147,145
file824.TextGrid,2,0.240,145,137,127,119,113,109,106,106,106,106
file825.TextGrid,1,0.530,521,521,521,518,440,211,199,180,157,135
file825.TextGrid,2,0.320,135,120,108,103,101,101,101,101,101,101
file826.TextGrid,1,0.220,117,117,117,117,112,106,101,98,98,100
file826.TextGrid,2,0.420,100,109,107,125,143,145,145,145,145,145
file827.TextGrid,1,0.130,113,113,113,113,113,113,113,114,115,115
file827.TextGrid,2,0.430,115,114,113,111,112,122,138,141,141,141
file828.TextGrid,1,0.230,116,116,116,116,116,116,112,107,102,100
file828.TextGrid,2,0.410,100,109,120,124,115,125,127,128,128,128
file829.TextGrid,1,0.280,129,130,131,133,137,153,183,208,214,202
file829.TextGrid,2,0.350,202,182,168,154,142,133,126,116,110,110
file83.TextGrid,1,0.280,178,178,178,178,178,178,178,179,183,187
file83.TextGrid,2,0.270,187,197,226,261,296,330,365,399,419,422
file830.TextGrid,1,0.180,113,113,113,112,113,116,117,116,116,118
file830.TextGrid,2,0.360,118,125,129,130,130,130,130,130,130,130
file831.TextGrid,1,0.230,126,126,126,126,126,126,126,122,118,113
file831.TextGrid,2,0.400,113,101,97,97,127,203,215,215,215,215
file832.TextGrid,1,0.300,103,104,107,109,109,108,107,106,104,102
file832.TextGrid,2,0.270,102,97,91,87,86,85,85,85,85,85
file833.TextGrid,1,0.250,92,92,96,100,106,109,107,105,104,107
file833.TextGrid,2,0.440,107,120,141,160,166,157,154,154,154,154
file834.TextGrid,1,0.280,207,207,207,207,207,207,207,218,231,233
file834.TextGrid,2,0.240,233,226,209,186,165,152,177,321,494,524
file835.TextGrid,1,0.240,116,116,116,116,116,116,116,113,111,110
file835.TextGrid,2,0.400,110,111,112,110,120,135,160,160,160,160
file836.TextGrid,1,0.340,129,129,131,139,153,164,173,177,177,170
file836.TextGrid,2,0.430,170,157,143,126,125,124,119,113,110,109
file837.TextGrid,1,0.610,113,108,110,106,108,117,124,144,139,139
file837.TextGrid,2,0.260,139,142,143,143,143,143,143,143,143,143
file838.TextGrid,1,0.130,152,152,152,152,154,160,168,175,179,180
file838.TextGrid,2,0.060,180,179,178,177,175,174,172,171,169,168
file839.TextGrid,1,0.230,133,133,133,133,133,129,124,125,126,125
file839.TextGrid,2,0.430,125,118,131,164,171,171,171,171,171,171
file84.TextGrid,1,0.230,127,127,127,126,116,110,108,106,105,104
file84.TextGrid,2,0.420,104,105,123,151,157,157,157,157,157,157
file840.TextGrid,1,0.060,113,113,113,113,112,112,112,112,111,111
file840.TextGrid,2,0.100,111,110,110,111,113,114,116,118,120,121
file841.TextGrid,1,0.050,489,461,427,389,348,307,266,232,200,175
file841.TextGrid,2,0.510,175,110,108,111,126,136,134,134,134,134
file842.TextGrid,1,0.300,98,98,98,106,113,111,106,103,103,108
file842.TextGrid,2,0.400,108,116,137,159,159,158,158,158,158,158
file843.TextGrid,1,0.270,123,123,123,123,126,132,142,153,161,163
file843.TextGrid,2,0.460,163,151,141,131,121,115,109,107,113,113
file844.TextGrid,1,0.450,174,174,174,174,189,219,235,210,171,139
file844.TextGrid,2,0.220,139,130,126,121,115,111,109,109,110,110
file845.TextGrid,1,0.140,153,152,145,136,127,120,115,113,112,112
file845.TextGrid,2,0.390,112,109,109,107,107,108,108,106,106,106
file846.TextGrid,1,0.230,114,114,114,114,114,114,114,114,114,114
file846.TextGrid,2,0.300,114,110,104,102,103,103,103,103,103,103
file847.TextGrid,1,0.210,117,117,117,117,120,121,119,114,108,102
file847.TextGrid,2,0.400,102,98,102,107,115,127,131,131,131,131
file848.TextGrid,1,0.170,125,122,119,118,118,117,115,113,110,106
file848.TextGrid,2,0.490,106,97,97,103,115,118,107,107,107,107
file849.TextGrid,1,0.400,98,98,106,110,111,110,109,109,116,117
file849.TextGrid,2,0.280,117,113,111,110,110,110,110,110,110,110
file85.TextGrid,1,0.250,582,582,582,581,502,339,184,118,107,105
file85.TextGrid,2,0.230,105,106,108,110,112,113,113,113,115,118
file850.TextGrid,1,0.190,127,127,127,127,127,127,127,127,122,115
file850.TextGrid,2,0.510,115,106,99,103,118,125,124,124,124,124
file851.TextGrid,1,0.200,120,120,120,116,112,110,110,109,109,110
file851.TextGrid,2,0.640,110,113,111,117,137,139,138,138,138,138
file852.TextGrid,1,0.060,111,111,111,111,111,111,111,111,111,112
file852.TextGrid,2,0.600,112,126,108,108,118,133,116,115,115,115
file853.TextGrid,1,0.280,247,247,247,247,247,247,247,246,235,219
file853.TextGrid,2,0.250,219,198,187,187,185,179,175,196,292,417
file854.TextGrid,1,0.390,195,195,144,122,123,125,138,151,161,156
file854.TextGrid,2,0.220,156,151,145,138,129,120,114,114,114,114
file855.TextGrid,1,0.270,140,140,141,147,160,180,201,216,221,215
file855.TextGrid,2,0.270,215,197,170,142,122,117,141,213,303,394
file856.TextGrid,1,0.300,127,127,127,127,127,116,111,122,170,275
file856.TextGrid,2,0.400,275,334,152,119,135,145,147,147,147,147
file857.TextGrid,1,0.260,214,214,216,218,219,221,223,225,227,228
file857.TextGrid,2,0.280,228,225,214,204,203,194,180,174,174,174
file858.TextGrid,1,0.470,176,176,176,176,176,180,193,180,164,152
file858.TextGrid,2,0.320,152,145,137,129,122,117,114,112,112,112
file859.TextGrid,1,0.180,128,128,125,120,117,117,115,112,108,106
file859.TextGrid,2,0.480,106,110,118,111,114,114,114,114,114,114
file86.TextGrid,1,0.220,120,120,120,118,113,110,110,111,111,111
file86.TextGrid,2,0.060,111,111,111,110,110,109,109,109,109,109
file860.TextGrid,1,0.360,180,180,180,180,180,180,187,192,190,181
file860.TextGrid,2,0.330,181,157,129,113,106,105,105,105,105,105
file861.TextGrid,1,0.150,123,123,123,123,123,123,123,123,123,123
file861.TextGrid,2,0.180,123,123,123,120,116,114,112,109,106,105
file862.TextGrid,1,0.170,106,106,106,106,107,111,117,123,127,128
file862.TextGrid,2,0.410,128,120,111,115,120,124,121,120,120,120
file863.TextGrid,1,0.370,98,97,93,89,85,88,90,93,95,98
file863.TextGrid,2,0.380,98,98,94,90,87,84,81,81,81,81
file864.TextGrid,1,0.240,262,262,262,261,253,230,209,205,200,189
file864.TextGrid,2,0.160,189,182,180,183,184,174,153,131,116,116
file865.TextGrid,1,0.340,154,154,154,152,152,149,145,141,136,130
file865.TextGrid,2,0.520,130,135,147,159,176,194,173,137,116,108
file866.TextGrid,1,0.290,196,196,197,205,216,222,225,227,226,220
file866.TextGrid,2,0.310,220,199,174,175,175,167,166,169,170,170
file867.TextGrid,1,0.060,112,112,112,112,112,112,112,112,112,112
file867.TextGrid,2,0.640,112,112,112,106,105,116,122,119,119,119
file868.TextGrid,1,0.230,120,120,119,118,115,111,107,103,99,96
file868.TextGrid,2,0.460,96,94,93,104,104,104,104,104,104,104
file869.TextGrid,1,0.160,146,146,146,145,144,140,135,131,131,132
file869.TextGrid,2,0.070,132,133,134,135,137,138,139,140,141,142
file87.TextGrid,1,0.150,510,510,510,446,357,276,232,215,211,211
file87.TextGrid,2,0.440,211,216,211,195,186,186,186,186,186,186
file870.TextGrid,1,0.350,155,137,132,127,124,120,119,122,122,122
file870.TextGrid,2,0.050,122,122,122,122,122,122,122,122,122,122
file871.TextGrid,1,0.150,134,134,134,134,133,129,125,122,121,120
file871.TextGrid,2,0.310,120,120,118,117,117,117,117,117,117,117
file872.TextGrid,1,0.350,171,171,171,171,171,171,174,186,193,189
file872.TextGrid,2,0.450,189,178,158,138,127,120,116,114,112,112
file873.TextGrid,1,0.170,113,113,113,113,113,113,113,113,113,113
file873.TextGrid,2,0.620,113,113,107,108,118,128,170,137,137,137
file874.TextGrid,1,0.180,119,119,119,121,123,125,125,125,126,128
file874.TextGrid,2,0.410,128,157,193,206,196,152,127,124,124,124
file875.TextGrid,1,0.590,149,149,149,149,149,153,161,159,148,131
file875.TextGrid,2,0.470,131,117,109,106,103,103,103,103,103,103
file876.TextGrid,1,0.180,111,111,111,110,108,108,108,108,108,108
file876.TextGrid,2,0.650,108,108,107,107,113,132,129,129,129,129
file877.TextGrid,1,0.390,134,139,147,155,165,185,210,219,202,171
file877.TextGrid,2,0.470,171,145,123,102,94,91,91,91,91,91
file878.TextGrid,1,0.290,122,122,124,129,132,132,132,131,130,129
file878.TextGrid,2,0.480,129,123,125,119,121,122,124,125,125,125
file879.TextGrid,1,0.230,111,108,108,110,112,112,111,110,107,106
file879.TextGrid,2,0.420,106,109,110,116,116,116,116,116,116,116
file88.TextGrid,1,0.090,111,111,111,111,111,110,109,108,108,108
file88.TextGrid,2,0.440,108,109,109,114,122,122,122,122,122,122
file880.TextGrid,1,0.300,125,125,125,125,122,123,119,116,114,115
file880.TextGrid,2,0.380,115,114,115,113,110,110,110,111,111,111
file881.TextGrid,1,0.470,179,179,179,179,184,200,211,207,189,159
file881.TextGrid,2,0.410,159,138,123,114,109,104,100,100,100,100
file882.TextGrid,1,0.460,108,114,139,164,191,206,197,169,137,120
file882.TextGrid,2,0.480,120,123,114,109,107,105,101,105,109,109
file883.TextGrid,1,0.180,180,178,182,189,196,197,192,185,181,177
file883.TextGrid,2,0.210,177,166,150,134,119,109,108,108,108,108
file884.TextGrid,1,0.400,191,191,191,191,191,191,191,194,196,185
file884.TextGrid,2,0.240,185,170,151,131,117,110,106,104,104,104
file885.TextGrid,1,0.240,138,137,124,116,113,110,109,109,108,106
file885.TextGrid,2,0.470,106,103,109,114,126,144,143,129,129,129
file886.TextGrid,1,0.270,133,146,157,158,154,150,146,142,137,133
file886.TextGrid,2,0.280,133,129,125,120,114,105,98,94,92,91
file887.TextGrid,1,0.240,160,172,185,188,188,189,191,193,194,187
file887.TextGrid,2,0.360,187,158,136,125,117,114,112,108,104,104
file888.TextGrid,1,0.540,134,133,140,178,218,242,241,224,193,163
file888.TextGrid,2,0.440,163,144,131,122,116,109,103,100,100,100
file889.TextGrid,1,0.340,143,143,131,119,114,113,113,114,113,111
file889.TextGrid,2,0.360,111,107,102,102,103,104,104,104,104,104
file89.TextGrid,1,0.510,142,142,145,170,199,209,200,185,163,140
file89.TextGrid,2,0.220,140,133,127,122,118,114,109,105,103,103
file890.TextGrid,1,0.400,174,174,174,174,174,187,198,187,177,168
file890.TextGrid,2,0.380,168,159,150,141,133,129,124,120,116,115
file891.TextGrid,1,0.210,122,122,119,117,120,124,123,121,120,119
file891.TextGrid,2,0.420,119,115,115,122,136,148,152,152,152,152
file892.TextGrid,1,0.170,135,135,135,135,135,135,135,135,133,128
file892.TextGrid,2,0.330,128,116,112,106,99,99,100,100,100,100
file893.TextGrid,1,0.240,130,130,129,126,125,124,123,122,122,123
file893.TextGrid,2,0.650,123,128,136,142,139,127,110,100,99,99
file894.TextGrid,1,0.210,529,529,529,529,529,529,529,529,485,336
file894.TextGrid,2,0.470,336,114,104,109,133,142,135,135,135,135
file895.TextGrid,1,0.210,118,118,118,117,111,107,105,104,104,104
file895.TextGrid,2,0.510,104,110,121,129,141,125,124,124,124,124
file896.TextGrid,1,0.280,146,146,147,155,169,187,207,221,225,222
file896.TextGrid,2,0.390,222,204,181,158,134,118,108,102,101,101
file897.TextGrid,1,0.200,193,193,192,193,198,207,218,228,233,232
file897.TextGrid,2,0.350,232,221,210,200,188,173,166,165,166,166
file898.TextGrid,1,0.340,142,142,147,158,174,189,201,206,203,191
file898.TextGrid,2,0.620,191,165,147,124,115,108,107,107,107,107
file899.TextGrid,1,0.260,120,120,120,120,120,118,115,115,118,120
file899.TextGrid,2,0.540,120,118,151,198,220,228,226,226,226,226
file9.TextGrid,1,0.120,266,262,259,255,251,244,233,220,206,195
file9.TextGrid,2,0.260,195,185,191,201,210,214,209,209,209,209
file90.TextGrid,1,0.320,163,163,163,163,163,163,164,176,192,191
file90.TextGrid,2,0.620,191,168,140,116,108,104,96,97,96,96
file900.TextGrid,1,0.340,88,88,87,91,154,342,377,325,270,214
file900.TextGrid,2,0.490,214,131,99,96,91,87,85,85,85,83
file901.TextGrid,1,0.270,120,120,120,120,120,120,115,111,107,104
file901.TextGrid,2,0.410,104,108,114,128,137,137,137,137,137,137
file902.TextGrid,1,0.310,118,118,118,118,118,118,118,118,118,118
file902.TextGrid,2,0.550,118,116,106,105,117,131,132,132,132,132
file903.TextGrid,1,0.180,125,125,125,124,124,125,124,122,121,123
file903.TextGrid,2,0.340,123,117,111,108,103,103,103,103,103,103
file904.TextGrid,1,0.150,104,104,104,102,100,98,95,94,93,95
file904.TextGrid,2,0.580,95,95,103,99,96,91,92,90,90,90
file905.TextGrid,1,0.290,113,113,115,118,116,111,107,108,110,110
file905.TextGrid,2,0.480,110,106,108,118,134,129,118,118,118,118
file906.TextGrid,1,0.440,246,246,246,246,246,270,378,378,228,134
file906.TextGrid,2,0.280,134,124,117,113,110,110,112,112,112,112
file907.TextGrid,1,0.180,116,116,116,116,116,116,116,116,113,109
file907.TextGrid,2,0.420,109,107,108,114,119,114,113,113,113,113
file908.TextGrid,1,0.220,141,141,141,141,141,141,139,127,119,118
file908.TextGrid,2,0.410,118,122,127,127,125,122,125,126,126,126
file909.TextGrid,1,0.160,118,118,117,113,111,110,112,112,110,108
file909.TextGrid,2,0.560,108,105,101,101,108,124,123,123,123,123
file91.TextGrid,1,0.230,123,123,123,126,137,154,171,181,184,180
file91.TextGrid,2,0.450,180,167,153,141,130,116,108,105,105,105
file910.TextGrid,1,0.310,131,131,131,131,124,118,114,111,115,149
file910.TextGrid,2,0.370,149,364,323,135,127,130,132,132,132,132
file911.TextGrid,1,0.240,110,110,110,110,108,106,107,108,107,106
file911.TextGrid,2,0.590,106,109,108,129,167,173,173,173,173,173
file912.TextGrid,1,0.130,146,146,146,145,137,128,120,114,111,107
file912.TextGrid,2,0.580,107,112,113,116,127,154,166,162,162,162
file913.TextGrid,1,0.370,122,122,122,122,122,122,119,114,114,114
file913.TextGrid,2,0.380,114,115,113,102,138,424,502,502,502,502
file914.TextGrid,1,0.330,206,206,206,206,206,206,211,221,214,185
file914.TextGrid,2,0.190,185,165,149,137,127,120,116,116,116,116
file915.TextGrid,1,0.320,185,186,194,199,199,213,269,338,406,473
file915.TextGrid,2,0.510,473,444,155,102,101,101,101,101,101,101
file916.TextGrid,1,0.200,111,111,111,111,111,111,111,107,104,102
file916.TextGrid,2,0.420,102,103,120,159,171,171,171,171,171,171
file917.TextGrid,1,0.270,186,186,187,198,211,216,210,196,177,158
file917.TextGrid,2,0.140,158,149,139,130,122,116,113,116,126,142
file918.TextGrid,1,0.270,169,169,169,169,169,169,169,175,188,199
file918.TextGrid,2,0.070,199,200,200,200,198,196,194,192,189,187
file919.TextGrid,1,0.190,122,122,122,120,116,114,114,116,115,112
file919.TextGrid,2,0.420,112,111,114,113,114,113,112,111,111,111
file92.TextGrid,1,0.220,228,228,231,231,216,179,148,141,144,144
file92.TextGrid,2,0.490,144,139,132,122,111,103,97,100,103,103
file920.TextGrid,1,0.470,114,114,127,117,112,106,111,126,137,130
file920.TextGrid,2,0.340,130,118,115,115,115,115,115,115,115,115
file921.TextGrid,1,0.310,115,115,115,115,115,115,112,108,106,105
file921.TextGrid,2,0.490,105,101,96,105,122,132,132,132,132,132
file922.TextGrid,1,0.310,114,114,121,129,134,135,134,133,130,130
file922.TextGrid,2,0.670,130,144,159,176,166,122,106,100,101,102
file923.TextGrid,1,0.230,143,143,143,140,133,126,121,118,117,117
file923.TextGrid,2,0.300,117,115,113,111,111,111,111,111,111,111
file924.TextGrid,1,0.360,145,145,145,145,145,140,135,127,125,126
file924.TextGrid,2,0.610,126,131,135,146,147,126,107,102,100,100
file925.TextGrid,1,0.210,105,105,105,105,105,105,105,105,105,105
file925.TextGrid,2,0.540,105,105,105,105,109,124,124,124,124,124
file926.TextGrid,1,0.110,121,121,121,120,119,118,117,116,115,113
file926.TextGrid,2,0.310,113,107,102,100,100,100,101,101,101,101
file927.TextGrid,1,0.450,163,167,183,179,167,157,146,135,124,113
file927.TextGrid,2,0.320,113,106,104,106,105,103,101,101,103,103
file928.TextGrid,1,0.290,119,119,115,111,106,102,100,100,103,107
file928.TextGrid,2,0.340,107,122,138,139,139,139,139,139,139,139
file929.TextGrid,1,0.220,107,107,107,105,104,105,108,111,113,116
file929.TextGrid,2,0.520,116,120,110,110,115,115,113,114,115,115
file93.TextGrid,1,0.270,131,132,133,133,130,120,113,109,105,103
file93.TextGrid,2,0.440,103,101,99,98,106,124,130,134,134,134
file930.TextGrid,1,0.500,219,221,229,227,208,194,179,181,228,206
file930.TextGrid,2,0.410,206,148,108,101,97,97,97,97,97,97
file931.TextGrid,1,0.250,139,154,168,174,172,168,164,160,156,151
file931.TextGrid,2,0.450,151,143,129,124,115,109,101,99,98,98
file932.TextGrid,1,0.090,132,132,132,132,132,132,132,132,132,133
file932.TextGrid,2,0.540,133,142,129,109,112,124,124,124,124,124
file933.TextGrid,1,0.300,121,121,123,131,144,155,158,156,151,145
file933.TextGrid,2,0.260,145,138,129,122,114,109,106,104,102,101
file934.TextGrid,1,0.280,121,121,121,121,121,120,113,110,107,105
file934.TextGrid,2,0.350,105,106,106,105,106,111,116,116,116,116
file935.TextGrid,1,0.180,120,120,119,117,115,113,111,110,109,107
file935.TextGrid,2,0.440,107,104,104,103,107,108,106,105,105,105
file936.TextGrid,1,0.280,123,123,123,123,123,123,123,123,123,123
file936.TextGrid,2,0.450,123,107,99,102,110,106,102,101,101,101
file937.TextGrid,1,0.150,124,125,128,131,131,127,119,114,113,116
file937.TextGrid,2,0.300,116,125,127,121,114,107,100,96,95,95
file938.TextGrid,1,0.240,140,138,125,117,114,111,109,109,108,106
file938.TextGrid,2,0.600,106,112,103,104,129,135,114,107,107,107
file939.TextGrid,1,0.270,120,120,119,121,126,133,144,156,165,169
file939.TextGrid,2,0.460,169,168,158,145,131,124,123,123,123,123
file94.TextGrid,1,0.360,169,169,175,181,168,148,131,122,118,120
file94.TextGrid,2,0.330,120,122,124,122,119,116,109,105,105,106
file940.TextGrid,1,0.370,112,112,122,140,171,206,230,230,197,160
file940.TextGrid,2,0.240,160,146,136,128,121,114,109,107,107,107
file941.TextGrid,1,0.210,124,124,125,127,124,120,120,121,121,118
file941.TextGrid,2,0.630,118,109,106,105,108,135,143,143,143,143
file942.TextGrid,1,0.170,144,144,144,144,144,145,146,146,145,143
file942.TextGrid,2,0.360,143,140,136,131,125,122,122,122,122,122
file943.TextGrid,1,0.230,186,186,186,186,186,186,186,186,188,185
file943.TextGrid,2,0.540,185,153,125,120,116,116,116,116,116,116
file944.TextGrid,1,0.330,131,131,131,126,123,123,139,198,264,331
file944.TextGrid,2,0.290,331,364,263,133,107,107,105,105,105,105
file945.TextGrid,1,0.460,145,146,171,209,238,236,190,149,125,121
file945.TextGrid,2,0.190,121,125,128,128,125,122,119,117,117,117
file946.TextGrid,1,0.510,175,175,175,175,180,199,185,169,153,138
file946.TextGrid,2,0.450,138,123,108,100,100,100,100,100,100,100
file947.TextGrid,1,0.240,120,120,120,120,120,123,126,127,127,127
file947.TextGrid,2,0.570,127,125,106,108,122,150,149,143,143,143
file948.TextGrid,1,0.200,142,142,142,134,126,119,113,108,103,99
file948.TextGrid,2,0.240,99,95,96,102,109,118,126,126,126,126
file949.TextGrid,1,0.460,209,209,209,212,228,229,217,200,182,165
file949.TextGrid,2,0.480,165,146,121,187,550,550,550,550,550,550
file95.TextGrid,1,0.420,185,185,185,185,185,188,205,201,181,158
file95.TextGrid,2,0.290,158,142,129,122,118,113,108,105,104,104
file950.TextGrid,1,0.220,124,124,124,124,124,124,125,122,117,115
file950.TextGrid,2,0.260,115,116,117,116,115,120,129,134,130,115
file951.TextGrid,1,0.330,112,112,112,112,111,107,105,102,101,100
file951.TextGrid,2,0.360,100,102,109,122,129,129,129,129,129,129
file952.TextGrid,1,0.370,137,137,133,128,125,135,154,175,184,180
file952.TextGrid,2,0.510,180,170,160,150,139,126,111,102,101,102
file953.TextGrid,1,0.350,123,123,115,116,112,107,109,112,118,129
file953.TextGrid,2,0.390,129,143,153,150,144,156,156,156,156,156
file954.TextGrid,1,0.270,117,117,115,117,118,113,111,109,104,103
file954.TextGrid,2,0.320,103,107,110,117,126,128,128,128,128,128
file955.TextGrid,1,0.310,143,143,146,150,153,155,156,158,160,161
file955.TextGrid,2,0.740,161,165,175,177,163,145,127,116,109,109
file956.TextGrid,1,0.470,118,118,120,143,179,195,186,167,147,134
file956.TextGrid,2,0.150,134,131,127,123,120,118,117,117,117,117
file957.TextGrid,1,0.200,151,151,150,147,143,141,139,138,137,135
file957.TextGrid,2,0.540,135,136,143,150,135,114,103,98,97,97
file958.TextGrid,1,0.230,132,123,119,123,132,145,161,175,183,182
file958.TextGrid,2,0.560,182,169,152,137,123,122,122,122,122,122
file959.TextGrid,1,0.470,150,150,155,177,202,201,189,179,168,158
file959.TextGrid,2,0.240,158,152,146,136,127,118,110,105,105,105
file96.TextGrid,1,0.370,123,120,111,108,112,115,113,113,114,115
file96.TextGrid,2,0.310,115,115,112,116,182,362,536,550,550,550
file960.TextGrid,1,0.090,139,139,139,139,136,130,126,122,119,117
file960.TextGrid,2,0.350,117,116,116,112,105,100,98,100,100,100
file961.TextGrid,1,0.240,135,135,138,136,133,135,140,145,149,154
file961.TextGrid,2,0.400,154,162,170,172,178,188,186,166,144,137
file962.TextGrid,1,0.200,109,109,112,121,132,138,137,135,133,131
file962.TextGrid,2,0.610,131,125,115,109,124,163,181,188,188,188
file963.TextGrid,1,0.140,126,126,126,122,119,119,120,121,121,120
file963.TextGrid,2,0.490,120,112,113,113,123,130,123,121,121,121
file964.TextGrid,1,0.410,127,127,127,127,127,134,138,138,137,137
file964.TextGrid,2,0.300,137,137,134,123,115,108,103,101,101,101
file965.TextGrid,1,0.300,174,174,174,174,174,174,171,174,177,174
file965.TextGrid,2,0.250,174,170,165,158,150,143,137,131,131,131
file966.TextGrid,1,0.160,210,210,210,210,212,217,222,223,223,223
file966.TextGrid,2,0.640,223,219,157,139,136,127,116,111,111,111
file967.TextGrid,1,0.290,123,122,117,116,115,116,117,117,114,111
file967.TextGrid,2,0.440,111,105,102,115,121,121,121,121,121,121
file968.TextGrid,1,0.260,441,441,441,342,190,123,115,115,115,114
file968.TextGrid,2,0.430,114,115,132,152,147,135,135,135,135,135
file969.TextGrid,1,0.240,126,126,126,126,128,129,130,129,127,129
file969.TextGrid,2,0.330,129,142,166,185,186,168,139,121,120,120
file97.TextGrid,1,0.600,118,118,118,115,108,108,117,152,153,155
file97.TextGrid,2,0.150,155,154,155,155,155,155,155,155,155,155
file970.TextGrid,1,0.180,117,117,116,114,113,111,110,109,108,107
file970.TextGrid,2,0.440,107,104,107,113,126,121,111,110,110,110
file971.TextGrid,1,0.230,140,137,121,114,112,111,110,109,108,106
file971.TextGrid,2,0.500,106,113,116,120,138,133,131,131,131,131
file972.TextGrid,1,0.180,113,113,113,113,113,113,113,113,112,111
file972.TextGrid,2,0.440,111,115,116,112,120,124,122,122,122,122
file973.TextGrid,1,0.180,154,154,154,154,154,154,154,150,135,120
file973.TextGrid,2,0.490,120,105,106,113,125,125,127,127,127,127
file974.TextGrid,1,0.350,221,221,221,221,221,221,225,237,230,200
file974.TextGrid,2,0.200,200,177,155,135,121,118,118,118,118,118
file975.TextGrid,1,0.320,153,150,155,163,176,195,213,219,201,173
file975.TextGrid,2,0.440,173,146,130,120,113,110,147,204,193,193
file976.TextGrid,1,0.150,110,110,110,110,110,110,110,110,110,111
file976.TextGrid,2,0.560,111,113,111,103,112,122,121,121,121,121
file977.TextGrid,1,0.260,138,131,119,114,110,108,105,101,104,110
file977.TextGrid,2,0.440,110,126,114,118,120,119,119,119,119,119
file978.TextGrid,1,0.120,109,109,109,109,109,109,110,111,112,113
file978.TextGrid,2,0.450,113,112,112,112,112,112,113,113,113,113
file979.TextGrid,1,0.200,125,125,125,125,125,125,125,119,114,111
file979.TextGrid,2,0.390,111,109,109,111,119,121,121,123,123,123
file98.TextGrid,1,0.380,110,110,110,128,168,205,215,203,172,138
file98.TextGrid,2,0.110,138,130,122,116,112,111,111,111,111,111
file980.TextGrid,1,0.290,159,159,147,137,132,128,128,130,132,137
file980.TextGrid,2,0.400,137,151,165,177,170,159,150,143,143,145
file981.TextGrid,1,0.150,131,131,131,131,131,131,131,129,125,123
file981.TextGrid,2,0.600,123,122,113,135,151,116,80,80,80,80
file982.TextGrid,1,0.100,119,119,119,119,119,118,117,116,116,116
file982.TextGrid,2,0.560,116,128,127,124,212,330,448,556,569,569
file983.TextGrid,1,0.320,116,117,121,125,124,117,107,99,97,99
file983.TextGrid,2,0.240,99,105,112,115,116,117,117,117,117,117
file984.TextGrid,1,0.240,112,112,111,111,112,110,107,104,103,102
file984.TextGrid,2,0.490,102,104,107,111,125,142,135,132,132,132
file985.TextGrid,1,0.190,108,108,108,108,106,104,103,104,104,104
file985.TextGrid,2,0.630,104,108,123,146,174,176,150,150,150,150
file986.TextGrid,1,0.300,120,120,120,118,116,115,115,115,116,119
file986.TextGrid,2,0.340,119,131,150,170,189,204,206,201,197,197
file987.TextGrid,1,0.320,202,195,171,178,203,215,215,197,178,182
file987.TextGrid,2,0.300,182,185,177,173,170,169,170,171,172,172
file988.TextGrid,1,0.330,135,131,126,130,129,130,131,131,129,130
file988.TextGrid,2,0.530,130,134,119,111,112,110,110,110,110,110
file989.TextGrid,1,0.330,178,181,196,216,229,232,223,208,189,166
file989.TextGrid,2,0.280,166,151,141,130,120,113,109,105,104,104
file99.TextGrid,1,0.130,107,107,107,107,107,107,107,107,107,107
file99.TextGrid,2,0.560,107,107,107,105,110,196,460,460,460,460
file990.TextGrid,1,0.090,131,133,137,140,143,146,148,150,151,151
file990.TextGrid,2,0.310,151,147,139,134,130,121,108,99,95,95
file991.TextGrid,1,0.420,184,184,184,192,219,237,229,204,171,138
file991.TextGrid,2,0.320,138,124,119,114,109,106,104,101,101,101
file992.TextGrid,1,0.180,129,129,129,129,130,136,148,162,175,183
file992.TextGrid,2,0.470,183,221,342,471,555,514,508,473,476,476
file993.TextGrid,1,0.330,109,109,109,109,107,106,106,106,106,106
file993.TextGrid,2,0.400,106,104,104,104,104,104,104,104,104,104
file994.TextGrid,1,0.210,105,105,106,105,104,104,105,107,111,115
file994.TextGrid,2,0.420,115,104,98,96,99,106,117,126,125,124
file995.TextGrid,1,0.180,112,112,112,112,111,107,104,102,101,101
file995.TextGrid,2,0.400,101,99,98,102,109,110,108,108,108,108
file996.TextGrid,1,0.130,112,112,112,112,112,113,115,116,117,117
file996.TextGrid,2,0.380,117,117,116,115,115,115,115,115,115,115
file997.TextGrid,1,0.210,134,130,123,120,119,115,109,103,106,112
file997.TextGrid,2,0.340,112,116,112,105,101,101,108,131,155,153
file998.TextGrid,1,0.250,119,119,118,126,146,142,125,118,117,117
file998.TextGrid,2,0.290,117,119,126,132,129,123,122,122,122,122
file999.TextGrid,1,0.340,128,128,117,120,133,141,139,136,139,137
file999.TextGrid,2,0.220,137,127,111,100,99,99,99,99,99,99
