fileName,name,duration,intensity1,intensity2,intensity3,intensity4,intensity5,intensity6,intensity7,intensity8,intensity9,intensity10,meanIntensity
file0.TextGrid,1,0.130,61,72,69,60,58,57,53,55,63,64,61.137
file0.TextGrid,2,0.390,64,72,79,79,79,80,75,62,55,53,71.397
file1.TextGrid,1,0.210,39,72,80,82,79,74,77,75,72,59,73.589
file1.TextGrid,2,0.450,59,67,82,83,80,68,58,55,53,36,65.990
file10.TextGrid,1,0.300,27,34,47,53,59,74,80,81,80,74,62.380
file10.TextGrid,2,0.340,74,70,73,74,65,59,54,42,45,31,59.115
file100.TextGrid,1,0.280,11,39,52,55,57,67,79,84,83,77,62.402
file100.TextGrid,2,0.380,77,70,77,77,74,62,56,51,48,44,63.826
file1000.TextGrid,1,0.070,83,84,83,81,79,79,79,77,74,72,79.332
file1000.TextGrid,2,0.240,72,75,83,83,83,84,79,69,64,60,76.260
file1001.TextGrid,1,0.140,31,48,59,64,66,71,76,76,73,69,64.909
file1001.TextGrid,2,0.450,69,67,74,74,76,74,66,58,54,34,65.985
file1002.TextGrid,1,0.520,19,47,62,64,69,81,70,63,63,68,62.558
file1002.TextGrid,2,0.640,68,75,78,79,75,71,59,54,46,21,65.299
file1003.TextGrid,1,0.130,43,63,72,74,75,76,76,76,73,69,71.253
file1003.TextGrid,2,0.470,69,75,76,63,69,67,53,41,33,31,57.713
file1004.TextGrid,1,0.250,41,72,79,83,83,82,81,81,81,74,78.756
file1004.TextGrid,2,0.170,74,70,72,72,72,70,64,72,83,84,72.537
file1005.TextGrid,1,0.190,36,62,68,73,80,81,80,80,80,77,73.614
file1005.TextGrid,2,0.370,77,75,65,67,66,67,61,44,37,31,59.485
file1006.TextGrid,1,0.190,36,36,49,54,72,82,83,80,71,73,64.636
file1006.TextGrid,2,0.420,73,71,72,58,70,61,53,46,39,33,58.224
file1007.TextGrid,1,0.280,12,59,76,79,73,71,67,60,51,37,63.099
file1007.TextGrid,2,0.430,37,58,83,83,84,83,82,80,67,69,74.333
file1008.TextGrid,1,0.110,49,49,63,73,77,78,78,78,79,80,70.835
file1008.TextGrid,2,0.410,80,79,80,73,69,57,43,40,37,30,59.382
file1009.TextGrid,1,0.310,80,82,77,81,84,85,85,83,81,70,81.544
file1009.TextGrid,2,0.150,70,65,64,61,60,59,58,58,59,56,60.677
file101.TextGrid,1,0.200,61,64,71,80,82,83,78,73,71,68,74.010
file101.TextGrid,2,0.450,68,79,76,67,57,58,60,59,58,50,63.624
file1010.TextGrid,1,0.310,39,69,70,72,75,81,83,80,74,65,73.483
file1010.TextGrid,2,0.420,65,55,51,55,60,72,75,73,49,32,60.192
file1011.TextGrid,1,0.100,29,47,54,65,74,79,81,81,81,77,68.539
file1011.TextGrid,2,0.700,77,77,81,79,73,65,58,52,40,29,63.992
file1012.TextGrid,1,0.230,68,85,86,87,85,82,81,84,85,82,83.517
file1012.TextGrid,2,0.460,82,79,74,62,59,56,49,43,34,23,56.843
file1013.TextGrid,1,0.120,69,72,74,75,75,74,74,74,70,66,72.971
file1013.TextGrid,2,0.190,66,64,67,73,74,73,70,66,57,37,66.512
file1014.TextGrid,1,0.160,12,22,44,54,59,58,61,74,77,77,54.898
file1014.TextGrid,2,0.510,77,77,76,75,74,69,55,50,45,31,64.524
file1015.TextGrid,1,0.200,46,71,76,78,69,57,53,59,59,65,64.109
file1015.TextGrid,2,0.660,65,84,83,82,83,78,63,56,47,37,70.346
file1016.TextGrid,1,0.120,50,65,72,75,77,76,68,65,69,70,69.951
file1016.TextGrid,2,0.310,70,68,64,61,67,67,62,49,43,40,59.456
file1017.TextGrid,1,0.080,74,76,77,79,80,82,82,81,78,73,78.728
file1017.TextGrid,2,0.230,73,62,60,58,58,64,68,68,68,66,63.885
file1018.TextGrid,1,0.310,41,55,63,64,80,80,76,76,73,77,69.934
file1018.TextGrid,2,0.410,77,78,76,67,68,66,67,57,50,48,65.219
file1019.TextGrid,1,0.240,14,20,57,71,72,70,70,70,71,68,60.282
file1019.TextGrid,2,0.510,68,72,73,72,56,52,47,39,33,26,54.367
file102.TextGrid,1,0.550,29,58,65,58,78,66,65,69,65,61,63.440
file102.TextGrid,2,0.160,61,58,59,58,56,53,46,39,34,30,49.736
file1020.TextGrid,1,0.240,2,53,68,74,76,77,84,81,80,70,70.568
file1020.TextGrid,2,0.590,70,67,67,61,61,55,58,57,45,23,57.536
file1021.TextGrid,1,0.170,59,63,78,80,76,77,76,73,68,71,72.733
file1021.TextGrid,2,0.460,71,78,78,80,72,59,49,52,42,35,63.120
file1022.TextGrid,1,0.170,60,80,84,81,73,70,65,66,71,78,73.420
file1022.TextGrid,2,0.510,78,81,82,74,65,61,52,51,37,35,62.613
file1023.TextGrid,1,0.200,60,60,62,64,65,67,68,79,82,83,68.756
file1023.TextGrid,2,0.790,83,78,69,61,68,76,69,54,46,47,65.368
file1024.TextGrid,1,0.330,34,67,79,74,51,23,9,3,0.8,-1,35.752
file1024.TextGrid,2,0.580,-1,58,77,75,72,71,73,60,48,37,64.062
file1025.TextGrid,1,0.240,28,48,54,55,67,66,62,60,60,49,56.779
file1025.TextGrid,2,0.360,49,72,77,77,78,78,78,76,77,66,74.299
file1026.TextGrid,1,0.310,84,81,77,77,79,78,75,72,74,72,77.000
file1026.TextGrid,2,0.300,72,74,75,75,74,71,62,58,57,52,67.452
file1027.TextGrid,1,0.260,25,58,59,59,64,69,75,80,82,71,66.693
file1027.TextGrid,2,0.420,71,55,53,76,79,78,58,50,45,32,60.713
file1028.TextGrid,1,0.090,74,76,77,78,79,79,78,77,75,73,77.084
file1028.TextGrid,2,0.360,73,70,69,77,76,72,65,57,45,29,64.945
file1029.TextGrid,1,0.080,9,13,17,18,27,42,55,63,66,68,37.586
file1029.TextGrid,2,0.580,68,61,68,71,71,52,36,54,37,25,54.804
file103.TextGrid,1,0.230,49,68,73,73,75,77,78,78,77,75,73.699
file103.TextGrid,2,0.470,75,71,73,74,71,59,52,52,44,38,61.683
file1030.TextGrid,1,0.240,36,63,79,82,83,80,72,70,70,64,71.802
file1030.TextGrid,2,0.490,64,62,78,81,79,65,54,53,45,35,62.614
file1031.TextGrid,1,0.170,29,47,69,75,75,73,70,65,55,62,63.711
file1031.TextGrid,2,0.700,62,67,77,77,74,66,56,42,35,22,61.638
file1032.TextGrid,1,0.190,48,52,55,57,70,83,84,83,82,79,69.842
file1032.TextGrid,2,0.260,79,76,73,71,72,73,65,63,56,54,68.151
file1033.TextGrid,1,0.220,41,61,63,65,74,79,79,78,76,73,70.493
file1033.TextGrid,2,0.600,73,72,71,75,74,67,54,51,47,46,63.234
file1034.TextGrid,1,0.160,17,25,40,48,52,56,73,78,76,69,54.631
file1034.TextGrid,2,0.500,69,64,81,80,75,62,55,52,44,44,63.001
file1035.TextGrid,1,0.360,29,63,81,72,69,65,55,49,63,63,62.946
file1035.TextGrid,2,0.390,63,73,76,68,62,57,54,51,42,28,59.201
file1036.TextGrid,1,0.350,31,66,74,72,75,71,79,78,78,78,71.900
file1036.TextGrid,2,0.440,78,77,77,79,78,74,74,58,54,44,70.559
file1037.TextGrid,1,0.110,28,41,61,66,73,80,81,82,81,77,68.427
file1037.TextGrid,2,0.490,77,75,74,74,75,62,54,50,37,34,61.517
file1038.TextGrid,1,0.480,4,52,62,63,78,82,83,83,81,74,70.772
file1038.TextGrid,2,0.300,74,73,75,72,70,64,55,46,39,20,60.401
file1039.TextGrid,1,0.210,21,55,63,63,64,77,81,81,79,73,68.281
file1039.TextGrid,2,0.270,73,69,73,76,75,70,62,52,43,36,63.785
file104.TextGrid,1,0.210,23,64,74,75,75,66,66,64,60,66,65.539
file104.TextGrid,2,0.400,66,68,67,67,67,56,49,42,44,34,56.998
file1040.TextGrid,1,0.160,22,32,44,65,70,72,72,72,71,68,60.204
file1040.TextGrid,2,0.460,68,75,81,82,75,74,69,56,53,43,68.925
file1041.TextGrid,1,0.530,-4,64,63,65,79,82,82,81,80,74,72.276
file1041.TextGrid,2,0.460,74,76,73,71,55,55,55,53,47,--undefined--,60.608
file1042.TextGrid,1,0.100,37,37,36,46,57,61,70,76,77,76,57.574
file1042.TextGrid,2,0.280,76,75,74,77,80,78,73,70,64,52,72.751
file1043.TextGrid,1,0.360,19,64,72,73,78,82,81,68,62,82,70.818
file1043.TextGrid,2,0.310,82,80,74,73,71,66,64,62,57,43,67.886
file1044.TextGrid,1,0.300,29,48,60,71,79,67,60,58,50,43,58.913
file1044.TextGrid,2,0.300,43,60,77,76,76,72,59,56,51,43,63.776
file1045.TextGrid,1,0.470,70,74,68,75,62,81,80,75,74,76,73.776
file1045.TextGrid,2,0.350,76,81,81,79,64,63,55,57,54,50,66.764
file1046.TextGrid,1,0.160,25,45,60,74,78,73,66,65,63,60,62.929
file1046.TextGrid,2,0.470,60,48,61,78,74,65,53,52,52,40,59.708
file1047.TextGrid,1,0.270,34,27,40,48,54,59,65,73,78,75,55.517
file1047.TextGrid,2,0.290,75,73,75,75,74,71,68,58,40,24,64.815
file1048.TextGrid,1,0.280,27,58,70,80,83,83,81,77,76,79,73.816
file1048.TextGrid,2,0.310,79,77,79,68,58,51,50,43,39,36,58.050
file1049.TextGrid,1,0.240,28,51,63,72,79,70,64,60,55,54,61.677
file1049.TextGrid,2,0.430,54,72,72,72,72,59,48,42,40,35,58.510
file105.TextGrid,1,0.280,29,64,69,68,72,77,78,78,78,75,71.027
file105.TextGrid,2,0.430,75,67,77,78,75,68,58,49,41,36,62.840
file1050.TextGrid,1,0.160,35,66,77,80,81,82,82,82,81,79,76.716
file1050.TextGrid,2,0.510,79,76,74,70,58,47,47,46,45,--undefined--,58.070
file1051.TextGrid,1,0.230,7,45,58,64,67,72,77,77,76,73,63.954
file1051.TextGrid,2,0.430,73,72,80,80,78,80,77,71,50,37,71.505
file1052.TextGrid,1,0.330,42,49,54,57,73,79,80,70,62,55,63.424
file1052.TextGrid,2,0.370,55,60,62,61,58,70,72,72,67,42,63.614
file1053.TextGrid,1,0.390,25,66,67,82,83,82,68,63,57,65,68.734
file1053.TextGrid,2,0.270,65,77,78,76,68,64,60,56,55,45,65.795
file1054.TextGrid,1,0.200,17,40,71,76,77,76,75,74,72,70,67.206
file1054.TextGrid,2,0.490,70,68,68,69,69,61,49,41,35,29,56.954
file1055.TextGrid,1,0.320,19,64,71,76,77,77,72,71,73,73,69.624
file1055.TextGrid,2,0.630,73,76,75,75,74,59,47,49,42,36,61.800
file1056.TextGrid,1,0.210,29,59,72,76,76,73,73,76,71,69,69.701
file1056.TextGrid,2,0.530,69,72,76,76,75,70,57,45,42,29,62.618
file1057.TextGrid,1,0.320,8,33,49,54,59,71,78,83,82,73,61.102
file1057.TextGrid,2,0.320,73,65,80,82,81,77,63,43,45,46,66.048
file1058.TextGrid,1,0.350,35,43,47,57,78,78,80,80,81,80,67.003
file1058.TextGrid,2,0.630,80,80,79,72,56,56,42,35,40,41,57.634
file1059.TextGrid,1,0.340,8,62,67,68,67,82,82,81,78,79,70.321
file1059.TextGrid,2,0.570,79,83,81,54,58,59,57,59,54,22,61.974
file106.TextGrid,1,0.340,67,74,74,51,52,55,54,53,49,49,57.771
file106.TextGrid,2,0.540,49,54,72,70,54,51,48,47,47,45,55.209
file1060.TextGrid,1,0.570,15,73,75,78,84,74,68,66,67,70,71.923
file1060.TextGrid,2,0.350,70,79,80,79,76,75,69,58,51,40,69.518
file1061.TextGrid,1,0.120,44,56,64,70,75,79,80,80,79,78,71.569
file1061.TextGrid,2,0.460,78,77,75,78,78,71,59,55,48,38,66.209
file1062.TextGrid,1,0.120,28,50,65,72,72,71,73,74,76,75,67.313
file1062.TextGrid,2,0.320,75,75,78,75,78,81,75,67,65,61,73.443
file1063.TextGrid,1,0.390,29,69,73,78,67,63,57,50,54,65,61.452
file1063.TextGrid,2,0.330,65,73,76,76,69,63,59,55,58,51,65.332
file1064.TextGrid,1,0.070,70,73,76,78,80,81,81,80,78,74,77.471
file1064.TextGrid,2,0.400,74,61,57,75,72,60,51,44,41,35,57.432
file1065.TextGrid,1,0.330,19,59,70,72,68,68,68,68,67,65,64.992
file1065.TextGrid,2,0.620,65,56,67,79,82,82,79,76,68,41,71.132
file1066.TextGrid,1,0.140,37,46,53,69,73,74,73,74,75,74,65.847
file1066.TextGrid,2,0.290,74,70,71,73,72,69,64,54,47,41,64.232
file1067.TextGrid,1,0.140,15,15,25,39,49,53,65,76,78,74,49.497
file1067.TextGrid,2,0.520,74,71,81,77,63,57,51,46,39,24,59.580
file1068.TextGrid,1,0.250,49,67,66,68,70,78,81,82,81,78,73.154
file1068.TextGrid,2,0.260,78,75,74,75,80,80,79,79,69,67,76.058
file1069.TextGrid,1,0.170,42,50,64,70,72,73,77,79,79,74,69.138
file1069.TextGrid,2,0.570,74,75,77,75,71,70,65,49,40,30,64.534
file107.TextGrid,1,0.320,32,67,82,78,71,69,60,54,55,68,65.403
file107.TextGrid,2,0.450,68,73,75,72,65,62,54,40,34,28,58.467
file1070.TextGrid,1,0.290,58,82,84,84,79,77,77,78,74,73,78.120
file1070.TextGrid,2,0.390,73,80,78,77,76,67,58,53,56,40,67.046
file1071.TextGrid,1,0.170,27,26,50,72,79,78,74,70,73,71,63.436
file1071.TextGrid,2,0.420,71,74,75,74,73,72,67,54,45,38,65.548
file1072.TextGrid,1,0.260,23,46,49,55,72,77,71,67,68,64,61.158
file1072.TextGrid,2,0.680,64,73,75,73,69,69,51,49,37,37,60.988
file1073.TextGrid,1,0.280,27,61,63,59,72,76,75,68,60,68,65.102
file1073.TextGrid,2,0.100,68,70,71,72,72,73,74,75,75,76,72.571
file1074.TextGrid,1,0.380,15,54,61,71,76,78,77,79,70,59,67.957
file1074.TextGrid,2,0.570,59,57,55,70,66,60,60,60,55,41,58.620
file1075.TextGrid,1,0.220,33,43,57,63,67,64,80,83,82,81,66.265
file1075.TextGrid,2,0.400,81,80,81,81,72,62,58,50,42,34,64.161
file1076.TextGrid,1,0.140,78,81,82,83,82,81,78,76,77,76,79.690
file1076.TextGrid,2,0.650,76,74,64,64,75,74,67,62,58,22,65.607
file1077.TextGrid,1,0.310,36,58,69,66,82,69,60,56,55,55,62.131
file1077.TextGrid,2,0.400,55,78,80,77,63,55,53,48,42,39,59.614
file1078.TextGrid,1,0.150,31,56,73,77,76,74,72,71,79,82,70.692
file1078.TextGrid,2,0.500,82,82,84,82,80,69,61,59,53,48,70.452
file1079.TextGrid,1,0.160,32,58,69,70,69,69,70,71,71,65,66.202
file1079.TextGrid,2,0.530,65,59,61,75,75,74,71,59,54,30,62.609
file108.TextGrid,1,0.200,30,38,54,62,62,78,78,67,61,62,60.503
file108.TextGrid,2,0.540,62,80,80,74,72,74,67,59,52,39,67.486
file1080.TextGrid,1,0.530,52,80,80,81,81,77,76,77,77,69,77.643
file1080.TextGrid,2,0.190,69,69,71,70,67,61,53,55,45,41,60.521
file1081.TextGrid,1,0.520,29,58,55,81,80,79,77,73,58,52,67.483
file1081.TextGrid,2,0.230,52,51,49,47,48,48,42,41,42,--undefined--,45.949
file1082.TextGrid,1,0.120,4,31,48,55,65,69,71,71,69,64,57.131
file1082.TextGrid,2,0.540,64,61,71,72,73,72,65,63,50,31,64.548
file1083.TextGrid,1,0.260,78,80,70,65,62,60,62,62,62,60,65.696
file1083.TextGrid,2,0.410,60,45,66,77,77,73,55,59,51,30,61.061
file1084.TextGrid,1,0.050,81,81,82,82,82,82,81,81,81,81,81.318
file1084.TextGrid,2,0.570,81,77,79,74,57,54,50,45,39,29,58.927
file1085.TextGrid,1,0.260,19,55,72,75,76,76,71,56,49,45,62.668
file1085.TextGrid,2,0.360,45,61,66,62,70,67,66,62,45,35,59.658
file1086.TextGrid,1,0.470,40,56,57,54,82,84,81,79,78,75,70.675
file1086.TextGrid,2,0.360,75,78,79,78,75,75,75,68,58,32,70.658
file1087.TextGrid,1,0.280,22,58,66,68,68,68,62,59,56,56,60.606
file1087.TextGrid,2,0.260,56,55,63,64,63,61,56,49,42,37,55.601
file1088.TextGrid,1,0.260,28,60,68,72,83,78,72,71,71,72,69.404
file1088.TextGrid,2,0.300,72,68,74,75,71,63,54,48,51,46,62.794
file1089.TextGrid,1,0.170,50,55,65,69,71,72,72,72,72,66,67.299
file1089.TextGrid,2,0.230,66,68,74,72,73,71,66,60,53,50,66.268
file109.TextGrid,1,0.340,9,52,60,62,75,81,78,76,77,71,66.903
file109.TextGrid,2,0.340,71,45,25,33,71,76,73,73,60,38,56.050
file1090.TextGrid,1,0.300,31,49,73,83,83,82,76,72,69,70,70.625
file1090.TextGrid,2,0.260,70,74,78,75,66,61,55,46,45,37,61.335
file1091.TextGrid,1,0.440,-0.4,61,69,81,80,74,67,65,60,56,66.801
file1091.TextGrid,2,0.480,56,65,76,73,66,54,45,42,41,39,56.756
file1092.TextGrid,1,0.060,40,50,55,57,59,62,64,65,67,68,59.237
file1092.TextGrid,2,0.480,68,69,72,77,75,66,72,69,62,19,67.701
file1093.TextGrid,1,0.380,-9,54,66,68,72,83,82,78,71,72,67.819
file1093.TextGrid,2,0.260,72,71,71,70,70,62,49,43,34,27,57.819
file1094.TextGrid,1,0.200,30,53,65,68,65,66,76,79,78,75,67.095
file1094.TextGrid,2,0.350,75,75,74,74,74,75,74,75,78,68,74.709
file1095.TextGrid,1,0.230,34,54,74,77,78,79,79,79,79,79,72.762
file1095.TextGrid,2,0.420,79,79,81,80,74,62,55,47,44,37,64.520
file1096.TextGrid,1,0.300,55,74,70,77,73,72,72,67,61,53,69.287
file1096.TextGrid,2,0.450,53,70,76,74,69,57,50,45,38,35,58.122
file1097.TextGrid,1,0.580,30,74,73,73,78,81,82,78,76,66,75.361
file1097.TextGrid,2,0.150,66,64,62,61,57,49,45,36,28,18,49.309
file1098.TextGrid,1,0.270,23,50,68,73,66,79,77,68,73,76,67.001
file1098.TextGrid,2,0.470,76,76,73,74,66,55,49,46,41,31,59.222
file1099.TextGrid,1,0.300,71,75,80,81,82,80,80,81,81,74,79.339
file1099.TextGrid,2,0.470,74,63,78,78,78,79,70,59,53,42,68.375
file11.TextGrid,1,0.160,38,53,63,68,69,70,70,72,72,70,65.717
file11.TextGrid,2,0.420,70,63,69,72,70,70,69,68,59,41,66.365
file110.TextGrid,1,0.420,33,65,60,60,75,80,82,74,66,62,68.255
file110.TextGrid,2,0.450,62,71,70,77,70,70,62,51,45,36,62.557
file1100.TextGrid,1,0.170,40,57,74,79,80,82,83,83,82,79,75.483
file1100.TextGrid,2,0.560,79,82,81,83,73,62,60,48,39,35,64.738
file1101.TextGrid,1,0.180,43,71,80,84,85,84,81,78,74,71,77.594
file1101.TextGrid,2,0.450,71,70,75,82,80,75,59,54,49,42,66.974
file1102.TextGrid,1,0.310,31,64,65,80,84,82,77,68,65,61,70.824
file1102.TextGrid,2,0.250,61,61,65,68,73,76,76,76,73,65,70.098
file1103.TextGrid,1,0.220,20,37,53,59,62,62,64,80,82,79,61.236
file1103.TextGrid,2,0.550,79,78,80,80,72,62,62,51,42,31,64.557
file1104.TextGrid,1,0.390,60,78,82,77,71,71,70,70,66,68,71.844
file1104.TextGrid,2,0.500,68,74,75,72,68,67,64,60,47,9,62.969
file1105.TextGrid,1,0.200,24,55,71,75,76,76,74,63,45,45,64.103
file1105.TextGrid,2,0.430,45,44,43,41,46,70,71,68,64,47,54.448
file1106.TextGrid,1,0.330,33,45,62,63,58,68,75,61,54,52,57.935
file1106.TextGrid,2,0.260,52,69,67,67,68,66,61,56,47,41,61.271
file1107.TextGrid,1,0.200,36,64,72,74,76,76,77,76,76,70,71.857
file1107.TextGrid,2,0.470,70,70,64,71,68,56,50,47,42,39,57.957
file1108.TextGrid,1,0.250,29,36,39,32,61,66,67,77,80,75,56.837
file1108.TextGrid,2,0.600,75,74,73,75,72,70,57,51,46,27,63.743
file1109.TextGrid,1,0.410,36,59,57,55,67,78,77,76,75,68,66.723
file1109.TextGrid,2,0.540,68,69,79,77,73,69,62,58,53,28,65.748
file111.TextGrid,1,0.200,24,48,67,67,59,63,58,58,51,47,56.112
file111.TextGrid,2,0.360,47,65,79,78,78,77,77,76,72,67,73.272
file1110.TextGrid,1,0.290,20,53,58,61,61,61,64,70,74,69,61.139
file1110.TextGrid,2,0.290,69,40,17,48,75,76,75,70,57,18,55.845
file1111.TextGrid,1,0.300,30,57,68,62,81,79,70,74,70,73,68.113
file1111.TextGrid,2,0.340,73,78,80,80,71,61,53,45,47,38,63.668
file1112.TextGrid,1,0.350,36,65,71,79,82,81,68,60,59,62,68.493
file1112.TextGrid,2,0.340,62,71,73,73,68,57,54,56,49,36,61.662
file1113.TextGrid,1,0.310,7,28,40,54,54,56,69,77,72,50,53.166
file1113.TextGrid,2,0.390,50,41,75,75,72,53,51,50,46,35,55.691
file1114.TextGrid,1,0.160,26,48,63,66,69,79,82,82,81,76,69.176
file1114.TextGrid,2,0.450,76,75,79,78,77,62,54,49,43,29,62.574
file1115.TextGrid,1,0.220,63,64,66,70,80,76,76,73,74,77,71.996
file1115.TextGrid,2,0.390,77,80,77,71,65,58,53,50,45,36,62.099
file1116.TextGrid,1,0.470,24,47,49,52,67,76,76,77,78,70,63.959
file1116.TextGrid,2,0.450,70,66,72,72,71,69,61,50,43,12,60.156
file1117.TextGrid,1,0.160,19,45,66,66,70,71,72,76,76,73,65.156
file1117.TextGrid,2,0.280,73,63,64,62,71,75,75,76,74,62,69.491
file1118.TextGrid,1,0.100,39,53,67,73,77,79,80,79,78,77,71.641
file1118.TextGrid,2,0.470,77,70,77,78,79,68,62,58,46,40,66.487
file1119.TextGrid,1,0.040,80,80,81,81,82,82,82,83,83,83,81.715
file1119.TextGrid,2,0.540,83,76,78,75,81,80,69,60,47,30,70.106
file112.TextGrid,1,0.170,32,41,59,69,78,80,81,81,81,80,69.421
file112.TextGrid,2,0.500,80,77,77,76,66,67,65,49,44,36,64.191
file1120.TextGrid,1,0.270,14,61,74,75,63,59,58,56,52,41,59.016
file1120.TextGrid,2,0.710,41,13,82,77,65,70,65,71,64,43,60.969
file1121.TextGrid,1,0.380,51,68,65,65,65,65,66,67,61,56,64.318
file1121.TextGrid,2,0.600,56,82,82,82,77,75,72,45,44,22,67.329
file1122.TextGrid,1,0.170,48,71,80,82,83,82,81,80,78,75,78.015
file1122.TextGrid,2,0.510,75,74,84,81,82,81,73,65,56,47,73.087
file1123.TextGrid,1,0.230,9,30,49,55,59,62,57,45,65,66,51.103
file1123.TextGrid,2,0.430,66,76,76,74,72,70,66,61,50,35,66.352
file1124.TextGrid,1,0.340,73,72,67,67,84,68,63,57,57,59,66.879
file1124.TextGrid,2,0.290,59,70,82,84,83,82,71,66,62,61,73.495
file1125.TextGrid,1,0.380,-2,39,48,52,53,59,78,79,70,58,57.188
file1125.TextGrid,2,0.510,58,50,48,55,76,75,73,52,44,40,58.760
file1126.TextGrid,1,0.280,27,66,74,72,77,72,62,60,58,63,65.174
file1126.TextGrid,2,0.610,63,64,77,77,66,61,48,43,39,31,57.470
file1127.TextGrid,1,0.510,32,73,86,86,84,82,85,83,65,60,77.581
file1127.TextGrid,2,0.160,60,59,60,60,56,54,50,50,49,47,54.638
file1128.TextGrid,1,0.260,29,48,65,65,56,77,77,69,64,66,63.143
file1128.TextGrid,2,0.710,66,78,80,83,74,68,61,56,44,37,66.062
file1129.TextGrid,1,0.280,17,47,66,70,73,77,78,78,78,80,68.517
file1129.TextGrid,2,0.690,80,80,83,80,75,74,65,55,34,24,67.174
file113.TextGrid,1,0.150,35,44,64,76,84,85,79,69,67,66,68.555
file113.TextGrid,2,0.540,66,59,57,84,84,72,61,55,53,37,64.559
file1130.TextGrid,1,0.320,28,59,69,68,83,68,60,53,51,47,61.322
file1130.TextGrid,2,0.300,47,76,77,76,71,66,58,53,41,36,62.367
file1131.TextGrid,1,0.360,12,61,67,71,74,76,59,49,49,55,60.607
file1131.TextGrid,2,0.620,55,70,73,71,72,69,62,57,46,27,62.833
file1132.TextGrid,1,0.540,20,57,55,66,83,77,83,81,77,74,70.476
file1132.TextGrid,2,0.360,74,78,75,75,76,75,61,56,54,43,68.095
file1133.TextGrid,1,0.480,-0.6,55,59,72,83,85,85,85,76,64,71.832
file1133.TextGrid,2,0.580,64,54,76,79,72,65,58,56,46,19,61.449
file1134.TextGrid,1,0.210,30,48,62,67,62,82,86,84,84,77,70.146
file1134.TextGrid,2,0.510,77,65,68,86,81,65,65,59,54,47,67.344
file1135.TextGrid,1,0.130,29,48,61,66,67,70,74,76,75,73,65.323
file1135.TextGrid,2,0.520,73,74,74,76,73,69,56,45,47,37,63.272
file1136.TextGrid,1,0.190,26,44,67,71,75,79,79,76,73,67,67.715
file1136.TextGrid,2,0.520,67,80,81,70,68,69,62,46,36,26,61.997
file1137.TextGrid,1,0.230,1.0,48,58,58,60,71,71,72,72,64,60.834
file1137.TextGrid,2,0.790,64,65,50,76,77,71,64,53,51,21,60.996
file1138.TextGrid,1,0.360,25,63,60,66,73,76,69,68,64,50,64.965
file1138.TextGrid,2,0.690,50,-1,75,76,78,75,65,57,43,17,56.111
file1139.TextGrid,1,0.280,59,68,78,79,79,79,80,80,80,79,76.527
file1139.TextGrid,2,0.540,79,71,73,73,67,60,62,59,51,27,63.868
file114.TextGrid,1,0.380,-5,44,55,55,57,60,70,81,83,75,60.878
file114.TextGrid,2,0.580,75,80,81,78,74,65,58,50,42,21,65.033
file1140.TextGrid,1,0.320,33,57,65,63,59,55,58,83,86,82,65.226
file1140.TextGrid,2,0.230,82,81,77,80,81,81,80,80,80,81,80.160
file1141.TextGrid,1,0.230,45,73,78,76,67,68,70,69,61,58,68.545
file1141.TextGrid,2,0.740,58,84,83,81,78,67,58,47,42,46,66.021
file1142.TextGrid,1,0.180,59,73,82,82,82,82,82,83,83,77,79.614
file1142.TextGrid,2,0.420,77,80,82,82,70,60,48,49,43,37,63.469
file1143.TextGrid,1,0.170,15,43,53,55,67,72,74,73,70,63,60.893
file1143.TextGrid,2,0.570,63,68,72,72,75,68,52,37,43,49,59.281
file1144.TextGrid,1,0.130,55,58,57,57,57,58,58,59,60,62,58.024
file1144.TextGrid,2,0.440,62,80,81,76,76,81,76,71,58,50,72.764
file1145.TextGrid,1,0.350,32,63,77,74,65,62,57,50,44,64,60.943
file1145.TextGrid,2,0.460,64,65,76,75,68,62,56,47,33,25,59.919
file1146.TextGrid,1,0.470,11,51,50,48,74,77,79,81,80,71,65.965
file1146.TextGrid,2,0.540,71,56,55,76,72,67,65,66,63,52,64.562
file1147.TextGrid,1,0.190,20,29,42,44,62,74,73,73,73,71,57.225
file1147.TextGrid,2,0.280,71,75,78,75,70,65,58,50,40,36,62.472
file1148.TextGrid,1,0.240,35,52,56,55,57,53,73,78,79,75,62.538
file1148.TextGrid,2,0.420,75,71,82,82,81,81,81,78,69,49,76.695
file1149.TextGrid,1,0.170,71,76,81,82,81,79,78,75,72,70,77.195
file1149.TextGrid,2,0.460,70,70,73,71,73,68,71,70,57,23,66.520
file115.TextGrid,1,0.160,58,68,77,79,79,78,78,77,74,72,74.965
file115.TextGrid,2,0.550,72,71,75,76,73,60,55,48,45,37,62.129
file1150.TextGrid,1,0.260,37,54,65,80,71,73,74,74,68,54,67.163
file1150.TextGrid,2,0.270,54,72,74,77,74,67,62,56,48,41,64.467
file1151.TextGrid,1,0.260,30,65,76,78,77,68,63,61,64,63,66.414
file1151.TextGrid,2,0.430,63,70,74,76,73,57,51,51,49,40,62.082
file1152.TextGrid,1,0.270,49,71,77,77,70,70,69,67,62,64,68.799
file1152.TextGrid,2,0.240,64,70,69,69,67,66,58,52,50,35,61.434
file1153.TextGrid,1,0.260,27,40,51,59,81,79,74,70,69,70,63.861
file1153.TextGrid,2,0.450,70,67,74,77,75,61,53,46,40,34,59.478
file1154.TextGrid,1,0.490,24,51,59,78,83,84,85,79,74,77,71.941
file1154.TextGrid,2,0.260,77,78,76,74,69,67,58,52,41,30,63.206
file1155.TextGrid,1,0.230,28,58,78,74,68,66,64,53,48,53,60.861
file1155.TextGrid,2,0.480,53,73,77,75,76,67,64,63,48,45,65.232
file1156.TextGrid,1,0.150,28,33,48,54,56,57,69,77,77,73,58.086
file1156.TextGrid,2,0.530,73,60,77,75,76,68,62,44,40,40,62.118
file116.TextGrid,1,0.310,21,60,63,64,65,65,69,74,78,63,65.087
file116.TextGrid,2,0.290,63,49,46,61,77,78,77,74,58,43,63.204
file117.TextGrid,1,0.600,38,53,56,56,82,84,83,83,79,66,69.907
file117.TextGrid,2,0.230,66,74,77,78,77,74,67,59,57,52,69.174
file118.TextGrid,1,0.400,32,73,82,82,66,58,51,43,38,21,58.933
file118.TextGrid,2,0.340,21,66,78,76,71,62,58,56,53,34,61.353
file119.TextGrid,1,0.240,12,45,57,58,54,61,74,73,65,58,58.049
file119.TextGrid,2,0.240,58,56,65,66,67,67,66,67,64,61,64.161
file12.TextGrid,1,0.200,44,66,74,75,73,72,66,56,56,49,64.942
file12.TextGrid,2,0.490,49,70,74,74,70,68,65,56,44,33,62.947
file120.TextGrid,1,0.170,32,35,52,61,66,66,66,71,69,65,59.449
file120.TextGrid,2,0.620,65,71,80,80,75,63,60,46,37,26,61.905
file121.TextGrid,1,0.100,33,40,56,68,73,74,74,74,72,68,64.544
file121.TextGrid,2,0.500,68,60,77,76,74,77,58,56,57,48,65.250
file122.TextGrid,1,0.370,31,73,79,78,73,72,72,72,72,66,71.753
file122.TextGrid,2,0.730,66,62,79,82,81,75,43,54,52,47,66.067
file123.TextGrid,1,0.640,--undefined--,48,59,59,76,79,77,73,69,75,64.569
file123.TextGrid,2,0.270,75,75,74,73,72,71,67,65,65,65,70.333
file124.TextGrid,1,0.200,20,54,62,66,81,82,81,80,79,75,70.098
file124.TextGrid,2,0.410,75,74,71,70,62,52,50,45,46,38,58.544
file125.TextGrid,1,0.130,12,23,50,58,61,73,77,77,75,68,59.382
file125.TextGrid,2,0.780,68,57,76,75,74,70,72,53,46,28,62.596
file126.TextGrid,1,0.280,27,53,61,63,65,73,79,78,66,55,64.604
file126.TextGrid,2,0.640,55,58,49,64,73,63,52,53,52,19,55.451
file127.TextGrid,1,0.270,22,49,58,60,56,66,69,67,62,57,58.950
file127.TextGrid,2,0.460,57,63,64,60,56,65,67,61,50,34,58.908
file128.TextGrid,1,0.210,60,65,64,65,81,84,84,83,82,80,75.703
file128.TextGrid,2,0.480,80,80,80,79,69,67,62,51,41,40,65.578
file129.TextGrid,1,0.160,25,52,59,73,78,81,81,79,77,70,70.216
file129.TextGrid,2,0.320,70,52,53,56,70,73,73,66,32,27,58.273
file13.TextGrid,1,0.290,18,38,55,64,65,69,72,79,82,74,63.362
file13.TextGrid,2,0.410,74,43,49,78,77,67,62,57,46,22,58.326
file130.TextGrid,1,0.260,22,62,71,72,77,79,76,75,75,76,70.961
file130.TextGrid,2,0.430,76,75,78,78,73,63,57,48,45,37,63.763
file131.TextGrid,1,0.220,23,51,70,71,72,73,71,66,63,66,64.489
file131.TextGrid,2,0.380,66,74,73,75,77,76,70,65,63,53,70.382
file132.TextGrid,1,0.610,6,56,59,62,83,75,74,75,73,72,67.465
file132.TextGrid,2,0.260,72,76,78,78,77,75,72,65,50,41,69.754
file133.TextGrid,1,0.370,25,57,58,72,74,67,66,71,75,69,65.552
file133.TextGrid,2,0.260,69,69,70,69,64,59,50,38,31,26,55.415
file134.TextGrid,1,0.340,36,51,53,80,82,82,81,81,77,67,71.527
file134.TextGrid,2,0.570,67,77,80,81,77,74,73,63,53,40,69.553
file135.TextGrid,1,0.270,18,56,63,66,67,68,72,79,79,67,66.606
file135.TextGrid,2,0.300,67,55,55,73,74,73,69,67,59,47,64.239
file136.TextGrid,1,0.290,5,50,71,74,79,76,77,77,76,71,69.011
file136.TextGrid,2,0.390,71,72,70,61,53,52,46,42,37,30,54.037
file137.TextGrid,1,0.100,58,68,74,79,82,82,81,79,78,77,76.853
file137.TextGrid,2,0.370,77,72,67,78,80,79,74,74,60,35,71.114
file138.TextGrid,1,0.270,52,66,71,74,78,81,80,70,63,56,70.747
file138.TextGrid,2,0.420,56,60,76,76,75,67,59,54,46,27,61.925
file139.TextGrid,1,0.310,28,62,70,71,81,79,78,75,72,71,71.293
file139.TextGrid,2,0.460,71,69,73,72,71,62,48,41,40,30,58.510
file14.TextGrid,1,0.250,40,44,49,55,57,58,53,82,85,78,60.674
file14.TextGrid,2,0.580,78,69,60,77,78,73,67,51,44,24,63.244
file140.TextGrid,1,0.290,38,52,58,56,65,78,79,79,78,75,66.889
file140.TextGrid,2,0.400,75,73,79,81,78,63,55,51,47,42,64.940
file141.TextGrid,1,0.330,32,51,60,60,82,78,68,65,66,65,64.253
file141.TextGrid,2,0.300,65,76,78,78,78,71,65,59,53,45,68.276
file142.TextGrid,1,0.270,77,82,75,69,67,67,66,64,52,49,66.366
file142.TextGrid,2,0.280,49,67,71,72,76,78,78,74,62,44,69.871
file143.TextGrid,1,0.160,27,41,59,64,67,70,78,80,78,73,65.241
file143.TextGrid,2,0.440,73,58,65,75,74,67,52,46,41,36,58.849
file144.TextGrid,1,0.350,12,51,56,57,58,78,83,82,72,68,64.724
file144.TextGrid,2,0.400,68,66,60,57,62,72,66,56,46,23,59.142
file145.TextGrid,1,0.250,9,44,64,66,67,69,75,77,77,74,64.953
file145.TextGrid,2,0.200,74,73,72,76,78,77,72,67,54,38,69.650
file146.TextGrid,1,0.160,27,37,50,55,60,57,68,76,75,67,58.112
file146.TextGrid,2,0.350,67,53,74,77,78,71,61,54,48,47,63.195
file147.TextGrid,1,0.310,28,65,65,69,69,72,72,71,75,75,68.495
file147.TextGrid,2,0.330,75,61,63,61,59,70,71,70,62,35,63.767
file148.TextGrid,1,0.350,5,25,40,49,53,55,57,72,78,67,51.907
file148.TextGrid,2,0.530,67,63,76,71,43,53,57,55,52,45,58.871
file149.TextGrid,1,0.230,27,46,57,61,63,67,72,76,80,72,63.983
file149.TextGrid,2,0.290,72,47,47,47,66,78,77,76,69,51,62.874
file15.TextGrid,1,0.470,3,56,68,66,73,82,81,83,81,72,71.209
file15.TextGrid,2,0.650,72,65,72,77,73,64,61,60,45,12,62.211
file150.TextGrid,1,0.180,74,79,81,78,68,61,58,54,53,52,65.957
file150.TextGrid,2,0.580,52,55,55,62,72,68,55,61,53,29,58.793
file151.TextGrid,1,0.390,40,67,72,71,82,82,80,78,73,72,74.005
file151.TextGrid,2,0.340,72,71,72,75,72,70,71,71,68,54,70.463
file152.TextGrid,1,0.420,60,78,81,83,77,69,61,59,61,64,70.452
file152.TextGrid,2,0.330,64,80,79,78,77,75,62,57,52,39,68.506
file153.TextGrid,1,0.060,79,81,82,82,81,79,78,75,72,67,78.045
file153.TextGrid,2,0.540,67,49,50,79,78,79,71,65,50,35,63.850
file154.TextGrid,1,0.200,3,12,40,50,54,56,56,73,79,77,51.253
file154.TextGrid,2,0.250,77,70,69,74,78,78,74,74,74,75,73.937
file155.TextGrid,1,0.210,46,70,74,72,75,79,80,78,74,80,74.274
file155.TextGrid,2,0.420,80,80,80,68,63,53,47,41,38,31,58.753
file156.TextGrid,1,0.360,23,56,64,73,85,87,73,66,66,75,69.188
file156.TextGrid,2,0.460,75,77,83,79,67,59,58,55,47,41,64.962
file157.TextGrid,1,0.100,33,51,66,75,78,79,80,79,79,78,71.532
file157.TextGrid,2,0.330,78,76,79,79,79,79,78,77,76,71,77.566
file158.TextGrid,1,0.200,18,42,55,60,61,59,66,77,77,72,60.138
file158.TextGrid,2,0.160,72,72,74,74,75,75,76,76,75,76,74.460
file159.TextGrid,1,0.160,19,45,66,66,70,71,72,76,76,73,65.156
file159.TextGrid,2,0.280,73,63,64,62,71,75,75,76,74,62,69.491
file16.TextGrid,1,0.080,24,29,40,49,57,67,73,75,76,75,57.395
file16.TextGrid,2,0.440,75,72,74,73,71,66,52,40,35,24,59.115
file160.TextGrid,1,0.400,58,71,75,77,81,81,80,76,74,64,75.383
file160.TextGrid,2,0.320,64,59,58,68,69,69,64,48,43,32,58.318
file161.TextGrid,1,0.430,36,62,62,80,82,80,82,82,76,74,74.632
file161.TextGrid,2,0.520,74,80,77,63,60,61,58,56,51,16,61.248
file162.TextGrid,1,0.240,35,68,77,78,79,78,78,79,78,78,74.702
file162.TextGrid,2,0.500,78,77,79,78,74,63,55,55,48,39,65.172
file163.TextGrid,1,0.270,34,73,79,80,79,73,72,76,70,68,73.111
file163.TextGrid,2,0.400,68,63,77,76,72,67,59,56,55,44,64.697
file164.TextGrid,1,0.100,59,62,67,70,70,66,65,73,77,79,68.823
file164.TextGrid,2,0.510,79,77,62,68,80,76,64,62,54,29,66.389
file165.TextGrid,1,0.180,29,53,65,65,64,73,77,76,76,72,66.952
file165.TextGrid,2,0.340,72,76,76,76,77,71,67,62,60,49,69.578
file166.TextGrid,1,0.270,26,42,76,81,80,70,75,75,71,63,68.548
file166.TextGrid,2,0.570,63,78,80,75,67,65,55,41,35,29,60.522
file167.TextGrid,1,0.310,38,74,81,85,87,84,80,75,79,79,78.728
file167.TextGrid,2,0.280,79,81,82,79,69,60,59,57,49,48,66.704
file168.TextGrid,1,0.530,3,35,55,52,72,78,62,60,79,70,59.381
file168.TextGrid,2,0.210,70,73,73,73,72,71,70,67,60,48,68.617
file169.TextGrid,1,0.120,32,49,61,67,69,72,76,77,76,72,66.796
file169.TextGrid,2,0.570,72,58,74,78,76,74,56,51,43,37,62.418
file17.TextGrid,1,0.200,47,71,76,78,81,81,81,80,80,75,77.153
file17.TextGrid,2,0.510,75,68,62,78,73,69,58,51,43,34,61.357
file170.TextGrid,1,0.580,50,67,64,83,83,80,77,80,79,64,75.414
file170.TextGrid,2,0.060,64,62,59,57,55,54,53,52,50,46,55.057
file171.TextGrid,1,0.270,34,62,82,85,76,69,66,63,61,59,67.685
file171.TextGrid,2,0.490,59,66,57,72,71,68,58,49,43,31,60.165
file172.TextGrid,1,0.170,41,63,70,70,71,74,75,77,79,75,71.017
file172.TextGrid,2,0.260,75,75,75,76,76,76,76,70,65,62,73.041
file173.TextGrid,1,0.130,12,36,58,59,58,73,80,79,77,73,62.243
file173.TextGrid,2,0.200,73,69,72,76,78,77,77,77,76,70,74.686
file174.TextGrid,1,0.140,35,60,69,71,75,79,80,80,79,75,72.211
file174.TextGrid,2,0.520,75,71,76,79,78,72,64,60,46,39,66.702
file175.TextGrid,1,0.370,26,67,68,78,81,85,84,71,64,64,71.816
file175.TextGrid,2,0.310,64,63,69,74,74,66,63,61,59,57,65.716
file176.TextGrid,1,0.170,38,61,69,71,75,78,78,78,77,77,71.768
file176.TextGrid,2,0.160,77,77,77,74,70,67,62,58,56,54,67.277
file177.TextGrid,1,0.170,1,34,55,58,62,69,77,83,83,81,63.233
file177.TextGrid,2,0.240,81,71,78,81,79,72,66,58,50,43,68.717
file178.TextGrid,1,0.180,35,40,62,73,75,73,69,70,70,69,65.108
file178.TextGrid,2,0.270,69,73,71,67,66,67,66,64,52,45,64.799
file179.TextGrid,1,0.160,29,44,57,66,76,76,71,71,71,70,64.535
file179.TextGrid,2,0.510,70,72,74,74,75,79,73,69,59,50,70.689
file18.TextGrid,1,0.290,25,54,62,69,69,84,83,82,82,78,71.203
file18.TextGrid,2,0.540,78,74,84,78,69,58,52,47,40,34,62.421
file180.TextGrid,1,0.490,39,67,70,77,81,74,66,63,70,75,70.285
file180.TextGrid,2,0.210,75,77,77,75,74,74,72,67,44,49,69.309
file181.TextGrid,1,0.340,5,61,51,67,78,79,73,71,69,69,65.221
file181.TextGrid,2,0.430,69,72,67,55,62,64,64,58,47,30,60.258
file182.TextGrid,1,0.430,50,57,56,57,83,84,79,78,77,73,70.711
file182.TextGrid,2,0.460,73,78,77,77,71,71,68,57,37,11,64.242
file183.TextGrid,1,0.320,15,62,72,80,81,71,63,60,59,62,65.932
file183.TextGrid,2,0.360,62,62,68,74,75,71,48,38,40,27,57.974
file184.TextGrid,1,0.200,32,53,68,66,66,69,83,83,83,79,69.553
file184.TextGrid,2,0.330,79,82,82,77,69,61,58,49,41,35,63.829
file185.TextGrid,1,0.350,6,37,55,78,71,61,73,76,74,65,62.173
file185.TextGrid,2,0.230,65,59,56,55,50,47,45,45,43,36,50.219
file186.TextGrid,1,0.330,-26,44,59,64,67,65,76,80,74,64,62.395
file186.TextGrid,2,0.420,64,62,79,80,77,72,63,56,48,43,65.370
file187.TextGrid,1,0.360,36,65,74,79,79,80,77,73,68,51,70.978
file187.TextGrid,2,0.580,51,72,82,82,80,79,66,67,50,22,68.849
file188.TextGrid,1,0.220,37,62,69,71,78,79,74,70,64,63,68.792
file188.TextGrid,2,0.620,63,81,79,78,73,66,56,42,32,29,61.808
file189.TextGrid,1,0.290,35,59,68,76,79,75,64,63,61,60,66.074
file189.TextGrid,2,0.400,60,70,77,77,73,64,47,43,48,42,61.123
file19.TextGrid,1,0.120,59,69,73,75,75,73,68,64,63,62,69.016
file19.TextGrid,2,0.490,62,60,60,75,68,72,72,73,72,70,68.505
file190.TextGrid,1,0.460,37,66,71,77,81,70,24,7,-1,5,46.929
file190.TextGrid,2,0.240,5,55,61,75,77,75,71,65,57,40,62.708
file191.TextGrid,1,0.400,10,49,54,57,56,71,78,61,52,60,57.117
file191.TextGrid,2,0.630,60,70,74,77,76,70,57,54,52,18,63.780
file192.TextGrid,1,0.290,18,53,63,65,66,78,78,76,75,71,66.856
file192.TextGrid,2,0.400,71,64,75,75,70,60,53,50,43,34,60.260
file193.TextGrid,1,0.280,10,42,54,60,61,63,68,74,72,69,59.170
file193.TextGrid,2,0.280,69,58,58,57,66,73,71,67,56,57,62.685
file194.TextGrid,1,0.230,81,84,84,82,80,81,81,81,75,72,80.532
file194.TextGrid,2,0.430,72,71,75,72,69,67,65,61,51,42,65.512
file195.TextGrid,1,0.370,65,80,82,82,81,77,74,71,75,77,76.517
file195.TextGrid,2,0.430,77,77,76,75,66,63,58,44,40,14,60.328
file196.TextGrid,1,0.200,26,62,74,77,78,80,80,79,80,77,73.735
file196.TextGrid,2,0.250,77,76,77,78,79,77,70,65,64,67,73.109
file197.TextGrid,1,0.190,44,71,77,75,70,77,83,85,83,73,75.980
file197.TextGrid,2,0.450,73,67,82,83,77,71,62,58,51,47,67.470
file198.TextGrid,1,0.090,70,70,70,72,72,73,75,74,70,65,71.512
file198.TextGrid,2,0.420,65,70,68,67,72,72,61,53,42,36,61.862
file199.TextGrid,1,0.320,41,70,74,83,82,78,73,74,74,72,74.196
file199.TextGrid,2,0.220,72,71,72,64,58,54,50,51,48,41,58.480
file2.TextGrid,1,0.330,31,64,68,70,70,73,74,73,72,69,68.658
file2.TextGrid,2,0.210,69,68,68,69,74,71,67,66,63,56,67.568
file20.TextGrid,1,0.280,30,68,75,86,81,65,61,61,57,62,66.879
file20.TextGrid,2,0.360,62,84,85,84,72,64,60,59,54,49,68.879
file200.TextGrid,1,0.070,68,68,69,69,68,66,63,59,55,58,64.556
file200.TextGrid,2,0.240,58,74,75,77,80,79,78,78,78,70,76.187
file201.TextGrid,1,0.230,72,78,81,80,73,72,72,71,63,41,72.029
file201.TextGrid,2,0.500,41,48,70,77,73,57,49,44,40,17,52.280
file202.TextGrid,1,0.310,20,56,56,56,63,73,80,80,71,65,64.769
file202.TextGrid,2,0.400,65,60,59,59,60,67,80,71,57,26,62.148
file203.TextGrid,1,0.180,32,53,65,68,72,76,79,79,78,73,69.199
file203.TextGrid,2,0.560,73,78,79,77,76,68,62,47,39,32,63.768
file204.TextGrid,1,0.290,71,71,76,78,76,72,74,76,80,80,75.310
file204.TextGrid,2,0.330,80,81,79,73,63,57,53,48,40,34,61.306
file205.TextGrid,1,0.130,60,73,79,82,83,82,81,79,76,70,78.113
file205.TextGrid,2,0.220,70,59,59,72,76,77,75,71,64,42,67.704
file206.TextGrid,1,0.210,13,53,72,73,70,68,63,60,65,61,62.511
file206.TextGrid,2,0.290,61,69,74,74,73,73,74,76,70,61,71.273
file207.TextGrid,1,0.150,-1,23,55,69,75,76,76,76,76,72,62.372
file207.TextGrid,2,0.310,72,71,80,82,74,68,62,58,51,43,66.791
file208.TextGrid,1,0.340,33,78,81,80,76,76,75,72,69,72,74.128
file208.TextGrid,2,0.280,72,74,73,69,68,65,60,52,47,47,63.024
file209.TextGrid,1,0.270,-12,44,57,60,66,70,74,85,84,78,64.806
file209.TextGrid,2,0.540,78,65,61,83,82,73,71,58,59,54,69.123
file21.TextGrid,1,0.110,40,62,76,82,82,82,80,76,72,70,74.164
file21.TextGrid,2,0.500,70,62,55,78,79,68,63,61,55,52,64.173
file210.TextGrid,1,0.370,45,53,54,58,55,56,82,84,73,69,64.103
file210.TextGrid,2,0.230,69,80,81,80,77,73,67,61,55,50,70.248
file211.TextGrid,1,0.230,40,67,79,80,83,85,85,84,84,85,78.919
file211.TextGrid,2,0.580,85,81,77,64,60,46,41,40,46,37,57.341
file212.TextGrid,1,0.280,25,48,80,80,78,76,66,63,57,63,65.924
file212.TextGrid,2,0.510,63,61,55,69,70,68,59,51,42,26,58.148
file213.TextGrid,1,0.280,27,67,73,77,77,66,62,67,58,68,65.686
file213.TextGrid,2,0.460,68,78,79,76,71,67,68,57,56,54,68.341
file214.TextGrid,1,0.160,16,32,55,60,73,80,79,77,77,76,64.547
file214.TextGrid,2,0.430,76,75,73,74,63,56,50,44,42,31,58.891
file215.TextGrid,1,0.440,40,72,75,82,82,60,24,0.6,-15,-189,28.609
file215.TextGrid,2,0.410,-189,56,70,74,69,62,64,60,52,17,57.045
file216.TextGrid,1,0.150,29,41,55,58,64,62,72,78,76,73,62.024
file216.TextGrid,2,0.490,73,70,71,78,77,64,49,44,43,33,61.276
file217.TextGrid,1,0.390,20,50,61,62,56,80,81,80,71,62,65.714
file217.TextGrid,2,0.170,62,60,63,57,57,72,75,74,72,72,66.371
file218.TextGrid,1,0.330,2,56,64,67,67,76,80,79,60,56,64.685
file218.TextGrid,2,0.360,56,56,60,60,60,73,77,74,64,48,63.832
file219.TextGrid,1,0.230,31,51,64,71,69,68,80,76,74,75,67.485
file219.TextGrid,2,0.370,75,79,74,78,73,60,51,45,42,33,62.084
file22.TextGrid,1,0.220,32,61,77,80,83,82,82,74,65,62,72.153
file22.TextGrid,2,0.280,62,67,70,65,65,64,61,58,50,45,61.738
file220.TextGrid,1,0.570,23,75,73,73,73,74,69,61,48,39,65.019
file220.TextGrid,2,0.090,39,37,36,37,39,39,38,37,35,30,37.029
file221.TextGrid,1,0.140,14,36,61,66,59,72,79,80,79,78,64.020
file221.TextGrid,2,0.640,78,80,75,71,72,66,54,48,41,26,63.135
file222.TextGrid,1,0.330,-88,58,65,72,81,81,83,83,81,68,71.267
file222.TextGrid,2,0.290,68,64,58,53,72,73,74,69,60,53,64.926
file223.TextGrid,1,0.220,27,57,63,64,62,61,61,61,61,58,59.664
file223.TextGrid,2,0.820,58,54,61,79,79,78,72,54,51,41,64.464
file224.TextGrid,1,0.270,54,57,57,55,55,68,81,82,82,68,66.624
file224.TextGrid,2,0.320,68,57,75,81,80,79,76,65,55,38,67.913
file225.TextGrid,1,0.170,58,65,78,83,83,82,80,77,74,75,76.637
file225.TextGrid,2,0.600,75,77,77,71,70,55,52,44,35,--undefined--,59.472
file226.TextGrid,1,0.390,16,56,66,70,67,75,80,81,78,68,69.464
file226.TextGrid,2,0.520,68,81,80,78,64,57,57,56,56,52,65.447
file227.TextGrid,1,0.370,23,46,56,58,62,69,79,77,58,56,60.733
file227.TextGrid,2,0.650,56,50,48,58,73,70,48,47,45,--undefined--,53.580
file228.TextGrid,1,0.210,41,58,66,69,70,75,81,81,75,71,69.945
file228.TextGrid,2,0.500,71,82,81,69,59,59,55,43,37,26,59.070
file229.TextGrid,1,0.280,32,56,71,69,57,56,57,56,46,52,57.780
file229.TextGrid,2,0.560,52,68,77,77,74,69,62,52,46,23,63.287
file23.TextGrid,1,0.320,27,66,67,80,73,66,62,55,54,59,63.764
file23.TextGrid,2,0.560,59,60,68,71,70,63,53,45,32,18,55.397
file230.TextGrid,1,0.510,30,62,61,61,80,78,77,74,75,69,68.786
file230.TextGrid,2,0.210,69,63,57,55,50,40,44,47,41,38,49.849
file231.TextGrid,1,0.190,57,68,82,83,84,84,83,75,70,68,76.953
file231.TextGrid,2,0.510,68,84,83,80,77,73,71,59,50,18,68.050
file232.TextGrid,1,0.200,21,29,48,56,61,63,63,76,81,79,58.714
file232.TextGrid,2,0.460,79,78,81,79,79,78,78,61,58,60,73.618
file233.TextGrid,1,0.410,12,38,63,66,64,83,81,78,76,73,65.727
file233.TextGrid,2,0.630,73,61,83,82,79,75,64,53,48,29,65.898
file234.TextGrid,1,0.220,28,41,74,79,80,80,78,77,78,78,71.240
file234.TextGrid,2,0.170,78,78,77,76,75,74,72,69,63,57,72.598
file235.TextGrid,1,0.160,46,65,68,66,66,76,82,81,82,79,72.352
file235.TextGrid,2,0.480,79,75,77,74,72,68,59,52,40,32,63.584
file236.TextGrid,1,0.220,23,38,51,57,72,83,80,76,77,76,64.776
file236.TextGrid,2,0.450,76,76,77,77,74,67,52,51,44,36,63.836
file237.TextGrid,1,0.200,29,45,64,72,76,79,80,79,79,77,69.561
file237.TextGrid,2,0.420,77,77,78,75,71,62,56,46,39,34,62.078
file238.TextGrid,1,0.350,--undefined--,52,60,63,64,64,67,78,79,69,64.707
file238.TextGrid,2,0.440,69,61,78,82,80,69,65,65,54,42,67.213
file239.TextGrid,1,0.190,46,62,74,79,81,82,84,84,82,79,76.793
file239.TextGrid,2,0.440,79,76,78,77,66,58,56,52,42,30,61.909
file24.TextGrid,1,0.210,30,51,63,66,79,79,79,78,78,72,69.266
file24.TextGrid,2,0.590,72,63,78,83,74,66,57,44,42,36,61.002
file240.TextGrid,1,0.210,21,47,64,68,69,71,79,80,81,72,67.336
file240.TextGrid,2,0.450,72,70,74,71,71,58,60,59,46,36,63.149
file241.TextGrid,1,0.460,18,83,85,80,83,83,81,73,67,63,76.872
file241.TextGrid,2,0.250,63,64,66,66,68,68,64,55,37,30,59.446
file242.TextGrid,1,0.360,--undefined--,52,60,53,53,51,72,81,81,72,62.300
file242.TextGrid,2,0.460,72,68,63,60,70,73,65,52,38,10,59.605
file243.TextGrid,1,0.450,37,58,64,63,73,80,80,80,79,66,70.306
file243.TextGrid,2,0.360,66,61,67,74,72,71,67,60,53,42,64.127
file244.TextGrid,1,0.280,57,65,68,67,66,70,83,84,83,76,72.984
file244.TextGrid,2,0.590,76,63,81,82,79,74,63,51,44,15,64.984
file245.TextGrid,1,0.200,24,53,68,83,85,84,84,83,82,78,74.958
file245.TextGrid,2,0.220,78,70,70,71,67,84,85,83,83,81,76.993
file246.TextGrid,1,0.270,12,34,51,57,68,77,67,64,66,64,57.698
file246.TextGrid,2,0.370,64,75,77,80,74,61,59,53,49,43,64.675
file247.TextGrid,1,0.180,55,65,74,75,77,77,75,73,64,65,71.102
file247.TextGrid,2,0.390,65,67,66,65,66,70,65,64,42,24,60.600
file248.TextGrid,1,0.430,14,71,71,63,77,65,49,40,33,29,55.511
file248.TextGrid,2,0.310,29,54,75,77,75,74,74,72,62,56,67.288
file249.TextGrid,1,0.240,27,44,51,58,60,68,82,79,72,64,62.460
file249.TextGrid,2,0.370,64,64,77,73,70,69,59,52,47,42,62.924
file25.TextGrid,1,0.150,33,65,81,84,85,84,85,84,82,76,78.642
file25.TextGrid,2,0.350,76,77,82,80,81,78,72,59,53,33,70.914
file250.TextGrid,1,0.330,22,69,83,85,83,81,78,74,70,69,75.169
file250.TextGrid,2,0.320,69,75,77,75,73,73,66,57,53,51,67.765
file251.TextGrid,1,0.270,11,41,58,63,62,63,65,82,82,72,62.045
file251.TextGrid,2,0.360,72,60,56,56,71,78,77,75,53,34,64.030
file252.TextGrid,1,0.050,70,71,71,72,72,72,73,73,73,74,72.166
file252.TextGrid,2,0.710,74,77,76,72,73,72,70,70,66,32,70.767
file253.TextGrid,1,0.130,69,71,73,75,77,78,71,65,65,63,71.335
file253.TextGrid,2,0.560,63,58,60,81,80,70,58,52,46,39,63.134
file254.TextGrid,1,0.490,37,50,51,82,82,74,66,63,61,65,65.121
file254.TextGrid,2,0.500,65,78,79,78,74,69,61,53,46,22,64.893
file255.TextGrid,1,0.360,-2,67,74,74,70,70,70,70,70,65,67.491
file255.TextGrid,2,0.570,65,55,75,82,82,82,78,74,57,39,70.564
file256.TextGrid,1,0.250,14,39,57,62,60,71,79,79,76,65,62.275
file256.TextGrid,2,0.440,65,58,76,78,70,63,53,51,49,38,60.919
file257.TextGrid,1,0.180,37,59,65,63,64,67,70,72,70,66,64.864
file257.TextGrid,2,0.340,66,67,81,80,79,79,78,79,79,68,76.637
file258.TextGrid,1,0.380,39,69,66,67,68,75,72,59,57,65,65.352
file258.TextGrid,2,0.270,65,76,74,77,77,76,74,62,59,55,70.510
file259.TextGrid,1,0.130,37,55,66,75,78,76,76,76,75,70,70.186
file259.TextGrid,2,0.560,70,61,73,74,77,65,58,51,45,37,62.079
file26.TextGrid,1,0.300,39,65,74,69,75,75,75,77,76,71,71.654
file26.TextGrid,2,0.690,71,52,53,74,77,75,71,67,63,35,65.899
file260.TextGrid,1,0.250,24,49,78,75,68,71,70,64,63,65,64.470
file260.TextGrid,2,0.460,65,78,78,75,71,68,55,46,38,33,61.861
file261.TextGrid,1,0.570,-18,65,70,72,83,80,73,77,71,60,71.100
file261.TextGrid,2,0.090,60,58,58,56,51,49,49,47,42,37,50.805
file262.TextGrid,1,0.460,3,60,66,66,84,84,77,80,79,81,72.818
file262.TextGrid,2,0.440,81,81,81,79,65,58,54,49,48,50,64.402
file263.TextGrid,1,0.210,26,44,60,59,52,43,31,40,55,64,47.041
file263.TextGrid,2,0.670,64,78,75,76,75,68,56,50,35,26,62.930
file264.TextGrid,1,0.330,75,82,82,78,77,77,78,77,72,72,77.409
file264.TextGrid,2,0.400,72,75,76,74,66,68,66,62,56,38,66.672
file265.TextGrid,1,0.270,33,64,79,80,81,77,68,70,66,59,70.458
file265.TextGrid,2,0.540,59,56,77,76,70,57,46,41,34,29,56.234
file266.TextGrid,1,0.270,16,59,64,63,62,73,81,81,71,62,66.297
file266.TextGrid,2,0.570,62,63,60,54,76,76,70,68,57,39,64.738
file267.TextGrid,1,0.370,54,64,61,80,83,84,84,84,84,83,76.869
file267.TextGrid,2,0.330,83,80,80,77,75,74,59,53,44,36,66.431
file268.TextGrid,1,0.380,79,80,80,80,81,79,78,77,76,75,78.605
file268.TextGrid,2,0.360,75,73,73,74,68,60,48,49,42,18,59.480
file269.TextGrid,1,0.210,13,45,59,72,76,75,73,73,73,72,65.743
file269.TextGrid,2,0.600,72,61,62,68,83,81,75,70,52,31,66.666
file27.TextGrid,1,0.360,28,66,74,81,76,69,61,54,55,54,64.183
file27.TextGrid,2,0.380,54,69,73,72,65,57,49,44,33,27,56.502
file270.TextGrid,1,0.070,33,43,51,55,64,72,77,79,80,80,64.116
file270.TextGrid,2,0.560,80,70,72,78,73,69,55,50,50,38,63.645
file271.TextGrid,1,0.200,26,31,54,62,63,66,71,79,80,75,62.120
file271.TextGrid,2,0.470,75,69,79,77,78,72,66,56,46,40,66.777
file272.TextGrid,1,0.310,24,65,65,75,76,77,80,84,81,76,72.877
file272.TextGrid,2,0.400,76,71,66,61,78,80,81,76,65,55,71.357
file273.TextGrid,1,0.230,20,58,66,66,67,73,78,79,78,67,68.112
file273.TextGrid,2,0.320,67,68,71,67,66,66,62,51,40,32,59.849
file274.TextGrid,1,0.340,37,64,76,77,74,73,72,73,74,75,71.211
file274.TextGrid,2,0.390,75,79,79,77,77,76,74,69,57,48,72.529
file275.TextGrid,1,0.260,23,62,73,74,73,70,62,58,57,66,63.778
file275.TextGrid,2,0.330,66,68,67,70,72,69,61,49,38,34,60.347
file276.TextGrid,1,0.090,45,53,56,65,73,77,78,78,76,72,68.476
file276.TextGrid,2,0.390,72,57,73,78,79,65,57,53,47,42,62.358
file277.TextGrid,1,0.190,46,66,76,80,81,82,72,67,65,63,71.498
file277.TextGrid,2,0.250,63,60,54,55,69,83,83,84,84,80,71.352
file278.TextGrid,1,0.150,31,48,67,73,75,76,76,74,72,72,68.154
file278.TextGrid,2,0.190,72,72,72,72,71,70,64,56,47,33,64.038
file279.TextGrid,1,0.200,76,79,79,78,68,65,65,63,60,60,69.616
file279.TextGrid,2,0.460,60,56,53,68,78,77,75,72,51,34,63.298
file28.TextGrid,1,0.220,3,30,47,51,53,55,62,77,76,62,53.900
file28.TextGrid,2,0.380,62,57,65,65,63,63,62,59,49,35,59.370
file280.TextGrid,1,0.130,22,50,69,78,80,81,83,83,80,73,72.639
file280.TextGrid,2,0.400,73,63,56,68,76,76,72,57,50,38,63.046
file281.TextGrid,1,0.360,43,46,59,58,65,63,84,85,77,73,66.591
file281.TextGrid,2,0.360,73,84,84,78,68,60,54,48,36,26,62.788
file282.TextGrid,1,0.230,20,57,57,76,79,80,80,79,74,66,69.780
file282.TextGrid,2,0.440,66,59,57,76,75,69,54,52,51,50,61.186
file283.TextGrid,1,0.370,12,56,62,76,80,81,77,58,26,61,62.462
file283.TextGrid,2,0.460,61,75,83,67,65,64,72,69,62,59,69.116
file284.TextGrid,1,0.050,62,69,73,76,77,77,77,76,75,73,74.085
file284.TextGrid,2,0.330,73,67,67,58,75,76,75,75,74,70,70.610
file285.TextGrid,1,0.250,25,39,52,57,76,71,62,55,66,67,57.923
file285.TextGrid,2,0.330,67,72,78,77,67,58,55,50,51,48,63.362
file286.TextGrid,1,0.250,66,73,73,71,74,78,80,79,77,75,75.127
file286.TextGrid,2,0.630,75,76,77,71,66,57,50,44,29,17,57.308
file287.TextGrid,1,0.140,37,57,66,68,70,76,79,80,78,74,70.151
file287.TextGrid,2,0.380,74,70,65,77,73,71,63,55,47,44,64.082
file288.TextGrid,1,0.310,45,53,60,53,51,71,76,73,75,74,62.999
file288.TextGrid,2,0.430,74,74,77,76,74,57,52,43,44,37,61.371
file289.TextGrid,1,0.170,25,56,68,72,77,80,79,80,80,70,71.581
file289.TextGrid,2,0.560,70,71,68,67,63,56,56,59,48,22,59.469
file29.TextGrid,1,0.200,41,72,81,82,80,69,66,60,65,69,70.440
file29.TextGrid,2,0.640,69,63,83,81,74,59,59,44,46,36,62.736
file290.TextGrid,1,0.250,45,53,53,49,52,52,56,78,80,78,59.985
file290.TextGrid,2,0.330,78,80,73,79,79,75,64,57,52,43,69.004
file291.TextGrid,1,0.150,44,64,69,71,70,68,71,72,71,69,68.240
file291.TextGrid,2,0.640,69,72,76,74,76,71,55,54,45,38,63.352
file292.TextGrid,1,0.360,11,53,61,65,68,69,81,85,83,80,68.573
file292.TextGrid,2,0.610,80,73,79,79,74,57,55,51,44,37,63.725
file293.TextGrid,1,0.260,-6,59,73,75,74,69,70,70,70,70,66.714
file293.TextGrid,2,0.550,70,55,53,80,85,78,59,49,19,-0.4,56.386
file294.TextGrid,1,0.140,30,42,60,69,77,80,81,78,78,76,68.530
file294.TextGrid,2,0.350,76,78,78,75,73,63,57,42,40,37,62.154
file295.TextGrid,1,0.240,24,61,73,71,65,71,72,69,56,58,64.315
file295.TextGrid,2,0.380,58,76,75,73,74,67,63,59,54,50,66.888
file296.TextGrid,1,0.130,48,50,55,60,63,66,68,68,68,65,61.609
file296.TextGrid,2,0.500,65,52,50,73,73,65,56,52,48,38,57.611
file297.TextGrid,1,0.120,63,65,63,64,66,66,76,80,79,76,69.745
file297.TextGrid,2,0.490,76,73,79,80,75,65,58,52,45,36,64.670
file298.TextGrid,1,0.340,39,55,59,68,78,78,80,81,76,62,70.258
file298.TextGrid,2,0.320,62,50,53,53,55,71,75,75,67,37,61.237
file299.TextGrid,1,0.130,69,70,68,69,72,76,78,79,77,70,73.142
file299.TextGrid,2,0.590,70,71,69,69,73,63,53,47,38,32,59.169
file3.TextGrid,1,0.180,34,58,69,70,71,68,59,51,55,59,60.991
file3.TextGrid,2,0.490,59,66,62,77,77,67,57,55,55,43,64.043
file30.TextGrid,1,0.140,5,18,35,45,51,55,60,76,78,71,50.654
file30.TextGrid,2,0.540,71,62,74,69,67,57,48,43,41,33,56.785
file300.TextGrid,1,0.210,9,21,36,43,48,54,56,55,72,77,47.670
file300.TextGrid,2,0.460,77,74,78,74,72,73,67,55,49,32,66.751
file301.TextGrid,1,0.290,9,53,62,65,71,73,74,74,72,59,64.699
file301.TextGrid,2,0.650,59,57,55,74,73,72,66,59,45,13,59.965
file302.TextGrid,1,0.710,54,56,56,65,82,78,78,76,72,51,68.690
file302.TextGrid,2,0.090,51,47,46,46,46,44,39,37,37,33,42.699
file303.TextGrid,1,0.460,74,63,81,77,73,74,69,71,70,58,71.172
file303.TextGrid,2,0.380,58,57,73,78,79,71,65,57,47,42,63.672
file304.TextGrid,1,0.280,27,61,67,74,78,71,71,72,72,69,68.408
file304.TextGrid,2,0.390,69,70,68,67,58,53,49,50,43,35,56.597
file305.TextGrid,1,0.320,79,81,82,82,83,83,82,78,69,67,79.130
file305.TextGrid,2,0.390,67,75,75,71,67,65,64,60,48,24,63.177
file306.TextGrid,1,0.200,24,64,75,84,84,85,85,84,84,81,77.957
file306.TextGrid,2,0.570,81,81,81,80,65,59,58,50,46,34,64.655
file307.TextGrid,1,0.170,9,20,37,49,51,70,79,79,77,74,55.944
file307.TextGrid,2,0.210,74,76,76,76,76,75,76,77,70,66,74.839
file308.TextGrid,1,0.430,6,63,70,76,81,79,81,81,79,72,72.936
file308.TextGrid,2,0.380,72,66,68,72,77,76,70,61,58,57,68.142
file309.TextGrid,1,0.240,31,54,69,70,76,80,80,80,79,78,71.042
file309.TextGrid,2,0.420,78,69,75,79,70,62,47,47,44,33,61.390
file31.TextGrid,1,0.190,73,72,69,68,66,63,69,70,62,61,67.228
file31.TextGrid,2,0.160,61,66,71,73,72,73,74,74,72,69,71.159
file310.TextGrid,1,0.360,27,31,49,77,81,81,79,78,74,72,66.829
file310.TextGrid,2,0.380,72,74,73,73,73,63,57,48,42,31,61.818
file311.TextGrid,1,0.350,24,61,67,68,81,83,77,66,65,69,68.137
file311.TextGrid,2,0.450,69,68,67,83,82,81,74,71,66,41,72.929
file312.TextGrid,1,0.140,37,57,66,68,70,76,79,80,78,74,70.151
file312.TextGrid,2,0.380,74,70,65,77,73,71,63,55,47,44,64.082
file313.TextGrid,1,0.370,0.2,49,56,57,70,83,82,72,59,43,61.971
file313.TextGrid,2,0.310,43,51,55,64,73,76,76,73,66,42,64.380
file314.TextGrid,1,0.340,38,69,67,78,81,79,77,66,61,59,70.133
file314.TextGrid,2,0.480,59,62,71,76,71,68,61,53,45,35,61.265
file315.TextGrid,1,0.180,24,35,53,61,65,63,69,78,77,75,61.152
file315.TextGrid,2,0.430,75,73,72,73,72,62,46,38,41,33,59.521
file316.TextGrid,1,0.230,8,39,69,74,77,80,81,81,80,74,69.357
file316.TextGrid,2,0.320,74,42,24,48,76,78,79,73,48,6,57.085
file317.TextGrid,1,0.440,36,47,52,55,72,76,75,75,76,63,64.924
file317.TextGrid,2,0.340,63,49,50,49,67,73,72,68,56,29,58.538
file318.TextGrid,1,0.230,28,41,53,59,73,80,80,79,79,80,66.292
file318.TextGrid,2,0.390,80,79,79,72,63,58,53,45,43,36,61.346
file319.TextGrid,1,0.370,7,61,69,73,82,80,65,63,57,49,63.975
file319.TextGrid,2,0.380,49,71,73,75,71,59,58,53,55,24,62.395
file32.TextGrid,1,0.250,20,44,62,68,71,74,77,81,81,81,67.391
file32.TextGrid,2,0.220,81,77,76,77,78,76,69,58,37,37,67.354
file320.TextGrid,1,0.230,35,38,39,38,38,39,44,50,71,80,45.995
file320.TextGrid,2,0.540,80,69,63,64,74,73,62,59,50,36,64.276
file321.TextGrid,1,0.270,43,65,73,74,74,74,72,70,66,56,69.195
file321.TextGrid,2,0.320,56,47,41,50,67,67,62,57,52,40,55.608
file322.TextGrid,1,0.360,10,50,55,56,56,75,80,80,63,56,61.680
file322.TextGrid,2,0.440,56,53,51,42,43,69,79,80,75,24,59.806
file323.TextGrid,1,0.160,13,27,41,49,55,55,64,79,82,78,55.350
file323.TextGrid,2,0.640,78,67,78,79,77,70,58,46,47,39,64.880
file324.TextGrid,1,0.270,75,79,80,80,76,75,75,73,72,70,76.121
file324.TextGrid,2,0.510,70,71,73,73,74,67,60,53,42,20,63.076
file325.TextGrid,1,0.240,27,66,77,79,80,80,78,79,78,72,74.511
file325.TextGrid,2,0.590,72,78,81,75,62,55,50,40,37,27,58.092
file326.TextGrid,1,0.250,67,75,68,64,62,61,60,55,44,61,61.824
file326.TextGrid,2,0.570,61,75,79,77,80,77,68,59,50,13,67.444
file327.TextGrid,1,0.250,53,62,61,58,61,80,83,84,83,83,71.667
file327.TextGrid,2,0.460,83,77,84,83,83,71,65,64,50,30,70.746
file328.TextGrid,1,0.220,49,63,75,77,75,84,72,68,67,73,71.192
file328.TextGrid,2,0.530,73,82,85,79,65,59,54,51,43,41,64.697
file329.TextGrid,1,0.180,68,69,65,64,63,62,60,61,61,56,62.845
file329.TextGrid,2,0.280,56,61,59,66,66,64,59,51,43,34,57.515
file33.TextGrid,1,0.220,27,43,56,59,59,67,75,74,63,59,59.616
file33.TextGrid,2,0.630,59,62,49,75,79,77,58,48,49,30,61.387
file330.TextGrid,1,0.500,56,58,55,72,82,78,73,72,73,73,69.667
file330.TextGrid,2,0.270,73,74,78,77,77,75,71,56,46,41,68.108
file331.TextGrid,1,0.300,25,55,62,62,61,62,72,80,82,75,65.233
file331.TextGrid,2,0.380,75,67,62,69,80,82,77,80,59,50,71.059
file332.TextGrid,1,0.230,36,60,71,75,68,59,58,56,58,63,61.438
file332.TextGrid,2,0.680,63,75,74,71,74,65,52,48,41,39,61.457
file333.TextGrid,1,0.270,53,69,73,73,72,73,75,75,77,71,72.451
file333.TextGrid,2,0.300,71,54,52,71,71,72,70,66,59,46,63.531
file334.TextGrid,1,0.280,68,68,69,68,70,76,79,79,78,80,73.402
file334.TextGrid,2,0.630,80,80,76,77,74,69,67,53,51,23,66.797
file335.TextGrid,1,0.250,37,65,68,78,80,75,70,69,66,71,69.377
file335.TextGrid,2,0.270,71,77,73,73,66,62,57,49,45,44,62.327
file336.TextGrid,1,0.270,20,44,51,51,53,60,77,80,79,71,60.679
file336.TextGrid,2,0.570,71,57,74,74,63,54,55,52,48,37,58.632
file337.TextGrid,1,0.270,65,60,58,57,79,80,79,82,80,75,71.352
file337.TextGrid,2,0.380,75,75,76,74,72,71,62,55,50,35,65.178
file338.TextGrid,1,0.260,32,58,68,72,71,72,73,70,71,72,67.277
file338.TextGrid,2,0.710,72,73,72,71,73,73,62,46,42,31,62.216
file339.TextGrid,1,0.190,49,57,65,73,77,76,75,73,69,70,69.430
file339.TextGrid,2,0.220,70,73,77,75,74,65,59,56,57,57,66.445
file34.TextGrid,1,0.260,14,34,41,46,55,64,73,76,77,72,57.140
file34.TextGrid,2,0.410,72,59,62,77,76,72,62,55,46,43,62.836
file340.TextGrid,1,0.460,36,72,67,72,86,81,73,65,59,60,70.163
file340.TextGrid,2,0.490,60,76,78,78,71,64,57,49,32,29,61.961
file341.TextGrid,1,0.400,-0.3,61,72,74,60,59,70,71,73,68,64.677
file341.TextGrid,2,0.610,68,58,72,75,74,71,66,56,51,21,63.588
file342.TextGrid,1,0.050,56,65,71,75,78,79,80,79,78,75,74.262
file342.TextGrid,2,0.310,75,68,69,63,79,80,79,79,74,66,73.198
file343.TextGrid,1,0.120,34,49,55,56,68,80,83,81,74,70,66.375
file343.TextGrid,2,0.510,70,66,78,80,78,68,64,62,49,39,66.684
file344.TextGrid,1,0.680,--undefined--,55,54,55,82,75,76,77,75,77,68.324
file344.TextGrid,2,0.330,77,80,81,80,78,73,65,53,33,20,66.058
file345.TextGrid,1,0.320,23,57,67,57,75,81,88,87,88,83,73.352
file345.TextGrid,2,0.500,83,65,83,85,83,76,62,60,53,48,70.663
file346.TextGrid,1,0.270,33,47,54,60,64,69,73,77,78,70,64.691
file346.TextGrid,2,0.340,70,29,14,64,73,71,70,68,53,43,55.845
file347.TextGrid,1,0.310,37,49,57,54,55,55,75,82,81,63,62.746
file347.TextGrid,2,0.330,63,10,52,78,80,80,79,76,61,41,62.627
file348.TextGrid,1,0.220,77,79,78,64,46,27,11,17,54,58,49.328
file348.TextGrid,2,0.590,58,75,65,74,73,69,62,60,53,27,65.140
file349.TextGrid,1,0.130,47,62,74,79,81,83,84,83,83,83,77.412
file349.TextGrid,2,0.310,83,83,81,70,64,60,57,52,51,46,64.895
file35.TextGrid,1,0.140,38,56,63,65,68,73,78,80,79,76,69.049
file35.TextGrid,2,0.490,76,71,66,76,69,68,57,55,42,29,62.153
file350.TextGrid,1,0.130,61,65,73,77,77,79,79,78,76,73,74.841
file350.TextGrid,2,0.260,73,61,54,60,73,74,73,69,57,52,64.627
file351.TextGrid,1,0.440,-2,43,53,55,55,75,75,76,72,66,60.872
file351.TextGrid,2,0.270,66,61,68,69,65,63,58,44,32,22,56.107
file352.TextGrid,1,0.120,56,66,72,75,77,79,80,79,78,74,74.731
file352.TextGrid,2,0.450,74,60,78,78,69,66,64,62,55,20,64.725
file353.TextGrid,1,0.200,11,59,78,82,83,84,82,75,75,74,73.964
file353.TextGrid,2,0.430,74,66,64,67,74,69,62,61,56,42,64.231
file354.TextGrid,1,0.430,7,34,47,50,76,82,80,72,68,54,60.807
file354.TextGrid,2,0.370,54,51,48,46,66,71,69,66,32,30,53.933
file355.TextGrid,1,0.360,33,68,70,71,85,84,79,67,61,53,70.068
file355.TextGrid,2,0.400,53,53,60,65,70,83,82,82,80,71,70.822
file356.TextGrid,1,0.250,29,62,71,73,79,79,83,83,80,74,73.586
file356.TextGrid,2,0.410,74,68,81,79,76,62,56,51,46,32,63.294
file357.TextGrid,1,0.190,18,38,60,70,70,63,79,74,69,67,62.953
file357.TextGrid,2,0.800,67,63,72,79,79,70,57,54,40,29,61.921
file358.TextGrid,1,0.370,67,65,66,77,81,81,81,82,81,73,76.117
file358.TextGrid,2,0.380,73,73,75,77,74,68,54,40,21,11,58.317
file359.TextGrid,1,0.420,51,61,67,72,75,75,73,72,70,66,69.418
file359.TextGrid,2,0.330,66,64,66,68,67,64,61,55,48,46,60.796
file36.TextGrid,1,0.220,29,50,62,67,70,67,66,69,68,74,63.082
file36.TextGrid,2,0.470,74,79,78,76,77,75,72,60,49,33,68.808
file360.TextGrid,1,0.470,45,54,55,80,80,40,-21,-300,-300,-8,-39.045
file360.TextGrid,2,0.370,-8,61,75,76,76,73,66,53,57,43,63.010
file361.TextGrid,1,0.150,60,78,81,79,70,65,64,60,57,63,68.424
file361.TextGrid,2,0.480,63,69,73,79,78,68,60,51,44,36,63.400
file362.TextGrid,1,0.130,38,55,65,69,72,74,77,77,76,71,69.070
file362.TextGrid,2,0.540,71,59,77,71,73,62,49,43,33,27,56.672
file363.TextGrid,1,0.170,29,56,75,78,79,76,72,69,65,65,68.677
file363.TextGrid,2,0.520,65,75,83,82,76,67,65,54,41,32,66.276
file364.TextGrid,1,0.390,55,66,66,72,78,78,78,77,76,71,73.209
file364.TextGrid,2,0.510,71,57,66,74,74,66,64,61,44,12,61.028
file365.TextGrid,1,0.290,29,49,67,73,72,70,68,67,64,62,63.876
file365.TextGrid,2,0.300,62,72,75,76,71,64,54,50,44,44,62.167
file366.TextGrid,1,0.270,25,53,71,84,84,75,73,65,59,54,67.124
file366.TextGrid,2,0.190,54,61,68,71,68,58,49,44,39,31,55.632
file367.TextGrid,1,0.350,13,39,49,53,58,56,63,72,73,67,56.537
file367.TextGrid,2,0.190,67,67,71,71,71,70,70,67,58,47,66.946
file368.TextGrid,1,0.340,--undefined--,49,52,51,50,50,55,75,74,69,56.875
file368.TextGrid,2,0.410,69,58,59,74,73,68,61,55,52,35,61.584
file369.TextGrid,1,0.300,8,39,49,52,52,59,76,80,81,76,59.508
file369.TextGrid,2,0.250,76,73,75,82,82,82,81,70,56,55,73.785
file37.TextGrid,1,0.340,26,70,78,67,56,48,28,13,-2,-11,40.888
file37.TextGrid,2,0.480,-11,78,82,81,76,70,68,59,46,29,65.664
file370.TextGrid,1,0.300,30,55,66,65,80,80,75,76,67,54,67.608
file370.TextGrid,2,0.280,54,59,77,80,79,75,69,60,54,55,67.320
file371.TextGrid,1,0.200,29,48,59,65,65,60,77,77,72,65,63.400
file371.TextGrid,2,0.240,65,68,73,75,76,77,78,78,72,65,73.641
file372.TextGrid,1,0.330,24,67,75,77,73,74,70,69,72,73,70.089
file372.TextGrid,2,0.360,73,74,75,70,67,63,58,55,42,41,62.092
file373.TextGrid,1,0.230,35,68,77,79,85,84,82,79,80,82,77.071
file373.TextGrid,2,0.370,82,82,80,74,66,62,58,54,52,42,65.110
file374.TextGrid,1,0.170,29,54,70,73,75,77,80,82,80,73,71.652
file374.TextGrid,2,0.450,73,70,79,80,72,64,56,48,44,35,63.471
file375.TextGrid,1,0.350,38,65,72,70,72,74,74,71,66,58,68.122
file375.TextGrid,2,0.330,58,62,74,73,73,73,66,65,61,44,66.383
file376.TextGrid,1,0.200,1,40,56,61,67,76,83,83,80,70,65.232
file376.TextGrid,2,0.210,70,78,81,80,75,69,64,56,49,43,67.597
file377.TextGrid,1,0.150,49,62,67,72,76,78,79,78,77,77,72.466
file377.TextGrid,2,0.500,77,61,60,77,74,66,48,42,41,30,58.048
file378.TextGrid,1,0.320,20,57,64,66,70,73,69,70,68,67,64.828
file378.TextGrid,2,0.250,67,73,75,69,74,73,71,71,70,56,71.123
file379.TextGrid,1,0.290,26,47,60,64,56,76,77,76,77,76,65.059
file379.TextGrid,2,0.200,76,72,65,58,55,54,51,49,49,42,56.900
file38.TextGrid,1,0.330,23,64,73,79,70,74,70,57,59,62,65.821
file38.TextGrid,2,0.430,62,59,57,72,70,61,56,45,37,31,55.589
file380.TextGrid,1,0.220,68,69,68,79,81,80,72,65,63,73,71.969
file380.TextGrid,2,0.480,73,68,76,75,71,62,46,48,46,31,60.277
file381.TextGrid,1,0.180,15,51,61,63,74,75,76,76,76,73,66.205
file381.TextGrid,2,0.440,73,69,75,76,74,73,62,54,48,42,65.074
file382.TextGrid,1,0.390,12,45,54,55,56,75,74,61,59,62,57.928
file382.TextGrid,2,0.660,62,73,73,74,70,68,61,53,49,24,63.543
file383.TextGrid,1,0.180,24,36,59,74,80,77,77,76,76,77,67.423
file383.TextGrid,2,0.290,77,76,77,77,75,68,58,55,45,33,65.264
file384.TextGrid,1,0.430,32,66,73,74,62,60,50,57,60,54,60.699
file384.TextGrid,2,0.340,54,72,74,75,69,63,58,53,47,43,62.036
file385.TextGrid,1,0.110,56,59,60,60,59,57,58,61,64,69,60.055
file385.TextGrid,2,0.370,69,76,75,74,74,73,58,49,40,29,63.596
file386.TextGrid,1,0.200,67,67,78,81,82,82,81,79,76,66,76.795
file386.TextGrid,2,0.220,66,67,70,68,67,64,58,47,28,21,57.075
file387.TextGrid,1,0.390,22,64,56,43,61,66,65,64,76,68,60.526
file387.TextGrid,2,0.350,68,72,67,62,61,60,63,52,42,48,59.718
file388.TextGrid,1,0.050,80,80,79,79,78,78,77,75,73,72,77.108
file388.TextGrid,2,0.570,72,75,77,78,74,61,57,48,43,36,63.543
file389.TextGrid,1,0.160,39,53,58,62,64,61,71,79,80,77,65.344
file389.TextGrid,2,0.510,77,76,75,78,67,58,51,45,42,32,60.962
file39.TextGrid,1,0.300,18,49,72,77,77,73,74,73,72,73,67.964
file39.TextGrid,2,0.450,73,73,74,69,58,52,47,42,38,28,55.711
file390.TextGrid,1,0.290,34,67,73,73,75,76,77,76,76,76,71.931
file390.TextGrid,2,0.470,76,77,74,70,69,58,51,50,42,36,60.743
file391.TextGrid,1,0.460,71,82,65,64,63,71,80,81,79,71,73.359
file391.TextGrid,2,0.180,71,69,68,67,65,63,59,56,44,43,61.022
file392.TextGrid,1,0.540,7,49,59,59,77,77,61,57,62,61,59.832
file392.TextGrid,2,0.230,61,62,75,76,74,72,70,68,62,61,69.031
file393.TextGrid,1,0.130,29,46,58,64,66,65,70,76,79,80,64.352
file393.TextGrid,2,0.500,80,74,77,76,77,64,62,59,53,37,66.816
file394.TextGrid,1,0.170,26,33,49,58,61,59,75,79,79,75,60.535
file394.TextGrid,2,0.440,75,75,74,76,70,55,45,44,40,30,59.291
file395.TextGrid,1,0.380,28,54,62,53,79,83,81,77,70,71,68.149
file395.TextGrid,2,0.260,71,70,70,65,63,52,47,45,38,31,55.637
file396.TextGrid,1,0.220,24,42,57,62,65,62,80,80,70,68,62.664
file396.TextGrid,2,0.400,68,81,81,77,72,69,66,54,52,37,67.388
file397.TextGrid,1,0.180,4,35,48,54,58,59,56,70,72,67,54.559
file397.TextGrid,2,0.490,67,57,74,79,79,76,62,50,38,25,62.810
file398.TextGrid,1,0.420,23,39,54,50,67,69,56,47,40,58,50.135
file398.TextGrid,2,0.220,58,60,65,68,69,66,62,59,53,45,61.580
file399.TextGrid,1,0.040,77,77,78,79,79,79,79,78,77,77,78.276
file399.TextGrid,2,0.480,77,76,76,77,65,59,53,48,40,25,60.367
file4.TextGrid,1,0.260,71,83,81,68,66,64,63,62,64,73,69.327
file4.TextGrid,2,0.380,73,80,81,80,77,69,68,64,56,43,70.274
file40.TextGrid,1,0.370,14,60,70,69,76,78,77,77,75,69,69.593
file40.TextGrid,2,0.480,69,71,73,75,74,70,59,53,47,40,63.700
file400.TextGrid,1,0.120,76,78,81,81,76,73,71,70,71,71,74.745
file400.TextGrid,2,0.540,71,70,66,64,74,71,71,63,54,43,65.113
file401.TextGrid,1,0.150,50,59,73,79,79,79,80,79,76,68,73.767
file401.TextGrid,2,0.240,68,59,51,45,59,73,74,72,66,57,62.409
file402.TextGrid,1,0.230,45,67,73,74,71,72,72,71,69,66,69.718
file402.TextGrid,2,0.640,66,59,61,78,75,74,66,62,57,25,64.646
file403.TextGrid,1,0.220,61,59,60,79,84,83,82,82,81,75,75.956
file403.TextGrid,2,0.270,75,73,77,74,71,67,64,67,66,51,69.062
file404.TextGrid,1,0.430,72,79,75,67,63,67,75,64,61,62,67.928
file404.TextGrid,2,0.450,62,71,72,68,65,59,46,43,42,32,57.200
file405.TextGrid,1,0.240,40,70,78,78,82,82,77,76,67,77,74.456
file405.TextGrid,2,0.200,77,81,73,79,83,82,84,83,82,77,80.570
file406.TextGrid,1,0.280,31,62,77,80,79,76,70,64,62,63,68.758
file406.TextGrid,2,0.490,63,74,74,74,71,62,55,44,42,32,59.815
file407.TextGrid,1,0.330,40,60,61,63,64,66,76,78,77,71,67.350
file407.TextGrid,2,0.420,71,57,59,79,78,74,66,66,63,61,67.560
file408.TextGrid,1,0.040,79,79,80,80,80,79,79,78,76,74,78.392
file408.TextGrid,2,0.660,74,78,77,77,72,60,54,43,39,18,60.243
file409.TextGrid,1,0.390,18,67,76,80,80,79,79,79,78,66,74.033
file409.TextGrid,2,0.590,66,83,78,79,77,67,62,61,52,25,67.994
file41.TextGrid,1,0.470,49,65,59,77,80,74,74,73,71,70,70.977
file41.TextGrid,2,0.430,70,74,73,70,56,53,54,53,52,49,60.715
file410.TextGrid,1,0.330,12,47,59,56,55,56,79,82,80,68,62.324
file410.TextGrid,2,0.250,68,67,69,75,75,74,70,62,49,39,66.264
file411.TextGrid,1,0.250,70,79,77,67,63,61,61,56,54,49,64.294
file411.TextGrid,2,0.570,49,66,71,72,70,61,52,50,50,37,59.937
file412.TextGrid,1,0.230,56,76,81,81,71,67,66,64,61,57,69.876
file412.TextGrid,2,0.430,57,57,69,75,73,71,60,58,45,18,60.260
file413.TextGrid,1,0.410,33,57,65,64,74,83,76,64,56,52,64.511
file413.TextGrid,2,0.530,52,48,45,73,75,71,51,44,40,32,54.673
file414.TextGrid,1,0.540,38,75,79,66,58,55,72,78,74,64,68.407
file414.TextGrid,2,0.310,64,62,54,53,51,49,43,39,34,32,48.168
file415.TextGrid,1,0.240,26,44,59,62,66,76,84,82,78,77,66.461
file415.TextGrid,2,0.410,77,78,76,78,76,66,58,53,39,30,63.784
file416.TextGrid,1,0.180,31,58,75,79,79,80,78,78,78,76,73.286
file416.TextGrid,2,0.570,76,78,79,79,72,61,57,46,42,28,62.327
file417.TextGrid,1,0.290,38,57,70,75,76,75,74,73,71,69,69.536
file417.TextGrid,2,0.320,69,62,61,57,67,66,51,45,38,33,55.220
file418.TextGrid,1,0.170,59,71,80,84,85,85,85,86,84,79,81.078
file418.TextGrid,2,0.140,79,74,72,75,78,83,84,85,84,83,79.447
file419.TextGrid,1,0.100,38,44,61,70,73,74,74,74,72,70,66.544
file419.TextGrid,2,0.250,70,66,66,65,66,67,79,79,80,74,71.203
file42.TextGrid,1,0.070,28,32,44,55,62,66,68,70,72,73,57.545
file42.TextGrid,2,0.670,73,75,74,78,75,72,72,65,50,29,68.203
file420.TextGrid,1,0.140,26,33,59,71,76,78,75,66,63,64,63.193
file420.TextGrid,2,0.510,64,65,77,76,79,66,58,58,54,46,66.177
file421.TextGrid,1,0.550,28,59,60,61,76,78,83,81,83,73,71.106
file421.TextGrid,2,0.330,73,62,53,68,80,78,74,63,52,30,64.329
file422.TextGrid,1,0.210,27,53,65,74,80,82,83,83,81,78,72.790
file422.TextGrid,2,0.380,78,75,78,79,70,57,53,42,41,36,61.521
file423.TextGrid,1,0.410,37,60,60,77,71,82,82,79,68,61,70.043
file423.TextGrid,2,0.210,61,55,55,53,50,44,41,38,35,30,46.223
file424.TextGrid,1,0.050,56,57,59,65,71,76,80,82,83,84,71.602
file424.TextGrid,2,0.510,84,78,78,76,74,70,62,53,41,34,65.465
file425.TextGrid,1,0.150,-1,23,55,69,75,76,76,76,76,72,62.372
file425.TextGrid,2,0.310,72,71,80,82,74,68,62,58,51,43,66.791
file426.TextGrid,1,0.170,56,59,61,64,72,76,78,79,79,70,70.320
file426.TextGrid,2,0.480,70,54,78,74,64,60,57,53,45,37,60.376
file427.TextGrid,1,0.230,34,60,69,75,78,77,75,74,73,73,70.514
file427.TextGrid,2,0.500,73,79,76,75,72,69,65,51,40,38,64.633
file428.TextGrid,1,0.330,66,69,84,85,86,86,85,83,83,83,82.096
file428.TextGrid,2,0.430,83,79,79,77,74,69,64,61,54,42,69.087
file429.TextGrid,1,0.120,77,80,76,69,67,67,65,63,64,67,69.023
file429.TextGrid,2,0.620,67,66,78,78,69,66,57,43,32,24,59.395
file43.TextGrid,1,0.360,23,48,60,63,63,75,72,72,69,65,62.805
file43.TextGrid,2,0.310,65,65,65,65,57,49,45,35,29,26,49.979
file430.TextGrid,1,0.420,12,51,54,54,73,74,52,13,28,53,48.453
file430.TextGrid,2,0.640,53,72,80,80,77,72,62,49,50,32,65.702
file431.TextGrid,1,0.100,23,35,40,42,45,51,67,76,80,82,54.416
file431.TextGrid,2,0.670,82,83,83,80,71,64,61,57,52,46,68.435
file432.TextGrid,1,0.140,27,46,63,68,66,66,70,73,74,69,64.027
file432.TextGrid,2,0.590,69,63,72,71,73,69,70,54,45,37,62.999
file433.TextGrid,1,0.220,30,56,76,79,79,78,79,78,77,78,72.866
file433.TextGrid,2,0.230,78,78,76,71,65,63,65,61,57,55,67.161
file434.TextGrid,1,0.220,54,58,61,64,70,61,60,56,55,64,60.194
file434.TextGrid,2,0.310,64,77,83,81,82,79,76,69,64,58,74.856
file435.TextGrid,1,0.390,59,80,82,84,79,82,78,76,72,71,78.065
file435.TextGrid,2,0.350,71,76,76,76,70,62,57,55,44,20,62.607
file436.TextGrid,1,0.170,43,65,72,71,72,78,82,82,79,73,73.641
file436.TextGrid,2,0.320,73,66,76,76,68,61,54,44,35,33,59.606
file437.TextGrid,1,0.210,35,57,68,72,72,73,73,68,59,52,65.349
file437.TextGrid,2,0.260,52,52,52,63,64,59,45,39,28,21,48.365
file438.TextGrid,1,0.240,20,47,57,60,56,71,78,79,79,71,63.643
file438.TextGrid,2,0.410,71,60,59,74,74,73,65,55,50,47,62.337
file439.TextGrid,1,0.270,79,83,83,79,74,70,68,63,56,51,71.381
file439.TextGrid,2,0.110,51,51,58,58,58,70,74,74,74,75,64.581
file44.TextGrid,1,0.100,80,82,83,82,81,81,80,79,77,75,80.399
file44.TextGrid,2,0.480,75,66,63,61,61,69,76,72,70,37,65.426
file440.TextGrid,1,0.440,46,65,70,66,83,78,69,65,56,59,68.555
file440.TextGrid,2,0.390,59,79,76,75,74,64,57,58,50,42,65.729
file441.TextGrid,1,0.430,16,52,55,59,79,81,78,79,79,63,68.242
file441.TextGrid,2,0.570,63,65,77,70,58,60,61,58,47,21,60.086
file442.TextGrid,1,0.200,35,66,71,74,76,77,80,82,81,78,74.109
file442.TextGrid,2,0.400,78,73,65,60,75,75,71,63,56,50,66.553
file443.TextGrid,1,0.280,24,52,65,70,79,79,68,63,61,68,64.920
file443.TextGrid,2,0.450,68,63,73,75,69,56,52,48,42,37,59.026
file444.TextGrid,1,0.250,26,65,80,77,73,72,70,65,63,62,67.745
file444.TextGrid,2,0.240,62,56,54,50,69,75,72,63,60,60,62.066
file445.TextGrid,1,0.180,73,78,77,76,75,73,72,69,64,61,72.481
file445.TextGrid,2,0.110,61,59,58,57,56,54,53,49,42,32,52.702
file446.TextGrid,1,0.430,36,54,62,83,82,72,71,74,71,67,69.186
file446.TextGrid,2,0.250,67,74,77,76,76,75,71,50,39,24,64.805
file447.TextGrid,1,0.230,24,53,63,62,65,70,76,78,80,70,66.315
file447.TextGrid,2,0.240,70,54,48,70,75,75,72,69,61,51,64.842
file448.TextGrid,1,0.270,23,44,48,48,50,53,68,70,71,57,55.231
file448.TextGrid,2,0.270,57,44,43,44,64,67,66,65,59,41,55.551
file449.TextGrid,1,0.260,31,38,42,42,54,60,65,80,81,74,57.468
file449.TextGrid,2,0.330,74,75,76,73,66,58,52,50,40,32,60.427
file45.TextGrid,1,0.170,10,36,59,63,65,69,73,75,75,73,62.146
file45.TextGrid,2,0.460,73,73,68,69,69,68,67,65,49,32,64.892
file450.TextGrid,1,0.200,35,37,49,53,59,76,80,80,78,78,63.074
file450.TextGrid,2,0.610,78,80,77,75,76,77,69,59,43,34,67.757
file451.TextGrid,1,0.160,63,75,84,86,85,84,83,83,83,81,81.712
file451.TextGrid,2,0.360,81,75,79,74,64,58,48,49,44,46,61.699
file452.TextGrid,1,0.190,19,48,67,70,63,65,65,65,60,52,59.816
file452.TextGrid,2,0.260,52,67,70,71,72,73,72,63,61,60,66.923
file453.TextGrid,1,0.120,23,36,54,62,64,65,64,61,60,60,56.507
file453.TextGrid,2,0.370,60,62,72,70,69,68,65,62,50,32,62.605
file454.TextGrid,1,0.310,5,41,55,68,72,77,80,83,82,67,66.857
file454.TextGrid,2,0.260,67,61,59,81,82,82,82,81,70,34,72.296
file455.TextGrid,1,0.210,38,63,61,74,79,79,79,78,77,80,72.353
file455.TextGrid,2,0.450,80,80,76,73,68,67,59,47,45,35,63.742
file456.TextGrid,1,0.240,28,55,66,65,73,78,68,60,57,60,63.121
file456.TextGrid,2,0.470,60,50,73,78,79,71,55,49,46,33,60.087
file457.TextGrid,1,0.130,39,56,72,78,79,79,80,81,81,80,73.965
file457.TextGrid,2,0.500,80,81,82,82,80,75,67,63,62,46,73.032
file458.TextGrid,1,0.150,28,43,56,63,65,75,79,79,79,81,65.864
file458.TextGrid,2,0.450,81,81,77,77,67,58,51,45,41,33,61.759
file459.TextGrid,1,0.110,86,86,85,85,84,82,81,80,78,74,82.348
file459.TextGrid,2,0.360,74,78,77,77,76,70,66,55,44,25,65.986
file46.TextGrid,1,0.350,30,60,65,64,71,62,55,43,54,46,58.080
file46.TextGrid,2,0.220,46,64,69,69,65,63,60,57,52,45,60.517
file460.TextGrid,1,0.040,45,53,60,65,68,71,72,72,71,71,65.307
file460.TextGrid,2,0.580,71,74,70,70,74,65,62,60,53,37,65.201
file461.TextGrid,1,0.300,33,61,81,84,82,80,70,65,61,52,69.818
file461.TextGrid,2,0.200,52,54,66,75,78,78,77,76,71,64,70.274
file462.TextGrid,1,0.280,25,46,56,59,59,75,79,80,64,55,62.335
file462.TextGrid,2,0.410,55,53,50,48,47,61,75,72,66,42,57.626
file463.TextGrid,1,0.040,70,71,72,72,72,73,73,73,73,71,72.143
file463.TextGrid,2,0.600,71,25,53,69,66,70,68,49,44,16,55.511
file464.TextGrid,1,0.180,24,47,70,78,78,73,64,59,62,65,63.510
file464.TextGrid,2,0.460,65,70,65,74,72,73,67,53,50,43,64.231
file465.TextGrid,1,0.360,44,66,64,67,77,81,84,85,77,65,73.277
file465.TextGrid,2,0.450,65,67,75,76,70,60,62,62,59,50,65.211
file466.TextGrid,1,0.190,13,47,63,69,82,83,81,81,76,67,69.001
file466.TextGrid,2,0.370,67,66,69,62,72,65,59,54,52,45,61.929
file467.TextGrid,1,0.300,17,60,72,71,69,83,82,82,81,73,71.912
file467.TextGrid,2,0.600,73,66,79,76,78,62,58,55,42,28,62.749
file468.TextGrid,1,0.290,36,70,73,75,75,76,66,66,60,66,68.136
file468.TextGrid,2,0.430,66,72,75,74,70,66,56,50,42,37,61.825
file469.TextGrid,1,0.210,36,62,76,79,81,75,75,69,64,52,70.012
file469.TextGrid,2,0.360,52,27,21,58,64,66,62,49,27,8,44.366
file47.TextGrid,1,0.480,13,58,65,69,80,84,84,84,80,67,72.995
file47.TextGrid,2,0.270,67,77,78,77,75,71,62,56,51,40,66.570
file470.TextGrid,1,0.480,4,50,58,70,83,76,66,65,59,61,63.399
file470.TextGrid,2,0.380,61,72,79,78,76,69,62,57,57,37,66.418
file471.TextGrid,1,0.320,31,64,68,80,78,76,74,67,62,63,69.178
file471.TextGrid,2,0.480,63,62,58,76,77,73,57,53,42,34,60.610
file472.TextGrid,1,0.190,26,52,72,75,75,75,75,74,75,76,69.473
file472.TextGrid,2,0.560,76,77,77,79,72,59,53,49,38,33,62.469
file473.TextGrid,1,0.140,50,59,63,68,71,71,69,66,59,50,64.163
file473.TextGrid,2,0.560,50,70,85,84,78,74,66,61,51,47,68.636
file474.TextGrid,1,0.220,29,56,73,75,77,78,75,76,75,74,70.854
file474.TextGrid,2,0.640,74,76,77,72,73,56,51,44,34,30,58.897
file475.TextGrid,1,0.270,37,64,73,78,78,75,70,70,74,78,71.374
file475.TextGrid,2,0.400,78,79,79,77,76,74,61,57,47,37,67.730
file476.TextGrid,1,0.330,35,42,54,55,63,64,75,79,78,76,62.966
file476.TextGrid,2,0.270,76,67,65,61,57,67,70,66,56,43,62.905
file477.TextGrid,1,0.310,15,59,63,67,70,69,78,84,83,74,69.232
file477.TextGrid,2,0.490,74,71,66,80,78,76,61,56,49,24,65.894
file478.TextGrid,1,0.150,15,24,47,57,65,78,83,84,84,78,63.094
file478.TextGrid,2,0.500,78,67,71,62,75,68,55,46,41,34,60.609
file479.TextGrid,1,0.250,29,64,72,72,79,81,81,81,80,80,74.078
file479.TextGrid,2,0.310,80,80,78,72,68,64,58,50,47,47,64.485
file48.TextGrid,1,0.200,30,52,63,67,83,82,73,70,70,65,67.612
file48.TextGrid,2,0.510,65,55,65,51,75,74,65,47,33,27,56.454
file480.TextGrid,1,0.290,44,53,61,67,68,71,73,75,75,69,67.018
file480.TextGrid,2,0.260,69,68,66,69,72,72,70,67,56,37,65.826
file481.TextGrid,1,0.520,52,55,55,76,82,79,78,75,71,76,70.550
file481.TextGrid,2,0.270,76,78,79,77,77,77,74,72,69,62,74.893
file482.TextGrid,1,0.370,37,53,52,49,77,77,77,76,74,70,65.770
file482.TextGrid,2,0.280,70,67,75,74,70,59,61,56,46,40,62.850
file483.TextGrid,1,0.170,71,74,67,59,60,64,66,66,65,58,65.037
file483.TextGrid,2,0.460,58,56,55,77,74,75,72,54,42,33,60.713
file484.TextGrid,1,0.210,28,61,76,78,77,76,77,77,77,76,72.196
file484.TextGrid,2,0.500,76,74,77,76,75,73,67,54,52,40,67.340
file485.TextGrid,1,0.490,14,49,51,49,53,80,79,59,50,46,55.316
file485.TextGrid,2,0.340,46,52,51,48,71,73,71,70,62,62,61.099
file486.TextGrid,1,0.470,58,64,64,66,78,81,82,80,76,72,73.321
file486.TextGrid,2,0.410,72,74,74,73,71,60,55,51,40,26,60.296
file487.TextGrid,1,0.170,25,35,51,57,61,58,59,75,77,75,58.078
file487.TextGrid,2,0.650,75,76,73,72,71,58,45,36,36,28,57.598
file488.TextGrid,1,0.520,29,61,81,76,78,78,79,69,58,47,69.029
file488.TextGrid,2,0.090,47,45,43,42,43,43,41,39,38,37,41.726
file489.TextGrid,1,0.320,34,73,74,76,79,83,83,82,82,75,77.219
file489.TextGrid,2,0.210,75,73,77,79,78,76,75,70,54,27,70.335
file49.TextGrid,1,0.530,67,69,74,84,84,74,73,71,72,71,74.608
file49.TextGrid,2,0.360,71,81,82,83,83,70,58,54,51,31,68.296
file490.TextGrid,1,0.260,22,55,73,76,76,71,69,66,65,66,65.920
file490.TextGrid,2,0.600,66,67,66,70,70,68,61,60,52,26,62.717
file491.TextGrid,1,0.220,38,47,51,55,56,57,58,76,80,75,60.004
file491.TextGrid,2,0.310,75,69,63,62,78,79,75,71,64,37,68.914
file492.TextGrid,1,0.050,69,70,71,72,72,72,72,71,70,68,70.760
file492.TextGrid,2,0.450,68,66,62,73,72,68,62,59,44,26,61.596
file493.TextGrid,1,0.480,39,54,60,72,82,75,74,73,73,70,69.604
file493.TextGrid,2,0.320,70,72,76,74,74,72,68,55,48,41,65.956
file494.TextGrid,1,0.260,19,55,69,72,77,76,72,62,63,65,64.921
file494.TextGrid,2,0.450,65,63,62,62,69,70,61,52,45,22,58.940
file495.TextGrid,1,0.150,57,77,86,88,84,77,77,75,80,86,79.550
file495.TextGrid,2,0.500,86,85,84,78,71,63,56,50,43,32,65.458
file496.TextGrid,1,0.430,29,58,57,83,83,84,85,84,78,71,75.163
file496.TextGrid,2,0.300,71,77,78,75,74,73,69,60,56,53,69.431
file497.TextGrid,1,0.220,32,56,71,82,85,83,80,76,71,72,73.035
file497.TextGrid,2,0.170,72,80,81,79,79,78,78,77,76,74,77.946
file498.TextGrid,1,0.180,48,69,77,74,64,63,62,62,64,51,65.172
file498.TextGrid,2,0.500,51,74,83,80,82,74,63,58,52,46,68.070
file499.TextGrid,1,0.320,10,72,78,66,65,63,60,55,40,18,57.778
file499.TextGrid,2,0.550,18,75,80,78,79,77,77,64,62,61,69.870
file5.TextGrid,1,0.250,4,37,52,59,58,60,67,77,78,72,58.610
file5.TextGrid,2,0.460,72,33,60,80,79,76,73,63,31,16,59.165
file50.TextGrid,1,0.150,30,49,61,67,69,71,77,80,80,76,67.611
file50.TextGrid,2,0.400,76,65,75,76,76,68,56,48,39,42,62.480
file500.TextGrid,1,0.540,20,68,71,79,82,77,67,65,58,59,68.441
file500.TextGrid,2,0.520,59,76,79,76,71,65,66,62,51,29,65.572
file501.TextGrid,1,0.360,21,61,68,74,73,57,16,-7,-315,12,11.664
file501.TextGrid,2,0.450,12,65,70,71,59,54,54,55,55,53,58.353
file502.TextGrid,1,0.330,3,55,70,76,77,74,74,74,65,62,67.123
file502.TextGrid,2,0.580,62,68,68,62,58,57,60,57,40,20,57.198
file503.TextGrid,1,0.350,57,62,61,61,70,76,79,74,73,73,69.203
file503.TextGrid,2,0.340,73,74,73,69,71,67,65,54,32,37,62.263
file504.TextGrid,1,0.130,72,76,78,78,75,71,66,59,56,56,69.454
file504.TextGrid,2,0.600,56,55,54,52,63,68,65,60,56,34,57.250
file505.TextGrid,1,0.270,11,35,46,53,68,65,65,69,60,49,54.824
file505.TextGrid,2,0.690,49,77,74,73,72,78,56,49,47,--undefined--,62.706
file506.TextGrid,1,0.250,27,64,73,65,76,80,82,80,64,51,69.957
file506.TextGrid,2,0.630,51,45,47,66,72,64,49,48,48,34,53.166
file507.TextGrid,1,0.240,51,67,69,74,72,75,82,82,82,76,74.372
file507.TextGrid,2,0.530,76,74,78,74,58,54,53,52,48,45,61.446
file508.TextGrid,1,0.170,33,39,41,46,46,47,47,68,79,82,52.362
file508.TextGrid,2,0.550,82,82,80,82,81,78,67,60,61,51,73.314
file509.TextGrid,1,0.420,-0.6,44,56,55,76,78,74,74,73,58,62.758
file509.TextGrid,2,0.610,58,67,76,76,71,68,61,51,50,26,62.788
file51.TextGrid,1,0.140,24,54,64,69,78,79,77,76,76,70,69.095
file51.TextGrid,2,0.690,70,68,77,75,72,72,68,53,44,30,63.757
file510.TextGrid,1,0.350,69,74,66,63,61,77,71,67,62,62,67.644
file510.TextGrid,2,0.250,62,62,72,71,65,58,53,47,41,34,57.567
file511.TextGrid,1,0.210,49,63,67,63,67,76,76,75,73,72,69.097
file511.TextGrid,2,0.520,72,72,72,71,70,68,64,57,45,30,63.581
file512.TextGrid,1,0.390,10,59,65,67,73,71,72,77,81,70,67.650
file512.TextGrid,2,0.550,70,54,75,77,66,52,39,12,43,42,51.252
file513.TextGrid,1,0.450,9,49,63,69,77,82,82,82,82,79,70.882
file513.TextGrid,2,0.270,79,72,72,75,76,76,74,71,61,53,71.125
file514.TextGrid,1,0.490,0.6,61,67,76,82,69,56,44,48,51,59.771
file514.TextGrid,2,0.340,51,69,75,75,73,70,66,63,45,30,63.917
file515.TextGrid,1,0.100,31,39,57,67,69,68,67,67,68,68,61.392
file515.TextGrid,2,0.560,68,61,84,82,75,80,72,66,51,31,69.278
file516.TextGrid,1,0.310,21,65,74,79,78,63,57,59,50,57,62.517
file516.TextGrid,2,0.300,57,70,73,68,60,56,53,44,37,40,57.216
file517.TextGrid,1,0.410,43,76,80,82,78,70,68,61,64,63,70.991
file517.TextGrid,2,0.310,63,74,77,76,74,73,69,59,52,46,67.554
file518.TextGrid,1,0.190,18,58,67,80,83,82,81,73,65,62,70.006
file518.TextGrid,2,0.530,62,61,57,55,59,76,73,51,33,24,57.928
file519.TextGrid,1,0.090,35,28,30,51,62,69,77,80,82,82,59.738
file519.TextGrid,2,0.550,82,79,78,77,77,74,72,56,47,34,68.743
file52.TextGrid,1,0.310,23,52,59,62,76,79,73,71,71,66,65.370
file52.TextGrid,2,0.490,66,74,75,72,56,53,52,46,40,32,57.281
file520.TextGrid,1,0.060,21,33,45,56,66,74,79,81,82,81,62.943
file520.TextGrid,2,0.580,81,62,76,84,79,66,59,57,50,39,64.961
file521.TextGrid,1,0.300,33,66,80,82,83,84,79,67,65,63,72.356
file521.TextGrid,2,0.410,63,82,84,82,75,65,59,61,51,49,68.122
file522.TextGrid,1,0.170,81,82,81,74,71,66,66,66,65,66,71.511
file522.TextGrid,2,0.350,66,78,79,79,76,72,68,64,55,49,69.563
file523.TextGrid,1,0.190,42,59,68,72,74,77,78,80,78,73,71.614
file523.TextGrid,2,0.230,73,73,71,71,77,75,72,68,55,42,69.094
file524.TextGrid,1,0.280,7,53,71,73,76,79,79,80,78,72,69.992
file524.TextGrid,2,0.470,72,66,61,57,55,76,77,76,68,58,67.273
file525.TextGrid,1,0.210,73,79,80,79,77,79,78,72,70,64,76.198
file525.TextGrid,2,0.300,64,62,58,64,64,57,49,40,35,32,52.611
file526.TextGrid,1,0.430,61,72,78,84,81,71,63,61,58,58,69.830
file526.TextGrid,2,0.370,58,75,78,79,73,74,69,55,44,31,65.790
file527.TextGrid,1,0.330,34,68,69,67,78,66,60,57,53,54,62.953
file527.TextGrid,2,0.530,54,77,77,68,59,54,46,36,35,22,54.663
file528.TextGrid,1,0.250,58,67,80,75,79,83,83,82,80,75,77.068
file528.TextGrid,2,0.360,75,68,65,57,53,50,46,44,38,31,52.486
file529.TextGrid,1,0.260,31,58,67,69,77,76,65,66,64,64,65.414
file529.TextGrid,2,0.700,64,79,77,74,74,67,57,46,43,34,62.167
file53.TextGrid,1,0.180,32,34,56,68,69,68,74,78,77,71,64.086
file53.TextGrid,2,0.530,71,63,77,78,79,71,57,44,51,35,63.115
file530.TextGrid,1,0.300,23,71,81,83,83,84,84,84,82,80,79.055
file530.TextGrid,2,0.150,80,78,77,77,77,79,80,81,80,80,78.798
file531.TextGrid,1,0.140,65,72,79,81,80,72,70,69,71,72,73.597
file531.TextGrid,2,0.530,72,76,80,78,73,72,68,52,40,35,65.658
file532.TextGrid,1,0.110,37,49,66,75,77,75,70,66,64,64,65.927
file532.TextGrid,2,0.710,64,61,78,79,79,77,64,53,49,34,65.140
file533.TextGrid,1,0.170,30,51,63,67,69,64,63,75,79,77,64.834
file533.TextGrid,2,0.460,77,78,78,76,72,62,57,45,44,35,63.397
file534.TextGrid,1,0.050,55,63,71,77,81,83,84,84,83,81,77.040
file534.TextGrid,2,0.630,81,76,83,84,77,62,60,51,50,41,66.173
file535.TextGrid,1,0.290,-8,44,57,66,71,73,72,83,83,75,65.204
file535.TextGrid,2,0.550,75,73,71,79,80,73,71,64,57,29,69.479
file536.TextGrid,1,0.170,13,13,28,41,51,54,62,73,74,72,48.681
file536.TextGrid,2,0.560,72,65,75,75,74,61,49,46,38,29,58.725
file537.TextGrid,1,0.220,18,33,62,66,63,62,69,71,71,69,60.217
file537.TextGrid,2,0.600,69,69,71,70,73,56,50,39,39,27,57.289
file538.TextGrid,1,0.180,62,74,77,78,78,72,68,66,67,71,71.875
file538.TextGrid,2,0.180,71,70,68,67,63,60,57,53,46,39,59.940
file539.TextGrid,1,0.540,-4,41,50,57,75,79,79,79,76,62,64.031
file539.TextGrid,2,0.270,62,69,70,73,72,71,63,48,40,31,61.478
file54.TextGrid,1,0.090,50,59,65,69,74,79,80,81,80,79,72.379
file54.TextGrid,2,0.520,79,69,80,80,72,61,53,48,42,36,63.122
file540.TextGrid,1,0.370,36,59,58,56,56,57,76,83,81,77,65.337
file540.TextGrid,2,0.560,77,78,80,82,76,62,60,60,58,41,68.253
file541.TextGrid,1,0.520,-7,58,69,65,83,80,69,63,67,64,66.018
file541.TextGrid,2,0.290,64,71,76,77,74,73,65,60,54,38,66.739
file542.TextGrid,1,0.170,26,45,72,79,82,83,83,79,79,76,72.493
file542.TextGrid,2,0.440,76,72,78,82,80,68,59,51,44,39,65.761
file543.TextGrid,1,0.320,83,84,85,82,82,80,71,62,53,48,73.786
file543.TextGrid,2,0.230,48,61,73,75,75,74,74,70,61,56,68.190
file544.TextGrid,1,0.300,30,65,68,79,72,64,63,58,51,55,62.889
file544.TextGrid,2,0.440,55,69,59,74,71,60,57,52,49,37,60.452
file545.TextGrid,1,0.440,5,55,60,64,60,74,81,81,79,75,67.012
file545.TextGrid,2,0.470,75,72,72,71,70,65,64,62,54,41,65.599
file546.TextGrid,1,0.240,74,76,78,75,64,56,56,57,57,55,65.098
file546.TextGrid,2,0.340,55,24,-18,12,68,75,73,70,61,45,46.512
file547.TextGrid,1,0.360,28,63,76,76,69,64,61,51,53,68,61.966
file547.TextGrid,2,0.500,68,73,77,75,69,61,52,42,34,23,59.556
file548.TextGrid,1,0.170,6,46,58,72,76,76,77,78,76,73,66.698
file548.TextGrid,2,0.450,73,71,73,76,66,60,53,46,43,32,59.950
file549.TextGrid,1,0.240,29,65,72,72,76,78,77,76,74,64,70.932
file549.TextGrid,2,0.520,64,62,75,76,62,56,49,45,37,33,56.550
file55.TextGrid,1,0.300,32,70,77,74,68,69,69,69,67,45,67.474
file55.TextGrid,2,0.460,45,11,76,81,81,80,79,73,66,34,64.757
file550.TextGrid,1,0.220,63,71,66,71,74,82,85,85,84,80,76.687
file550.TextGrid,2,0.340,80,78,84,83,81,74,62,55,46,30,68.481
file551.TextGrid,1,0.280,41,57,59,58,55,62,68,66,60,60,59.575
file551.TextGrid,2,0.350,60,62,62,63,60,57,58,56,46,26,56.552
file552.TextGrid,1,0.300,12,60,73,75,75,79,81,82,82,68,72.198
file552.TextGrid,2,0.350,68,10,19,52,70,72,69,67,62,22,50.310
file553.TextGrid,1,0.280,24,58,64,57,56,76,81,82,80,70,67.082
file553.TextGrid,2,0.400,70,64,79,77,76,71,61,53,47,23,63.735
file554.TextGrid,1,0.350,25,66,71,68,74,72,72,68,69,73,67.736
file554.TextGrid,2,0.560,73,77,80,78,75,70,59,51,46,36,65.686
file555.TextGrid,1,0.330,28,43,58,62,65,81,79,75,73,74,65.204
file555.TextGrid,2,0.170,74,76,77,76,76,76,74,71,61,59,72.481
file556.TextGrid,1,0.190,25,48,71,74,73,72,75,77,76,67,68.387
file556.TextGrid,2,0.280,67,61,62,75,76,77,79,78,74,64,71.517
file557.TextGrid,1,0.280,70,77,77,75,65,60,59,58,60,60,66.463
file557.TextGrid,2,0.330,60,62,67,72,75,70,67,56,47,41,63.282
file558.TextGrid,1,0.120,43,63,75,79,81,81,82,82,80,74,75.800
file558.TextGrid,2,0.350,74,76,72,82,82,83,82,70,65,63,75.849
file559.TextGrid,1,0.340,29,62,71,74,82,84,81,72,63,76,70.966
file559.TextGrid,2,0.310,76,69,78,77,77,77,69,60,56,47,69.597
file56.TextGrid,1,0.170,32,52,73,79,80,83,82,82,82,74,74.048
file56.TextGrid,2,0.330,74,63,67,70,65,65,62,60,51,45,62.340
file560.TextGrid,1,0.280,25,46,58,67,65,84,84,85,84,80,69.722
file560.TextGrid,2,0.430,80,78,84,81,67,65,66,63,53,41,68.644
file561.TextGrid,1,0.700,12,68,70,70,75,80,71,62,58,66,67.416
file561.TextGrid,2,0.290,66,70,70,68,66,67,67,65,59,44,65.289
file562.TextGrid,1,0.340,9,66,79,80,76,73,72,72,75,63,70.310
file562.TextGrid,2,0.350,63,57,54,54,64,67,66,62,51,31,58.230
file563.TextGrid,1,0.050,76,77,78,79,79,79,79,78,78,77,78.163
file563.TextGrid,2,0.650,77,77,75,71,71,51,45,44,29,18,56.967
file564.TextGrid,1,0.130,18,41,64,72,76,78,77,71,68,65,65.526
file564.TextGrid,2,0.570,65,58,58,55,58,73,67,59,57,26,59.289
file565.TextGrid,1,0.350,5,20,34,46,61,79,78,75,75,69,55.895
file565.TextGrid,2,0.320,69,54,51,54,64,71,68,68,68,51,61.928
file566.TextGrid,1,0.150,60,63,64,74,80,81,80,79,79,77,74.382
file566.TextGrid,2,0.510,77,69,67,77,75,74,67,64,53,34,66.120
file567.TextGrid,1,0.270,79,80,74,65,56,53,47,42,33,24,55.764
file567.TextGrid,2,0.390,24,72,71,76,75,59,56,52,39,18,58.451
file568.TextGrid,1,0.210,49,51,53,53,54,74,80,82,81,74,65.799
file568.TextGrid,2,0.300,74,65,65,79,78,78,78,68,63,62,71.208
file569.TextGrid,1,0.140,28,43,58,66,69,67,79,82,80,73,66.095
file569.TextGrid,2,0.540,73,60,81,81,80,66,65,62,43,33,65.434
file57.TextGrid,1,0.160,22,44,59,56,71,75,75,76,75,72,64.099
file57.TextGrid,2,0.470,72,65,76,73,70,61,57,56,54,37,62.784
file570.TextGrid,1,0.300,4,29,42,48,48,48,67,76,79,64,52.508
file570.TextGrid,2,0.270,64,43,42,47,70,73,73,68,57,38,58.123
file571.TextGrid,1,0.300,21,62,68,71,71,71,61,35,9,44,53.647
file571.TextGrid,2,0.680,44,57,54,71,73,73,66,52,44,30,59.642
file572.TextGrid,1,0.250,48,62,65,67,68,72,78,80,81,74,71.078
file572.TextGrid,2,0.430,74,72,80,79,76,70,59,50,41,22,63.698
file573.TextGrid,1,0.470,57,61,63,66,81,83,77,71,72,70,71.303
file573.TextGrid,2,0.360,70,78,77,76,73,64,57,50,40,26,62.668
file574.TextGrid,1,0.170,38,61,76,79,77,73,67,59,57,62,66.803
file574.TextGrid,2,0.490,62,72,77,77,78,67,49,49,47,33,62.559
file575.TextGrid,1,0.230,47,68,74,77,79,81,81,78,79,79,76.125
file575.TextGrid,2,0.410,79,77,77,78,73,70,64,58,49,37,67.130
file576.TextGrid,1,0.280,9,55,67,71,70,78,83,81,73,61,68.652
file576.TextGrid,2,0.490,61,66,74,66,39,48,48,48,47,44,54.572
file577.TextGrid,1,0.150,31,60,74,77,77,78,77,76,72,64,71.156
file577.TextGrid,2,0.230,64,61,66,65,80,80,80,79,78,73,73.129
file578.TextGrid,1,0.360,35,52,52,51,51,57,79,82,82,75,63.052
file578.TextGrid,2,0.480,75,81,80,78,64,56,44,44,45,22,61.155
file579.TextGrid,1,0.170,50,61,62,63,65,70,74,75,76,76,67.731
file579.TextGrid,2,0.340,76,79,78,77,75,66,55,40,42,41,63.220
file58.TextGrid,1,0.510,48,64,70,79,79,72,70,63,71,72,69.787
file58.TextGrid,2,0.150,72,74,74,73,72,70,69,64,53,38,67.239
file580.TextGrid,1,0.350,35,43,47,57,78,78,80,80,81,80,67.003
file580.TextGrid,2,0.630,80,80,79,72,56,56,42,35,40,41,57.634
file581.TextGrid,1,0.280,20,55,63,65,72,76,79,80,82,80,69.450
file581.TextGrid,2,0.340,80,68,62,59,74,77,75,75,72,59,70.012
file582.TextGrid,1,0.450,48,61,62,59,71,83,81,81,79,65,70.191
file582.TextGrid,2,0.360,65,21,43,80,82,81,79,69,55,42,61.598
file583.TextGrid,1,0.170,31,36,46,52,59,61,66,77,76,73,58.518
file583.TextGrid,2,0.470,73,60,77,79,69,66,60,55,44,33,62.235
file584.TextGrid,1,0.290,19,64,76,80,72,70,69,68,63,69,67.654
file584.TextGrid,2,0.400,69,75,73,71,61,52,45,43,37,32,56.432
file585.TextGrid,1,0.220,22,31,41,49,47,73,83,83,81,71,59.518
file585.TextGrid,2,0.440,71,64,59,72,81,80,66,60,55,48,65.157
file586.TextGrid,1,0.180,27,44,52,57,60,57,66,78,79,78,60.610
file586.TextGrid,2,0.580,78,76,79,78,76,70,68,65,50,38,68.654
file587.TextGrid,1,0.280,23,48,58,62,64,70,76,80,78,71,65.292
file587.TextGrid,2,0.320,71,59,55,68,76,73,70,65,38,30,61.183
file588.TextGrid,1,0.170,46,68,74,73,73,76,78,80,80,75,73.796
file588.TextGrid,2,0.460,75,80,80,76,65,57,51,42,39,31,60.279
file589.TextGrid,1,0.290,8,50,67,70,72,77,83,82,73,62,67.566
file589.TextGrid,2,0.480,62,59,56,53,53,71,72,69,53,37,59.586
file59.TextGrid,1,0.170,66,70,73,75,73,71,71,72,72,71,71.737
file59.TextGrid,2,0.360,71,71,69,66,67,64,63,62,62,56,65.359
file590.TextGrid,1,0.470,40,71,79,74,71,69,70,65,69,70,69.374
file590.TextGrid,2,0.220,70,71,69,68,68,67,66,59,41,37,62.715
file591.TextGrid,1,0.210,17,54,75,81,82,79,76,72,69,68,70.686
file591.TextGrid,2,0.420,68,70,67,70,68,70,70,62,53,35,65.026
file592.TextGrid,1,0.320,11,49,73,77,73,62,61,61,59,57,60.813
file592.TextGrid,2,0.260,57,73,68,66,73,74,72,55,36,20,62.002
file593.TextGrid,1,0.160,43,63,75,80,78,66,60,59,60,65,66.293
file593.TextGrid,2,0.440,65,69,75,74,72,68,60,50,45,42,63.209
file594.TextGrid,1,0.230,29,68,78,79,79,76,76,74,67,66,72.074
file594.TextGrid,2,0.510,66,69,80,74,72,59,54,47,39,32,61.358
file595.TextGrid,1,0.390,23,65,72,80,73,71,62,64,66,59,66.399
file595.TextGrid,2,0.410,59,75,77,76,66,61,53,47,39,32,59.371
file596.TextGrid,1,0.400,12,36,42,47,54,84,82,79,74,72,60.448
file596.TextGrid,2,0.380,72,53,54,55,50,72,71,68,60,37,59.921
file597.TextGrid,1,0.300,4,35,49,60,62,62,65,80,82,78,60.098
file597.TextGrid,2,0.320,78,61,58,58,66,74,73,71,64,48,65.274
file598.TextGrid,1,0.230,54,79,81,76,75,73,75,76,73,74,75.158
file598.TextGrid,2,0.430,74,75,73,74,68,57,48,45,37,29,59.256
file599.TextGrid,1,0.420,18,56,60,61,76,78,79,80,81,64,69.466
file599.TextGrid,2,0.440,64,48,47,78,80,80,75,65,52,27,63.596
file6.TextGrid,1,0.180,62,62,65,73,78,81,81,80,78,76,74.096
file6.TextGrid,2,0.290,76,74,73,73,73,74,73,70,58,28,69.314
file60.TextGrid,1,0.200,20,53,73,84,84,85,84,84,83,82,75.383
file60.TextGrid,2,0.330,82,82,84,84,79,66,64,63,63,58,72.603
file600.TextGrid,1,0.240,43,71,74,76,84,85,85,85,84,83,78.815
file600.TextGrid,2,0.570,83,77,84,83,67,61,60,50,45,40,65.720
file601.TextGrid,1,0.120,39,58,68,71,73,76,77,76,75,71,69.953
file601.TextGrid,2,0.290,71,69,70,64,76,78,79,79,77,68,73.113
file602.TextGrid,1,0.380,9,48,55,63,65,62,83,83,65,58,63.189
file602.TextGrid,2,0.430,58,76,80,79,64,55,52,51,48,46,61.698
file603.TextGrid,1,0.290,20,55,72,76,73,72,72,72,72,69,67.400
file603.TextGrid,2,0.370,69,64,61,69,73,72,72,65,63,61,67.188
file604.TextGrid,1,0.270,21,55,70,74,80,80,79,80,75,72,71.056
file604.TextGrid,2,0.310,72,68,72,72,70,61,56,51,49,46,62.023
file605.TextGrid,1,0.070,70,72,73,73,74,74,73,72,70,67,72.143
file605.TextGrid,2,0.290,67,64,67,70,68,66,61,52,49,36,61.047
file606.TextGrid,1,0.420,9,32,39,46,67,81,79,76,70,69,59.229
file606.TextGrid,2,0.270,69,56,53,58,69,71,70,68,63,46,63.153
file607.TextGrid,1,0.280,42,50,55,63,66,71,75,77,79,74,66.417
file607.TextGrid,2,0.510,74,61,79,74,57,54,55,52,52,51,61.126
file608.TextGrid,1,0.220,29,50,58,56,67,73,71,71,70,70,62.833
file608.TextGrid,2,0.690,70,71,73,72,70,63,53,46,35,18,58.748
file609.TextGrid,1,0.480,3,45,58,57,69,81,73,72,75,77,64.146
file609.TextGrid,2,0.450,77,81,80,74,60,65,67,65,63,58,69.325
file61.TextGrid,1,0.140,44,54,68,71,63,69,70,73,78,81,67.744
file61.TextGrid,2,0.560,81,78,62,76,80,67,59,48,34,23,60.942
file610.TextGrid,1,0.200,27,39,55,61,61,59,77,80,80,72,62.700
file610.TextGrid,2,0.450,72,64,79,76,75,67,61,49,44,40,63.511
file611.TextGrid,1,0.210,25,47,59,63,62,66,82,84,85,79,66.807
file611.TextGrid,2,0.730,79,74,80,79,77,69,57,56,42,32,65.770
file612.TextGrid,1,0.240,29,50,62,65,65,65,67,68,71,69,62.293
file612.TextGrid,2,0.370,69,65,63,63,59,69,65,57,45,49,60.655
file613.TextGrid,1,0.210,27,42,54,59,56,74,76,65,57,53,58.023
file613.TextGrid,2,0.300,53,76,77,78,77,62,58,53,46,47,64.105
file614.TextGrid,1,0.390,33,66,77,78,72,74,77,77,78,68,72.401
file614.TextGrid,2,0.210,68,63,58,54,53,52,47,46,39,36,51.502
file615.TextGrid,1,0.200,37,64,78,81,84,84,84,83,76,70,76.429
file615.TextGrid,2,0.270,70,62,65,65,65,66,64,58,49,42,61.064
file616.TextGrid,1,0.550,24,55,64,79,77,75,76,74,61,43,66.525
file616.TextGrid,2,0.070,43,43,45,46,48,49,49,48,48,48,46.899
file617.TextGrid,1,0.220,21,49,61,61,64,71,69,72,74,74,63.318
file617.TextGrid,2,0.560,74,84,82,78,73,64,54,51,45,32,64.599
file618.TextGrid,1,0.170,24,29,34,38,41,55,76,79,76,70,53.017
file618.TextGrid,2,0.410,70,65,78,78,79,79,70,61,58,49,69.702
file619.TextGrid,1,0.310,32,51,58,64,71,74,78,78,75,65,66.717
file619.TextGrid,2,0.500,65,60,52,56,66,76,73,60,51,13,60.037
file62.TextGrid,1,0.450,63,66,69,81,82,79,72,64,59,64,70.007
file62.TextGrid,2,0.390,64,78,78,75,70,61,64,62,58,41,66.358
file620.TextGrid,1,0.210,29,48,63,66,64,74,80,74,65,59,64.048
file620.TextGrid,2,0.420,59,75,79,79,76,64,52,45,44,38,62.520
file621.TextGrid,1,0.050,72,73,73,74,73,72,70,67,65,63,70.402
file621.TextGrid,2,0.550,63,53,62,81,82,81,79,75,51,39,67.814
file622.TextGrid,1,0.270,20,62,79,82,80,76,71,69,65,54,69.768
file622.TextGrid,2,0.470,54,42,39,67,71,66,59,59,52,38,55.018
file623.TextGrid,1,0.180,53,67,69,72,77,80,80,79,77,75,73.906
file623.TextGrid,2,0.290,75,75,71,70,71,74,69,64,52,42,67.417
file624.TextGrid,1,0.320,56,76,82,79,73,68,65,60,54,56,67.942
file624.TextGrid,2,0.330,56,69,75,74,72,72,65,54,50,44,64.634
file625.TextGrid,1,0.260,15,42,55,61,60,70,77,75,75,69,61.810
file625.TextGrid,2,0.420,69,58,53,78,76,72,69,59,52,46,64.114
file626.TextGrid,1,0.200,17,33,49,55,59,61,60,67,76,76,56.010
file626.TextGrid,2,0.460,76,76,77,78,76,71,71,65,50,50,69.706
file627.TextGrid,1,0.070,57,67,76,82,86,87,88,87,85,82,80.897
file627.TextGrid,2,0.580,82,80,85,84,77,63,62,53,44,32,67.239
file628.TextGrid,1,0.260,26,55,63,75,83,82,75,75,69,74,69.726
file628.TextGrid,2,0.350,74,81,81,82,79,70,59,55,48,46,68.294
file629.TextGrid,1,0.400,19,67,73,69,68,68,68,66,59,59,65.051
file629.TextGrid,2,0.600,59,83,80,77,70,69,67,66,62,38,70.120
file63.TextGrid,1,0.210,10,24,38,53,72,80,69,67,66,57,55.987
file63.TextGrid,2,0.340,57,55,47,72,68,63,54,47,43,37,54.639
file630.TextGrid,1,0.390,17,36,50,58,57,81,82,81,67,57,61.271
file630.TextGrid,2,0.740,57,61,55,73,75,61,49,49,50,38,57.698
file631.TextGrid,1,0.130,37,46,61,67,70,71,71,72,70,66,64.473
file631.TextGrid,2,0.500,66,64,60,69,70,65,66,62,54,36,62.173
file632.TextGrid,1,0.250,53,72,70,62,61,77,79,76,74,75,70.745
file632.TextGrid,2,0.430,75,75,78,80,78,66,56,55,58,49,68.387
file633.TextGrid,1,0.410,4,61,69,67,66,73,70,53,56,58,60.886
file633.TextGrid,2,0.360,58,72,76,74,72,63,61,49,48,45,63.493
file634.TextGrid,1,0.190,20,28,47,55,58,66,79,79,80,79,59.969
file634.TextGrid,2,0.420,79,76,75,77,74,77,71,59,55,45,69.382
file635.TextGrid,1,0.310,51,64,68,73,72,73,73,72,71,71,69.752
file635.TextGrid,2,0.520,71,73,73,72,71,69,67,62,57,37,66.769
file636.TextGrid,1,0.140,20,23,37,45,51,55,70,77,76,72,53.469
file636.TextGrid,2,0.560,72,71,75,77,78,74,65,57,43,28,65.706
file637.TextGrid,1,0.190,21,41,54,59,62,57,62,77,77,75,59.715
file637.TextGrid,2,0.180,75,75,75,75,75,75,76,76,75,68,74.887
file638.TextGrid,1,0.230,47,72,75,75,73,74,75,76,76,76,73.437
file638.TextGrid,2,0.660,76,75,75,74,72,67,52,47,38,42,62.778
file639.TextGrid,1,0.450,2,55,65,62,62,62,83,83,71,70,65.700
file639.TextGrid,2,0.430,70,71,70,71,75,74,71,61,48,40,66.305
file64.TextGrid,1,0.190,44,74,78,75,76,75,74,74,76,75,74.057
file64.TextGrid,2,0.440,75,75,74,77,71,64,56,50,39,28,61.924
file640.TextGrid,1,0.430,46,66,70,67,83,77,63,56,48,42,64.788
file640.TextGrid,2,0.520,42,39,65,77,74,68,70,62,50,30,60.934
file641.TextGrid,1,0.230,39,72,81,82,71,63,61,61,61,66,67.164
file641.TextGrid,2,0.470,66,80,84,76,65,65,57,52,50,51,66.194
file642.TextGrid,1,0.290,81,82,82,83,83,83,81,76,69,67,79.013
file642.TextGrid,2,0.390,67,75,75,71,67,65,64,60,48,24,63.177
file643.TextGrid,1,0.300,35,65,68,71,80,79,76,73,75,77,71.783
file643.TextGrid,2,0.270,77,79,77,75,73,72,70,67,61,56,71.167
file644.TextGrid,1,0.280,61,71,69,71,72,74,75,74,74,68,72.025
file644.TextGrid,2,0.460,68,66,78,78,74,60,53,48,43,42,62.155
file645.TextGrid,1,0.330,11,33,41,44,59,75,75,69,72,56,55.466
file645.TextGrid,2,0.630,56,51,58,75,73,75,61,57,49,17,59.855
file646.TextGrid,1,0.630,1,59,68,80,70,56,49,66,77,56,62.336
file646.TextGrid,2,0.050,56,56,55,55,54,53,52,51,50,48,53.069
file647.TextGrid,1,0.130,21,54,65,62,72,77,76,73,71,69,66.393
file647.TextGrid,2,0.600,69,75,76,71,65,54,49,36,35,29,56.845
file648.TextGrid,1,0.310,20,54,65,68,74,78,68,59,60,73,62.921
file648.TextGrid,2,0.160,73,75,73,74,70,60,53,47,41,35,60.871
file649.TextGrid,1,0.260,51,73,75,79,80,77,75,73,70,66,73.890
file649.TextGrid,2,0.230,66,55,54,55,61,67,67,65,62,48,60.427
file65.TextGrid,1,0.430,64,68,75,85,81,69,60,55,38,10,63.509
file65.TextGrid,2,0.360,10,75,82,83,81,81,74,61,54,41,69.638
file650.TextGrid,1,0.330,32,55,56,71,70,57,49,45,37,54,53.558
file650.TextGrid,2,0.280,54,54,56,68,68,70,66,72,72,59,64.741
file651.TextGrid,1,0.220,81,82,72,65,65,59,56,58,77,83,68.485
file651.TextGrid,2,0.490,83,84,85,80,67,57,58,54,45,36,65.745
file652.TextGrid,1,0.200,29,33,34,28,28,31,29,51,72,76,39.705
file652.TextGrid,2,0.450,76,74,73,82,77,79,70,61,51,37,69.203
file653.TextGrid,1,0.310,44,70,68,61,57,78,79,69,63,69,67.289
file653.TextGrid,2,0.390,69,76,78,79,71,64,62,60,51,45,66.635
file654.TextGrid,1,0.140,43,60,74,78,80,82,82,82,81,79,75.614
file654.TextGrid,2,0.760,79,79,84,80,75,72,58,54,42,34,66.608
file655.TextGrid,1,0.350,5,44,48,49,46,46,72,79,76,67,55.570
file655.TextGrid,2,0.230,67,68,77,78,77,76,73,64,61,59,70.857
file656.TextGrid,1,0.260,4,51,75,79,80,77,75,76,75,72,70.257
file656.TextGrid,2,0.790,72,62,81,83,82,82,76,63,44,14,68.501
file657.TextGrid,1,0.320,54,67,70,76,83,84,84,84,82,73,77.572
file657.TextGrid,2,0.630,73,66,66,80,74,66,56,53,50,42,63.447
file658.TextGrid,1,0.280,28,63,81,80,77,75,72,64,60,60,67.921
file658.TextGrid,2,0.320,60,63,71,66,74,75,75,74,74,64,70.119
file659.TextGrid,1,0.420,27,41,51,57,57,75,81,72,58,56,60.095
file659.TextGrid,2,0.410,56,63,67,72,82,81,81,81,71,64,72.509
file66.TextGrid,1,0.210,43,60,65,75,71,63,56,57,48,40,59.867
file66.TextGrid,2,0.320,40,60,76,76,78,76,75,78,78,68,72.627
file660.TextGrid,1,0.210,48,68,70,73,78,74,65,64,60,59,67.617
file660.TextGrid,2,0.450,59,57,69,75,73,70,62,57,48,37,62.321
file661.TextGrid,1,0.310,-2,40,53,54,54,61,79,80,74,33,58.386
file661.TextGrid,2,0.060,33,25,16,7,-0.6,-7,-13,-20,-30,-24,-3.120
file662.TextGrid,1,0.280,37,74,80,82,83,78,76,74,67,70,74.338
file662.TextGrid,2,0.450,70,80,81,81,76,64,53,55,46,32,65.881
file663.TextGrid,1,0.280,26,64,74,82,72,76,76,64,54,60,67.283
file663.TextGrid,2,0.430,60,85,83,86,85,83,67,64,63,56,74.816
file664.TextGrid,1,0.380,8,62,71,70,71,73,70,62,47,39,61.941
file664.TextGrid,2,0.430,39,74,80,83,82,80,75,64,55,42,70.472
file665.TextGrid,1,0.090,30,37,49,58,69,76,79,78,74,68,63.170
file665.TextGrid,2,0.450,68,56,76,76,77,73,68,56,45,41,63.922
file666.TextGrid,1,0.310,65,75,78,80,80,80,80,80,77,71,77.450
file666.TextGrid,2,0.520,71,67,70,74,74,71,61,49,38,16,61.083
file667.TextGrid,1,0.570,23,66,68,76,83,81,82,82,79,82,75.469
file667.TextGrid,2,0.260,82,81,80,79,79,79,67,65,60,54,73.264
file668.TextGrid,1,0.310,26,69,84,72,71,68,60,54,58,51,63.543
file668.TextGrid,2,0.340,51,70,76,73,72,62,56,44,38,33,59.274
file669.TextGrid,1,0.260,52,72,78,79,71,52,51,52,47,48,61.515
file669.TextGrid,2,0.260,48,60,65,66,72,74,71,68,53,44,63.949
file67.TextGrid,1,0.250,24,65,76,76,76,75,72,72,72,59,70.092
file67.TextGrid,2,0.570,59,53,76,76,71,66,56,49,44,24,60.194
file670.TextGrid,1,0.460,2,32,39,59,71,76,78,80,80,74,62.388
file670.TextGrid,2,0.470,74,60,52,72,75,71,58,56,50,30,61.442
file671.TextGrid,1,0.240,27,67,79,81,82,82,80,75,78,78,75.292
file671.TextGrid,2,0.570,78,81,79,60,58,54,44,40,30,27,56.042
file672.TextGrid,1,0.220,46,70,78,80,81,83,84,85,75,69,77.335
file672.TextGrid,2,0.330,69,67,66,64,63,81,82,81,74,70,72.352
file673.TextGrid,1,0.230,75,78,78,65,47,28,29,64,52,56,56.627
file673.TextGrid,2,0.330,56,67,69,68,72,72,69,65,43,18,62.586
file674.TextGrid,1,0.330,79,84,84,82,82,84,77,65,62,54,76.433
file674.TextGrid,2,0.400,54,72,77,79,76,74,68,63,55,46,67.943
file675.TextGrid,1,0.400,24,59,57,59,65,73,76,77,73,69,66.174
file675.TextGrid,2,0.260,69,67,71,68,67,62,49,43,39,15,56.705
file676.TextGrid,1,0.190,27,56,76,75,70,74,73,67,59,53,65.488
file676.TextGrid,2,0.310,53,64,78,78,75,72,68,58,51,42,65.356
file677.TextGrid,1,0.230,38,54,61,74,82,82,74,72,66,73,69.111
file677.TextGrid,2,0.520,73,73,76,76,75,64,53,45,45,40,62.794
file678.TextGrid,1,0.090,57,65,74,78,78,75,73,73,73,72,72.607
file678.TextGrid,2,0.650,72,84,81,78,75,60,61,48,42,27,64.466
file679.TextGrid,1,0.130,44,66,75,77,79,79,78,78,77,78,74.672
file679.TextGrid,2,0.710,78,80,80,76,73,69,54,52,38,27,64.033
file68.TextGrid,1,0.220,22,49,57,78,76,73,71,63,66,64,64.065
file68.TextGrid,2,0.460,64,77,75,72,78,63,59,54,54,44,65.525
file680.TextGrid,1,0.190,31,32,51,70,77,79,82,81,78,78,67.213
file680.TextGrid,2,0.320,78,81,84,82,71,69,80,79,76,74,77.814
file681.TextGrid,1,0.500,8,38,48,76,78,80,77,74,67,62,63.844
file681.TextGrid,2,0.330,62,50,52,51,47,55,58,52,49,--undefined--,51.458
file682.TextGrid,1,0.340,58,63,68,79,81,80,78,71,64,65,71.351
file682.TextGrid,2,0.450,65,76,73,69,55,54,51,51,49,27,58.555
file683.TextGrid,1,0.190,53,66,71,70,74,78,79,80,79,73,73.723
file683.TextGrid,2,0.360,73,70,68,67,76,74,74,68,56,47,68.222
file684.TextGrid,1,0.480,35,51,53,83,82,71,64,57,64,64,64.491
file684.TextGrid,2,0.300,64,70,74,74,73,70,67,59,51,46,66.018
file685.TextGrid,1,0.410,15,51,53,52,73,77,79,78,80,77,66.129
file685.TextGrid,2,0.330,77,76,73,71,74,77,77,70,60,37,70.635
file686.TextGrid,1,0.150,30,43,62,74,78,78,73,62,56,50,62.718
file686.TextGrid,2,0.610,50,50,61,80,81,77,71,63,51,45,65.106
file687.TextGrid,1,0.180,21,51,61,76,80,80,80,80,78,78,70.689
file687.TextGrid,2,0.280,78,73,74,77,78,69,64,57,56,52,68.055
file688.TextGrid,1,0.130,74,76,77,78,80,80,79,78,76,72,77.325
file688.TextGrid,2,0.250,72,67,65,70,71,69,67,62,54,40,64.475
file689.TextGrid,1,0.130,41,62,69,70,70,71,73,75,74,71,69.172
file689.TextGrid,2,0.520,71,65,67,75,76,65,54,49,43,34,60.084
file69.TextGrid,1,0.270,18,41,54,61,63,80,81,80,79,76,65.379
file69.TextGrid,2,0.380,76,73,75,76,66,61,61,59,51,41,64.677
file690.TextGrid,1,0.240,35,60,69,77,80,80,79,79,78,73,73.160
file690.TextGrid,2,0.450,73,64,76,77,72,60,51,47,42,32,59.772
file691.TextGrid,1,0.070,78,80,81,81,82,82,82,81,80,78,80.621
file691.TextGrid,2,0.630,78,69,83,79,78,66,62,55,50,35,66.187
file692.TextGrid,1,0.360,26,56,67,69,82,79,77,76,77,79,70.712
file692.TextGrid,2,0.270,79,76,66,57,53,46,45,45,41,33,53.995
file693.TextGrid,1,0.110,28,41,61,66,73,80,81,82,81,77,68.427
file693.TextGrid,2,0.490,77,75,74,74,75,62,54,50,37,34,61.517
file694.TextGrid,1,0.090,77,79,77,74,72,69,66,66,67,70,71.521
file694.TextGrid,2,0.440,70,79,78,76,67,61,50,45,50,44,62.810
file695.TextGrid,1,0.190,19,40,62,68,65,70,75,76,78,79,64.886
file695.TextGrid,2,0.430,79,72,67,66,59,51,47,44,40,29,55.494
file696.TextGrid,1,0.330,4,45,59,60,61,61,65,79,79,71,61.329
file696.TextGrid,2,0.280,71,61,57,77,82,82,79,79,77,73,73.955
file697.TextGrid,1,0.350,4,49,62,66,67,82,81,77,75,70,66.741
file697.TextGrid,2,0.500,70,65,69,73,75,73,65,64,53,47,66.289
file698.TextGrid,1,0.450,15,43,50,64,82,82,82,81,78,68,67.800
file698.TextGrid,2,0.320,68,58,52,55,70,74,74,74,70,43,64.506
file699.TextGrid,1,0.200,51,72,76,78,76,74,70,73,73,69,72.795
file699.TextGrid,2,0.660,69,70,71,70,69,60,57,55,38,--undefined--,59.884
file7.TextGrid,1,0.280,28,68,72,80,85,84,77,70,71,74,73.385
file7.TextGrid,2,0.630,74,80,78,79,77,76,65,57,52,34,68.550
file70.TextGrid,1,0.360,-16,51,62,68,69,68,71,78,77,75,65.390
file70.TextGrid,2,0.390,75,79,79,76,74,64,60,55,49,32,65.597
file700.TextGrid,1,0.180,64,69,71,73,80,83,82,79,73,63,74.861
file700.TextGrid,2,0.460,63,55,74,80,77,74,56,49,46,19,61.565
file701.TextGrid,1,0.250,27,41,52,58,63,75,75,76,77,76,63.094
file701.TextGrid,2,0.460,76,67,77,78,70,64,55,47,42,38,61.811
file702.TextGrid,1,0.220,26,61,79,81,79,76,76,76,77,77,73.303
file702.TextGrid,2,0.460,77,78,77,74,66,69,70,65,50,42,68.022
file703.TextGrid,1,0.150,9,44,59,58,61,68,70,71,71,67,60.057
file703.TextGrid,2,0.520,67,60,81,81,73,72,60,60,55,33,66.343
file704.TextGrid,1,0.370,37,51,55,54,53,73,81,84,76,73,64.617
file704.TextGrid,2,0.530,73,76,72,72,77,79,78,62,59,55,70.399
file705.TextGrid,1,0.240,31,66,64,68,65,80,80,78,76,74,70.758
file705.TextGrid,2,0.290,74,75,68,62,62,63,63,58,47,34,61.248
file706.TextGrid,1,0.230,37,41,56,61,62,59,72,76,74,66,61.528
file706.TextGrid,2,0.380,66,59,53,42,60,69,63,56,43,37,56.005
file707.TextGrid,1,0.200,9,14,27,37,67,73,70,70,72,70,52.386
file707.TextGrid,2,0.260,70,64,61,66,63,59,46,39,29,25,53.035
file708.TextGrid,1,0.470,50,84,71,67,65,75,80,79,78,63,73.804
file708.TextGrid,2,0.150,63,61,60,56,54,53,52,50,47,43,53.958
file709.TextGrid,1,0.220,42,73,81,82,82,77,71,70,73,74,74.124
file709.TextGrid,2,0.450,74,78,81,80,77,63,56,51,47,40,65.800
file71.TextGrid,1,0.190,27,33,40,42,49,71,76,77,75,72,57.070
file71.TextGrid,2,0.190,72,64,66,68,72,72,72,69,55,52,66.767
file710.TextGrid,1,0.150,79,79,70,63,60,63,68,62,54,53,64.989
file710.TextGrid,2,0.400,53,63,78,77,75,64,58,53,47,41,62.630
file711.TextGrid,1,0.250,37,41,52,78,82,83,84,79,78,76,70.575
file711.TextGrid,2,0.380,76,69,66,65,76,74,67,58,47,37,64.521
file712.TextGrid,1,0.240,72,78,81,76,62,49,48,47,43,55,60.465
file712.TextGrid,2,0.500,55,65,73,73,71,51,50,49,49,42,59.114
file713.TextGrid,1,0.500,-0.6,57,63,69,79,78,73,65,63,63,64.854
file713.TextGrid,2,0.310,63,64,68,69,70,70,67,63,54,38,64.240
file714.TextGrid,1,0.240,40,70,78,78,82,82,77,76,67,77,74.456
file714.TextGrid,2,0.200,77,81,73,79,83,82,84,83,82,77,80.570
file715.TextGrid,1,0.230,31,62,65,73,80,81,79,74,72,74,71.181
file715.TextGrid,2,0.470,74,72,73,74,71,61,48,46,39,32,59.882
file716.TextGrid,1,0.340,5,49,59,62,64,66,73,85,85,76,65.952
file716.TextGrid,2,0.340,76,76,78,80,77,73,61,53,43,25,66.060
file717.TextGrid,1,0.120,84,85,85,85,85,84,80,76,75,77,81.899
file717.TextGrid,2,0.470,77,84,85,84,74,74,69,59,46,17,69.100
file718.TextGrid,1,0.270,5,51,62,68,69,70,79,81,81,69,66.957
file718.TextGrid,2,0.380,69,61,76,78,75,69,65,64,59,32,66.191
file719.TextGrid,1,0.250,23,50,78,82,81,77,75,71,65,59,69.009
file719.TextGrid,2,0.540,59,57,75,79,66,56,51,44,33,24,56.067
file72.TextGrid,1,0.290,24,55,63,66,65,70,75,78,78,70,67.081
file72.TextGrid,2,0.420,70,61,60,72,71,68,61,59,54,41,62.341
file720.TextGrid,1,0.140,49,66,71,69,68,76,84,84,82,75,73.825
file720.TextGrid,2,0.360,75,68,71,75,74,71,70,61,53,39,66.531
file721.TextGrid,1,0.320,24,56,53,44,72,71,73,70,63,56,60.525
file721.TextGrid,2,0.430,56,52,69,69,66,63,65,56,45,34,58.954
file722.TextGrid,1,0.310,39,48,56,58,67,79,80,79,78,67,66.157
file722.TextGrid,2,0.330,67,58,64,77,77,72,72,67,59,50,67.514
file723.TextGrid,1,0.380,29,71,68,78,82,83,81,82,80,70,75.833
file723.TextGrid,2,0.240,70,51,45,57,69,68,69,68,64,49,61.214
file724.TextGrid,1,0.620,19,67,70,82,79,60,79,76,58,42,69.132
file724.TextGrid,2,0.040,42,40,37,34,31,29,28,27,26,24,31.550
file725.TextGrid,1,0.360,26,48,59,61,63,81,82,71,59,58,63.125
file725.TextGrid,2,0.500,58,58,56,56,81,79,72,63,60,40,64.306
file726.TextGrid,1,0.080,11,9,29,45,55,63,68,70,70,67,49.913
file726.TextGrid,2,0.370,67,61,55,66,70,69,70,75,67,58,65.413
file727.TextGrid,1,0.270,26,34,50,56,58,75,75,75,77,75,61.144
file727.TextGrid,2,0.360,75,67,70,77,79,75,67,56,49,41,66.277
file728.TextGrid,1,0.180,23,50,67,78,81,79,70,67,67,66,67.013
file728.TextGrid,2,0.440,66,76,73,74,74,73,63,56,48,38,65.602
file729.TextGrid,1,0.300,27,46,62,62,78,82,77,67,59,55,62.991
file729.TextGrid,2,0.380,55,67,82,83,76,61,57,52,51,44,64.325
file73.TextGrid,1,0.150,28,38,59,68,67,69,71,73,74,74,63.445
file73.TextGrid,2,0.510,74,73,77,77,70,61,65,62,55,38,66.550
file730.TextGrid,1,0.070,65,68,69,71,72,73,74,74,74,73,71.739
file730.TextGrid,2,0.670,73,24,60,73,71,72,69,63,59,41,62.593
file731.TextGrid,1,0.530,38,69,81,68,70,79,78,64,54,44,68.207
file731.TextGrid,2,0.140,44,42,44,45,44,42,40,37,33,30,40.453
file732.TextGrid,1,0.250,35,67,74,73,73,72,64,67,61,59,67.087
file732.TextGrid,2,0.710,59,46,45,74,75,75,68,62,57,24,60.820
file733.TextGrid,1,0.240,27,67,79,81,82,82,80,75,78,78,75.292
file733.TextGrid,2,0.570,78,81,79,60,58,54,44,40,30,27,56.042
file734.TextGrid,1,0.560,-20,55,65,68,81,82,63,53,43,8,57.294
file734.TextGrid,2,0.340,8,65,76,78,76,70,59,49,40,32,59.651
file735.TextGrid,1,0.550,11,82,84,76,67,64,74,69,62,58,69.375
file735.TextGrid,2,0.090,58,55,52,55,58,57,52,47,42,35,51.564
file736.TextGrid,1,0.500,-8,65,70,74,84,77,69,63,64,68,67.760
file736.TextGrid,2,0.200,68,75,78,77,80,80,78,70,67,67,74.450
file737.TextGrid,1,0.280,9,54,64,67,70,73,81,82,82,72,68.956
file737.TextGrid,2,0.360,72,56,54,63,79,79,78,64,31,34,61.303
file738.TextGrid,1,0.270,69,77,82,73,59,54,50,49,50,58,61.900
file738.TextGrid,2,0.530,58,66,66,70,69,64,60,54,46,26,60.417
file739.TextGrid,1,0.220,65,70,72,74,74,74,75,75,75,74,73.182
file739.TextGrid,2,0.390,74,71,62,52,58,67,67,64,61,47,62.648
file74.TextGrid,1,0.290,28,67,75,80,80,74,76,76,75,70,72.719
file74.TextGrid,2,0.350,70,75,75,71,67,59,51,45,41,32,59.275
file740.TextGrid,1,0.270,53,63,64,64,63,60,76,82,80,72,68.526
file740.TextGrid,2,0.560,72,59,56,77,73,68,71,71,56,33,65.524
file741.TextGrid,1,0.170,50,57,64,66,66,69,72,75,75,74,67.123
file741.TextGrid,2,0.170,74,73,73,72,73,74,71,62,59,65,69.611
file742.TextGrid,1,0.250,35,53,55,65,69,72,76,79,77,59,66.613
file742.TextGrid,2,0.440,59,9,68,75,72,59,51,51,49,36,54.100
file743.TextGrid,1,0.210,13,54,70,71,69,64,63,76,77,71,65.306
file743.TextGrid,2,0.460,71,62,64,65,75,72,67,63,45,30,62.450
file744.TextGrid,1,0.050,71,72,73,74,75,76,75,75,74,72,73.863
file744.TextGrid,2,0.700,72,58,73,72,71,70,63,59,45,15,61.904
file745.TextGrid,1,0.300,58,59,62,64,66,67,77,81,82,78,69.718
file745.TextGrid,2,0.560,78,74,82,80,74,71,62,55,46,18,66.620
file746.TextGrid,1,0.290,65,72,70,68,67,78,84,82,82,76,75.116
file746.TextGrid,2,0.430,76,77,82,82,80,68,66,61,54,34,69.763
file747.TextGrid,1,0.280,24,44,56,64,81,80,81,78,64,62,65.984
file747.TextGrid,2,0.340,62,72,80,80,70,64,60,57,53,49,65.596
file748.TextGrid,1,0.160,37,52,69,71,72,82,84,84,83,77,72.837
file748.TextGrid,2,0.530,77,79,81,80,73,62,54,48,44,38,63.661
file749.TextGrid,1,0.240,33,66,69,67,72,76,78,78,76,72,70.976
file749.TextGrid,2,0.440,72,72,75,75,67,57,52,48,41,33,60.005
file75.TextGrid,1,0.320,40,57,62,63,68,79,82,80,74,64,69.044
file75.TextGrid,2,0.400,64,58,51,48,50,69,77,75,67,34,60.733
file750.TextGrid,1,0.280,37,70,74,74,79,79,79,77,77,75,74.136
file750.TextGrid,2,0.340,75,77,80,80,73,61,57,51,44,44,64.746
file751.TextGrid,1,0.150,40,64,72,72,64,61,65,65,65,63,64.560
file751.TextGrid,2,0.240,63,52,49,47,69,72,72,72,73,63,63.297
file752.TextGrid,1,0.450,23,75,81,79,74,79,79,80,80,69,75.221
file752.TextGrid,2,0.210,69,67,67,59,54,50,49,44,41,36,53.901
file753.TextGrid,1,0.280,34,65,66,74,78,79,81,81,79,67,72.824
file753.TextGrid,2,0.450,67,60,60,76,75,65,56,54,51,45,61.046
file754.TextGrid,1,0.370,-12,64,68,72,83,81,83,75,64,59,69.413
file754.TextGrid,2,0.470,59,49,46,53,77,77,77,65,55,47,62.301
file755.TextGrid,1,0.160,26,34,53,62,65,65,64,68,80,81,60.583
file755.TextGrid,2,0.520,81,75,79,79,77,72,65,55,43,36,67.050
file756.TextGrid,1,0.250,29,52,62,62,60,78,81,81,80,77,67.981
file756.TextGrid,2,0.460,77,74,73,74,72,64,54,49,49,41,64.064
file757.TextGrid,1,0.340,33,46,62,66,65,72,73,71,70,68,63.774
file757.TextGrid,2,0.220,68,69,68,69,69,61,51,50,58,56,61.894
file758.TextGrid,1,0.360,-0.006,54,68,74,78,76,83,84,75,74,71.216
file758.TextGrid,2,0.320,74,82,83,83,74,70,70,69,67,64,74.140
file759.TextGrid,1,0.190,29,39,51,57,58,58,58,64,74,73,56.528
file759.TextGrid,2,0.470,73,83,82,80,76,72,67,52,47,30,68.477
file76.TextGrid,1,0.210,29,56,72,73,75,74,69,66,64,68,66.080
file76.TextGrid,2,0.340,68,69,75,75,76,77,64,58,56,58,68.849
file760.TextGrid,1,0.250,25,33,60,73,81,82,83,80,79,74,68.950
file760.TextGrid,2,0.360,74,67,72,71,62,64,63,63,50,39,62.999
file761.TextGrid,1,0.080,45,51,59,63,65,66,68,70,72,73,63.649
file761.TextGrid,2,0.620,73,69,79,77,73,67,61,47,35,15,61.464
file762.TextGrid,1,0.230,78,83,81,71,60,52,52,49,47,47,61.703
file762.TextGrid,2,0.310,47,69,73,66,74,73,71,69,49,45,65.927
file763.TextGrid,1,0.520,45,79,72,74,73,83,84,83,81,69,76.858
file763.TextGrid,2,0.230,69,64,61,58,56,56,51,49,46,37,54.842
file764.TextGrid,1,0.290,39,67,77,77,71,75,71,59,54,59,66.715
file764.TextGrid,2,0.490,59,72,76,76,72,67,59,50,44,31,62.255
file765.TextGrid,1,0.270,4,44,53,59,52,73,62,52,64,68,54.968
file765.TextGrid,2,0.280,68,70,78,78,72,64,59,55,46,37,64.181
file766.TextGrid,1,0.290,21,67,76,78,76,66,67,68,66,66,67.050
file766.TextGrid,2,0.470,66,76,73,66,59,58,57,49,34,16,57.596
file767.TextGrid,1,0.530,-23,60,69,81,83,69,55,45,25,-6,55.493
file767.TextGrid,2,0.350,-6,62,76,77,75,73,72,64,54,47,64.986
file768.TextGrid,1,0.140,36,54,66,70,69,70,74,78,79,79,68.805
file768.TextGrid,2,0.480,79,69,74,77,77,71,59,53,44,33,63.872
file769.TextGrid,1,0.320,79,82,77,76,76,73,74,72,74,72,75.837
file769.TextGrid,2,0.270,72,72,74,74,73,70,64,55,48,25,64.436
file77.TextGrid,1,0.400,56,65,62,62,64,79,82,77,58,53,67.292
file77.TextGrid,2,0.530,53,51,52,51,51,69,77,74,54,32,57.774
file770.TextGrid,1,0.180,25,42,56,61,61,57,74,76,76,75,61.559
file770.TextGrid,2,0.220,75,76,75,75,74,73,73,74,73,67,73.827
file771.TextGrid,1,0.240,31,39,52,57,62,82,80,76,77,75,64.342
file771.TextGrid,2,0.370,75,75,81,81,78,72,63,58,47,42,67.904
file772.TextGrid,1,0.270,42,71,80,81,80,80,79,81,83,84,77.778
file772.TextGrid,2,0.370,84,84,82,77,67,64,64,58,50,35,67.512
file773.TextGrid,1,0.340,27,53,62,69,72,77,81,83,80,69,70.918
file773.TextGrid,2,0.310,69,60,71,78,76,74,64,51,49,43,64.257
file774.TextGrid,1,0.540,19,60,63,67,71,69,62,58,63,68,62.773
file774.TextGrid,2,0.320,68,71,74,70,65,59,58,54,46,31,60.784
file775.TextGrid,1,0.520,41,62,61,58,83,83,74,74,69,74,69.509
file775.TextGrid,2,0.430,74,78,78,72,68,65,62,61,50,18,64.958
file776.TextGrid,1,0.060,76,78,79,79,79,78,78,78,77,76,77.909
file776.TextGrid,2,0.480,76,76,74,73,75,75,68,59,51,37,67.150
file777.TextGrid,1,0.270,21,55,70,74,80,80,79,80,75,72,71.056
file777.TextGrid,2,0.310,72,68,72,72,70,61,56,51,49,46,62.023
file778.TextGrid,1,0.110,54,61,74,79,80,81,80,80,80,80,75.744
file778.TextGrid,2,0.360,80,79,78,79,71,61,56,54,49,38,65.384
file779.TextGrid,1,0.230,28,54,71,73,70,67,69,66,60,59,63.560
file779.TextGrid,2,0.340,59,77,78,79,78,80,81,82,81,71,78.114
file78.TextGrid,1,0.250,51,72,76,78,70,64,60,60,59,56,66.293
file78.TextGrid,2,0.480,56,65,69,75,77,76,71,64,35,13,62.562
file780.TextGrid,1,0.210,28,42,52,59,59,61,73,67,57,51,56.685
file780.TextGrid,2,0.560,51,46,61,79,78,77,64,62,60,41,63.637
file781.TextGrid,1,0.090,30,43,53,58,61,67,71,72,72,69,60.857
file781.TextGrid,2,0.460,69,61,64,80,75,59,57,44,55,42,60.316
file782.TextGrid,1,0.240,32,61,71,80,80,80,80,77,75,69,72.959
file782.TextGrid,2,0.420,69,77,76,71,64,59,53,42,40,36,59.811
file783.TextGrid,1,0.170,31,37,45,51,53,56,69,78,79,72,57.774
file783.TextGrid,2,0.240,72,61,71,76,77,76,76,77,76,68,73.318
file784.TextGrid,1,0.330,28,61,66,80,78,75,70,62,56,62,65.751
file784.TextGrid,2,0.570,62,69,76,72,72,67,58,50,43,28,61.698
file785.TextGrid,1,0.480,20,73,80,79,75,72,71,63,56,49,67.516
file785.TextGrid,2,0.080,49,45,45,45,44,46,47,45,40,36,44.375
file786.TextGrid,1,0.430,6,41,53,54,54,75,77,69,68,61,58.873
file786.TextGrid,2,0.360,61,47,45,40,37,70,73,69,61,23,54.139
file787.TextGrid,1,0.420,61,74,77,79,79,80,80,80,77,73,77.179
file787.TextGrid,2,0.380,73,73,72,68,53,48,45,41,38,38,54.951
file788.TextGrid,1,0.400,18,52,62,65,71,78,81,59,30,69,59.450
file788.TextGrid,2,0.300,69,78,78,71,61,62,58,51,43,22,61.695
file789.TextGrid,1,0.310,29,64,72,79,85,83,79,79,81,81,75.149
file789.TextGrid,2,0.160,81,78,76,75,76,74,73,66,61,61,72.155
file79.TextGrid,1,0.370,28,72,73,74,77,78,76,81,77,67,73.159
file79.TextGrid,2,0.070,67,66,65,66,65,64,64,63,62,61,64.436
file790.TextGrid,1,0.090,54,58,66,75,79,78,75,74,74,74,71.299
file790.TextGrid,2,0.530,74,74,72,75,73,70,61,51,42,32,63.768
file791.TextGrid,1,0.170,42,61,66,69,70,63,69,71,81,84,68.364
file791.TextGrid,2,0.620,84,78,72,70,79,74,68,60,50,20,67.933
file792.TextGrid,1,0.490,11,62,67,69,83,81,69,72,81,77,70.791
file792.TextGrid,2,0.290,77,72,72,72,70,62,55,44,37,13,59.215
file793.TextGrid,1,0.330,56,68,78,78,74,71,71,68,53,49,68.293
file793.TextGrid,2,0.470,49,70,71,67,42,47,48,47,47,--undefined--,53.806
file794.TextGrid,1,0.390,8,36,48,63,77,79,79,80,78,65,64.669
file794.TextGrid,2,0.410,65,50,50,43,65,64,62,56,53,40,56.134
file795.TextGrid,1,0.600,18,67,74,68,63,76,75,75,72,62,68.040
file795.TextGrid,2,0.300,62,54,53,49,47,41,38,35,28,24,43.208
file796.TextGrid,1,0.040,80,80,81,81,82,82,82,83,83,83,81.715
file796.TextGrid,2,0.540,83,76,78,75,81,80,69,60,47,30,70.106
file797.TextGrid,1,0.230,24,63,73,76,78,78,76,73,72,73,71.161
file797.TextGrid,2,0.230,73,70,67,62,61,59,57,50,39,35,57.395
file798.TextGrid,1,0.260,14,62,69,80,72,63,62,59,52,50,61.171
file798.TextGrid,2,0.400,50,69,77,76,65,57,52,49,47,39,60.117
file799.TextGrid,1,0.270,42,71,80,81,80,80,79,81,83,84,77.778
file799.TextGrid,2,0.370,84,84,82,77,67,64,64,58,50,35,67.512
file8.TextGrid,1,0.380,27,64,65,67,80,74,70,62,56,59,65.285
file8.TextGrid,2,0.380,59,51,58,76,78,69,59,57,41,37,59.940
file80.TextGrid,1,0.190,50,75,82,82,75,74,74,75,74,71,74.979
file80.TextGrid,2,0.420,71,78,80,77,71,64,58,51,45,39,64.083
file800.TextGrid,1,0.450,20,57,62,69,79,82,82,79,70,71,70.063
file800.TextGrid,2,0.340,71,73,70,72,75,74,75,65,43,26,66.341
file801.TextGrid,1,0.110,77,77,74,70,66,64,65,64,67,73,69.230
file801.TextGrid,2,0.440,73,78,78,74,62,53,59,50,37,30,60.421
file802.TextGrid,1,0.210,22,44,65,79,79,80,81,81,81,79,71.202
file802.TextGrid,2,0.480,79,78,80,81,77,62,55,58,51,37,66.726
file803.TextGrid,1,0.170,58,56,62,67,72,76,77,75,73,68,69.129
file803.TextGrid,2,0.210,68,67,67,71,74,75,73,71,59,41,68.119
file804.TextGrid,1,0.480,20,52,61,58,60,77,77,71,69,63,63.495
file804.TextGrid,2,0.430,63,72,73,72,70,61,49,48,41,23,59.425
file805.TextGrid,1,0.360,41,71,74,74,67,65,65,66,56,58,65.384
file805.TextGrid,2,0.420,58,69,72,73,70,68,68,65,54,41,65.471
file806.TextGrid,1,0.270,21,38,45,44,43,43,61,80,83,72,54.316
file806.TextGrid,2,0.590,72,58,60,78,78,70,65,60,54,29,64.712
file807.TextGrid,1,0.460,17,58,61,82,80,65,57,48,41,23,56.911
file807.TextGrid,2,0.470,23,74,76,76,66,65,65,58,52,29,62.077
file808.TextGrid,1,0.270,21,50,50,63,68,69,72,76,75,68,63.608
file808.TextGrid,2,0.530,68,48,49,74,69,57,54,57,54,39,57.969
file809.TextGrid,1,0.310,33,67,78,79,80,75,65,63,57,54,67.171
file809.TextGrid,2,0.150,54,55,62,73,74,73,71,71,67,60,67.019
file81.TextGrid,1,0.250,57,70,71,73,79,80,82,80,76,74,75.527
file81.TextGrid,2,0.470,74,74,72,74,71,58,46,44,41,29,58.905
file810.TextGrid,1,0.090,44,58,71,76,79,80,81,82,80,77,74.017
file810.TextGrid,2,0.650,77,61,81,80,76,60,55,50,46,--undefined--,62.725
file811.TextGrid,1,0.050,78,79,79,78,77,76,74,73,74,74,76.298
file811.TextGrid,2,0.560,74,76,75,74,72,54,50,43,39,28,59.633
file812.TextGrid,1,0.270,12,60,66,70,68,74,80,83,81,74,70.176
file812.TextGrid,2,0.580,74,59,80,81,77,78,73,63,50,23,67.612
file813.TextGrid,1,0.190,38,62,68,70,71,71,71,68,57,53,65.161
file813.TextGrid,2,0.170,53,53,52,62,69,68,61,58,50,44,57.734
file814.TextGrid,1,0.250,29,62,74,76,76,76,76,78,76,76,71.639
file814.TextGrid,2,0.410,76,77,78,77,77,62,60,57,53,46,66.631
file815.TextGrid,1,0.440,35,54,60,57,69,80,81,82,81,80,69.225
file815.TextGrid,2,0.520,80,77,75,73,73,74,60,56,51,30,65.870
file816.TextGrid,1,0.190,53,68,81,84,84,83,77,71,67,59,74.548
file816.TextGrid,2,0.220,59,60,80,82,82,81,78,71,68,69,74.149
file817.TextGrid,1,0.330,54,68,72,70,75,78,80,80,81,82,75.066
file817.TextGrid,2,0.540,82,80,76,78,74,66,62,59,43,21,66.398
file818.TextGrid,1,0.360,23,72,73,71,73,79,82,81,80,76,74.893
file818.TextGrid,2,0.390,76,74,77,80,78,74,68,59,45,17,66.981
file819.TextGrid,1,0.130,31,49,60,63,64,71,75,75,71,70,64.435
file819.TextGrid,2,0.420,70,71,78,78,74,69,69,60,49,57,67.624
file82.TextGrid,1,0.300,25,47,61,62,80,66,60,58,54,62,59.086
file82.TextGrid,2,0.330,62,69,73,73,73,75,72,58,54,47,67.432
file820.TextGrid,1,0.140,24,36,54,60,62,66,75,78,78,76,62.143
file820.TextGrid,2,0.490,76,62,73,75,75,58,60,50,37,27,59.873
file821.TextGrid,1,0.270,29,62,71,84,84,82,80,69,66,62,71.451
file821.TextGrid,2,0.710,62,86,85,81,80,68,60,52,44,29,66.715
file822.TextGrid,1,0.300,59,67,70,71,74,76,78,79,79,71,73.263
file822.TextGrid,2,0.540,71,59,58,79,78,74,71,70,54,42,66.522
file823.TextGrid,1,0.230,37,53,61,72,79,79,78,79,78,78,70.976
file823.TextGrid,2,0.390,78,73,77,76,76,68,55,45,44,44,63.766
file824.TextGrid,1,0.290,22,35,44,47,49,61,82,83,82,81,59.170
file824.TextGrid,2,0.240,81,72,77,78,75,72,67,47,28,20,62.995
file825.TextGrid,1,0.530,10,43,61,60,84,79,60,50,43,11,55.272
file825.TextGrid,2,0.320,11,63,77,77,75,71,56,48,38,15,58.488
file826.TextGrid,1,0.220,32,41,65,80,75,69,64,63,61,60,62.621
file826.TextGrid,2,0.420,60,77,76,77,68,56,48,41,40,32,58.320
file827.TextGrid,1,0.130,27,30,41,47,61,73,76,73,69,69,57.697
file827.TextGrid,2,0.430,69,70,69,68,78,80,70,59,50,43,66.198
file828.TextGrid,1,0.230,27,44,64,68,64,81,82,82,79,70,68.138
file828.TextGrid,2,0.410,70,68,67,73,79,78,61,53,46,46,63.758
file829.TextGrid,1,0.280,43,55,54,53,53,53,67,71,71,65,59.652
file829.TextGrid,2,0.350,65,53,51,52,70,71,71,68,56,31,59.798
file83.TextGrid,1,0.280,27,48,52,53,51,53,76,82,82,75,61.242
file83.TextGrid,2,0.270,75,74,75,79,79,78,69,65,69,67,73.277
file830.TextGrid,1,0.180,28,47,62,66,66,76,78,76,75,76,66.564
file830.TextGrid,2,0.360,76,80,65,59,57,59,61,58,53,35,60.895
file831.TextGrid,1,0.230,24,49,66,69,65,77,85,82,82,81,69.287
file831.TextGrid,2,0.400,81,76,71,73,70,60,50,45,47,34,61.589
file832.TextGrid,1,0.300,46,71,66,75,68,61,60,59,57,60,63.773
file832.TextGrid,2,0.270,60,70,68,67,66,64,60,52,42,34,59.514
file833.TextGrid,1,0.250,37,66,69,72,72,73,73,73,73,73,70.054
file833.TextGrid,2,0.440,73,71,71,70,68,55,47,46,42,32,58.633
file834.TextGrid,1,0.280,4,30,46,54,58,58,68,81,82,80,57.417
file834.TextGrid,2,0.240,80,81,79,77,79,80,78,73,63,41,74.858
file835.TextGrid,1,0.240,23,35,51,56,53,76,80,80,80,71,62.435
file835.TextGrid,2,0.400,71,57,56,76,75,64,56,47,43,34,58.585
file836.TextGrid,1,0.340,3,56,66,69,76,80,80,77,67,67,68.320
file836.TextGrid,2,0.430,67,64,58,55,63,73,71,67,58,45,62.918
file837.TextGrid,1,0.610,38,75,86,81,71,68,85,84,70,63,75.900
file837.TextGrid,2,0.260,63,59,61,57,53,44,43,39,39,29,49.155
file838.TextGrid,1,0.130,17,31,57,69,75,78,80,81,80,74,66.564
file838.TextGrid,2,0.060,74,69,66,66,65,63,61,60,60,60,63.958
file839.TextGrid,1,0.230,17,32,47,53,69,78,73,64,64,72,57.917
file839.TextGrid,2,0.430,72,80,80,76,61,58,52,51,45,44,62.606
file84.TextGrid,1,0.230,11,57,62,77,74,73,70,71,71,72,66.692
file84.TextGrid,2,0.420,72,72,72,74,58,55,51,46,38,27,57.240
file840.TextGrid,1,0.060,75,76,76,77,77,77,78,79,79,79,77.303
file840.TextGrid,2,0.100,79,78,78,77,77,78,78,77,76,73,77.221
file841.TextGrid,1,0.050,56,57,59,65,71,76,80,82,83,84,71.602
file841.TextGrid,2,0.510,84,78,78,76,74,70,62,53,41,34,65.465
file842.TextGrid,1,0.300,31,68,72,75,76,66,63,60,58,55,65.281
file842.TextGrid,2,0.400,55,76,77,76,62,57,51,48,41,37,59.837
file843.TextGrid,1,0.270,35,61,66,74,79,81,81,83,83,78,73.972
file843.TextGrid,2,0.460,78,62,68,83,78,72,71,68,56,22,68.268
file844.TextGrid,1,0.450,2,47,56,57,79,76,66,62,61,63,60.928
file844.TextGrid,2,0.220,63,63,69,69,71,70,67,62,48,17,62.122
file845.TextGrid,1,0.140,58,69,76,79,81,81,80,79,78,78,76.756
file845.TextGrid,2,0.390,78,79,81,80,75,61,62,58,53,46,67.748
file846.TextGrid,1,0.230,13,51,75,75,64,62,59,56,55,64,59.430
file846.TextGrid,2,0.300,64,68,69,65,60,52,48,44,40,33,54.997
file847.TextGrid,1,0.210,31,51,64,69,77,82,83,81,77,70,70.235
file847.TextGrid,2,0.400,70,67,74,77,75,71,60,48,46,44,64.227
file848.TextGrid,1,0.170,69,72,72,74,78,80,77,78,77,76,75.838
file848.TextGrid,2,0.490,76,72,73,72,71,64,53,39,37,33,59.355
file849.TextGrid,1,0.400,25,63,74,75,73,73,74,71,73,59,69.184
file849.TextGrid,2,0.280,59,59,57,58,53,50,41,44,36,39,49.691
file85.TextGrid,1,0.250,15,35,51,60,62,65,76,75,75,71,60.305
file85.TextGrid,2,0.230,71,62,65,65,58,70,74,74,74,65,67.628
file850.TextGrid,1,0.190,26,36,50,58,62,62,60,77,81,75,59.852
file850.TextGrid,2,0.510,75,77,72,74,72,63,49,42,46,30,60.912
file851.TextGrid,1,0.200,27,55,74,78,76,74,75,75,74,75,70.500
file851.TextGrid,2,0.640,75,78,77,75,69,61,48,42,35,31,60.290
file852.TextGrid,1,0.060,23,37,49,59,67,73,77,79,79,79,63.479
file852.TextGrid,2,0.600,79,72,76,76,75,69,53,52,41,35,63.789
file853.TextGrid,1,0.280,27,43,61,65,67,69,67,64,76,70,62.358
file853.TextGrid,2,0.250,70,65,61,68,76,75,71,64,60,60,67.058
file854.TextGrid,1,0.390,11,61,60,61,61,62,81,82,82,77,66.706
file854.TextGrid,2,0.220,77,79,82,82,82,81,77,65,43,15,70.824
file855.TextGrid,1,0.270,-3,54,62,66,67,73,79,83,83,76,68.064
file855.TextGrid,2,0.270,76,68,67,80,79,78,77,70,68,65,73.024
file856.TextGrid,1,0.300,25,46,62,60,78,80,81,74,59,58,63.975
file856.TextGrid,2,0.400,58,65,77,77,69,67,56,46,44,34,61.239
file857.TextGrid,1,0.260,43,63,77,70,73,73,74,72,74,71,70.286
file857.TextGrid,2,0.280,71,64,77,74,63,57,73,72,69,54,67.566
file858.TextGrid,1,0.470,--undefined--,53,56,53,54,81,81,58,51,52,60.129
file858.TextGrid,2,0.320,52,53,53,63,73,70,69,57,36,34,57.113
file859.TextGrid,1,0.180,36,61,72,76,77,78,82,81,76,73,73.192
file859.TextGrid,2,0.480,73,72,86,87,68,62,57,63,46,36,66.198
file86.TextGrid,1,0.220,29,60,64,73,72,68,70,68,63,68,64.982
file86.TextGrid,2,0.060,68,71,73,73,73,73,72,72,72,72,72.139
file860.TextGrid,1,0.360,35,50,53,53,46,77,83,75,64,55,60.875
file860.TextGrid,2,0.330,55,64,78,78,74,61,53,46,35,16,58.946
file861.TextGrid,1,0.150,31,53,65,69,70,68,66,63,59,55,61.846
file861.TextGrid,2,0.180,55,75,81,81,82,82,83,83,82,77,79.759
file862.TextGrid,1,0.170,17,35,63,71,70,71,74,75,75,76,64.658
file862.TextGrid,2,0.410,76,74,69,62,60,56,50,46,41,35,57.255
file863.TextGrid,1,0.370,34,66,71,69,63,65,63,58,46,52,60.394
file863.TextGrid,2,0.380,52,77,74,73,71,69,59,48,38,33,61.919
file864.TextGrid,1,0.240,7,32,45,54,60,60,76,77,73,72,57.685
file864.TextGrid,2,0.160,72,73,73,72,68,66,62,56,51,48,64.633
file865.TextGrid,1,0.340,-0.2,40,71,78,76,70,69,69,70,61,64.310
file865.TextGrid,2,0.520,61,57,60,64,81,82,82,76,69,55,70.152
file866.TextGrid,1,0.290,26,52,62,65,71,73,69,71,69,68,64.223
file866.TextGrid,2,0.310,68,62,57,62,63,62,60,56,44,33,57.333
file867.TextGrid,1,0.060,27,28,36,45,54,59,63,65,68,69,51.786
file867.TextGrid,2,0.640,69,73,66,79,77,72,66,50,44,25,64.775
file868.TextGrid,1,0.230,68,85,86,87,85,82,81,84,85,82,83.517
file868.TextGrid,2,0.460,82,79,74,62,59,56,49,43,34,23,56.843
file869.TextGrid,1,0.160,29,58,66,71,71,65,57,53,46,30,57.881
file869.TextGrid,2,0.070,30,20,10,-0.8,-14,-50,-309,-300,-296,-26,-104.174
file87.TextGrid,1,0.150,36,40,55,57,61,71,74,74,73,69,61.952
file87.TextGrid,2,0.440,69,72,73,72,64,50,41,63,61,45,60.975
file870.TextGrid,1,0.350,52,71,73,73,73,71,67,54,49,43,64.910
file870.TextGrid,2,0.050,43,43,43,43,43,42,40,39,36,33,40.772
file871.TextGrid,1,0.150,17,53,60,67,77,79,80,81,81,81,70.195
file871.TextGrid,2,0.310,81,80,77,75,72,68,61,57,52,40,67.050
file872.TextGrid,1,0.350,13,44,49,51,51,57,78,82,79,78,60.010
file872.TextGrid,2,0.450,78,75,75,75,79,81,79,77,75,56,75.694
file873.TextGrid,1,0.170,37,64,73,73,67,65,64,63,62,64,64.479
file873.TextGrid,2,0.620,64,67,75,75,75,69,54,53,36,31,61.549
file874.TextGrid,1,0.180,16,39,56,61,67,73,74,64,58,53,58.802
file874.TextGrid,2,0.410,53,53,69,69,68,66,54,52,51,47,58.196
file875.TextGrid,1,0.590,9,33,41,48,57,77,77,78,76,66,58.743
file875.TextGrid,2,0.470,66,69,69,66,49,46,47,46,45,--undefined--,54.902
file876.TextGrid,1,0.180,42,66,75,74,73,65,67,67,68,67,67.834
file876.TextGrid,2,0.650,67,63,81,76,73,73,57,52,42,32,63.151
file877.TextGrid,1,0.390,58,60,63,66,67,81,82,78,77,81,71.432
file877.TextGrid,2,0.470,81,81,80,75,72,65,57,54,44,18,64.604
file878.TextGrid,1,0.290,16,64,76,80,81,80,72,69,62,69,69.430
file878.TextGrid,2,0.480,69,78,74,77,78,76,67,48,41,24,65.599
file879.TextGrid,1,0.230,74,71,69,73,74,68,69,67,68,60,69.424
file879.TextGrid,2,0.420,60,69,77,76,62,67,65,61,49,41,64.192
file88.TextGrid,1,0.090,34,50,61,70,76,77,77,76,74,70,68.042
file88.TextGrid,2,0.440,70,60,78,78,76,57,57,51,42,33,60.567
file880.TextGrid,1,0.300,39,64,69,77,74,75,70,62,61,56,66.907
file880.TextGrid,2,0.380,56,64,73,76,73,68,59,53,46,43,62.615
file881.TextGrid,1,0.470,25,47,51,53,74,79,78,70,66,62,61.968
file881.TextGrid,2,0.410,62,66,71,71,69,57,51,44,39,28,57.234
file882.TextGrid,1,0.460,63,76,78,82,72,67,60,63,58,63,69.127
file882.TextGrid,2,0.480,63,77,78,77,70,63,63,59,49,18,64.400
file883.TextGrid,1,0.180,65,68,70,69,68,69,67,62,52,46,64.411
file883.TextGrid,2,0.210,46,55,60,54,62,62,58,53,44,40,54.544
file884.TextGrid,1,0.400,15,47,53,53,53,54,57,81,82,75,59.372
file884.TextGrid,2,0.240,75,70,68,72,72,70,68,63,46,43,65.082
file885.TextGrid,1,0.240,40,65,72,77,80,80,80,79,79,75,74.497
file885.TextGrid,2,0.470,75,65,72,76,72,70,67,51,49,46,64.897
file886.TextGrid,1,0.270,70,74,68,58,56,56,56,54,49,39,58.735
file886.TextGrid,2,0.280,39,20,39,54,72,73,71,71,70,58,57.474
file887.TextGrid,1,0.240,83,83,82,71,43,17,13,5,41,66,47.068
file887.TextGrid,2,0.360,66,77,75,78,77,74,73,66,59,57,71.383
file888.TextGrid,1,0.540,55,58,57,78,81,73,74,73,69,65,69.470
file888.TextGrid,2,0.440,65,73,72,70,66,63,60,54,45,22,60.525
file889.TextGrid,1,0.340,26,60,80,82,83,79,69,63,61,61,68.805
file889.TextGrid,2,0.360,61,74,76,68,62,57,52,49,40,31,58.562
file89.TextGrid,1,0.510,44,51,59,74,77,70,68,67,64,65,65.370
file89.TextGrid,2,0.220,65,67,70,69,68,68,67,64,57,48,65.346
file890.TextGrid,1,0.400,12,44,76,77,74,82,81,68,64,59,67.519
file890.TextGrid,2,0.380,59,54,52,52,64,69,69,66,63,48,60.602
file891.TextGrid,1,0.210,29,49,62,64,70,78,78,76,78,79,67.757
file891.TextGrid,2,0.420,79,76,75,75,74,71,58,48,48,36,64.909
file892.TextGrid,1,0.170,18,28,43,51,54,55,73,83,84,80,57.736
file892.TextGrid,2,0.330,80,71,78,79,76,69,60,55,53,50,67.093
file893.TextGrid,1,0.240,2,52,69,72,73,71,67,66,64,62,62.878
file893.TextGrid,2,0.650,62,25,69,73,73,70,64,58,46,18,60.145
file894.TextGrid,1,0.210,37,60,71,79,67,63,63,64,65,71,65.161
file894.TextGrid,2,0.470,71,73,77,78,75,60,55,54,46,35,63.739
file895.TextGrid,1,0.210,31,42,67,78,79,79,78,76,74,64,68.666
file895.TextGrid,2,0.510,64,57,75,77,66,58,57,48,42,38,58.543
file896.TextGrid,1,0.280,17,57,63,66,71,74,82,83,83,77,70.204
file896.TextGrid,2,0.390,77,71,70,66,76,75,73,67,56,47,68.500
file897.TextGrid,1,0.200,26,46,62,64,67,68,70,74,72,67,63.377
file897.TextGrid,2,0.350,67,66,66,61,69,73,69,61,51,40,62.654
file898.TextGrid,1,0.340,7,59,62,63,68,75,76,72,72,65,66.344
file898.TextGrid,2,0.620,65,47,47,73,73,61,52,49,52,39,56.646
file899.TextGrid,1,0.260,13,37,51,56,74,82,72,66,67,65,59.962
file899.TextGrid,2,0.540,65,78,79,77,75,66,58,49,48,39,64.424
file9.TextGrid,1,0.120,78,81,80,79,81,81,79,79,78,73,79.441
file9.TextGrid,2,0.260,73,67,65,66,59,68,63,53,48,44,60.851
file90.TextGrid,1,0.320,37,48,52,56,54,56,80,83,83,76,63.561
file90.TextGrid,2,0.620,76,70,68,65,75,70,63,64,54,16,64.062
file900.TextGrid,1,0.340,39,55,61,58,73,57,50,40,36,31,52.222
file900.TextGrid,2,0.490,31,69,75,73,72,69,68,65,63,59,67.001
file901.TextGrid,1,0.270,32,57,67,68,64,82,81,80,82,73,71.207
file901.TextGrid,2,0.410,73,81,82,80,67,57,48,48,44,35,61.866
file902.TextGrid,1,0.310,24,58,66,68,75,67,59,50,45,42,57.421
file902.TextGrid,2,0.550,42,76,77,79,72,74,58,51,41,37,64.071
file903.TextGrid,1,0.180,31,51,76,81,80,74,73,69,69,70,69.004
file903.TextGrid,2,0.340,70,76,76,77,77,67,59,60,53,42,66.571
file904.TextGrid,1,0.150,29,49,64,70,72,73,74,74,71,67,66.094
file904.TextGrid,2,0.580,67,53,73,72,71,67,62,47,31,28,57.500
file905.TextGrid,1,0.290,30,56,75,82,80,80,78,66,63,68,69.479
file905.TextGrid,2,0.480,68,76,78,80,74,61,55,48,39,31,62.407
file906.TextGrid,1,0.440,34,51,51,50,64,78,78,72,80,81,65.509
file906.TextGrid,2,0.280,81,78,70,68,68,64,56,51,44,25,61.788
file907.TextGrid,1,0.180,28,35,51,58,61,62,61,77,77,75,59.328
file907.TextGrid,2,0.420,75,73,74,75,69,56,50,49,45,34,61.050
file908.TextGrid,1,0.220,36,48,53,53,56,55,72,83,83,80,62.366
file908.TextGrid,2,0.410,80,80,79,80,80,78,70,57,55,48,71.466
file909.TextGrid,1,0.160,31,47,61,66,66,70,77,78,79,76,66.386
file909.TextGrid,2,0.560,76,77,74,76,76,66,57,47,42,30,62.762
file91.TextGrid,1,0.230,17,52,63,68,70,74,80,81,79,66,67.945
file91.TextGrid,2,0.450,66,41,65,74,72,67,65,63,50,27,60.689
file910.TextGrid,1,0.310,26,50,59,75,80,77,77,75,62,58,66.356
file910.TextGrid,2,0.370,58,71,75,76,69,60,47,47,47,43,59.889
file911.TextGrid,1,0.240,46,58,63,79,80,73,74,75,75,72,70.954
file911.TextGrid,2,0.590,72,77,77,78,64,55,46,38,34,24,57.543
file912.TextGrid,1,0.130,20,34,53,67,70,73,75,76,76,74,63.339
file912.TextGrid,2,0.580,74,65,78,77,79,78,71,65,70,50,72.004
file913.TextGrid,1,0.370,25,59,70,66,52,66,83,67,64,67,64.183
file913.TextGrid,2,0.380,67,67,66,79,78,78,71,61,54,44,68.197
file914.TextGrid,1,0.330,15,38,47,49,48,64,79,82,80,72,59.337
file914.TextGrid,2,0.190,72,75,77,78,79,78,76,69,53,46,71.425
file915.TextGrid,1,0.320,37,75,82,77,63,60,50,40,39,16,57.074
file915.TextGrid,2,0.510,16,56,75,74,68,51,42,44,43,23,53.667
file916.TextGrid,1,0.200,17,29,45,52,54,61,78,79,77,72,57.787
file916.TextGrid,2,0.420,72,76,78,73,63,62,63,59,43,31,63.361
file917.TextGrid,1,0.270,62,63,74,78,79,80,80,75,79,80,75.210
file917.TextGrid,2,0.140,80,79,78,76,74,73,72,70,67,59,73.264
file918.TextGrid,1,0.270,36,54,52,50,49,51,54,76,81,77,58.732
file918.TextGrid,2,0.070,77,73,69,66,64,60,53,43,30,18,56.141
file919.TextGrid,1,0.190,27,55,71,74,74,73,66,63,66,64,65.459
file919.TextGrid,2,0.420,64,60,67,75,75,75,61,53,57,43,63.866
file92.TextGrid,1,0.220,47,59,67,67,63,69,81,82,82,73,70.243
file92.TextGrid,2,0.490,73,67,70,78,76,73,66,60,56,35,66.214
file920.TextGrid,1,0.470,29,75,72,62,78,77,74,73,72,66,70.814
file920.TextGrid,2,0.340,66,55,54,47,45,41,37,34,37,23,44.171
file921.TextGrid,1,0.310,27,55,62,68,71,82,83,81,80,79,70.449
file921.TextGrid,2,0.490,79,77,77,73,65,59,49,44,38,30,59.266
file922.TextGrid,1,0.310,22,59,66,70,71,69,69,69,69,58,65.233
file922.TextGrid,2,0.670,58,58,66,72,72,70,64,61,54,18,62.107
file923.TextGrid,1,0.230,51,65,63,73,77,75,76,75,73,70,71.177
file923.TextGrid,2,0.300,70,65,67,69,59,48,47,48,52,46,56.503
file924.TextGrid,1,0.360,2,28,41,45,53,78,76,60,53,58,51.477
file924.TextGrid,2,0.610,58,69,73,75,72,69,64,59,54,18,64.277
file925.TextGrid,1,0.210,16,36,61,70,70,66,76,77,66,66,62.403
file925.TextGrid,2,0.540,66,61,59,79,79,70,59,50,43,34,62.074
file926.TextGrid,1,0.110,68,77,81,83,83,82,78,76,76,75,78.595
file926.TextGrid,2,0.310,75,71,74,75,72,64,58,49,45,37,62.681
file927.TextGrid,1,0.450,67,83,82,68,65,61,62,61,60,60,67.134
file927.TextGrid,2,0.320,60,59,76,78,79,75,65,62,58,42,67.186
file928.TextGrid,1,0.290,30,66,67,81,81,85,83,82,80,80,75.597
file928.TextGrid,2,0.340,80,80,78,70,66,64,60,51,42,36,63.251
file929.TextGrid,1,0.220,21,49,71,72,68,59,56,55,59,50,58.223
file929.TextGrid,2,0.520,50,57,75,79,79,65,61,56,50,43,63.272
file93.TextGrid,1,0.270,55,65,68,68,70,80,80,81,76,79,72.634
file93.TextGrid,2,0.440,79,80,79,78,77,72,64,51,47,37,67.109
file930.TextGrid,1,0.500,-0.4,61,63,59,83,77,64,59,62,61,64.593
file930.TextGrid,2,0.410,61,69,74,75,73,64,67,56,46,36,62.817
file931.TextGrid,1,0.250,75,78,78,72,59,57,56,55,53,58,63.733
file931.TextGrid,2,0.450,58,77,72,77,75,73,70,66,54,47,68.947
file932.TextGrid,1,0.090,26,44,51,55,64,71,73,74,75,76,62.197
file932.TextGrid,2,0.540,76,77,75,69,58,53,47,40,35,--undefined--,57.334
file933.TextGrid,1,0.300,57,58,70,76,79,81,81,81,81,79,75.382
file933.TextGrid,2,0.260,79,78,76,75,75,76,75,74,76,75,75.886
file934.TextGrid,1,0.280,28,44,56,60,61,79,79,79,77,73,65.286
file934.TextGrid,2,0.350,73,74,74,72,71,67,55,49,41,35,61.764
file935.TextGrid,1,0.180,29,59,72,75,78,78,78,76,75,75,71.431
file935.TextGrid,2,0.440,75,77,79,79,76,64,57,53,46,35,65.138
file936.TextGrid,1,0.280,19,56,69,73,73,76,67,66,62,63,64.100
file936.TextGrid,2,0.450,63,78,80,80,76,64,57,49,43,36,64.631
file937.TextGrid,1,0.150,57,60,64,76,79,77,71,67,67,67,69.234
file937.TextGrid,2,0.300,67,59,70,67,65,67,70,68,55,50,64.292
file938.TextGrid,1,0.240,38,70,75,79,82,81,78,78,77,75,75.258
file938.TextGrid,2,0.600,75,76,81,81,79,69,61,57,49,37,66.947
file939.TextGrid,1,0.270,60,67,68,70,71,73,80,83,83,76,73.935
file939.TextGrid,2,0.460,76,68,64,61,73,74,72,61,40,5,61.900
file94.TextGrid,1,0.360,52,74,77,77,60,57,58,59,31,-8,57.174
file94.TextGrid,2,0.330,-8,49,62,73,73,73,64,59,56,42,59.206
file940.TextGrid,1,0.370,51,71,76,77,81,80,78,75,75,76,75.573
file940.TextGrid,2,0.240,76,71,74,75,75,74,74,71,62,55,71.164
file941.TextGrid,1,0.210,39,53,66,79,78,75,72,74,77,76,70.471
file941.TextGrid,2,0.630,76,81,67,70,81,80,66,59,49,39,67.352
file942.TextGrid,1,0.170,30,61,78,82,82,83,82,82,81,76,76.559
file942.TextGrid,2,0.360,76,80,80,81,80,68,59,52,38,25,65.446
file943.TextGrid,1,0.230,37,47,48,47,49,51,51,73,84,79,56.656
file943.TextGrid,2,0.540,79,67,73,77,63,60,58,55,52,43,63.058
file944.TextGrid,1,0.330,37,60,79,80,70,66,57,55,53,46,62.441
file944.TextGrid,2,0.290,46,65,77,76,71,66,58,56,49,41,62.096
file945.TextGrid,1,0.460,14,64,72,84,82,74,67,63,60,64,68.206
file945.TextGrid,2,0.190,64,69,77,79,80,80,78,78,76,68,76.121
file946.TextGrid,1,0.510,7,42,53,59,73,76,54,46,48,48,53.424
file946.TextGrid,2,0.450,48,69,70,65,50,51,50,47,44,43,54.673
file947.TextGrid,1,0.240,18,53,64,74,62,60,59,57,49,47,56.751
file947.TextGrid,2,0.570,47,56,72,75,76,79,62,56,50,39,64.688
file948.TextGrid,1,0.200,61,59,80,82,79,80,78,77,75,71,75.123
file948.TextGrid,2,0.240,71,69,70,65,63,61,55,50,43,43,59.521
file949.TextGrid,1,0.460,1.0,45,55,82,81,66,53,43,18,5,51.420
file949.TextGrid,2,0.480,5,66,74,76,72,51,37,10,51,35,52.204
file95.TextGrid,1,0.420,1,33,51,54,54,78,82,78,75,72,61.192
file95.TextGrid,2,0.290,72,66,67,72,81,80,78,74,55,15,68.668
file950.TextGrid,1,0.220,32,33,48,52,58,58,69,79,80,74,59.247
file950.TextGrid,2,0.260,74,77,80,79,78,79,80,73,64,59,74.973
file951.TextGrid,1,0.330,29,52,63,64,80,80,78,73,74,77,68.844
file951.TextGrid,2,0.360,77,78,78,77,61,57,47,45,42,35,60.562
file952.TextGrid,1,0.370,9,57,60,59,60,71,83,81,66,52,63.313
file952.TextGrid,2,0.510,52,54,55,54,54,83,81,82,73,34,64.595
file953.TextGrid,1,0.350,26,59,66,78,74,71,72,75,74,74,68.837
file953.TextGrid,2,0.390,74,70,66,63,52,54,43,41,36,30,53.353
file954.TextGrid,1,0.270,27,51,67,68,80,81,81,81,71,64,69.566
file954.TextGrid,2,0.320,64,72,79,78,73,57,57,49,48,44,63.045
file955.TextGrid,1,0.310,-1,61,72,62,61,58,61,59,54,44,57.518
file955.TextGrid,2,0.740,44,49,81,80,72,70,67,63,52,41,63.338
file956.TextGrid,1,0.470,33,56,64,71,78,79,78,74,67,73,69.112
file956.TextGrid,2,0.150,73,74,76,76,74,72,69,59,47,40,67.199
file957.TextGrid,1,0.200,41,48,60,66,67,67,69,71,72,69,63.856
file957.TextGrid,2,0.540,69,75,78,79,76,72,59,57,50,30,65.895
file958.TextGrid,1,0.230,51,60,58,58,62,69,75,78,78,74,66.893
file958.TextGrid,2,0.560,74,27,74,76,62,55,55,52,50,--undefined--,57.411
file959.TextGrid,1,0.470,25,67,70,73,81,60,22,16,-0.1,-11,45.060
file959.TextGrid,2,0.240,-11,59,73,82,82,80,76,67,37,24,63.163
file96.TextGrid,1,0.370,34,71,72,72,75,80,67,70,64,56,68.555
file96.TextGrid,2,0.310,56,56,75,78,77,71,63,58,57,54,65.257
file960.TextGrid,1,0.090,38,54,62,71,77,78,78,77,76,74,69.886
file960.TextGrid,2,0.350,74,74,75,73,70,70,66,56,52,49,66.145
file961.TextGrid,1,0.240,23,67,79,76,65,61,59,56,54,54,62.137
file961.TextGrid,2,0.400,54,9,20,80,83,82,82,76,64,62,63.158
file962.TextGrid,1,0.200,46,73,77,75,69,59,59,59,62,58,65.312
file962.TextGrid,2,0.610,58,45,70,71,72,72,67,50,44,33,58.828
file963.TextGrid,1,0.140,24,36,54,60,62,66,75,78,78,76,62.143
file963.TextGrid,2,0.490,76,62,73,75,75,58,60,50,37,27,59.873
file964.TextGrid,1,0.410,4,49,58,54,73,76,79,77,62,50,62.257
file964.TextGrid,2,0.300,50,54,69,71,71,70,67,57,46,44,61.168
file965.TextGrid,1,0.300,8,39,49,52,52,59,76,80,81,76,59.508
file965.TextGrid,2,0.250,76,73,75,82,82,82,81,70,56,55,73.785
file966.TextGrid,1,0.160,55,56,60,70,78,80,80,79,77,72,71.616
file966.TextGrid,2,0.640,72,58,77,75,70,63,56,56,45,26,60.514
file967.TextGrid,1,0.290,41,76,81,84,77,64,63,62,59,55,68.535
file967.TextGrid,2,0.440,55,77,83,80,64,58,57,50,52,39,63.663
file968.TextGrid,1,0.260,37,68,67,73,76,72,60,62,59,68,65.429
file968.TextGrid,2,0.430,68,74,75,64,59,50,47,41,31,24,54.276
file969.TextGrid,1,0.240,30,62,71,74,75,75,75,75,74,67,70.576
file969.TextGrid,2,0.330,67,68,68,64,64,68,68,66,51,53,63.443
file97.TextGrid,1,0.600,43,60,84,78,79,78,80,79,71,58,72.840
file97.TextGrid,2,0.150,58,61,62,56,50,49,47,45,43,44,51.525
file970.TextGrid,1,0.180,59,65,77,77,76,78,78,77,77,75,74.573
file970.TextGrid,2,0.440,75,75,78,76,68,55,53,48,42,37,61.536
file971.TextGrid,1,0.230,44,71,77,79,84,85,85,84,83,81,79.096
file971.TextGrid,2,0.500,81,71,85,83,76,63,57,55,47,39,66.258
file972.TextGrid,1,0.180,37,44,55,60,63,64,66,78,77,69,62.344
file972.TextGrid,2,0.440,69,54,66,79,80,70,57,50,47,43,62.151
file973.TextGrid,1,0.180,27,44,57,61,65,66,62,75,79,77,62.323
file973.TextGrid,2,0.490,77,74,76,76,75,61,52,44,45,30,61.664
file974.TextGrid,1,0.350,-15,48,58,62,64,63,79,79,79,75,64.451
file974.TextGrid,2,0.200,75,77,79,79,79,78,74,66,64,65,74.024
file975.TextGrid,1,0.320,60,65,68,74,76,75,80,81,71,67,72.956
file975.TextGrid,2,0.440,67,77,77,73,70,72,60,62,54,23,66.511
file976.TextGrid,1,0.150,31,35,44,51,55,57,58,66,73,71,54.563
file976.TextGrid,2,0.560,71,72,73,73,77,76,64,60,47,36,66.035
file977.TextGrid,1,0.260,59,81,83,83,83,80,79,72,63,61,76.143
file977.TextGrid,2,0.440,61,65,80,78,70,53,47,52,44,36,60.081
file978.TextGrid,1,0.120,34,52,63,67,70,70,71,72,73,75,65.797
file978.TextGrid,2,0.450,75,72,76,76,75,64,56,47,48,40,64.379
file979.TextGrid,1,0.200,29,43,55,59,61,61,74,79,79,74,62.385
file979.TextGrid,2,0.390,74,77,77,76,77,68,59,50,44,43,64.979
file98.TextGrid,1,0.380,24,55,67,69,72,70,71,68,70,69,66.539
file98.TextGrid,2,0.110,69,65,61,59,53,48,43,38,36,34,50.601
file980.TextGrid,1,0.290,19,54,75,78,77,76,76,77,76,71,70.962
file980.TextGrid,2,0.400,71,54,53,45,74,76,74,73,68,51,64.209
file981.TextGrid,1,0.150,49,58,69,75,77,75,77,84,81,69,72.674
file981.TextGrid,2,0.600,69,70,82,83,74,59,61,52,46,41,65.084
file982.TextGrid,1,0.100,5,15,41,57,65,69,71,72,71,68,55.536
file982.TextGrid,2,0.560,68,72,75,72,59,59,61,59,42,21,59.832
file983.TextGrid,1,0.320,76,73,72,76,85,81,75,68,64,73,73.878
file983.TextGrid,2,0.240,73,75,70,68,65,57,51,49,43,37,59.488
file984.TextGrid,1,0.240,36,63,73,75,80,83,83,84,81,77,75.325
file984.TextGrid,2,0.490,77,66,60,76,73,68,62,54,41,30,62.151
file985.TextGrid,1,0.190,28,63,82,84,85,84,83,83,84,82,78.525
file985.TextGrid,2,0.630,82,82,81,80,68,56,58,48,37,29,63.479
file986.TextGrid,1,0.300,40,49,60,70,73,72,74,75,76,75,67.352
file986.TextGrid,2,0.340,75,77,79,79,75,71,68,62,52,45,68.837
file987.TextGrid,1,0.320,22,53,60,57,69,71,64,57,57,63,59.538
file987.TextGrid,2,0.300,63,66,62,65,64,63,57,47,36,29,56.376
file988.TextGrid,1,0.330,28,64,66,81,81,81,74,68,60,62,69.354
file988.TextGrid,2,0.530,62,58,74,73,65,52,41,36,39,29,54.198
file989.TextGrid,1,0.330,51,67,74,76,75,75,75,73,73,68,72.047
file989.TextGrid,2,0.280,68,63,64,71,70,68,66,56,29,34,59.795
file99.TextGrid,1,0.130,14,22,37,46,53,55,58,75,80,76,52.269
file99.TextGrid,2,0.560,76,68,77,77,78,73,60,54,50,38,64.656
file990.TextGrid,1,0.090,78,81,83,83,83,82,82,81,81,81,81.855
file990.TextGrid,2,0.310,81,74,68,63,66,80,79,75,60,42,69.893
file991.TextGrid,1,0.420,16,53,55,80,82,78,72,73,70,59,67.185
file991.TextGrid,2,0.320,59,64,71,74,73,73,72,69,60,48,67.251
file992.TextGrid,1,0.180,13,39,60,66,69,70,74,75,76,72,63.221
file992.TextGrid,2,0.470,72,73,64,53,65,70,66,57,41,28,59.743
file993.TextGrid,1,0.330,21,39,70,81,80,69,68,67,74,66,65.590
file993.TextGrid,2,0.400,66,77,76,73,69,60,54,46,40,31,60.785
file994.TextGrid,1,0.210,40,68,75,78,74,67,69,63,60,62,67.349
file994.TextGrid,2,0.420,62,75,74,74,74,73,71,67,58,44,69.238
file995.TextGrid,1,0.180,25,51,67,78,80,79,76,76,77,77,70.500
file995.TextGrid,2,0.400,77,74,73,70,67,57,54,48,42,34,59.847
file996.TextGrid,1,0.130,50,65,72,81,84,85,85,85,83,79,78.385
file996.TextGrid,2,0.380,79,69,64,57,53,57,48,42,36,37,53.097
file997.TextGrid,1,0.210,48,65,66,70,75,78,74,61,62,56,67.123
file997.TextGrid,2,0.340,56,67,76,75,75,76,75,73,71,59,71.747
file998.TextGrid,1,0.250,27,57,66,65,74,78,82,82,82,82,71.300
file998.TextGrid,2,0.290,82,81,83,74,63,61,53,52,47,41,63.872
file999.TextGrid,1,0.340,18,67,70,73,80,80,75,63,59,59,67.817
file999.TextGrid,2,0.220,59,59,71,72,70,64,58,52,51,49,61.571
