,text,ipa,syllables,stress,audio_files,audio_urls
,أتراك,ʔɑtˈrˤɑːk,2,2,LL-Q55633582 (ajp)-AdrianAbdulBaha-أتراك.wav,https://upload.wikimedia.org/wikipedia/commons/4/47/LL-Q55633582_%28ajp%29-AdrianAbdulBaha-%D8%A3%D8%AA%D8%B1%D8%A7%D9%83.wav
1372,نسبة,ˈnɪs.be,2,1,LL-Q55633582 (ajp)-Muhammad (AdrianAbdulBaha)-نسبة.wav,https://upload.wikimedia.org/wikipedia/commons/e/e1/LL-Q55633582_%28ajp%29-Muhammad_%28AdrianAbdulBaha%29-%D9%86%D8%B3%D8%A8%D8%A9.wav
1264,ليلة,ˈleː.le,2,1,LL-Q55633582 (ajp)-AseelF (AdrianAbdulBaha)-ليلة.wav,https://upload.wikimedia.org/wikipedia/commons/b/b8/LL-Q55633582_%28ajp%29-AseelF_%28AdrianAbdulBaha%29-%D9%84%D9%8A%D9%84%D8%A9.wav
262,مبسوط,mɑbˈsˤuːtˤ,2,2,LL-Q55633582 (ajp)-Muhammad (AdrianAbdulBaha)-مبسوط.wav,https://upload.wikimedia.org/wikipedia/commons/c/c5/LL-Q55633582_%28ajp%29-Muhammad_%28AdrianAbdulBaha%29-%D9%85%D8%A8%D8%B3%D9%88%D8%B7.wav
833,سحل,ˈsa.ħal,2,1,LL-Q55633582 (ajp)-Khalil.rantissi-سحل.wav,https://upload.wikimedia.org/wikipedia/commons/5/5c/LL-Q55633582_%28ajp%29-Khalil.rantissi-%D8%B3%D8%AD%D9%84.wav
167,شتات,ʃaˈtæːt,2,2,LL-Q55633582 (ajp)-Khalil.rantissi-شتات.wav,https://upload.wikimedia.org/wikipedia/commons/8/83/LL-Q55633582_%28ajp%29-Khalil.rantissi-%D8%B4%D8%AA%D8%A7%D8%AA.wav
657,حمي,ˈħi.mi,2,1,LL-Q55633582 (ajp)-Khalil.rantissi-حِمي.wav,https://upload.wikimedia.org/wikipedia/commons/b/b0/LL-Q55633582_%28ajp%29-Khalil.rantissi-%D8%AD%D9%90%D9%85%D9%8A.wav
65,بريم,barˈriːm,2,2,LL-Q55633582 (ajp)-Muhammad (AdrianAbdulBaha)-برّيم.wav,https://upload.wikimedia.org/wikipedia/commons/9/9d/LL-Q55633582_%28ajp%29-Muhammad_%28AdrianAbdulBaha%29-%D8%A8%D8%B1%D9%91%D9%8A%D9%85.wav
522,بلتهب,ˈbɪlt.hɪb,2,1,LL-Q55633582 (ajp)-Muhammad (AdrianAbdulBaha)-biltheb.wav,https://upload.wikimedia.org/wikipedia/commons/8/8f/LL-Q55633582_%28ajp%29-Muhammad_%28AdrianAbdulBaha%29-biltheb.wav
325,آسف,ˈʔæː.sɪf,2,1,LL-Q55633582 (ajp)-MahmoudM (AdrianAbdulBaha)-آسف.wav,https://upload.wikimedia.org/wikipedia/commons/6/6d/LL-Q55633582_%28ajp%29-MahmoudM_%28AdrianAbdulBaha%29-%D8%A2%D8%B3%D9%81.wav
1402,هادا,ˈhæː.da,2,1,LL-Q55633582 (ajp)-Muhammad (AdrianAbdulBaha)-هادا.wav,https://upload.wikimedia.org/wikipedia/commons/1/13/LL-Q55633582_%28ajp%29-Muhammad_%28AdrianAbdulBaha%29-%D9%87%D8%A7%D8%AF%D8%A7.wav
268,مدير,muˈdiːr,2,2,LL-Q55633582 (ajp)-AmmanM (AdrianAbdulBaha)-مدير.wav,https://upload.wikimedia.org/wikipedia/commons/a/a4/LL-Q55633582_%28ajp%29-AmmanM_%28AdrianAbdulBaha%29-%D9%85%D8%AF%D9%8A%D8%B1.wav
290,مكان,maˈkæːn,2,2,LL-Q55633582 (ajp)-AmmanM (AdrianAbdulBaha)-مكان.wav,https://upload.wikimedia.org/wikipedia/commons/5/53/LL-Q55633582_%28ajp%29-AmmanM_%28AdrianAbdulBaha%29-%D9%85%D9%83%D8%A7%D9%86.wav
1442,وطن,ˈwɑ.tˤɑn,2,1,LL-Q55633582 (ajp)-Khalil.rantissi-وطن.wav,https://upload.wikimedia.org/wikipedia/commons/8/8c/LL-Q55633582_%28ajp%29-Khalil.rantissi-%D9%88%D8%B7%D9%86.wav
931,صحن,ˈsˤɑ.ħ(ɪ)n,2,1,LL-Q55633582 (ajp)-IbrahimZ (AdrianAbdulBaha)-صحن.wav,https://upload.wikimedia.org/wikipedia/commons/d/d3/LL-Q55633582_%28ajp%29-IbrahimZ_%28AdrianAbdulBaha%29-%D8%B5%D8%AD%D9%86.wav
612,حاسس,ˈħæː.sɪs,2,1,LL-Q55633582 (ajp)-Khalil.rantissi-حاسس.wav,https://upload.wikimedia.org/wikipedia/commons/5/5d/LL-Q55633582_%28ajp%29-Khalil.rantissi-%D8%AD%D8%A7%D8%B3%D8%B3.wav
16,أني,ʔaˈniː,2,2,LL-Q55633582 (ajp)-Muhammad (AdrianAbdulBaha)-ʔani.wav,https://upload.wikimedia.org/wikipedia/commons/d/df/LL-Q55633582_%28ajp%29-Muhammad_%28AdrianAbdulBaha%29-%CA%94ani.wav
1420,واسع,ˈwæː.sɪʕ,2,1,LL-Q55633582 (ajp)-Muhammad (AdrianAbdulBaha)-واسع.wav,https://upload.wikimedia.org/wikipedia/commons/a/ab/LL-Q55633582_%28ajp%29-Muhammad_%28AdrianAbdulBaha%29-%D9%88%D8%A7%D8%B3%D8%B9.wav
812,سابع,ˈsæː.bɪʕ,2,1,LL-Q55633582 (ajp)-Muhammad (AdrianAbdulBaha)-سابع.wav,https://upload.wikimedia.org/wikipedia/commons/f/fb/LL-Q55633582_%28ajp%29-Muhammad_%28AdrianAbdulBaha%29-%D8%B3%D8%A7%D8%A8%D8%B9.wav
20,إبريق,ʔɪbˈriːʔ,2,2,LL-Q55633582 (ajp)-Khalil.rantissi-إبريق.wav,https://upload.wikimedia.org/wikipedia/commons/1/1f/LL-Q55633582_%28ajp%29-Khalil.rantissi-%D8%A5%D8%A8%D8%B1%D9%8A%D9%82.wav
487,بطة,ˈbɑtˤ.tˤɑ,2,1,LL-Q55633582 (ajp)-Muhammad (AdrianAbdulBaha)-بطّة.wav,https://upload.wikimedia.org/wikipedia/commons/a/af/LL-Q55633582_%28ajp%29-Muhammad_%28AdrianAbdulBaha%29-%D8%A8%D8%B7%D9%91%D8%A9.wav
1168,قرفص,ˈʔɑrˤ.fɑsˤ,2,1,LL-Q55633582 (ajp)-Muhammad (AdrianAbdulBaha)-قَرفَص.wav,https://upload.wikimedia.org/wikipedia/commons/b/bf/LL-Q55633582_%28ajp%29-Muhammad_%28AdrianAbdulBaha%29-%D9%82%D9%8E%D8%B1%D9%81%D9%8E%D8%B5.wav
1383,نفس,ˈnaf.fas,2,1,LL-Q55633582 (ajp)-Muhammad (AdrianAbdulBaha)-نفس.wav,https://upload.wikimedia.org/wikipedia/commons/0/0c/LL-Q55633582_%28ajp%29-Muhammad_%28AdrianAbdulBaha%29-%D9%86%D9%81%D8%B3.wav
508,بقتحم,ˈbɪqt.ħɪm,2,1,LL-Q55633582 (ajp)-Muhammad (AdrianAbdulBaha)-بقتحم.wav,https://upload.wikimedia.org/wikipedia/commons/0/03/LL-Q55633582_%28ajp%29-Muhammad_%28AdrianAbdulBaha%29-%D8%A8%D9%82%D8%AA%D8%AD%D9%85.wav
704,داخل,ˈdæː.xɪl,2,1,LL-Q55633582 (ajp)-Muhammad (AdrianAbdulBaha)-داخل.wav,https://upload.wikimedia.org/wikipedia/commons/0/00/LL-Q55633582_%28ajp%29-Muhammad_%28AdrianAbdulBaha%29-%D8%AF%D8%A7%D8%AE%D9%84.wav
563,تنى,ˈta.na,2,1,LL-Q55633582 (ajp)-Khalil.rantissi-ثنى.wav,https://upload.wikimedia.org/wikipedia/commons/5/50/LL-Q55633582_%28ajp%29-Khalil.rantissi-%D8%AB%D9%86%D9%89.wav
146,ريحان,riˈħæːn,2,2,LL-Q55633582 (ajp)-Khalil.rantissi-ريحان.wav,https://upload.wikimedia.org/wikipedia/commons/2/26/LL-Q55633582_%28ajp%29-Khalil.rantissi-%D8%B1%D9%8A%D8%AD%D8%A7%D9%86.wav
452,بجتمع,ˈbɪʒt.mɪʕ,2,1,LL-Q55633582 (ajp)-Muhammad (AdrianAbdulBaha)-بجتمع.wav,https://upload.wikimedia.org/wikipedia/commons/f/fd/LL-Q55633582_%28ajp%29-Muhammad_%28AdrianAbdulBaha%29-%D8%A8%D8%AC%D8%AA%D9%85%D8%B9.wav
106,حبيب,ħaˈbiːb,2,2,LL-Q55633582 (ajp)-MahmoudM (AdrianAbdulBaha)-حبيب.wav,https://upload.wikimedia.org/wikipedia/commons/b/b1/LL-Q55633582_%28ajp%29-MahmoudM_%28AdrianAbdulBaha%29-%D8%AD%D8%A8%D9%8A%D8%A8.wav
1329,مفصل,ˈmɑf.sˤɑl,2,1,LL-Q55633582 (ajp)-Muhammad (AdrianAbdulBaha)-مفصل.wav,https://upload.wikimedia.org/wikipedia/commons/6/61/LL-Q55633582_%28ajp%29-Muhammad_%28AdrianAbdulBaha%29-%D9%85%D9%81%D8%B5%D9%84.wav
1103,فحم,ˈfa.ħ(ɪ)m,2,1,LL-Q55633582 (ajp)-Muhammad (AdrianAbdulBaha)-فحم.wav,https://upload.wikimedia.org/wikipedia/commons/4/47/LL-Q55633582_%28ajp%29-Muhammad_%28AdrianAbdulBaha%29-%D9%81%D8%AD%D9%85.wav
389,أغلب,ˈʔaɣ.lab,2,1,LL-Q55633582 (ajp)-Muhammad (AdrianAbdulBaha)-أغلب.wav,https://upload.wikimedia.org/wikipedia/commons/4/48/LL-Q55633582_%28ajp%29-Muhammad_%28AdrianAbdulBaha%29-%D8%A3%D8%BA%D9%84%D8%A8.wav
1433,ورق,ˈwɑ.rˤɑʔ,2,1,LL-Q55633582 (ajp)-Khalil.rantissi-ورق.wav,https://upload.wikimedia.org/wikipedia/commons/d/dd/LL-Q55633582_%28ajp%29-Khalil.rantissi-%D9%88%D8%B1%D9%82.wav
181,صرصور,sˤɑrˈsˤuːr,2,2,LL-Q55633582 (ajp)-Muhammad (AdrianAbdulBaha)-صرصور.wav,https://upload.wikimedia.org/wikipedia/commons/8/86/LL-Q55633582_%28ajp%29-Muhammad_%28AdrianAbdulBaha%29-%D8%B5%D8%B1%D8%B5%D9%88%D8%B1.wav
1404,هجم,ˈha.ʒam,2,1,LL-Q55633582 (ajp)-Khalil.rantissi-هَجَم.wav,https://upload.wikimedia.org/wikipedia/commons/6/67/LL-Q55633582_%28ajp%29-Khalil.rantissi-%D9%87%D9%8E%D8%AC%D9%8E%D9%85.wav
587,جسم,ˈʒɪ.s(ɪ)m,2,1,LL-Q55633582 (ajp)-Muhammad (AdrianAbdulBaha)-جسم.wav,https://upload.wikimedia.org/wikipedia/commons/a/a6/LL-Q55633582_%28ajp%29-Muhammad_%28AdrianAbdulBaha%29-%D8%AC%D8%B3%D9%85.wav
85,تسعين,tɪsˈʕiːn,2,2,LL-Q55633582 (ajp)-Muhammad (AdrianAbdulBaha)-90.wav,https://upload.wikimedia.org/wikipedia/commons/9/9d/LL-Q55633582_%28ajp%29-Muhammad_%28AdrianAbdulBaha%29-90.wav
36,اضطر,ɪtˤˈtˤɑrˤ,2,2,LL-Q55633582 (ajp)-Khalil.rantissi-اضطَرّ.wav,https://upload.wikimedia.org/wikipedia/commons/c/cf/LL-Q55633582_%28ajp%29-Khalil.rantissi-%D8%A7%D8%B6%D8%B7%D9%8E%D8%B1%D9%91.wav
477,بستحي,ˈbɪst.ħi,2,1,LL-Q55633582 (ajp)-Muhammad (AdrianAbdulBaha)-بستحي.wav,https://upload.wikimedia.org/wikipedia/commons/5/52/LL-Q55633582_%28ajp%29-Muhammad_%28AdrianAbdulBaha%29-%D8%A8%D8%B3%D8%AA%D8%AD%D9%8A.wav
1043,عمة,ˈʕam.me,2,1,LL-Q55633582 (ajp)-Muhammad (AdrianAbdulBaha)-عمّة.wav,https://upload.wikimedia.org/wikipedia/commons/c/c4/LL-Q55633582_%28ajp%29-Muhammad_%28AdrianAbdulBaha%29-%D8%B9%D9%85%D9%91%D8%A9.wav
1322,معنى,ˈmaʕ.na,2,1,LL-Q55633582 (ajp)-Muhammad (AdrianAbdulBaha)-معنى.wav,https://upload.wikimedia.org/wikipedia/commons/b/b6/LL-Q55633582_%28ajp%29-Muhammad_%28AdrianAbdulBaha%29-%D9%85%D8%B9%D9%86%D9%89.wav
1082,غمس,ˈɣam.mas,2,1,LL-Q55633582 (ajp)-Khalil.rantissi-غَمَّس.wav,https://upload.wikimedia.org/wikipedia/commons/0/03/LL-Q55633582_%28ajp%29-Khalil.rantissi-%D8%BA%D9%8E%D9%85%D9%8E%D9%91%D8%B3.wav
39,الشام,(ɪ)ʃˈʃæːm,2,2,LL-Q55633582 (ajp)-AdrianAbdulBaha-الشام.wav,https://upload.wikimedia.org/wikipedia/commons/f/fb/LL-Q55633582_%28ajp%29-AdrianAbdulBaha-%D8%A7%D9%84%D8%B4%D8%A7%D9%85.wav
867,شارع,ˈʃæː.rɪʕ,2,1,LL-Q55633582 (ajp)-AmmanM (AdrianAbdulBaha)-شارع.wav,https://upload.wikimedia.org/wikipedia/commons/f/fc/LL-Q55633582_%28ajp%29-AmmanM_%28AdrianAbdulBaha%29-%D8%B4%D8%A7%D8%B1%D8%B9.wav
340,أجر,ˈʔaʒ.ʒar,2,1,LL-Q55633582 (ajp)-Khalil.rantissi-أجَّر.wav,https://upload.wikimedia.org/wikipedia/commons/6/6d/LL-Q55633582_%28ajp%29-Khalil.rantissi-%D8%A3%D8%AC%D9%8E%D9%91%D8%B1.wav
322,يمين,jaˈmiːn,2,2,LL-Q55633582 (ajp)-MahmoudM (AdrianAbdulBaha)-يمين.wav,https://upload.wikimedia.org/wikipedia/commons/b/ba/LL-Q55633582_%28ajp%29-MahmoudM_%28AdrianAbdulBaha%29-%D9%8A%D9%85%D9%8A%D9%86.wav
515,بكرة,ˈbuk.rˤɑ,2,1,LL-Q55633582 (ajp)-AseelF (AdrianAbdulBaha)-بُكرا.wav,https://upload.wikimedia.org/wikipedia/commons/4/4a/LL-Q55633582_%28ajp%29-AseelF_%28AdrianAbdulBaha%29-%D8%A8%D9%8F%D9%83%D8%B1%D8%A7.wav
1355,نادى,ˈnæː.da,2,1,LL-Q55633582 (ajp)-Khalil.rantissi-نادى.wav,https://upload.wikimedia.org/wikipedia/commons/a/a0/LL-Q55633582_%28ajp%29-Khalil.rantissi-%D9%86%D8%A7%D8%AF%D9%89.wav
459,بختفي,ˈbɪxt.fi,2,1,LL-Q55633582 (ajp)-Muhammad (AdrianAbdulBaha)-biḵtfi.wav,https://upload.wikimedia.org/wikipedia/commons/4/4f/LL-Q55633582_%28ajp%29-Muhammad_%28AdrianAbdulBaha%29-bi%E1%B8%B5tfi.wav
1083,غمض,ˈɣɑm.mɑdˤ,2,1,LL-Q55633582 (ajp)-Khalil.rantissi-غَمَّض.wav,https://upload.wikimedia.org/wikipedia/commons/3/32/LL-Q55633582_%28ajp%29-Khalil.rantissi-%D8%BA%D9%8E%D9%85%D9%8E%D9%91%D8%B6.wav
599,جهة,ˈʒɪ.ha,2,1,LL-Q55633582 (ajp)-Muhammad (AdrianAbdulBaha)-جهة.wav,https://upload.wikimedia.org/wikipedia/commons/f/f8/LL-Q55633582_%28ajp%29-Muhammad_%28AdrianAbdulBaha%29-%D8%AC%D9%87%D8%A9.wav
247,كلسون,kalˈsoːn,2,2,LL-Q55633582 (ajp)-Muhammad (AdrianAbdulBaha)-كلسون.wav,https://upload.wikimedia.org/wikipedia/commons/8/80/LL-Q55633582_%28ajp%29-Muhammad_%28AdrianAbdulBaha%29-%D9%83%D9%84%D8%B3%D9%88%D9%86.wav
698,خمري,ˈxam.ri,2,1,LL-Q55633582 (ajp)-Muhammad (AdrianAbdulBaha)-خمري.wav,https://upload.wikimedia.org/wikipedia/commons/5/57/LL-Q55633582_%28ajp%29-Muhammad_%28AdrianAbdulBaha%29-%D8%AE%D9%85%D8%B1%D9%8A.wav
96,جاكيت,ʒaˈkeːt,2,2,LL-Q55633582 (ajp)-Muhammad (AdrianAbdulBaha)-جاكيت.wav,https://upload.wikimedia.org/wikipedia/commons/b/b8/LL-Q55633582_%28ajp%29-Muhammad_%28AdrianAbdulBaha%29-%D8%AC%D8%A7%D9%83%D9%8A%D8%AA.wav
762,ربع,ˈrʊ.b(ʊ)ʕ,2,1,LL-Q55633582 (ajp)-Muhammad (AdrianAbdulBaha)-رُبع.wav,https://upload.wikimedia.org/wikipedia/commons/d/da/LL-Q55633582_%28ajp%29-Muhammad_%28AdrianAbdulBaha%29-%D8%B1%D9%8F%D8%A8%D8%B9.wav
45,انتاك,ɪnˈtæːk,2,2,LL-Q55633582 (ajp)-Khalil.rantissi-انتاك.wav,https://upload.wikimedia.org/wikipedia/commons/b/b4/LL-Q55633582_%28ajp%29-Khalil.rantissi-%D8%A7%D9%86%D8%AA%D8%A7%D9%83.wav
1384,نفس,ˈna.fas,2,1,LL-Q55633582 (ajp)-Muhammad (AdrianAbdulBaha)-نفس.wav,https://upload.wikimedia.org/wikipedia/commons/0/0c/LL-Q55633582_%28ajp%29-Muhammad_%28AdrianAbdulBaha%29-%D9%86%D9%81%D8%B3.wav
240,كابوس,kæˈbuːs,2,2,LL-Q55633582 (ajp)-Muhammad (AdrianAbdulBaha)-كابوس.wav,https://upload.wikimedia.org/wikipedia/commons/2/27/LL-Q55633582_%28ajp%29-Muhammad_%28AdrianAbdulBaha%29-%D9%83%D8%A7%D8%A8%D9%88%D8%B3.wav
1057,عوى,ˈʕaw.wa,2,1,LL-Q55633582 (ajp)-Khalil.rantissi-عَوّى.wav,https://upload.wikimedia.org/wikipedia/commons/f/f4/LL-Q55633582_%28ajp%29-Khalil.rantissi-%D8%B9%D9%8E%D9%88%D9%91%D9%89.wav
1185,قلل,ˈʔal.lal,2,1,LL-Q55633582 (ajp)-Khalil.rantissi-قَلَّل.wav,https://upload.wikimedia.org/wikipedia/commons/2/28/LL-Q55633582_%28ajp%29-Khalil.rantissi-%D9%82%D9%8E%D9%84%D9%8E%D9%91%D9%84.wav
548,تالت,ˈtæː.lɪt,2,1,LL-Q55633582 (ajp)-Muhammad (AdrianAbdulBaha)-تالت.wav,https://upload.wikimedia.org/wikipedia/commons/3/34/LL-Q55633582_%28ajp%29-Muhammad_%28AdrianAbdulBaha%29-%D8%AA%D8%A7%D9%84%D8%AA.wav
780,ركض,ˈra.kad,2,1,LL-Q55633582 (ajp)-Khalil.rantissi-رَكَض.wav,https://upload.wikimedia.org/wikipedia/commons/d/d7/LL-Q55633582_%28ajp%29-Khalil.rantissi-%D8%B1%D9%8E%D9%83%D9%8E%D8%B6.wav
580,جدد,ˈʒad.dad,2,1,LL-Q55633582 (ajp)-Khalil.rantissi-جَدَّد.wav,https://upload.wikimedia.org/wikipedia/commons/a/aa/LL-Q55633582_%28ajp%29-Khalil.rantissi-%D8%AC%D9%8E%D8%AF%D9%8E%D9%91%D8%AF.wav
1104,فخدة,ˈfax.de,2,1,LL-Q55633582 (ajp)-Muhammad (AdrianAbdulBaha)-فخدة.wav,https://upload.wikimedia.org/wikipedia/commons/9/97/LL-Q55633582_%28ajp%29-Muhammad_%28AdrianAbdulBaha%29-%D9%81%D8%AE%D8%AF%D8%A9.wav
429,إنه,ˈʔɪn.no,2,1,LL-Q55633582 (ajp)-AdrianAbdulBaha-إنّه.wav,https://upload.wikimedia.org/wikipedia/commons/2/26/LL-Q55633582_%28ajp%29-AdrianAbdulBaha-%D8%A5%D9%86%D9%91%D9%87.wav
1077,غطى,ˈɣɑtˤ.tˤɑ,2,1,LL-Q55633582 (ajp)-Khalil.rantissi-غَطّى.wav,https://upload.wikimedia.org/wikipedia/commons/e/eb/LL-Q55633582_%28ajp%29-Khalil.rantissi-%D8%BA%D9%8E%D8%B7%D9%91%D9%89.wav
139,دكتور,dʊkˈtoːr,2,2,LL-Q55633582 (ajp)-Muhammad (AdrianAbdulBaha)-دكتور.wav,https://upload.wikimedia.org/wikipedia/commons/c/c0/LL-Q55633582_%28ajp%29-Muhammad_%28AdrianAbdulBaha%29-%D8%AF%D9%83%D8%AA%D9%88%D8%B1.wav
86,تعبان,taʕˈbæːn,2,2,LL-Q55633582 (ajp)-Khalil.rantissi-تَعبان.wav,https://upload.wikimedia.org/wikipedia/commons/a/af/LL-Q55633582_%28ajp%29-Khalil.rantissi-%D8%AA%D9%8E%D8%B9%D8%A8%D8%A7%D9%86.wav
241,كبريت,kɪbˈriːt,2,2,LL-Q55633582 (ajp)-Muhammad (AdrianAbdulBaha)-كبريت.wav,https://upload.wikimedia.org/wikipedia/commons/b/b1/LL-Q55633582_%28ajp%29-Muhammad_%28AdrianAbdulBaha%29-%D9%83%D8%A8%D8%B1%D9%8A%D8%AA.wav
667,خالص,ˈxɑː.lɪsˤ,2,1,LL-Q55633582 (ajp)-Muhammad (AdrianAbdulBaha)-خالص.wav,https://upload.wikimedia.org/wikipedia/commons/d/d8/LL-Q55633582_%28ajp%29-Muhammad_%28AdrianAbdulBaha%29-%D8%AE%D8%A7%D9%84%D8%B5.wav
884,شرب,ˈʃi.rɪb,2,1,LL-Q55633582 (ajp)-Khalil.rantissi-شرب.wav,https://upload.wikimedia.org/wikipedia/commons/e/ed/LL-Q55633582_%28ajp%29-Khalil.rantissi-%D8%B4%D8%B1%D8%A8.wav
1140,فلح,ˈfa.laħ,2,1,LL-Q55633582 (ajp)-Khalil.rantissi-فَلَح.wav,https://upload.wikimedia.org/wikipedia/commons/b/b8/LL-Q55633582_%28ajp%29-Khalil.rantissi-%D9%81%D9%8E%D9%84%D9%8E%D8%AD.wav
1001,عجن,ˈʕa.ʒan,2,1,LL-Q55633582 (ajp)-Khalil.rantissi-عَجَن.wav,https://upload.wikimedia.org/wikipedia/commons/6/64/LL-Q55633582_%28ajp%29-Khalil.rantissi-%D8%B9%D9%8E%D8%AC%D9%8E%D9%86.wav
207,عويص,ʕaˈwiːsˤ,2,2,LL-Q55633582 (ajp)-Muhammad (AdrianAbdulBaha)-عويص.wav,https://upload.wikimedia.org/wikipedia/commons/4/43/LL-Q55633582_%28ajp%29-Muhammad_%28AdrianAbdulBaha%29-%D8%B9%D9%88%D9%8A%D8%B5.wav
1258,لما,ˈlam.ma,2,1,LL-Q55633582 (ajp)-AdrianAbdulBaha-لمّا.wav,https://upload.wikimedia.org/wikipedia/commons/d/da/LL-Q55633582_%28ajp%29-AdrianAbdulBaha-%D9%84%D9%85%D9%91%D8%A7.wav
1249,لزق,ˈlaz.zaʔ,2,1,LL-Q55633582 (ajp)-Khalil.rantissi-لَزَّق.wav,https://upload.wikimedia.org/wikipedia/commons/f/f4/LL-Q55633582_%28ajp%29-Khalil.rantissi-%D9%84%D9%8E%D8%B2%D9%8E%D9%91%D9%82.wav
261,مبروك,mabˈruːk,2,2,LL-Q55633582 (ajp)-Muhammad (AdrianAbdulBaha)-مبروك.wav,https://upload.wikimedia.org/wikipedia/commons/0/0a/LL-Q55633582_%28ajp%29-Muhammad_%28AdrianAbdulBaha%29-%D9%85%D8%A8%D8%B1%D9%88%D9%83.wav
800,زفت,ˈzaf.fat,2,1,LL-Q55633582 (ajp)-Khalil.rantissi-زَفَّت.wav,https://upload.wikimedia.org/wikipedia/commons/d/d6/LL-Q55633582_%28ajp%29-Khalil.rantissi-%D8%B2%D9%8E%D9%81%D9%8E%D9%91%D8%AA.wav
379,أصبع,ˈʔʊsˤ.baʕ,2,1,LL-Q55633582 (ajp)-Khalil.rantissi-اُصبَع.wav,https://upload.wikimedia.org/wikipedia/commons/1/1e/LL-Q55633582_%28ajp%29-Khalil.rantissi-%D8%A7%D9%8F%D8%B5%D8%A8%D9%8E%D8%B9.wav
1290,مريح,ˈmraj.jɪħ,2,1,LL-Q55633582 (ajp)-AdrianAbdulBaha-مريح.wav,https://upload.wikimedia.org/wikipedia/commons/7/72/LL-Q55633582_%28ajp%29-AdrianAbdulBaha-%D9%85%D8%B1%D9%8A%D8%AD.wav
427,إلا,ˈʔɪl.la,2,1,LL-Q55633582 (ajp)-AdrianAbdulBaha-إلّا.wav,https://upload.wikimedia.org/wikipedia/commons/e/e7/LL-Q55633582_%28ajp%29-AdrianAbdulBaha-%D8%A5%D9%84%D9%91%D8%A7.wav
605,جينة,ˈʒeː.ne,2,1,LL-Q55633582 (ajp)-Muhammad (AdrianAbdulBaha)-جينة.wav,https://upload.wikimedia.org/wikipedia/commons/5/5e/LL-Q55633582_%28ajp%29-Muhammad_%28AdrianAbdulBaha%29-%D8%AC%D9%8A%D9%86%D8%A9.wav
930,صحرا,ˈsˤɑħ.rˤɑ,2,1,LL-Q55633582 (ajp)-Muhammad (AdrianAbdulBaha)-صحرا.wav,https://upload.wikimedia.org/wikipedia/commons/5/5b/LL-Q55633582_%28ajp%29-Muhammad_%28AdrianAbdulBaha%29-%D8%B5%D8%AD%D8%B1%D8%A7.wav
854,سمح,ˈsa.maħ,2,1,LL-Q55633582 (ajp)-Khalil.rantissi-سَمَح.wav,https://upload.wikimedia.org/wikipedia/commons/c/c0/LL-Q55633582_%28ajp%29-Khalil.rantissi-%D8%B3%D9%8E%D9%85%D9%8E%D8%AD.wav
1225,كنة,ˈkɪn.ne,2,1,LL-Q55633582 (ajp)-Muhammad (AdrianAbdulBaha)-كنّة.wav,https://upload.wikimedia.org/wikipedia/commons/b/b7/LL-Q55633582_%28ajp%29-Muhammad_%28AdrianAbdulBaha%29-%D9%83%D9%86%D9%91%D8%A9.wav
611,حاسد,ˈħæː.sɪd,2,1,LL-Q55633582 (ajp)-Muhammad (AdrianAbdulBaha)-حاسد.wav,https://upload.wikimedia.org/wikipedia/commons/d/d0/LL-Q55633582_%28ajp%29-Muhammad_%28AdrianAbdulBaha%29-%D8%AD%D8%A7%D8%B3%D8%AF.wav
484,بشع,ˈbaʃ.ʃaʕ,2,1,LL-Q55633582 (ajp)-Muhammad (AdrianAbdulBaha)-بشع.wav,https://upload.wikimedia.org/wikipedia/commons/4/4b/LL-Q55633582_%28ajp%29-Muhammad_%28AdrianAbdulBaha%29-%D8%A8%D8%B4%D8%B9.wav
89,تلات,taˈlæːt,2,2,LL-Q55633582 (ajp)-AseelF (AdrianAbdulBaha)-3.wav,https://upload.wikimedia.org/wikipedia/commons/b/bf/LL-Q55633582_%28ajp%29-AseelF_%28AdrianAbdulBaha%29-3.wav
551,تخت,ˈta.x(ɪ)t,2,1,LL-Q55633582 (ajp)-Muhammad (AdrianAbdulBaha)-تخت.wav,https://upload.wikimedia.org/wikipedia/commons/d/d9/LL-Q55633582_%28ajp%29-Muhammad_%28AdrianAbdulBaha%29-%D8%AA%D8%AE%D8%AA.wav
1086,غنى,ˈɣan.na,2,1,LL-Q55633582 (ajp)-Khalil.rantissi-غَنّى.wav,https://upload.wikimedia.org/wikipedia/commons/c/c4/LL-Q55633582_%28ajp%29-Khalil.rantissi-%D8%BA%D9%8E%D9%86%D9%91%D9%89.wav
830,سجل,ˈsaʒ.ʒal,2,1,LL-Q55633582 (ajp)-Khalil.rantissi-سَجَّل.wav,https://upload.wikimedia.org/wikipedia/commons/a/a1/LL-Q55633582_%28ajp%29-Khalil.rantissi-%D8%B3%D9%8E%D8%AC%D9%8E%D9%91%D9%84.wav
1244,لحم,ˈla.ħ(ɪ)m,2,1,LL-Q55633582 (ajp)-Khalil.rantissi-لحم.wav,https://upload.wikimedia.org/wikipedia/commons/8/8a/LL-Q55633582_%28ajp%29-Khalil.rantissi-%D9%84%D8%AD%D9%85.wav
713,دخل,ˈda.xal,2,1,LL-Q55633582 (ajp)-Khalil.rantissi-دخل.wav,https://upload.wikimedia.org/wikipedia/commons/e/ec/LL-Q55633582_%28ajp%29-Khalil.rantissi-%D8%AF%D8%AE%D9%84.wav
861,سوريا,ˈsuːr.ja,2,1,LL-Q55633582 (ajp)-AdrianAbdulBaha-سوريا.wav,https://upload.wikimedia.org/wikipedia/commons/f/f2/LL-Q55633582_%28ajp%29-AdrianAbdulBaha-%D8%B3%D9%88%D8%B1%D9%8A%D8%A7.wav
1202,كبكب,ˈkab.kab,2,1,LL-Q55633582 (ajp)-Khalil.rantissi-كَبكَب.wav,https://upload.wikimedia.org/wikipedia/commons/d/df/LL-Q55633582_%28ajp%29-Khalil.rantissi-%D9%83%D9%8E%D8%A8%D9%83%D9%8E%D8%A8.wav
683,خربط,ˈxɑrˤ.bɑtˤ,2,1,LL-Q55633582 (ajp)-Khalil.rantissi-خَربَط.wav,https://upload.wikimedia.org/wikipedia/commons/e/e6/LL-Q55633582_%28ajp%29-Khalil.rantissi-%D8%AE%D9%8E%D8%B1%D8%A8%D9%8E%D8%B7.wav
1289,مرستق,ˈmras.taʔ,2,1,LL-Q55633582 (ajp)-Muhammad (AdrianAbdulBaha)-مرستق.wav,https://upload.wikimedia.org/wikipedia/commons/6/65/LL-Q55633582_%28ajp%29-Muhammad_%28AdrianAbdulBaha%29-%D9%85%D8%B1%D8%B3%D8%AA%D9%82.wav
118,حمام,ħaˈmæːm,2,2,LL-Q55633582 (ajp)-AdrianAbdulBaha-حمام.wav,https://upload.wikimedia.org/wikipedia/commons/7/7f/LL-Q55633582_%28ajp%29-AdrianAbdulBaha-%D8%AD%D9%85%D8%A7%D9%85.wav
1059,عيد,ˈʕaj.jad,2,1,LL-Q55633582 (ajp)-Khalil.rantissi-عيد.wav,https://upload.wikimedia.org/wikipedia/commons/1/17/LL-Q55633582_%28ajp%29-Khalil.rantissi-%D8%B9%D9%8A%D8%AF.wav
217,فخور,faˈxuːr,2,2,LL-Q55633582 (ajp)-Muhammad (AdrianAbdulBaha)-فخور.wav,https://upload.wikimedia.org/wikipedia/commons/f/fb/LL-Q55633582_%28ajp%29-Muhammad_%28AdrianAbdulBaha%29-%D9%81%D8%AE%D9%88%D8%B1.wav
1118,فريزر,ˈfriː.zar,2,1,LL-Q55633582 (ajp)-Muhammad (AdrianAbdulBaha)-فريزر.wav,https://upload.wikimedia.org/wikipedia/commons/1/1b/LL-Q55633582_%28ajp%29-Muhammad_%28AdrianAbdulBaha%29-%D9%81%D8%B1%D9%8A%D8%B2%D8%B1.wav
1201,كبس,ˈka.bas,2,1,LL-Q55633582 (ajp)-Khalil.rantissi-كَبَس.wav,https://upload.wikimedia.org/wikipedia/commons/c/c6/LL-Q55633582_%28ajp%29-Khalil.rantissi-%D9%83%D9%8E%D8%A8%D9%8E%D8%B3.wav
914,شهر,ˈʃa.h(ɪ)r,2,1,LL-Q55633582 (ajp)-AseelF (AdrianAbdulBaha)-شَهر.wav,https://upload.wikimedia.org/wikipedia/commons/7/74/LL-Q55633582_%28ajp%29-AseelF_%28AdrianAbdulBaha%29-%D8%B4%D9%8E%D9%87%D8%B1.wav
991,عالي,ˈʕæː.li,2,1,LL-Q55633582 (ajp)-Muhammad (AdrianAbdulBaha)-عالي.wav,https://upload.wikimedia.org/wikipedia/commons/4/4f/LL-Q55633582_%28ajp%29-Muhammad_%28AdrianAbdulBaha%29-%D8%B9%D8%A7%D9%84%D9%8A.wav
354,أدنى,ˈʔad.na,2,1,LL-Q55633582 (ajp)-Muhammad (AdrianAbdulBaha)-أدنى.wav,https://upload.wikimedia.org/wikipedia/commons/8/85/LL-Q55633582_%28ajp%29-Muhammad_%28AdrianAbdulBaha%29-%D8%A3%D8%AF%D9%86%D9%89.wav
527,بلوزة,ˈbluː.ze,2,1,LL-Q55633582 (ajp)-Muhammad (AdrianAbdulBaha)-بلوزة.wav,https://upload.wikimedia.org/wikipedia/commons/5/5d/LL-Q55633582_%28ajp%29-Muhammad_%28AdrianAbdulBaha%29-%D8%A8%D9%84%D9%88%D8%B2%D8%A9.wav
368,أسس,ˈʔas.sas,2,1,LL-Q55633582 (ajp)-Khalil.rantissi-أسَّس.wav,https://upload.wikimedia.org/wikipedia/commons/a/a4/LL-Q55633582_%28ajp%29-Khalil.rantissi-%D8%A3%D8%B3%D9%8E%D9%91%D8%B3.wav
453,بحترم,ˈbɪħt.rɪm,2,1,LL-Q55633582 (ajp)-Muhammad (AdrianAbdulBaha)-بحترم.wav,https://upload.wikimedia.org/wikipedia/commons/d/dc/LL-Q55633582_%28ajp%29-Muhammad_%28AdrianAbdulBaha%29-%D8%A8%D8%AD%D8%AA%D8%B1%D9%85.wav
171,شطرنج,ʃɑtˤˈrˤɑnʒ,2,2,LL-Q55633582 (ajp)-Muhammad (AdrianAbdulBaha)-شطرنج.wav,https://upload.wikimedia.org/wikipedia/commons/8/87/LL-Q55633582_%28ajp%29-Muhammad_%28AdrianAbdulBaha%29-%D8%B4%D8%B7%D8%B1%D9%86%D8%AC.wav
495,بعتر,ˈbaʕ.tar,2,1,LL-Q55633582 (ajp)-Khalil.rantissi-بَعتَر.wav,https://upload.wikimedia.org/wikipedia/commons/0/0b/LL-Q55633582_%28ajp%29-Khalil.rantissi-%D8%A8%D9%8E%D8%B9%D8%AA%D9%8E%D8%B1.wav
500,بعتقل,ˈbɪʕt.ʔɪl,2,1,LL-Q55633582 (ajp)-Muhammad (AdrianAbdulBaha)-بعتقل.wav,https://upload.wikimedia.org/wikipedia/commons/3/39/LL-Q55633582_%28ajp%29-Muhammad_%28AdrianAbdulBaha%29-%D8%A8%D8%B9%D8%AA%D9%82%D9%84.wav
267,مختار,mʊxˈtɑːrˤ,2,2,LL-Q55633582 (ajp)-Muhammad (AdrianAbdulBaha)-مختار.wav,https://upload.wikimedia.org/wikipedia/commons/3/36/LL-Q55633582_%28ajp%29-Muhammad_%28AdrianAbdulBaha%29-%D9%85%D8%AE%D8%AA%D8%A7%D8%B1.wav
966,طايش,ˈtˤɑː.jɪʃ,2,1,LL-Q55633582 (ajp)-Muhammad (AdrianAbdulBaha)-طايش.wav,https://upload.wikimedia.org/wikipedia/commons/c/c9/LL-Q55633582_%28ajp%29-Muhammad_%28AdrianAbdulBaha%29-%D8%B7%D8%A7%D9%8A%D8%B4.wav
1215,كفة,ˈkaf.fe,2,1,LL-Q55633582 (ajp)-Muhammad (AdrianAbdulBaha)-كفّة.wav,https://upload.wikimedia.org/wikipedia/commons/2/23/LL-Q55633582_%28ajp%29-Muhammad_%28AdrianAbdulBaha%29-%D9%83%D9%81%D9%91%D8%A9.wav
695,خلع,ˈxa.laʕ,2,1,LL-Q55633582 (ajp)-Khalil.rantissi-خَلَع.wav,https://upload.wikimedia.org/wikipedia/commons/3/37/LL-Q55633582_%28ajp%29-Khalil.rantissi-%D8%AE%D9%8E%D9%84%D9%8E%D8%B9.wav
672,خامل,ˈxæː.mɪl,2,1,LL-Q55633582 (ajp)-Muhammad (AdrianAbdulBaha)-خامل.wav,https://upload.wikimedia.org/wikipedia/commons/6/69/LL-Q55633582_%28ajp%29-Muhammad_%28AdrianAbdulBaha%29-%D8%AE%D8%A7%D9%85%D9%84.wav
1382,نفخ,ˈna.fax,2,1,LL-Q55633582 (ajp)-Khalil.rantissi-نَفَخ.wav,https://upload.wikimedia.org/wikipedia/commons/d/d8/LL-Q55633582_%28ajp%29-Khalil.rantissi-%D9%86%D9%8E%D9%81%D9%8E%D8%AE.wav
813,سابق,ˈsæː.baʔ,2,1,LL-Q55633582 (ajp)-Khalil.rantissi-سابَق.wav,https://upload.wikimedia.org/wikipedia/commons/b/bd/LL-Q55633582_%28ajp%29-Khalil.rantissi-%D8%B3%D8%A7%D8%A8%D9%8E%D9%82.wav
764,رتب,ˈrat.tab,2,1,LL-Q55633582 (ajp)-Khalil.rantissi-رَتَّب.wav,https://upload.wikimedia.org/wikipedia/commons/a/a1/LL-Q55633582_%28ajp%29-Khalil.rantissi-%D8%B1%D9%8E%D8%AA%D9%8E%D9%91%D8%A8.wav
180,صديق,sˤɑˈdˤiːq,2,2,LL-Q55633582 (ajp)-MahmoudM (AdrianAbdulBaha)-صديق.wav,https://upload.wikimedia.org/wikipedia/commons/f/f7/LL-Q55633582_%28ajp%29-MahmoudM_%28AdrianAbdulBaha%29-%D8%B5%D8%AF%D9%8A%D9%82.wav
112,حكيم,ħaˈkiːm,2,2,LL-Q55633582 (ajp)-Muhammad (AdrianAbdulBaha)-حكيم.wav,https://upload.wikimedia.org/wikipedia/commons/b/b7/LL-Q55633582_%28ajp%29-Muhammad_%28AdrianAbdulBaha%29-%D8%AD%D9%83%D9%8A%D9%85.wav
266,محيط,mʊˈħiːtˤ,2,2,LL-Q55633582 (ajp)-Muhammad (AdrianAbdulBaha)-محيط.wav,https://upload.wikimedia.org/wikipedia/commons/e/e6/LL-Q55633582_%28ajp%29-Muhammad_%28AdrianAbdulBaha%29-%D9%85%D8%AD%D9%8A%D8%B7.wav
24,إنجاص,ʔɪnˈʒɑːsˤ,2,2,LL-Q55633582 (ajp)-Khalil.rantissi-إنجاص.wav,https://upload.wikimedia.org/wikipedia/commons/1/18/LL-Q55633582_%28ajp%29-Khalil.rantissi-%D8%A5%D9%86%D8%AC%D8%A7%D8%B5.wav
659,حول,ˈħaw.wal,2,1,LL-Q55633582 (ajp)-Khalil.rantissi-حَوَّل.wav,https://upload.wikimedia.org/wikipedia/commons/7/7e/LL-Q55633582_%28ajp%29-Khalil.rantissi-%D8%AD%D9%8E%D9%88%D9%8E%D9%91%D9%84.wav
1229,كومة,ˈkoː.me,2,1,LL-Q55633582 (ajp)-Muhammad (AdrianAbdulBaha)-كومة.wav,https://upload.wikimedia.org/wikipedia/commons/1/1b/LL-Q55633582_%28ajp%29-Muhammad_%28AdrianAbdulBaha%29-%D9%83%D9%88%D9%85%D8%A9.wav
243,كرتون,karˈtoːn,2,2,LL-Q55633582 (ajp)-Muhammad (AdrianAbdulBaha)-كرتون.wav,https://upload.wikimedia.org/wikipedia/commons/b/bf/LL-Q55633582_%28ajp%29-Muhammad_%28AdrianAbdulBaha%29-%D9%83%D8%B1%D8%AA%D9%88%D9%86.wav
1247,لخص,ˈlˤɑx.xɑsˤ,2,1,LL-Q55633582 (ajp)-Khalil.rantissi-لَخَّص.wav,https://upload.wikimedia.org/wikipedia/commons/7/78/LL-Q55633582_%28ajp%29-Khalil.rantissi-%D9%84%D9%8E%D8%AE%D9%8E%D9%91%D8%B5.wav
137,دقيقة,daˈʔiːʔa,2,2,LL-Q55633582 (ajp)-AseelF (AdrianAbdulBaha)-دَقيقة.wav,https://upload.wikimedia.org/wikipedia/commons/d/d4/LL-Q55633582_%28ajp%29-AseelF_%28AdrianAbdulBaha%29-%D8%AF%D9%8E%D9%82%D9%8A%D9%82%D8%A9.wav
671,خامس,ˈxæː.mɪs,2,1,LL-Q55633582 (ajp)-Muhammad (AdrianAbdulBaha)-خامس.wav,https://upload.wikimedia.org/wikipedia/commons/b/b1/LL-Q55633582_%28ajp%29-Muhammad_%28AdrianAbdulBaha%29-%D8%AE%D8%A7%D9%85%D8%B3.wav
1214,كشف,ˈka.ʃaf,2,1,LL-Q55633582 (ajp)-Khalil.rantissi-كَشَف.wav,https://upload.wikimedia.org/wikipedia/commons/e/e7/LL-Q55633582_%28ajp%29-Khalil.rantissi-%D9%83%D9%8E%D8%B4%D9%8E%D9%81.wav
1339,ملى,ˈmal.la,2,1,LL-Q55633582 (ajp)-AdrianAbdulBaha-مَلّى.wav,https://upload.wikimedia.org/wikipedia/commons/7/7a/LL-Q55633582_%28ajp%29-AdrianAbdulBaha-%D9%85%D9%8E%D9%84%D9%91%D9%89.wav
1292,مزعج,ˈmʊz.ʕɪʒ,2,1,LL-Q55633582 (ajp)-Muhammad (AdrianAbdulBaha)-مزعج.wav,https://upload.wikimedia.org/wikipedia/commons/3/39/LL-Q55633582_%28ajp%29-Muhammad_%28AdrianAbdulBaha%29-%D9%85%D8%B2%D8%B9%D8%AC.wav
857,سمى,ˈsam.ma,2,1,LL-Q55633582 (ajp)-Khalil.rantissi-سَمّى.wav,https://upload.wikimedia.org/wikipedia/commons/a/af/LL-Q55633582_%28ajp%29-Khalil.rantissi-%D8%B3%D9%8E%D9%85%D9%91%D9%89.wav
726,دغري,ˈdʊɣ.ri,2,1,LL-Q55633582 (ajp)-MahmoudM (AdrianAbdulBaha)-دغري.wav,https://upload.wikimedia.org/wikipedia/commons/c/c5/LL-Q55633582_%28ajp%29-MahmoudM_%28AdrianAbdulBaha%29-%D8%AF%D8%BA%D8%B1%D9%8A.wav
221,فنجان,fɪnˈʒæːn,2,2,LL-Q55633582 (ajp)-IbrahimZ (AdrianAbdulBaha)-فنجان.wav,https://upload.wikimedia.org/wikipedia/commons/4/41/LL-Q55633582_%28ajp%29-IbrahimZ_%28AdrianAbdulBaha%29-%D9%81%D9%86%D8%AC%D8%A7%D9%86.wav
1008,عذر,ˈʕa.ðarˤ,2,1,LL-Q55633582 (ajp)-Khalil.rantissi-عَذَر.wav,https://upload.wikimedia.org/wikipedia/commons/a/ac/LL-Q55633582_%28ajp%29-Khalil.rantissi-%D8%B9%D9%8E%D8%B0%D9%8E%D8%B1.wav
1047,عمو,ˈʕam.mo,2,1,LL-Q55633582 (ajp)-Muhammad (AdrianAbdulBaha)-عمّو.wav,https://upload.wikimedia.org/wikipedia/commons/0/06/LL-Q55633582_%28ajp%29-Muhammad_%28AdrianAbdulBaha%29-%D8%B9%D9%85%D9%91%D9%88.wav
423,إجر,ˈʔi.ʒ(ɪ)r,2,1,LL-Q55633582 (ajp)-Khalil.rantissi-إجر.wav,https://upload.wikimedia.org/wikipedia/commons/8/83/LL-Q55633582_%28ajp%29-Khalil.rantissi-%D8%A5%D8%AC%D8%B1.wav
781,ركع,ˈra.kaʕ,2,1,LL-Q55633582 (ajp)-Khalil.rantissi-رَكَع.wav,https://upload.wikimedia.org/wikipedia/commons/3/3d/LL-Q55633582_%28ajp%29-Khalil.rantissi-%D8%B1%D9%8E%D9%83%D9%8E%D8%B9.wav
572,جامعة,ˈʒæːm.ʕa,2,1,LL-Q55633582 (ajp)-Muhammad (AdrianAbdulBaha)-جامعة.wav,https://upload.wikimedia.org/wikipedia/commons/e/e0/LL-Q55633582_%28ajp%29-Muhammad_%28AdrianAbdulBaha%29-%D8%AC%D8%A7%D9%85%D8%B9%D8%A9.wav
926,صالة,ˈsˤɑː.le,2,1,LL-Q55633582 (ajp)-Muhammad (AdrianAbdulBaha)-صالة.wav,https://upload.wikimedia.org/wikipedia/commons/4/4b/LL-Q55633582_%28ajp%29-Muhammad_%28AdrianAbdulBaha%29-%D8%B5%D8%A7%D9%84%D8%A9.wav
937,صدى,ˈsˤɑdˤ.dˤɑ,2,1,LL-Q55633582 (ajp)-Muhammad (AdrianAbdulBaha)-صَدّى.wav,https://upload.wikimedia.org/wikipedia/commons/7/77/LL-Q55633582_%28ajp%29-Muhammad_%28AdrianAbdulBaha%29-%D8%B5%D9%8E%D8%AF%D9%91%D9%89.wav
350,أخلى,ˈʔax.la,2,1,LL-Q55633582 (ajp)-Khalil.rantissi-أخلى.wav,https://upload.wikimedia.org/wikipedia/commons/d/de/LL-Q55633582_%28ajp%29-Khalil.rantissi-%D8%A3%D8%AE%D9%84%D9%89.wav
727,دفا,ˈda.fa,2,1,LL-Q55633582 (ajp)-Muhammad (AdrianAbdulBaha)-دفا.wav,https://upload.wikimedia.org/wikipedia/commons/3/3b/LL-Q55633582_%28ajp%29-Muhammad_%28AdrianAbdulBaha%29-%D8%AF%D9%81%D8%A7.wav
721,درزي,ˈdur.zi,2,1,LL-Q55633582 (ajp)-Khalil.rantissi-دَرزيّ.wav,https://upload.wikimedia.org/wikipedia/commons/6/64/LL-Q55633582_%28ajp%29-Khalil.rantissi-%D8%AF%D9%8E%D8%B1%D8%B2%D9%8A%D9%91.wav
1338,ملح,ˈma.l(ɪ)ħ,2,1,LL-Q55633582 (ajp)-Khalil.rantissi-ملح.wav,https://upload.wikimedia.org/wikipedia/commons/0/05/LL-Q55633582_%28ajp%29-Khalil.rantissi-%D9%85%D9%84%D8%AD.wav
840,سطح,ˈsˤɑ.tˤ(ɪ)ħ,2,1,LL-Q55633582 (ajp)-Muhammad (AdrianAbdulBaha)-سطح.wav,https://upload.wikimedia.org/wikipedia/commons/a/a7/LL-Q55633582_%28ajp%29-Muhammad_%28AdrianAbdulBaha%29-%D8%B3%D8%B7%D8%AD.wav
793,ريحا,ˈriː.ħa,2,1,LL-Q55633582 (ajp)-Khalil.rantissi-ريحا.wav,https://upload.wikimedia.org/wikipedia/commons/a/a7/LL-Q55633582_%28ajp%29-Khalil.rantissi-%D8%B1%D9%8A%D8%AD%D8%A7.wav
620,حبس,ˈħa.bas,2,1,LL-Q55633582 (ajp)-Khalil.rantissi-حَبَس.wav,https://upload.wikimedia.org/wikipedia/commons/f/f6/LL-Q55633582_%28ajp%29-Khalil.rantissi-%D8%AD%D9%8E%D8%A8%D9%8E%D8%B3.wav
1033,عفى,ˈʕa.fa,2,1,LL-Q55633582 (ajp)-Khalil.rantissi-عَفى.wav,https://upload.wikimedia.org/wikipedia/commons/3/3b/LL-Q55633582_%28ajp%29-Khalil.rantissi-%D8%B9%D9%8E%D9%81%D9%89.wav
334,أبن,ˈʔab.ban,2,1,LL-Q55633582 (ajp)-Khalil.rantissi-أبَّن.wav,https://upload.wikimedia.org/wikipedia/commons/8/8c/LL-Q55633582_%28ajp%29-Khalil.rantissi-%D8%A3%D8%A8%D9%8E%D9%91%D9%86.wav
710,دايما,ˈdæːj.man,2,1,LL-Q55633582 (ajp)-AseelF (AdrianAbdulBaha)-دايمًا.wav,https://upload.wikimedia.org/wikipedia/commons/d/d9/LL-Q55633582_%28ajp%29-AseelF_%28AdrianAbdulBaha%29-%D8%AF%D8%A7%D9%8A%D9%85%D9%8B%D8%A7.wav
997,عبر,ˈʕab.bar,2,1,LL-Q55633582 (ajp)-Khalil.rantissi-عَبَّر.wav,https://upload.wikimedia.org/wikipedia/commons/2/2d/LL-Q55633582_%28ajp%29-Khalil.rantissi-%D8%B9%D9%8E%D8%A8%D9%8E%D9%91%D8%B1.wav
11,أفاد,ʔaˈfæːd,2,2,LL-Q55633582 (ajp)-Khalil.rantissi-أفاد.wav,https://upload.wikimedia.org/wikipedia/commons/5/56/LL-Q55633582_%28ajp%29-Khalil.rantissi-%D8%A3%D9%81%D8%A7%D8%AF.wav
120,حياة,ħaˈjæː,2,2,LL-Q55633582 (ajp)-MahmoudM (AdrianAbdulBaha)-حياة.wav,https://upload.wikimedia.org/wikipedia/commons/9/9f/LL-Q55633582_%28ajp%29-MahmoudM_%28AdrianAbdulBaha%29-%D8%AD%D9%8A%D8%A7%D8%A9.wav
1009,عرب,ˈʕar.rab,2,1,LL-Q55633582 (ajp)-AdrianAbdulBaha-عرب.wav,https://upload.wikimedia.org/wikipedia/commons/5/5e/LL-Q55633582_%28ajp%29-AdrianAbdulBaha-%D8%B9%D8%B1%D8%A8.wav
923,صاحبة,ˈsˤɑːħ.be,2,1,LL-Q55633582 (ajp)-Muhammad (AdrianAbdulBaha)-صاحبة.wav,https://upload.wikimedia.org/wikipedia/commons/8/87/LL-Q55633582_%28ajp%29-Muhammad_%28AdrianAbdulBaha%29-%D8%B5%D8%A7%D8%AD%D8%A8%D8%A9.wav
227,قرار,qɑˈrˤɑːrˤ,2,2,LL-Q55633582 (ajp)-Muhammad (AdrianAbdulBaha)-قرار.wav,https://upload.wikimedia.org/wikipedia/commons/b/b0/LL-Q55633582_%28ajp%29-Muhammad_%28AdrianAbdulBaha%29-%D9%82%D8%B1%D8%A7%D8%B1.wav
157,سريع,saˈriːʕ,2,2,LL-Q55633582 (ajp)-Muhammad (AdrianAbdulBaha)-سريع.wav,https://upload.wikimedia.org/wikipedia/commons/e/ef/LL-Q55633582_%28ajp%29-Muhammad_%28AdrianAbdulBaha%29-%D8%B3%D8%B1%D9%8A%D8%B9.wav
1022,عصر,ˈʕa.sˤɑrˤ,2,1,LL-Q55633582 (ajp)-Muhammad (AdrianAbdulBaha)-عصر.wav,https://upload.wikimedia.org/wikipedia/commons/1/15/LL-Q55633582_%28ajp%29-Muhammad_%28AdrianAbdulBaha%29-%D8%B9%D8%B5%D8%B1.wav
994,عاند,ˈʕæː.nad,2,1,LL-Q55633582 (ajp)-Khalil.rantissi-عانَد.wav,https://upload.wikimedia.org/wikipedia/commons/2/2c/LL-Q55633582_%28ajp%29-Khalil.rantissi-%D8%B9%D8%A7%D9%86%D9%8E%D8%AF.wav
524,بلش,ˈbal.laʃ,2,1,LL-Q55633582 (ajp)-Khalil.rantissi-بلّش.wav,https://upload.wikimedia.org/wikipedia/commons/7/75/LL-Q55633582_%28ajp%29-Khalil.rantissi-%D8%A8%D9%84%D9%91%D8%B4.wav
1362,ناوي,ˈnæː.wi,2,1,LL-Q55633582 (ajp)-Muhammad (AdrianAbdulBaha)-ناوي.wav,https://upload.wikimedia.org/wikipedia/commons/7/75/LL-Q55633582_%28ajp%29-Muhammad_%28AdrianAbdulBaha%29-%D9%86%D8%A7%D9%88%D9%8A.wav
1397,نهدي,ˈnah.di,2,1,LL-Q55633582 (ajp)-Muhammad (AdrianAbdulBaha)-نهدي.wav,https://upload.wikimedia.org/wikipedia/commons/2/2e/LL-Q55633582_%28ajp%29-Muhammad_%28AdrianAbdulBaha%29-%D9%86%D9%87%D8%AF%D9%8A.wav
782,ركن,ˈra.kan,2,1,LL-Q55633582 (ajp)-Khalil.rantissi-رَكَن.wav,https://upload.wikimedia.org/wikipedia/commons/5/52/LL-Q55633582_%28ajp%29-Khalil.rantissi-%D8%B1%D9%8E%D9%83%D9%8E%D9%86.wav
719,درج,ˈda.raʒ,2,1,LL-Q55633582 (ajp)-Muhammad (AdrianAbdulBaha)-درج.wav,https://upload.wikimedia.org/wikipedia/commons/b/b8/LL-Q55633582_%28ajp%29-Muhammad_%28AdrianAbdulBaha%29-%D8%AF%D8%B1%D8%AC.wav
1438,وشوش,ˈwaʃ.waʃ,2,1,LL-Q55633582 (ajp)-AdrianAbdulBaha-وَشوَش.wav,https://upload.wikimedia.org/wikipedia/commons/2/2b/LL-Q55633582_%28ajp%29-AdrianAbdulBaha-%D9%88%D9%8E%D8%B4%D9%88%D9%8E%D8%B4.wav
1345,موقف,ˈmaw.ʔɪf,2,1,LL-Q55633582 (ajp)-Muhammad (AdrianAbdulBaha)-موقف.wav,https://upload.wikimedia.org/wikipedia/commons/c/c2/LL-Q55633582_%28ajp%29-Muhammad_%28AdrianAbdulBaha%29-%D9%85%D9%88%D9%82%D9%81.wav
689,خضرة,ˈxʊdˤ.rɑ,2,1,LL-Q55633582 (ajp)-Khalil.rantissi-خضرة.wav,https://upload.wikimedia.org/wikipedia/commons/4/46/LL-Q55633582_%28ajp%29-Khalil.rantissi-%D8%AE%D8%B6%D8%B1%D8%A9.wav
77,بوفيه,buˈfeː,2,2,LL-Q55633582 (ajp)-Muhammad (AdrianAbdulBaha)-بوفيه.wav,https://upload.wikimedia.org/wikipedia/commons/2/2a/LL-Q55633582_%28ajp%29-Muhammad_%28AdrianAbdulBaha%29-%D8%A8%D9%88%D9%81%D9%8A%D9%87.wav
725,دعى,ˈda.ʕa,2,1,LL-Q55633582 (ajp)-Khalil.rantissi-دَعى.wav,https://upload.wikimedia.org/wikipedia/commons/3/3e/LL-Q55633582_%28ajp%29-Khalil.rantissi-%D8%AF%D9%8E%D8%B9%D9%89.wav
449,ببتسم,ˈbɪbt.sɪm,2,1,LL-Q55633582 (ajp)-Muhammad (AdrianAbdulBaha)-ببتسم.wav,https://upload.wikimedia.org/wikipedia/commons/3/3a/LL-Q55633582_%28ajp%29-Muhammad_%28AdrianAbdulBaha%29-%D8%A8%D8%A8%D8%AA%D8%B3%D9%85.wav
214,غميق,ɣaˈmiːʔ,2,2,LL-Q55633582 (ajp)-Muhammad (AdrianAbdulBaha)-غميق.wav,https://upload.wikimedia.org/wikipedia/commons/0/04/LL-Q55633582_%28ajp%29-Muhammad_%28AdrianAbdulBaha%29-%D8%BA%D9%85%D9%8A%D9%82.wav
1199,كبد,ˈkɪ.b(ɪ)d,2,1,LL-Q55633582 (ajp)-Muhammad (AdrianAbdulBaha)-كبد.wav,https://upload.wikimedia.org/wikipedia/commons/0/0e/LL-Q55633582_%28ajp%29-Muhammad_%28AdrianAbdulBaha%29-%D9%83%D8%A8%D8%AF.wav
143,ربيع,rˤɑˈbiːʕ,2,2,LL-Q55633582 (ajp)-Muhammad (AdrianAbdulBaha)-ربيع.wav,https://upload.wikimedia.org/wikipedia/commons/5/54/LL-Q55633582_%28ajp%29-Muhammad_%28AdrianAbdulBaha%29-%D8%B1%D8%A8%D9%8A%D8%B9.wav
499,بعتقد,ˈbɪʕt.ʔɪd,2,1,LL-Q55633582 (ajp)-Muhammad (AdrianAbdulBaha)-بعتقد.wav,https://upload.wikimedia.org/wikipedia/commons/e/eb/LL-Q55633582_%28ajp%29-Muhammad_%28AdrianAbdulBaha%29-%D8%A8%D8%B9%D8%AA%D9%82%D8%AF.wav
792,ريح,ˈraj.jaħ,2,1,LL-Q55633582 (ajp)-Muhammad (AdrianAbdulBaha)-ريح.wav,https://upload.wikimedia.org/wikipedia/commons/8/81/LL-Q55633582_%28ajp%29-Muhammad_%28AdrianAbdulBaha%29-%D8%B1%D9%8A%D8%AD.wav
1286,مرة,ˈmɑ.rˤɑ,2,1,LL-Q55633582 (ajp)-MahmoudM (AdrianAbdulBaha)-مرة.wav,https://upload.wikimedia.org/wikipedia/commons/5/57/LL-Q55633582_%28ajp%29-MahmoudM_%28AdrianAbdulBaha%29-%D9%85%D8%B1%D8%A9.wav
364,أزعر,ˈʔaz.ʕɑrˤ,2,1,LL-Q55633582 (ajp)-Mohammad-LPA-أزعر.wav,https://upload.wikimedia.org/wikipedia/commons/5/57/LL-Q55633582_%28ajp%29-Mohammad-LPA-%D8%A3%D8%B2%D8%B9%D8%B1.wav
90,تلميذ,tɪlˈmiːz,2,2,LL-Q55633582 (ajp)-Muhammad (AdrianAbdulBaha)-تلميذ.wav,https://upload.wikimedia.org/wikipedia/commons/a/ac/LL-Q55633582_%28ajp%29-Muhammad_%28AdrianAbdulBaha%29-%D8%AA%D9%84%D9%85%D9%8A%D8%B0.wav
1060,عير,ˈʕaj.jar,2,1,LL-Q55633582 (ajp)-Khalil.rantissi-عَيَّر.wav,https://upload.wikimedia.org/wikipedia/commons/b/b2/LL-Q55633582_%28ajp%29-Khalil.rantissi-%D8%B9%D9%8E%D9%8A%D9%8E%D9%91%D8%B1.wav
250,كويس,kwajˈjɪs,2,2,LL-Q55633582 (ajp)-MahmoudM (AdrianAbdulBaha)-كويّس.wav,https://upload.wikimedia.org/wikipedia/commons/2/26/LL-Q55633582_%28ajp%29-MahmoudM_%28AdrianAbdulBaha%29-%D9%83%D9%88%D9%8A%D9%91%D8%B3.wav
735,دلل,ˈdal.lal,2,1,LL-Q55633582 (ajp)-Khalil.rantissi-دلَّل.wav,https://upload.wikimedia.org/wikipedia/commons/3/3c/LL-Q55633582_%28ajp%29-Khalil.rantissi-%D8%AF%D9%84%D9%8E%D9%91%D9%84.wav
1296,مسجد,ˈmas.ʒɪd,2,1,LL-Q55633582 (ajp)-Khalil.rantissi-مَسجِد.wav,https://upload.wikimedia.org/wikipedia/commons/5/5f/LL-Q55633582_%28ajp%29-Khalil.rantissi-%D9%85%D9%8E%D8%B3%D8%AC%D9%90%D8%AF.wav
886,شرد,ˈʃa.rad,2,1,LL-Q55633582 (ajp)-Muhammad (AdrianAbdulBaha)-شَرَد.wav,https://upload.wikimedia.org/wikipedia/commons/5/5b/LL-Q55633582_%28ajp%29-Muhammad_%28AdrianAbdulBaha%29-%D8%B4%D9%8E%D8%B1%D9%8E%D8%AF.wav
1131,فطر,ˈfɪ.tˤɪr,2,1,LL-Q55633582 (ajp)-Muhammad (AdrianAbdulBaha)-فطر.wav,https://upload.wikimedia.org/wikipedia/commons/a/a6/LL-Q55633582_%28ajp%29-Muhammad_%28AdrianAbdulBaha%29-%D9%81%D8%B7%D8%B1.wav
901,شكر,ˈʃa.kar,2,1,LL-Q55633582 (ajp)-Khalil.rantissi-شَكَر.wav,https://upload.wikimedia.org/wikipedia/commons/8/8a/LL-Q55633582_%28ajp%29-Khalil.rantissi-%D8%B4%D9%8E%D9%83%D9%8E%D8%B1.wav
192,عرقان,ʕɑrˤˈʔɑːn,2,2,LL-Q55633582 (ajp)-Khalil.rantissi-عَرقان.wav,https://upload.wikimedia.org/wikipedia/commons/4/44/LL-Q55633582_%28ajp%29-Khalil.rantissi-%D8%B9%D9%8E%D8%B1%D9%82%D8%A7%D9%86.wav
135,دبان,dubˈbæːn,2,2,LL-Q55633582 (ajp)-Muhammad (AdrianAbdulBaha)-دبان.wav,https://upload.wikimedia.org/wikipedia/commons/c/ca/LL-Q55633582_%28ajp%29-Muhammad_%28AdrianAbdulBaha%29-%D8%AF%D8%A8%D8%A7%D9%86.wav
579,جدة,ˈʒad.de,2,1,LL-Q55633582 (ajp)-Muhammad (AdrianAbdulBaha)-جدة.wav,https://upload.wikimedia.org/wikipedia/commons/b/b4/LL-Q55633582_%28ajp%29-Muhammad_%28AdrianAbdulBaha%29-%D8%AC%D8%AF%D8%A9.wav
1035,عكا,ˈʕak.ka,2,1,LL-Q55633582 (ajp)-Khalil.rantissi-عكا.wav,https://upload.wikimedia.org/wikipedia/commons/d/d1/LL-Q55633582_%28ajp%29-Khalil.rantissi-%D8%B9%D9%83%D8%A7.wav
162,سهران,sɑhˈrˤɑːn,2,2,LL-Q55633582 (ajp)-Khalil.rantissi-سَهران.wav,https://upload.wikimedia.org/wikipedia/commons/5/55/LL-Q55633582_%28ajp%29-Khalil.rantissi-%D8%B3%D9%8E%D9%87%D8%B1%D8%A7%D9%86.wav
814,سادة,ˈsæː.da,2,1,LL-Q55633582 (ajp)-Muhammad (AdrianAbdulBaha)-سادة.wav,https://upload.wikimedia.org/wikipedia/commons/a/a2/LL-Q55633582_%28ajp%29-Muhammad_%28AdrianAbdulBaha%29-%D8%B3%D8%A7%D8%AF%D8%A9.wav
1298,مسح,ˈma.saħ,2,1,LL-Q55633582 (ajp)-Khalil.rantissi-مَسَح.wav,https://upload.wikimedia.org/wikipedia/commons/3/34/LL-Q55633582_%28ajp%29-Khalil.rantissi-%D9%85%D9%8E%D8%B3%D9%8E%D8%AD.wav
385,أعلن,ˈʔaʕ.lan,2,1,LL-Q55633582 (ajp)-Khalil.rantissi-أعلَن.wav,https://upload.wikimedia.org/wikipedia/commons/3/3f/LL-Q55633582_%28ajp%29-Khalil.rantissi-%D8%A3%D8%B9%D9%84%D9%8E%D9%86.wav
958,ضيع,ˈdˤɑj.jɑʕ,2,1,LL-Q55633582 (ajp)-Khalil.rantissi-ضَيَّع.wav,https://upload.wikimedia.org/wikipedia/commons/f/f0/LL-Q55633582_%28ajp%29-Khalil.rantissi-%D8%B6%D9%8E%D9%8A%D9%8E%D9%91%D8%B9.wav
1269,مالح,ˈmæː.lɪħ,2,1,LL-Q55633582 (ajp)-Muhammad (AdrianAbdulBaha)-مالح.wav,https://upload.wikimedia.org/wikipedia/commons/9/94/LL-Q55633582_%28ajp%29-Muhammad_%28AdrianAbdulBaha%29-%D9%85%D8%A7%D9%84%D8%AD.wav
1075,غطا,ˈɣɑ.tˤɑ,2,1,LL-Q55633582 (ajp)-Muhammad (AdrianAbdulBaha)-غطا.wav,https://upload.wikimedia.org/wikipedia/commons/a/a8/LL-Q55633582_%28ajp%29-Muhammad_%28AdrianAbdulBaha%29-%D8%BA%D8%B7%D8%A7.wav
229,قريب,ʔaˈriːb,2,2,LL-Q55633582 (ajp)-MahmoudM (AdrianAbdulBaha)-قريب.wav,https://upload.wikimedia.org/wikipedia/commons/d/df/LL-Q55633582_%28ajp%29-MahmoudM_%28AdrianAbdulBaha%29-%D9%82%D8%B1%D9%8A%D8%A8.wav
791,روق,ˈraw.waʔ,2,1,LL-Q55633582 (ajp)-Muhammad (AdrianAbdulBaha)-رَوَّق.wav,https://upload.wikimedia.org/wikipedia/commons/3/34/LL-Q55633582_%28ajp%29-Muhammad_%28AdrianAbdulBaha%29-%D8%B1%D9%8E%D9%88%D9%8E%D9%91%D9%82.wav
30,احمر,(ɪ)ħˈmɑrˤ,2,2,LL-Q55633582 (ajp)-AdrianAbdulBaha-احمرّ.wav,https://upload.wikimedia.org/wikipedia/commons/a/af/LL-Q55633582_%28ajp%29-AdrianAbdulBaha-%D8%A7%D8%AD%D9%85%D8%B1%D9%91.wav
411,أنقذ,ˈʔɑn.qɑz,2,1,LL-Q55633582 (ajp)-Khalil.rantissi-أنقَذ.wav,https://upload.wikimedia.org/wikipedia/commons/4/48/LL-Q55633582_%28ajp%29-Khalil.rantissi-%D8%A3%D9%86%D9%82%D9%8E%D8%B0.wav
1073,غزة,ˈɣaz.ze,2,1,LL-Q55633582 (ajp)-Khalil.rantissi-غزّة.wav,https://upload.wikimedia.org/wikipedia/commons/9/9b/LL-Q55633582_%28ajp%29-Khalil.rantissi-%D8%BA%D8%B2%D9%91%D8%A9.wav
78,بولاد,buˈlæːd,2,2,LL-Q55633582 (ajp)-Muhammad (AdrianAbdulBaha)-بولاد.wav,https://upload.wikimedia.org/wikipedia/commons/a/a8/LL-Q55633582_%28ajp%29-Muhammad_%28AdrianAbdulBaha%29-%D8%A8%D9%88%D9%84%D8%A7%D8%AF.wav
601,جوا,ˈʒuw.wa,2,1,LL-Q55633582 (ajp)-AdrianAbdulBaha-جوّا.wav,https://upload.wikimedia.org/wikipedia/commons/c/c6/LL-Q55633582_%28ajp%29-AdrianAbdulBaha-%D8%AC%D9%88%D9%91%D8%A7.wav
1175,قضى,ˈʔɑ.dˤɑ,2,1,LL-Q55633582 (ajp)-Khalil.rantissi-قَضى.wav,https://upload.wikimedia.org/wikipedia/commons/5/51/LL-Q55633582_%28ajp%29-Khalil.rantissi-%D9%82%D9%8E%D8%B6%D9%89.wav
231,قصدير,qɑzˤˈdˤiːrˤ,2,2,LL-Q55633582 (ajp)-Muhammad (AdrianAbdulBaha)-قصدير.wav,https://upload.wikimedia.org/wikipedia/commons/8/84/LL-Q55633582_%28ajp%29-Muhammad_%28AdrianAbdulBaha%29-%D9%82%D8%B5%D8%AF%D9%8A%D8%B1.wav
1454,ولد,ˈwa.lad,2,1,LL-Q55633582 (ajp)-MahmoudM (AdrianAbdulBaha)-ولد.wav,https://upload.wikimedia.org/wikipedia/commons/8/86/LL-Q55633582_%28ajp%29-MahmoudM_%28AdrianAbdulBaha%29-%D9%88%D9%84%D8%AF.wav
565,توج,ˈtaw.waʒ,2,1,LL-Q55633582 (ajp)-Khalil.rantissi-تَوَّج.wav,https://upload.wikimedia.org/wikipedia/commons/b/b7/LL-Q55633582_%28ajp%29-Khalil.rantissi-%D8%AA%D9%8E%D9%88%D9%8E%D9%91%D8%AC.wav
634,حسب,ˈħa.sab,2,1,LL-Q55633582 (ajp)-Khalil.rantissi-حَسَب.wav,https://upload.wikimedia.org/wikipedia/commons/5/50/LL-Q55633582_%28ajp%29-Khalil.rantissi-%D8%AD%D9%8E%D8%B3%D9%8E%D8%A8.wav
828,سبق,ˈsa.baʔ,2,1,LL-Q55633582 (ajp)-Khalil.rantissi-سَبَق.wav,https://upload.wikimedia.org/wikipedia/commons/1/18/LL-Q55633582_%28ajp%29-Khalil.rantissi-%D8%B3%D9%8E%D8%A8%D9%8E%D9%82.wav
1346,مول,ˈmaw.wal,2,1,LL-Q55633582 (ajp)-Muhammad (AdrianAbdulBaha)-مول.wav,https://upload.wikimedia.org/wikipedia/commons/d/df/LL-Q55633582_%28ajp%29-Muhammad_%28AdrianAbdulBaha%29-%D9%85%D9%88%D9%84.wav
518,بلتخم,ˈbɪlt.xɪm,2,1,LL-Q55633582 (ajp)-Muhammad (AdrianAbdulBaha)-بلتخم.wav,https://upload.wikimedia.org/wikipedia/commons/b/bd/LL-Q55633582_%28ajp%29-Muhammad_%28AdrianAbdulBaha%29-%D8%A8%D9%84%D8%AA%D8%AE%D9%85.wav
1337,مكيج,ˈmak.jaʒ,2,1,LL-Q55633582 (ajp)-AdrianAbdulBaha-مَكيَج.wav,https://upload.wikimedia.org/wikipedia/commons/5/59/LL-Q55633582_%28ajp%29-AdrianAbdulBaha-%D9%85%D9%8E%D9%83%D9%8A%D9%8E%D8%AC.wav
1183,قلعة,ˈqɑl.ʕa,2,1,LL-Q55633582 (ajp)-Muhammad (AdrianAbdulBaha)-قلعة.wav,https://upload.wikimedia.org/wikipedia/commons/9/9f/LL-Q55633582_%28ajp%29-Muhammad_%28AdrianAbdulBaha%29-%D9%82%D9%84%D8%B9%D8%A9.wav
1034,عقم,ˈʕɑq.qɑm,2,1,LL-Q55633582 (ajp)-Khalil.rantissi-عَقَّم.wav,https://upload.wikimedia.org/wikipedia/commons/c/c0/LL-Q55633582_%28ajp%29-Khalil.rantissi-%D8%B9%D9%8E%D9%82%D9%8E%D9%91%D9%85.wav
687,خشب,ˈxa.ʃab,2,1,LL-Q55633582 (ajp)-Muhammad (AdrianAbdulBaha)-خشب.wav,https://upload.wikimedia.org/wikipedia/commons/3/32/LL-Q55633582_%28ajp%29-Muhammad_%28AdrianAbdulBaha%29-%D8%AE%D8%B4%D8%A8.wav
918,شوكة,ˈʃoː.ke,2,1,LL-Q55633582 (ajp)-IbrahimZ (AdrianAbdulBaha)-شوكة.wav,https://upload.wikimedia.org/wikipedia/commons/8/8e/LL-Q55633582_%28ajp%29-IbrahimZ_%28AdrianAbdulBaha%29-%D8%B4%D9%88%D9%83%D8%A9.wav
1365,نبه,ˈnab.bah,2,1,LL-Q55633582 (ajp)-Khalil.rantissi-نَبَّه.wav,https://upload.wikimedia.org/wikipedia/commons/4/46/LL-Q55633582_%28ajp%29-Khalil.rantissi-%D9%86%D9%8E%D8%A8%D9%8E%D9%91%D9%87.wav
906,شلة,ˈʃɪl.le,2,1,LL-Q55633582 (ajp)-Muhammad (AdrianAbdulBaha)-شلّة.wav,https://upload.wikimedia.org/wikipedia/commons/0/0d/LL-Q55633582_%28ajp%29-Muhammad_%28AdrianAbdulBaha%29-%D8%B4%D9%84%D9%91%D8%A9.wav
978,طلعة,ˈtˤɑl.ʕa,2,1,LL-Q55633582 (ajp)-Muhammad (AdrianAbdulBaha)-طلعة.wav,https://upload.wikimedia.org/wikipedia/commons/0/0a/LL-Q55633582_%28ajp%29-Muhammad_%28AdrianAbdulBaha%29-%D8%B7%D9%84%D8%B9%D8%A9.wav
246,كلام,kaˈlæːm,2,2,LL-Q55633582 (ajp)-Muhammad (AdrianAbdulBaha)-كلام.wav,https://upload.wikimedia.org/wikipedia/commons/c/cc/LL-Q55633582_%28ajp%29-Muhammad_%28AdrianAbdulBaha%29-%D9%83%D9%84%D8%A7%D9%85.wav
1422,وافق,ˈwæː.faʔ,2,1,LL-Q55633582 (ajp)-Khalil.rantissi-وافَق.wav,https://upload.wikimedia.org/wikipedia/commons/2/2f/LL-Q55633582_%28ajp%29-Khalil.rantissi-%D9%88%D8%A7%D9%81%D9%8E%D9%82.wav
440,انحاز,ˈɪn.ħæːz,2,1,LL-Q55633582 (ajp)-Khalil.rantissi-انحاز.wav,https://upload.wikimedia.org/wikipedia/commons/1/11/LL-Q55633582_%28ajp%29-Khalil.rantissi-%D8%A7%D9%86%D8%AD%D8%A7%D8%B2.wav
575,جبر,ˈʒa.bar,2,1,LL-Q55633582 (ajp)-Khalil.rantissi-جَبَر.wav,https://upload.wikimedia.org/wikipedia/commons/a/a7/LL-Q55633582_%28ajp%29-Khalil.rantissi-%D8%AC%D9%8E%D8%A8%D9%8E%D8%B1.wav
1415,هين,ˈhej.jɪn,2,1,LL-Q55633582 (ajp)-Muhammad (AdrianAbdulBaha)-هيّن.wav,https://upload.wikimedia.org/wikipedia/commons/3/37/LL-Q55633582_%28ajp%29-Muhammad_%28AdrianAbdulBaha%29-%D9%87%D9%8A%D9%91%D9%86.wav
1237,لبس,ˈla.bas,2,1,LL-Q55633582 (ajp)-Khalil.rantissi-لبس.wav,https://upload.wikimedia.org/wikipedia/commons/3/3d/LL-Q55633582_%28ajp%29-Khalil.rantissi-%D9%84%D8%A8%D8%B3.wav
636,حسس,ˈħas.sas,2,1,LL-Q55633582 (ajp)-Khalil.rantissi-حَسَّس.wav,https://upload.wikimedia.org/wikipedia/commons/8/80/LL-Q55633582_%28ajp%29-Khalil.rantissi-%D8%AD%D9%8E%D8%B3%D9%8E%D9%91%D8%B3.wav
872,شبك,ˈʃa.bak,2,1,LL-Q55633582 (ajp)-AdrianAbdulBaha-شَبَك.wav,https://upload.wikimedia.org/wikipedia/commons/c/c0/LL-Q55633582_%28ajp%29-AdrianAbdulBaha-%D8%B4%D9%8E%D8%A8%D9%8E%D9%83.wav
244,كسلان,kasˈlæːn,2,2,LL-Q55633582 (ajp)-Khalil.rantissi-كَسلان.wav,https://upload.wikimedia.org/wikipedia/commons/a/a3/LL-Q55633582_%28ajp%29-Khalil.rantissi-%D9%83%D9%8E%D8%B3%D9%84%D8%A7%D9%86.wav
835,سخونة,ˈsxuː.ne,2,1,LL-Q55633582 (ajp)-Muhammad (AdrianAbdulBaha)-سخونة.wav,https://upload.wikimedia.org/wikipedia/commons/f/fa/LL-Q55633582_%28ajp%29-Muhammad_%28AdrianAbdulBaha%29-%D8%B3%D8%AE%D9%88%D9%86%D8%A9.wav
1203,كتب,ˈka.tab,2,1,LL-Q55633582 (ajp)-Khalil.rantissi-كَتب.wav,https://upload.wikimedia.org/wikipedia/commons/8/86/LL-Q55633582_%28ajp%29-Khalil.rantissi-%D9%83%D9%8E%D8%AA%D8%A8.wav
115,حماة,ħaˈmæː,2,2,LL-Q55633582 (ajp)-Muhammad (AdrianAbdulBaha)-حماة.wav,https://upload.wikimedia.org/wikipedia/commons/8/81/LL-Q55633582_%28ajp%29-Muhammad_%28AdrianAbdulBaha%29-%D8%AD%D9%85%D8%A7%D8%A9.wav
125,خربان,xɑrˤˈbɑːn,2,2,LL-Q55633582 (ajp)-Khalil.rantissi-خَربان.wav,https://upload.wikimedia.org/wikipedia/commons/5/55/LL-Q55633582_%28ajp%29-Khalil.rantissi-%D8%AE%D9%8E%D8%B1%D8%A8%D8%A7%D9%86.wav
420,أير,ˈʔaj.jar,2,1,LL-Q55633582 (ajp)-Muhammad (AdrianAbdulBaha)-أيَّر.wav,https://upload.wikimedia.org/wikipedia/commons/6/6d/LL-Q55633582_%28ajp%29-Muhammad_%28AdrianAbdulBaha%29-%D8%A3%D9%8A%D9%8E%D9%91%D8%B1.wav
956,ضمن,ˈdˤɑ.mɑn,2,1,LL-Q55633582 (ajp)-AdrianAbdulBaha-ضَمَن.wav,https://upload.wikimedia.org/wikipedia/commons/5/5e/LL-Q55633582_%28ajp%29-AdrianAbdulBaha-%D8%B6%D9%8E%D9%85%D9%8E%D9%86.wav
1135,فعلا,ˈfɪʕ.lan,2,1,LL-Q55633582 (ajp)-AdrianAbdulBaha-فعلًا.wav,https://upload.wikimedia.org/wikipedia/commons/d/d6/LL-Q55633582_%28ajp%29-AdrianAbdulBaha-%D9%81%D8%B9%D9%84%D9%8B%D8%A7.wav
1451,ولا,ˈwa.la,2,1,LL-Q55633582 (ajp)-AdrianAbdulBaha-ولا.wav,https://upload.wikimedia.org/wikipedia/commons/c/cd/LL-Q55633582_%28ajp%29-AdrianAbdulBaha-%D9%88%D9%84%D8%A7.wav
1311,مضغ,ˈmɑ.dˤɑɣ,2,1,LL-Q55633582 (ajp)-Khalil.rantissi-مَضَغ.wav,https://upload.wikimedia.org/wikipedia/commons/7/71/LL-Q55633582_%28ajp%29-Khalil.rantissi-%D9%85%D9%8E%D8%B6%D9%8E%D8%BA.wav
1067,غالي,ˈɣæː.li,2,1,LL-Q55633582 (ajp)-Muhammad (AdrianAbdulBaha)-غالي.wav,https://upload.wikimedia.org/wikipedia/commons/6/64/LL-Q55633582_%28ajp%29-Muhammad_%28AdrianAbdulBaha%29-%D8%BA%D8%A7%D9%84%D9%8A.wav
1396,نمل,ˈna.m(ɪ)l,2,1,LL-Q55633582 (ajp)-Khalil.rantissi-نمل.wav,https://upload.wikimedia.org/wikipedia/commons/c/c2/LL-Q55633582_%28ajp%29-Khalil.rantissi-%D9%86%D9%85%D9%84.wav
977,طلب,ˈtˤɑ.lɑb,2,1,LL-Q55633582 (ajp)-Khalil.rantissi-طَلَب.wav,https://upload.wikimedia.org/wikipedia/commons/b/b3/LL-Q55633582_%28ajp%29-Khalil.rantissi-%D8%B7%D9%8E%D9%84%D9%8E%D8%A8.wav
933,صحي,ˈsˤi.ħi,2,1,LL-Q55633582 (ajp)-Khalil.rantissi-صِحي.wav,https://upload.wikimedia.org/wikipedia/commons/1/1e/LL-Q55633582_%28ajp%29-Khalil.rantissi-%D8%B5%D9%90%D8%AD%D9%8A.wav
606,حابب,ˈħæː.bɪb,2,1,LL-Q55633582 (ajp)-Khalil.rantissi-حابب.wav,https://upload.wikimedia.org/wikipedia/commons/2/24/LL-Q55633582_%28ajp%29-Khalil.rantissi-%D8%AD%D8%A7%D8%A8%D8%A8.wav
729,دفع,ˈda.faʕ,2,1,LL-Q55633582 (ajp)-Khalil.rantissi-دَفَع.wav,https://upload.wikimedia.org/wikipedia/commons/6/65/LL-Q55633582_%28ajp%29-Khalil.rantissi-%D8%AF%D9%8E%D9%81%D9%8E%D8%B9.wav
547,تاسع,ˈtæː.sɪʕ,2,1,LL-Q55633582 (ajp)-Muhammad (AdrianAbdulBaha)-تاسع.wav,https://upload.wikimedia.org/wikipedia/commons/5/5a/LL-Q55633582_%28ajp%29-Muhammad_%28AdrianAbdulBaha%29-%D8%AA%D8%A7%D8%B3%D8%B9.wav
1124,فضة,ˈfɪdˤ.dˤɑ,2,1,LL-Q55633582 (ajp)-Muhammad (AdrianAbdulBaha)-فضة.wav,https://upload.wikimedia.org/wikipedia/commons/b/bc/LL-Q55633582_%28ajp%29-Muhammad_%28AdrianAbdulBaha%29-%D9%81%D8%B6%D8%A9.wav
1220,كلف,ˈkal.laf,2,1,LL-Q55633582 (ajp)-Khalil.rantissi-كَلَّف.wav,https://upload.wikimedia.org/wikipedia/commons/d/d0/LL-Q55633582_%28ajp%29-Khalil.rantissi-%D9%83%D9%8E%D9%84%D9%8E%D9%91%D9%81.wav
69,بطيخ,bɑtˤˈtˤiːx,2,2,LL-Q55633582 (ajp)-IbrahimZ (AdrianAbdulBaha)-بطّيخ.wav,https://upload.wikimedia.org/wikipedia/commons/5/59/LL-Q55633582_%28ajp%29-IbrahimZ_%28AdrianAbdulBaha%29-%D8%A8%D8%B7%D9%91%D9%8A%D8%AE.wav
1133,فطن,ˈfɪ.tˤɪn,2,1,LL-Q55633582 (ajp)-Muhammad (AdrianAbdulBaha)-فِطِن.wav,https://upload.wikimedia.org/wikipedia/commons/6/6b/LL-Q55633582_%28ajp%29-Muhammad_%28AdrianAbdulBaha%29-%D9%81%D9%90%D8%B7%D9%90%D9%86.wav
1207,كرر,ˈkar.rar,2,1,LL-Q55633582 (ajp)-Khalil.rantissi-كَرَّر.wav,https://upload.wikimedia.org/wikipedia/commons/4/40/LL-Q55633582_%28ajp%29-Khalil.rantissi-%D9%83%D9%8E%D8%B1%D9%8E%D9%91%D8%B1.wav
456,بحر,ˈbɑ.ħɑrˤ,2,1,LL-Q55633582 (ajp)-Khalil.rantissi-بَحر.wav,https://upload.wikimedia.org/wikipedia/commons/d/d9/LL-Q55633582_%28ajp%29-Khalil.rantissi-%D8%A8%D9%8E%D8%AD%D8%B1.wav
328,آمن,ˈʔæː.man,2,1,LL-Q55633582 (ajp)-Khalil.rantissi-آمَن.wav,https://upload.wikimedia.org/wikipedia/commons/6/67/LL-Q55633582_%28ajp%29-Khalil.rantissi-%D8%A2%D9%85%D9%8E%D9%86.wav
1331,مقفل,ˈmʔaf.fal,2,1,LL-Q55633582 (ajp)-Muhammad (AdrianAbdulBaha)-مقفّل.wav,https://upload.wikimedia.org/wikipedia/commons/b/b7/LL-Q55633582_%28ajp%29-Muhammad_%28AdrianAbdulBaha%29-%D9%85%D9%82%D9%81%D9%91%D9%84.wav
1126,فضل,ˈfʌdˤ.dˤʌl,2,1,LL-Q55633582 (ajp)-Khalil.rantissi-فَضَّل.wav,https://upload.wikimedia.org/wikipedia/commons/b/b8/LL-Q55633582_%28ajp%29-Khalil.rantissi-%D9%81%D9%8E%D8%B6%D9%8E%D9%91%D9%84.wav
49,انزاد,ɪnˈzæːd,2,2,LL-Q55633582 (ajp)-Khalil.rantissi-انزاد.wav,https://upload.wikimedia.org/wikipedia/commons/f/fb/LL-Q55633582_%28ajp%29-Khalil.rantissi-%D8%A7%D9%86%D8%B2%D8%A7%D8%AF.wav
664,خاطب,ˈxɑː.tˤɪb,2,1,LL-Q55633582 (ajp)-Muhammad (AdrianAbdulBaha)-خاطب.wav,https://upload.wikimedia.org/wikipedia/commons/7/73/LL-Q55633582_%28ajp%29-Muhammad_%28AdrianAbdulBaha%29-%D8%AE%D8%A7%D8%B7%D8%A8.wav
97,جدار,ʒɪˈdɑːrˤ,2,2,LL-Q55633582 (ajp)-Muhammad (AdrianAbdulBaha)-جدار.wav,https://upload.wikimedia.org/wikipedia/commons/9/99/LL-Q55633582_%28ajp%29-Muhammad_%28AdrianAbdulBaha%29-%D8%AC%D8%AF%D8%A7%D8%B1.wav
1313,مطرح,ˈmɑtˤ.rˤɑħ,2,1,LL-Q55633582 (ajp)-Muhammad (AdrianAbdulBaha)-مطرح.wav,https://upload.wikimedia.org/wikipedia/commons/d/df/LL-Q55633582_%28ajp%29-Muhammad_%28AdrianAbdulBaha%29-%D9%85%D8%B7%D8%B1%D8%AD.wav
185,طابور,tˤɑˈbuːrˤ,2,2,LL-Q55633582 (ajp)-Muhammad (AdrianAbdulBaha)-طابور.wav,https://upload.wikimedia.org/wikipedia/commons/a/a0/LL-Q55633582_%28ajp%29-Muhammad_%28AdrianAbdulBaha%29-%D8%B7%D8%A7%D8%A8%D9%88%D8%B1.wav
372,أسلم,ˈʔas.lam,2,1,LL-Q55633582 (ajp)-AdrianAbdulBaha-أسلَم.wav,https://upload.wikimedia.org/wikipedia/commons/9/94/LL-Q55633582_%28ajp%29-AdrianAbdulBaha-%D8%A3%D8%B3%D9%84%D9%8E%D9%85.wav
1252,لغى,ˈla.ɣa,2,1,LL-Q55633582 (ajp)-Khalil.rantissi-لَغى.wav,https://upload.wikimedia.org/wikipedia/commons/e/ea/LL-Q55633582_%28ajp%29-Khalil.rantissi-%D9%84%D9%8E%D8%BA%D9%89.wav
685,خرف,ˈxar.raf,2,1,LL-Q55633582 (ajp)-Khalil.rantissi-خَرَّف.wav,https://upload.wikimedia.org/wikipedia/commons/f/f7/LL-Q55633582_%28ajp%29-Khalil.rantissi-%D8%AE%D9%8E%D8%B1%D9%8E%D9%91%D9%81.wav
154,ستيان,sɪtˈjæːn,2,2,LL-Q55633582 (ajp)-Muhammad (AdrianAbdulBaha)-ستيان.wav,https://upload.wikimedia.org/wikipedia/commons/6/6e/LL-Q55633582_%28ajp%29-Muhammad_%28AdrianAbdulBaha%29-%D8%B3%D8%AA%D9%8A%D8%A7%D9%86.wav
407,أمن,ˈʔam.man,2,1,LL-Q55633582 (ajp)-Khalil.rantissi-أمَّن.wav,https://upload.wikimedia.org/wikipedia/commons/a/a8/LL-Q55633582_%28ajp%29-Khalil.rantissi-%D8%A3%D9%85%D9%8E%D9%91%D9%86.wav
566,توستر,ˈtoːs.tɪr,2,1,LL-Q55633582 (ajp)-Muhammad (AdrianAbdulBaha)-توستر.wav,https://upload.wikimedia.org/wikipedia/commons/4/48/LL-Q55633582_%28ajp%29-Muhammad_%28AdrianAbdulBaha%29-%D8%AA%D9%88%D8%B3%D8%AA%D8%B1.wav
715,دخن,ˈdax.xan,2,1,LL-Q55633582 (ajp)-Khalil.rantissi-دَخَّن.wav,https://upload.wikimedia.org/wikipedia/commons/1/13/LL-Q55633582_%28ajp%29-Khalil.rantissi-%D8%AF%D9%8E%D8%AE%D9%8E%D9%91%D9%86.wav
446,بارك,ˈbæː.rak,2,1,LL-Q55633582 (ajp)-Khalil.rantissi-بارَك.wav,https://upload.wikimedia.org/wikipedia/commons/5/5f/LL-Q55633582_%28ajp%29-Khalil.rantissi-%D8%A8%D8%A7%D8%B1%D9%8E%D9%83.wav
1156,قاعد,ˈʔæː.ʕɪd,2,1,LL-Q55633582 (ajp)-Khalil.rantissi-قاعد.wav,https://upload.wikimedia.org/wikipedia/commons/1/12/LL-Q55633582_%28ajp%29-Khalil.rantissi-%D9%82%D8%A7%D8%B9%D8%AF.wav
48,انحل,ɪnˈħal,2,2,LL-Q55633582 (ajp)-Khalil.rantissi-انحَلّ.wav,https://upload.wikimedia.org/wikipedia/commons/6/67/LL-Q55633582_%28ajp%29-Khalil.rantissi-%D8%A7%D9%86%D8%AD%D9%8E%D9%84%D9%91.wav
555,تسع,ˈtʊ.s(ʊ)ʕ,2,1,LL-Q55633582 (ajp)-Muhammad (AdrianAbdulBaha)-تُسع.wav,https://upload.wikimedia.org/wikipedia/commons/d/d8/LL-Q55633582_%28ajp%29-Muhammad_%28AdrianAbdulBaha%29-%D8%AA%D9%8F%D8%B3%D8%B9.wav
679,خدع,ˈxa.daʕ,2,1,LL-Q55633582 (ajp)-AdrianAbdulBaha-خَدَع.wav,https://upload.wikimedia.org/wikipedia/commons/d/dd/LL-Q55633582_%28ajp%29-AdrianAbdulBaha-%D8%AE%D9%8E%D8%AF%D9%8E%D8%B9.wav
1017,عشا,ˈʕa.ʃa,2,1,LL-Q55633582 (ajp)-IbrahimZ (AdrianAbdulBaha)-عشا.wav,https://upload.wikimedia.org/wikipedia/commons/5/56/LL-Q55633582_%28ajp%29-IbrahimZ_%28AdrianAbdulBaha%29-%D8%B9%D8%B4%D8%A7.wav
210,غريب,ɣaˈriːb,2,2,LL-Q55633582 (ajp)-MahmoudM (AdrianAbdulBaha)-غريب.wav,https://upload.wikimedia.org/wikipedia/commons/f/f2/LL-Q55633582_%28ajp%29-MahmoudM_%28AdrianAbdulBaha%29-%D8%BA%D8%B1%D9%8A%D8%A8.wav
406,أمم,ˈʔam.mam,2,1,LL-Q55633582 (ajp)-Khalil.rantissi-أمَّم.wav,https://upload.wikimedia.org/wikipedia/commons/3/31/LL-Q55633582_%28ajp%29-Khalil.rantissi-%D8%A3%D9%85%D9%8E%D9%91%D9%85.wav
1191,قهوة,ˈʔah.we,2,1,LL-Q55633582 (ajp)-IbrahimZ (AdrianAbdulBaha)-قهوة.wav,https://upload.wikimedia.org/wikipedia/commons/1/1b/LL-Q55633582_%28ajp%29-IbrahimZ_%28AdrianAbdulBaha%29-%D9%82%D9%87%D9%88%D8%A9.wav
1204,كتف,ˈkɪ.t(ɪ)f,2,1,LL-Q55633582 (ajp)-Muhammad (AdrianAbdulBaha)-كتف.wav,https://upload.wikimedia.org/wikipedia/commons/b/b0/LL-Q55633582_%28ajp%29-Muhammad_%28AdrianAbdulBaha%29-%D9%83%D8%AA%D9%81.wav
1334,مكتب,ˈmak.tab,2,1,LL-Q55633582 (ajp)-Muhammad (AdrianAbdulBaha)-مكتب.wav,https://upload.wikimedia.org/wikipedia/commons/2/22/LL-Q55633582_%28ajp%29-Muhammad_%28AdrianAbdulBaha%29-%D9%85%D9%83%D8%AA%D8%A8.wav
54,انقال,ɪnˈʔæːl,2,2,LL-Q55633582 (ajp)-Khalil.rantissi-انقال.wav,https://upload.wikimedia.org/wikipedia/commons/6/6c/LL-Q55633582_%28ajp%29-Khalil.rantissi-%D8%A7%D9%86%D9%82%D8%A7%D9%84.wav
383,أضفر,ˈʔʊdˤ.fɑrˤ,2,1,LL-Q55633582 (ajp)-Khalil.rantissi-اُضفَر.wav,https://upload.wikimedia.org/wikipedia/commons/d/df/LL-Q55633582_%28ajp%29-Khalil.rantissi-%D8%A7%D9%8F%D8%B6%D9%81%D9%8E%D8%B1.wav
976,طفى,ˈtˤɑ.fɑ,2,1,LL-Q55633582 (ajp)-Khalil.rantissi-طَفى.wav,https://upload.wikimedia.org/wikipedia/commons/3/32/LL-Q55633582_%28ajp%29-Khalil.rantissi-%D8%B7%D9%8E%D9%81%D9%89.wav
675,خبط,ˈxɑ.bɑtˤ,2,1,LL-Q55633582 (ajp)-Khalil.rantissi-خَبَط.wav,https://upload.wikimedia.org/wikipedia/commons/5/53/LL-Q55633582_%28ajp%29-Khalil.rantissi-%D8%AE%D9%8E%D8%A8%D9%8E%D8%B7.wav
1194,كافي,ˈkæ.fi,2,1,LL-Q55633582 (ajp)-Muhammad (AdrianAbdulBaha)-كافي.wav,https://upload.wikimedia.org/wikipedia/commons/e/e5/LL-Q55633582_%28ajp%29-Muhammad_%28AdrianAbdulBaha%29-%D9%83%D8%A7%D9%81%D9%8A.wav
81,بيتلحم,beːtˈlaħm,2,2,LL-Q55633582 (ajp)-Khalil.rantissi-بيت لحم.wav,https://upload.wikimedia.org/wikipedia/commons/4/44/LL-Q55633582_%28ajp%29-Khalil.rantissi-%D8%A8%D9%8A%D8%AA_%D9%84%D8%AD%D9%85.wav
232,قصير,ʔɑˈsˤiːr,2,2,LL-Q55633582 (ajp)-Muhammad (AdrianAbdulBaha)-قصير.wav,https://upload.wikimedia.org/wikipedia/commons/c/ca/LL-Q55633582_%28ajp%29-Muhammad_%28AdrianAbdulBaha%29-%D9%82%D8%B5%D9%8A%D8%B1.wav
1138,فكرة,ˈfɪk.rˤɑ,2,1,LL-Q55633582 (ajp)-Muhammad (AdrianAbdulBaha)-فكرة.wav,https://upload.wikimedia.org/wikipedia/commons/d/dc/LL-Q55633582_%28ajp%29-Muhammad_%28AdrianAbdulBaha%29-%D9%81%D9%83%D8%B1%D8%A9.wav
1326,مغيم,ˈmɣaj.jɪm,2,1,LL-Q55633582 (ajp)-Muhammad (AdrianAbdulBaha)-مغيّم.wav,https://upload.wikimedia.org/wikipedia/commons/c/c4/LL-Q55633582_%28ajp%29-Muhammad_%28AdrianAbdulBaha%29-%D9%85%D8%BA%D9%8A%D9%91%D9%85.wav
772,رشح,ˈra.ʃaħ,2,1,LL-Q55633582 (ajp)-Muhammad (AdrianAbdulBaha)-رشح.wav,https://upload.wikimedia.org/wikipedia/commons/5/50/LL-Q55633582_%28ajp%29-Muhammad_%28AdrianAbdulBaha%29-%D8%B1%D8%B4%D8%AD.wav
845,سكملة,ˈskam.le,2,1,LL-Q55633582 (ajp)-Muhammad (AdrianAbdulBaha)-سكملة.wav,https://upload.wikimedia.org/wikipedia/commons/2/28/LL-Q55633582_%28ajp%29-Muhammad_%28AdrianAbdulBaha%29-%D8%B3%D9%83%D9%85%D9%84%D8%A9.wav
195,عريس,ʕaˈriːs,2,2,LL-Q55633582 (ajp)-MahmoudM (AdrianAbdulBaha)-عَريس.wav,https://upload.wikimedia.org/wikipedia/commons/0/09/LL-Q55633582_%28ajp%29-MahmoudM_%28AdrianAbdulBaha%29-%D8%B9%D9%8E%D8%B1%D9%8A%D8%B3.wav
837,سرق,ˈsa.raʔ,2,1,LL-Q55633582 (ajp)-Khalil.rantissi-سَرَق.wav,https://upload.wikimedia.org/wikipedia/commons/d/d7/LL-Q55633582_%28ajp%29-Khalil.rantissi-%D8%B3%D9%8E%D8%B1%D9%8E%D9%82.wav
279,مشغول,maʃˈɣuːl,2,2,LL-Q55633582 (ajp)-Muhammad (AdrianAbdulBaha)-مشغول.wav,https://upload.wikimedia.org/wikipedia/commons/a/a9/LL-Q55633582_%28ajp%29-Muhammad_%28AdrianAbdulBaha%29-%D9%85%D8%B4%D8%BA%D9%88%D9%84.wav
622,حجز,ˈħa.ʒaz,2,1,LL-Q55633582 (ajp)-Khalil.rantissi-حَجَز.wav,https://upload.wikimedia.org/wikipedia/commons/e/e8/LL-Q55633582_%28ajp%29-Khalil.rantissi-%D8%AD%D9%8E%D8%AC%D9%8E%D8%B2.wav
53,انفك,ɪnˈfak,2,2,LL-Q55633582 (ajp)-Khalil.rantissi-انفَكّ.wav,https://upload.wikimedia.org/wikipedia/commons/3/38/LL-Q55633582_%28ajp%29-Khalil.rantissi-%D8%A7%D9%86%D9%81%D9%8E%D9%83%D9%91.wav
436,اللي,ˈ(ɪ)l.li,2,1,LL-Q55633582 (ajp)-Muhammad (AdrianAbdulBaha)-اللي.wav,https://upload.wikimedia.org/wikipedia/commons/0/04/LL-Q55633582_%28ajp%29-Muhammad_%28AdrianAbdulBaha%29-%D8%A7%D9%84%D9%84%D9%8A.wav
276,مسموح,masˈmuːħ,2,2,LL-Q55633582 (ajp)-Muhammad (AdrianAbdulBaha)-مسموح.wav,https://upload.wikimedia.org/wikipedia/commons/f/ff/LL-Q55633582_%28ajp%29-Muhammad_%28AdrianAbdulBaha%29-%D9%85%D8%B3%D9%85%D9%88%D8%AD.wav
1211,كسب,ˈki.sɪb,2,1,LL-Q55633582 (ajp)-Khalil.rantissi-كِسِب.wav,https://upload.wikimedia.org/wikipedia/commons/3/3c/LL-Q55633582_%28ajp%29-Khalil.rantissi-%D9%83%D9%90%D8%B3%D9%90%D8%A8.wav
677,خجل,ˈxɪ.ʒɪl,2,1,LL-Q55633582 (ajp)-AdrianAbdulBaha-خجل.wav,https://upload.wikimedia.org/wikipedia/commons/c/c3/LL-Q55633582_%28ajp%29-AdrianAbdulBaha-%D8%AE%D8%AC%D9%84.wav
1234,لاحق,ˈlæː.ħaʔ,2,1,LL-Q55633582 (ajp)-Khalil.rantissi-لاحَق.wav,https://upload.wikimedia.org/wikipedia/commons/7/77/LL-Q55633582_%28ajp%29-Khalil.rantissi-%D9%84%D8%A7%D8%AD%D9%8E%D9%82.wav
100,جميل,ʒaˈmiːl,2,2,LL-Q55633582 (ajp)-Muhammad (AdrianAbdulBaha)-جميل.wav,https://upload.wikimedia.org/wikipedia/commons/0/09/LL-Q55633582_%28ajp%29-Muhammad_%28AdrianAbdulBaha%29-%D8%AC%D9%85%D9%8A%D9%84.wav
1117,فرن,ˈfʊ.r(o)n,2,1,LL-Q55633582 (ajp)-Muhammad (AdrianAbdulBaha)-فرن.wav,https://upload.wikimedia.org/wikipedia/commons/f/fa/LL-Q55633582_%28ajp%29-Muhammad_%28AdrianAbdulBaha%29-%D9%81%D8%B1%D9%86.wav
313,نعسان,naʕˈsæːn,2,2,LL-Q55633582 (ajp)-Khalil.rantissi-نَعسان.wav,https://upload.wikimedia.org/wikipedia/commons/2/2f/LL-Q55633582_%28ajp%29-Khalil.rantissi-%D9%86%D9%8E%D8%B9%D8%B3%D8%A7%D9%86.wav
957,ضوى,ˈdˤɑ.wɑ,2,1,LL-Q55633582 (ajp)-Khalil.rantissi-ضَوى.wav,https://upload.wikimedia.org/wikipedia/commons/1/10/LL-Q55633582_%28ajp%29-Khalil.rantissi-%D8%B6%D9%8E%D9%88%D9%89.wav
4,أسبوع,ʔʊsˈbuːʕ,2,2,LL-Q55633582 (ajp)-Muhammad (AdrianAbdulBaha)-آخر الأسبوع.wav,https://upload.wikimedia.org/wikipedia/commons/c/c4/LL-Q55633582_%28ajp%29-Muhammad_%28AdrianAbdulBaha%29-%D8%A2%D8%AE%D8%B1_%D8%A7%D9%84%D8%A3%D8%B3%D8%A8%D9%88%D8%B9.wav
539,بني,ˈbɪn.ni,2,1,LL-Q55633582 (ajp)-Muhammad (AdrianAbdulBaha)-بني.wav,https://upload.wikimedia.org/wikipedia/commons/5/58/LL-Q55633582_%28ajp%29-Muhammad_%28AdrianAbdulBaha%29-%D8%A8%D9%86%D9%8A.wav
1151,قابل,ˈʔæː.bɪl,2,1,LL-Q55633582 (ajp)-Khalil.rantissi-قابل.wav,https://upload.wikimedia.org/wikipedia/commons/5/51/LL-Q55633582_%28ajp%29-Khalil.rantissi-%D9%82%D8%A7%D8%A8%D9%84.wav
550,تاني,ˈtæː.ni,2,1,LL-Q55633582 (ajp)-Muhammad (AdrianAbdulBaha)-تاني.wav,https://upload.wikimedia.org/wikipedia/commons/b/bd/LL-Q55633582_%28ajp%29-Muhammad_%28AdrianAbdulBaha%29-%D8%AA%D8%A7%D9%86%D9%8A.wav
219,فريق,faˈriːq,2,2,LL-Q55633582 (ajp)-Muhammad (AdrianAbdulBaha)-فريق.wav,https://upload.wikimedia.org/wikipedia/commons/b/b9/LL-Q55633582_%28ajp%29-Muhammad_%28AdrianAbdulBaha%29-%D9%81%D8%B1%D9%8A%D9%82.wav
1417,واجه,ˈwæː.ʒah,2,1,LL-Q55633582 (ajp)-Khalil.rantissi-واجَه.wav,https://upload.wikimedia.org/wikipedia/commons/0/04/LL-Q55633582_%28ajp%29-Khalil.rantissi-%D9%88%D8%A7%D8%AC%D9%8E%D9%87.wav
808,زوجة,ˈzoː.ʒe,2,1,LL-Q55633582 (ajp)-Muhammad (AdrianAbdulBaha)-زوجة.wav,https://upload.wikimedia.org/wikipedia/commons/c/c5/LL-Q55633582_%28ajp%29-Muhammad_%28AdrianAbdulBaha%29-%D8%B2%D9%88%D8%AC%D8%A9.wav
1459,يعني,ˈjaʕ.ni,2,1,LL-Q55633582 (ajp)-AdrianAbdulBaha-يعني.wav,https://upload.wikimedia.org/wikipedia/commons/4/4b/LL-Q55633582_%28ajp%29-AdrianAbdulBaha-%D9%8A%D8%B9%D9%86%D9%8A.wav
540,بهدل,ˈbah.dal,2,1,LL-Q55633582 (ajp)-Khalil.rantissi-بَهدَل.wav,https://upload.wikimedia.org/wikipedia/commons/4/4b/LL-Q55633582_%28ajp%29-Khalil.rantissi-%D8%A8%D9%8E%D9%87%D8%AF%D9%8E%D9%84.wav
774,رشح,ˈra.ʃ(ɪ)ħ,2,1,LL-Q55633582 (ajp)-Muhammad (AdrianAbdulBaha)-رشح.wav,https://upload.wikimedia.org/wikipedia/commons/5/50/LL-Q55633582_%28ajp%29-Muhammad_%28AdrianAbdulBaha%29-%D8%B1%D8%B4%D8%AD.wav
915,شهى,ˈʃah.ha,2,1,LL-Q55633582 (ajp)-Khalil.rantissi-شَهّى.wav,https://upload.wikimedia.org/wikipedia/commons/f/f8/LL-Q55633582_%28ajp%29-Khalil.rantissi-%D8%B4%D9%8E%D9%87%D9%91%D9%89.wav
498,بعتزل,ˈbɪʕt.zɪl,2,1,LL-Q55633582 (ajp)-Muhammad (AdrianAbdulBaha)-بعتزل.wav,https://upload.wikimedia.org/wikipedia/commons/4/42/LL-Q55633582_%28ajp%29-Muhammad_%28AdrianAbdulBaha%29-%D8%A8%D8%B9%D8%AA%D8%B2%D9%84.wav
853,سما,ˈsa.ma,2,1,LL-Q55633582 (ajp)-Muhammad (AdrianAbdulBaha)-سما.wav,https://upload.wikimedia.org/wikipedia/commons/e/e9/LL-Q55633582_%28ajp%29-Muhammad_%28AdrianAbdulBaha%29-%D8%B3%D9%85%D8%A7.wav
1424,وثق,ˈwa.θaq,2,1,LL-Q55633582 (ajp)-Khalil.rantissi-وَثَق.wav,https://upload.wikimedia.org/wikipedia/commons/3/3c/LL-Q55633582_%28ajp%29-Khalil.rantissi-%D9%88%D9%8E%D8%AB%D9%8E%D9%82.wav
662,حيفا,ˈħeː.fa,2,1,LL-Q55633582 (ajp)-Khalil.rantissi-حيفا.wav,https://upload.wikimedia.org/wikipedia/commons/9/9a/LL-Q55633582_%28ajp%29-Khalil.rantissi-%D8%AD%D9%8A%D9%81%D8%A7.wav
1408,هلا,ˈhal.laʔ,2,1,LL-Q55633582 (ajp)-AdrianAbdulBaha-هلا.wav,https://upload.wikimedia.org/wikipedia/commons/d/d4/LL-Q55633582_%28ajp%29-AdrianAbdulBaha-%D9%87%D9%84%D8%A7.wav
1302,مسلم,ˈmus.lɪm,2,1,LL-Q55633582 (ajp)-Khalil.rantissi-مُسلِم.wav,https://upload.wikimedia.org/wikipedia/commons/1/13/LL-Q55633582_%28ajp%29-Khalil.rantissi-%D9%85%D9%8F%D8%B3%D9%84%D9%90%D9%85.wav
832,سحب,ˈsa.ħab,2,1,LL-Q55633582 (ajp)-Khalil.rantissi-سَحَب.wav,https://upload.wikimedia.org/wikipedia/commons/e/e0/LL-Q55633582_%28ajp%29-Khalil.rantissi-%D8%B3%D9%8E%D8%AD%D9%8E%D8%A8.wav
752,راتب,ˈræː.tɪb,2,1,LL-Q55633582 (ajp)-AmmanM (AdrianAbdulBaha)-راتب.wav,https://upload.wikimedia.org/wikipedia/commons/c/cf/LL-Q55633582_%28ajp%29-AmmanM_%28AdrianAbdulBaha%29-%D8%B1%D8%A7%D8%AA%D8%A8.wav
480,بسط,ˈbɑs.sɑtˤ,2,1,LL-Q55633582 (ajp)-Khalil.rantissi-بَسَّط.wav,https://upload.wikimedia.org/wikipedia/commons/2/28/LL-Q55633582_%28ajp%29-Khalil.rantissi-%D8%A8%D9%8E%D8%B3%D9%8E%D9%91%D8%B7.wav
1120,فصل,ˈfɑ.sˤɑl,2,1,LL-Q55633582 (ajp)-Muhammad (AdrianAbdulBaha)-فصل.wav,https://upload.wikimedia.org/wikipedia/commons/5/54/LL-Q55633582_%28ajp%29-Muhammad_%28AdrianAbdulBaha%29-%D9%81%D8%B5%D9%84.wav
1165,قرر,ˈʔɑrˤ.rˤɑrˤ,2,1,LL-Q55633582 (ajp)-Khalil.rantissi-قَرَّر.wav,https://upload.wikimedia.org/wikipedia/commons/f/f0/LL-Q55633582_%28ajp%29-Khalil.rantissi-%D9%82%D9%8E%D8%B1%D9%8E%D9%91%D8%B1.wav
1354,نادر,ˈnæː.dɪr,2,1,LL-Q55633582 (ajp)-Muhammad (AdrianAbdulBaha)-نادر.wav,https://upload.wikimedia.org/wikipedia/commons/9/90/LL-Q55633582_%28ajp%29-Muhammad_%28AdrianAbdulBaha%29-%D9%86%D8%A7%D8%AF%D8%B1.wav
21,إسلام,ʔisˈlæːm,2,2,LL-Q55633582 (ajp)-Khalil.rantissi-إسلام.wav,https://upload.wikimedia.org/wikipedia/commons/a/a5/LL-Q55633582_%28ajp%29-Khalil.rantissi-%D8%A5%D8%B3%D9%84%D8%A7%D9%85.wav
953,ضرب,ˈdˤɑ.rˤɑb,2,1,LL-Q55633582 (ajp)-Khalil.rantissi-ضَرب.wav,https://upload.wikimedia.org/wikipedia/commons/5/5f/LL-Q55633582_%28ajp%29-Khalil.rantissi-%D8%B6%D9%8E%D8%B1%D8%A8.wav
903,شكل,ˈʃak.kal,2,1,LL-Q55633582 (ajp)-Muhammad (AdrianAbdulBaha)-شكل.wav,https://upload.wikimedia.org/wikipedia/commons/c/c6/LL-Q55633582_%28ajp%29-Muhammad_%28AdrianAbdulBaha%29-%D8%B4%D9%83%D9%84.wav
431,احنا,ˈʔɪħ.na,2,1,LL-Q55633582 (ajp)-MahmoudM (AdrianAbdulBaha)-احنا.wav,https://upload.wikimedia.org/wikipedia/commons/7/7b/LL-Q55633582_%28ajp%29-MahmoudM_%28AdrianAbdulBaha%29-%D8%A7%D8%AD%D9%86%D8%A7.wav
596,جند,ˈʒan.nad,2,1,LL-Q55633582 (ajp)-Khalil.rantissi-جَنَّد.wav,https://upload.wikimedia.org/wikipedia/commons/5/56/LL-Q55633582_%28ajp%29-Khalil.rantissi-%D8%AC%D9%8E%D9%86%D9%8E%D9%91%D8%AF.wav
469,بذر,ˈbi.z(ɪ)r,2,1,LL-Q55633582 (ajp)-Khalil.rantissi-بِذر.wav,https://upload.wikimedia.org/wikipedia/commons/8/81/LL-Q55633582_%28ajp%29-Khalil.rantissi-%D8%A8%D9%90%D8%B0%D8%B1.wav
136,دفيان,dafˈjæːn,2,2,LL-Q55633582 (ajp)-Muhammad (AdrianAbdulBaha)-دفيان.wav,https://upload.wikimedia.org/wikipedia/commons/e/ec/LL-Q55633582_%28ajp%29-Muhammad_%28AdrianAbdulBaha%29-%D8%AF%D9%81%D9%8A%D8%A7%D9%86.wav
416,أوضة,ˈʔoː.dˤɑ,2,1,LL-Q55633582 (ajp)-Khalil.rantissi-اُوضة.wav,https://upload.wikimedia.org/wikipedia/commons/5/50/LL-Q55633582_%28ajp%29-Khalil.rantissi-%D8%A7%D9%8F%D9%88%D8%B6%D8%A9.wav
105,جوعان,ʒuˈʕæːn,2,2,LL-Q55633582 (ajp)-Khalil.rantissi-جوعان.wav,https://upload.wikimedia.org/wikipedia/commons/9/9e/LL-Q55633582_%28ajp%29-Khalil.rantissi-%D8%AC%D9%88%D8%B9%D8%A7%D9%86.wav
773,رشح,ˈraʃ.ʃaħ,2,1,LL-Q55633582 (ajp)-Muhammad (AdrianAbdulBaha)-رشح.wav,https://upload.wikimedia.org/wikipedia/commons/5/50/LL-Q55633582_%28ajp%29-Muhammad_%28AdrianAbdulBaha%29-%D8%B1%D8%B4%D8%AD.wav
728,دفش,ˈda.faʃ,2,1,LL-Q55633582 (ajp)-Khalil.rantissi-دَفَش.wav,https://upload.wikimedia.org/wikipedia/commons/a/a2/LL-Q55633582_%28ajp%29-Khalil.rantissi-%D8%AF%D9%8E%D9%81%D9%8E%D8%B4.wav
1335,مكورن,ˈmkoː.rin,2,1,LL-Q55633582 (ajp)-Muhammad (AdrianAbdulBaha)-مكورن.wav,https://upload.wikimedia.org/wikipedia/commons/b/b5/LL-Q55633582_%28ajp%29-Muhammad_%28AdrianAbdulBaha%29-%D9%85%D9%83%D9%88%D8%B1%D9%86.wav
1058,عيان,ˈʕaj.jæːn,2,1,LL-Q55633582 (ajp)-Muhammad (AdrianAbdulBaha)-عيّان.wav,https://upload.wikimedia.org/wikipedia/commons/6/61/LL-Q55633582_%28ajp%29-Muhammad_%28AdrianAbdulBaha%29-%D8%B9%D9%8A%D9%91%D8%A7%D9%86.wav
1450,وقح,ˈwɪ.ʔɪħ,2,1,LL-Q55633582 (ajp)-Mohammad-LPA-وقح.wav,https://upload.wikimedia.org/wikipedia/commons/7/74/LL-Q55633582_%28ajp%29-Mohammad-LPA-%D9%88%D9%82%D8%AD.wav
536,بنتمي,ˈbɪnt.mi,2,1,LL-Q55633582 (ajp)-Muhammad (AdrianAbdulBaha)-بنتمي.wav,https://upload.wikimedia.org/wikipedia/commons/3/3a/LL-Q55633582_%28ajp%29-Muhammad_%28AdrianAbdulBaha%29-%D8%A8%D9%86%D8%AA%D9%85%D9%8A.wav
302,مهرجان,mahraˈʒæːn,2,2,LL-Q55633582 (ajp)-Khalil.rantissi-مَهرَجان.wav,https://upload.wikimedia.org/wikipedia/commons/3/37/LL-Q55633582_%28ajp%29-Khalil.rantissi-%D9%85%D9%8E%D9%87%D8%B1%D9%8E%D8%AC%D8%A7%D9%86.wav
9,أصر,ʔɑˈsˤɑr,2,2,LL-Q55633582 (ajp)-AdrianAbdulBaha-أصَرّ.wav,https://upload.wikimedia.org/wikipedia/commons/7/72/LL-Q55633582_%28ajp%29-AdrianAbdulBaha-%D8%A3%D8%B5%D9%8E%D8%B1%D9%91.wav
1158,قبرص,ˈqʊb.rʊsˤ,2,1,LL-Q55633582 (ajp)-AdrianAbdulBaha-قبرص.wav,https://upload.wikimedia.org/wikipedia/commons/8/8a/LL-Q55633582_%28ajp%29-AdrianAbdulBaha-%D9%82%D8%A8%D8%B1%D8%B5.wav
852,سلى,ˈsal.la,2,1,LL-Q55633582 (ajp)-Khalil.rantissi-سَلّى.wav,https://upload.wikimedia.org/wikipedia/commons/5/53/LL-Q55633582_%28ajp%29-Khalil.rantissi-%D8%B3%D9%8E%D9%84%D9%91%D9%89.wav
822,سباتي,ˈsbæː.ti,2,1,LL-Q55633582 (ajp)-Muhammad (AdrianAbdulBaha)-سباتي.wav,https://upload.wikimedia.org/wikipedia/commons/4/48/LL-Q55633582_%28ajp%29-Muhammad_%28AdrianAbdulBaha%29-%D8%B3%D8%A8%D8%A7%D8%AA%D9%8A.wav
1036,عكر,ˈʕa.kar,2,1,LL-Q55633582 (ajp)-Khalil.rantissi-عَكَر.wav,https://upload.wikimedia.org/wikipedia/commons/b/ba/LL-Q55633582_%28ajp%29-Khalil.rantissi-%D8%B9%D9%8E%D9%83%D9%8E%D8%B1.wav
451,بتر,ˈba.tar,2,1,LL-Q55633582 (ajp)-Khalil.rantissi-بَتَر.wav,https://upload.wikimedia.org/wikipedia/commons/9/9c/LL-Q55633582_%28ajp%29-Khalil.rantissi-%D8%A8%D9%8E%D8%AA%D9%8E%D8%B1.wav
399,أكرم,ˈʔak.ram,2,1,LL-Q55633582 (ajp)-Khalil.rantissi-أكرَم.wav,https://upload.wikimedia.org/wikipedia/commons/8/88/LL-Q55633582_%28ajp%29-Khalil.rantissi-%D8%A3%D9%83%D8%B1%D9%8E%D9%85.wav
789,روح,ˈraw.wɑħ,2,1,LL-Q55633582 (ajp)-Muhammad (AdrianAbdulBaha)-روح.wav,https://upload.wikimedia.org/wikipedia/commons/f/ff/LL-Q55633582_%28ajp%29-Muhammad_%28AdrianAbdulBaha%29-%D8%B1%D9%88%D8%AD.wav
585,جزر,ˈʒa.zɑrˤ,2,1,LL-Q55633582 (ajp)-IbrahimZ (AdrianAbdulBaha)-جزر.wav,https://upload.wikimedia.org/wikipedia/commons/8/84/LL-Q55633582_%28ajp%29-IbrahimZ_%28AdrianAbdulBaha%29-%D8%AC%D8%B2%D8%B1.wav
863,سوقي,ˈsuː.ʔi,2,1,LL-Q55633582 (ajp)-Khalil.rantissi-سوقي.wav,https://upload.wikimedia.org/wikipedia/commons/2/2a/LL-Q55633582_%28ajp%29-Khalil.rantissi-%D8%B3%D9%88%D9%82%D9%8A.wav
430,ابن,ˈʔi.b(ɪ)n,2,1,LL-Q55633582 (ajp)-Khalil.rantissi-ابن.wav,https://upload.wikimedia.org/wikipedia/commons/b/bf/LL-Q55633582_%28ajp%29-Khalil.rantissi-%D8%A7%D8%A8%D9%86.wav
552,ترجم,ˈtar.ʒam,2,1,LL-Q55633582 (ajp)-Khalil.rantissi-تَرجَم.wav,https://upload.wikimedia.org/wikipedia/commons/b/bc/LL-Q55633582_%28ajp%29-Khalil.rantissi-%D8%AA%D9%8E%D8%B1%D8%AC%D9%8E%D9%85.wav
1141,فلسف,ˈfal.saf,2,1,LL-Q55633582 (ajp)-Khalil.rantissi-فَلسَف.wav,https://upload.wikimedia.org/wikipedia/commons/b/bf/LL-Q55633582_%28ajp%29-Khalil.rantissi-%D9%81%D9%8E%D9%84%D8%B3%D9%8E%D9%81.wav
450,ببو,ˈbub.bu,2,1,LL-Q55633582 (ajp)-Khalil.rantissi-بُبّو.wav,https://upload.wikimedia.org/wikipedia/commons/5/57/LL-Q55633582_%28ajp%29-Khalil.rantissi-%D8%A8%D9%8F%D8%A8%D9%91%D9%88.wav
604,جيبة,ˈʒeː.be,2,1,LL-Q55633582 (ajp)-AdrianAbdulBaha-جيبة.wav,https://upload.wikimedia.org/wikipedia/commons/8/83/LL-Q55633582_%28ajp%29-AdrianAbdulBaha-%D8%AC%D9%8A%D8%A8%D8%A9.wav
168,شحاد,ʃaħˈħæːd,2,2,LL-Q55633582 (ajp)-Muhammad (AdrianAbdulBaha)-شحّاد.wav,https://upload.wikimedia.org/wikipedia/commons/0/02/LL-Q55633582_%28ajp%29-Muhammad_%28AdrianAbdulBaha%29-%D8%B4%D8%AD%D9%91%D8%A7%D8%AF.wav
571,جامع,ˈʒæː.mɪʕ,2,1,LL-Q55633582 (ajp)-Khalil.rantissi-جامِع.wav,https://upload.wikimedia.org/wikipedia/commons/7/79/LL-Q55633582_%28ajp%29-Khalil.rantissi-%D8%AC%D8%A7%D9%85%D9%90%D8%B9.wav
990,عالج,ˈʕæː.laʒ,2,1,LL-Q55633582 (ajp)-Khalil.rantissi-عالَج.wav,https://upload.wikimedia.org/wikipedia/commons/1/1b/LL-Q55633582_%28ajp%29-Khalil.rantissi-%D8%B9%D8%A7%D9%84%D9%8E%D8%AC.wav
514,بكر,ˈbak.kar,2,1,LL-Q55633582 (ajp)-Khalil.rantissi-بَكَّر.wav,https://upload.wikimedia.org/wikipedia/commons/5/5e/LL-Q55633582_%28ajp%29-Khalil.rantissi-%D8%A8%D9%8E%D9%83%D9%8E%D9%91%D8%B1.wav
332,أبصر,ˈʔɑb.sˤɑr,2,1,LL-Q55633582 (ajp)-AdrianAbdulBaha-أبصر.wav,https://upload.wikimedia.org/wikipedia/commons/7/78/LL-Q55633582_%28ajp%29-AdrianAbdulBaha-%D8%A3%D8%A8%D8%B5%D8%B1.wav
589,جفن,ˈʒɪ.f(ɪ)n,2,1,LL-Q55633582 (ajp)-Muhammad (AdrianAbdulBaha)-جفن.wav,https://upload.wikimedia.org/wikipedia/commons/c/c4/LL-Q55633582_%28ajp%29-Muhammad_%28AdrianAbdulBaha%29-%D8%AC%D9%81%D9%86.wav
3,أربعين,ʔarbˈʕiːn,2,2,LL-Q55633582 (ajp)-Muhammad (AdrianAbdulBaha)-40.wav,https://upload.wikimedia.org/wikipedia/commons/8/80/LL-Q55633582_%28ajp%29-Muhammad_%28AdrianAbdulBaha%29-40.wav
1356,نازل,ˈnæː.zɪl,2,1,LL-Q55633582 (ajp)-Khalil.rantissi-نازل.wav,https://upload.wikimedia.org/wikipedia/commons/5/5b/LL-Q55633582_%28ajp%29-Khalil.rantissi-%D9%86%D8%A7%D8%B2%D9%84.wav
1259,لمبة,ˈlˤɑm.bˤɑ,2,1,LL-Q55633582 (ajp)-Muhammad (AdrianAbdulBaha)-لمبة.wav,https://upload.wikimedia.org/wikipedia/commons/f/f7/LL-Q55633582_%28ajp%29-Muhammad_%28AdrianAbdulBaha%29-%D9%84%D9%85%D8%A8%D8%A9.wav
473,برضه,ˈbɑrˤ.dˤo,2,1,LL-Q55633582 (ajp)-MahmoudM (AdrianAbdulBaha)-برضه.wav,https://upload.wikimedia.org/wikipedia/commons/0/04/LL-Q55633582_%28ajp%29-MahmoudM_%28AdrianAbdulBaha%29-%D8%A8%D8%B1%D8%B6%D9%87.wav
629,حرق,ˈħa.raʔ,2,1,LL-Q55633582 (ajp)-Khalil.rantissi-حَرَق.wav,https://upload.wikimedia.org/wikipedia/commons/c/c1/LL-Q55633582_%28ajp%29-Khalil.rantissi-%D8%AD%D9%8E%D8%B1%D9%8E%D9%82.wav
831,سجن,ˈsa.ʒan,2,1,LL-Q55633582 (ajp)-Khalil.rantissi-سَجَن.wav,https://upload.wikimedia.org/wikipedia/commons/4/4b/LL-Q55633582_%28ajp%29-Khalil.rantissi-%D8%B3%D9%8E%D8%AC%D9%8E%D9%86.wav
907,شلح,ˈʃa.laħ,2,1,LL-Q55633582 (ajp)-Khalil.rantissi-شَلَح.wav,https://upload.wikimedia.org/wikipedia/commons/9/90/LL-Q55633582_%28ajp%29-Khalil.rantissi-%D8%B4%D9%8E%D9%84%D9%8E%D8%AD.wav
859,سنطي,ˈsˤɑn.tˤi,2,1,LL-Q55633582 (ajp)-Muhammad (AdrianAbdulBaha)-سنطي.wav,https://upload.wikimedia.org/wikipedia/commons/3/3f/LL-Q55633582_%28ajp%29-Muhammad_%28AdrianAbdulBaha%29-%D8%B3%D9%86%D8%B7%D9%8A.wav
948,صهر,ˈsˤɪ.h(ɪ)r,2,1,LL-Q55633582 (ajp)-Muhammad (AdrianAbdulBaha)-صهر.wav,https://upload.wikimedia.org/wikipedia/commons/e/eb/LL-Q55633582_%28ajp%29-Muhammad_%28AdrianAbdulBaha%29-%D8%B5%D9%87%D8%B1.wav
1380,نعنع,ˈnaʕ.naʕ,2,1,LL-Q55633582 (ajp)-IbrahimZ (AdrianAbdulBaha)-نعنع.wav,https://upload.wikimedia.org/wikipedia/commons/7/7b/LL-Q55633582_%28ajp%29-IbrahimZ_%28AdrianAbdulBaha%29-%D9%86%D8%B9%D9%86%D8%B9.wav
758,راي,ˈrˤɑ.ʔi,2,1,LL-Q55633582 (ajp)-Muhammad (AdrianAbdulBaha)-راي.wav,https://upload.wikimedia.org/wikipedia/commons/a/ad/LL-Q55633582_%28ajp%29-Muhammad_%28AdrianAbdulBaha%29-%D8%B1%D8%A7%D9%8A.wav
1238,لبق,ˈli.bɪʔ,2,1,LL-Q55633582 (ajp)-AdrianAbdulBaha-لِبِق.wav,https://upload.wikimedia.org/wikipedia/commons/4/40/LL-Q55633582_%28ajp%29-AdrianAbdulBaha-%D9%84%D9%90%D8%A8%D9%90%D9%82.wav
200,عشرين,ʕɪʃˈriːn,2,2,LL-Q55633582 (ajp)-AseelF (AdrianAbdulBaha)-20.wav,https://upload.wikimedia.org/wikipedia/commons/0/02/LL-Q55633582_%28ajp%29-AseelF_%28AdrianAbdulBaha%29-20.wav
1287,مرة,ˈmɑrˤ.rˤɑ,2,1,LL-Q55633582 (ajp)-MahmoudM (AdrianAbdulBaha)-مرة.wav,https://upload.wikimedia.org/wikipedia/commons/5/57/LL-Q55633582_%28ajp%29-MahmoudM_%28AdrianAbdulBaha%29-%D9%85%D8%B1%D8%A9.wav
794,ريحة,ˈriː.ħa,2,1,LL-Q55633582 (ajp)-Muhammad (AdrianAbdulBaha)-ريحة.wav,https://upload.wikimedia.org/wikipedia/commons/0/0e/LL-Q55633582_%28ajp%29-Muhammad_%28AdrianAbdulBaha%29-%D8%B1%D9%8A%D8%AD%D8%A9.wav
1395,نمرة,ˈnʊm.rˤɑ,2,1,LL-Q55633582 (ajp)-Khalil.rantissi-نمرة.wav,https://upload.wikimedia.org/wikipedia/commons/c/c1/LL-Q55633582_%28ajp%29-Khalil.rantissi-%D9%86%D9%85%D8%B1%D8%A9.wav
862,سوق,ˈsaw.waʔ,2,1,LL-Q55633582 (ajp)-Muhammad (AdrianAbdulBaha)-سوق.wav,https://upload.wikimedia.org/wikipedia/commons/2/2a/LL-Q55633582_%28ajp%29-Muhammad_%28AdrianAbdulBaha%29-%D8%B3%D9%88%D9%82.wav
578,جبهة,ˈʒab.ha,2,1,LL-Q55633582 (ajp)-Muhammad (AdrianAbdulBaha)-جبهة.wav,https://upload.wikimedia.org/wikipedia/commons/b/b8/LL-Q55633582_%28ajp%29-Muhammad_%28AdrianAbdulBaha%29-%D8%AC%D8%A8%D9%87%D8%A9.wav
1232,كيلو,ˈkiː.lo,2,1,LL-Q55633582 (ajp)-Muhammad (AdrianAbdulBaha)-كيلو.wav,https://upload.wikimedia.org/wikipedia/commons/5/5b/LL-Q55633582_%28ajp%29-Muhammad_%28AdrianAbdulBaha%29-%D9%83%D9%8A%D9%84%D9%88.wav
166,شبعان,ʃabˈʕæːn,2,2,LL-Q55633582 (ajp)-Khalil.rantissi-شَبعان.wav,https://upload.wikimedia.org/wikipedia/commons/c/ca/LL-Q55633582_%28ajp%29-Khalil.rantissi-%D8%B4%D9%8E%D8%A8%D8%B9%D8%A7%D9%86.wav
421,أيوى,ˈʔaj.wa,2,1,LL-Q55633582 (ajp)-Muhammad (AdrianAbdulBaha)-أيوى.wav,https://upload.wikimedia.org/wikipedia/commons/b/bd/LL-Q55633582_%28ajp%29-Muhammad_%28AdrianAbdulBaha%29-%D8%A3%D9%8A%D9%88%D9%89.wav
506,بفتخر,ˈbɪft.xɪr,2,1,LL-Q55633582 (ajp)-Muhammad (AdrianAbdulBaha)-بفتخر.wav,https://upload.wikimedia.org/wikipedia/commons/3/38/LL-Q55633582_%28ajp%29-Muhammad_%28AdrianAbdulBaha%29-%D8%A8%D9%81%D8%AA%D8%AE%D8%B1.wav
1087,غير,ˈɣaj.jar,2,1,LL-Q55633582 (ajp)-MahmoudM (AdrianAbdulBaha)-غير.wav,https://upload.wikimedia.org/wikipedia/commons/5/51/LL-Q55633582_%28ajp%29-MahmoudM_%28AdrianAbdulBaha%29-%D8%BA%D9%8A%D8%B1.wav
686,خري,ˈxi.ri,2,1,LL-Q55633582 (ajp)-Khalil.rantissi-خِري.wav,https://upload.wikimedia.org/wikipedia/commons/a/a0/LL-Q55633582_%28ajp%29-Khalil.rantissi-%D8%AE%D9%90%D8%B1%D9%8A.wav
479,بسرعة,ˈbsʊr.ʕa,2,1,LL-Q55633582 (ajp)-AmmanM (AdrianAbdulBaha)-بسرعة.wav,https://upload.wikimedia.org/wikipedia/commons/3/34/LL-Q55633582_%28ajp%29-AmmanM_%28AdrianAbdulBaha%29-%D8%A8%D8%B3%D8%B1%D8%B9%D8%A9.wav
395,أقل,ˈʔa.ʔal,2,1,LL-Q55633582 (ajp)-Muhammad (AdrianAbdulBaha)-أقل.wav,https://upload.wikimedia.org/wikipedia/commons/4/41/LL-Q55633582_%28ajp%29-Muhammad_%28AdrianAbdulBaha%29-%D8%A3%D9%82%D9%84.wav
697,خمر,ˈxa.m(ɪ)r,2,1,LL-Q55633582 (ajp)-Muhammad (AdrianAbdulBaha)-خمر.wav,https://upload.wikimedia.org/wikipedia/commons/9/98/LL-Q55633582_%28ajp%29-Muhammad_%28AdrianAbdulBaha%29-%D8%AE%D9%85%D8%B1.wav
1323,معين,ˈmʕaj.jan,2,1,LL-Q55633582 (ajp)-Muhammad (AdrianAbdulBaha)-معين.wav,https://upload.wikimedia.org/wikipedia/commons/f/f7/LL-Q55633582_%28ajp%29-Muhammad_%28AdrianAbdulBaha%29-%D9%85%D8%B9%D9%8A%D9%86.wav
834,سحل,ˈsaħ.ħal,2,1,LL-Q55633582 (ajp)-Khalil.rantissi-سحل.wav,https://upload.wikimedia.org/wikipedia/commons/5/5c/LL-Q55633582_%28ajp%29-Khalil.rantissi-%D8%B3%D8%AD%D9%84.wav
883,شدد,ˈʃad.dad,2,1,LL-Q55633582 (ajp)-Khalil.rantissi-شَدَّد.wav,https://upload.wikimedia.org/wikipedia/commons/2/2b/LL-Q55633582_%28ajp%29-Khalil.rantissi-%D8%B4%D9%8E%D8%AF%D9%8E%D9%91%D8%AF.wav
79,بوليس,buˈliːs,2,2,LL-Q55633582 (ajp)-Muhammad (AdrianAbdulBaha)-بوليس.wav,https://upload.wikimedia.org/wikipedia/commons/4/42/LL-Q55633582_%28ajp%29-Muhammad_%28AdrianAbdulBaha%29-%D8%A8%D9%88%D9%84%D9%8A%D8%B3.wav
911,شمع,ˈʃa.m(ɪ)ʕ,2,1,LL-Q55633582 (ajp)-Muhammad (AdrianAbdulBaha)-شمع.wav,https://upload.wikimedia.org/wikipedia/commons/0/05/LL-Q55633582_%28ajp%29-Muhammad_%28AdrianAbdulBaha%29-%D8%B4%D9%85%D8%B9.wav
919,شوية,ˈʃwaj.je,2,1,LL-Q55633582 (ajp)-Muhammad (AdrianAbdulBaha)-شويّة.wav,https://upload.wikimedia.org/wikipedia/commons/7/7f/LL-Q55633582_%28ajp%29-Muhammad_%28AdrianAbdulBaha%29-%D8%B4%D9%88%D9%8A%D9%91%D8%A9.wav
936,صدم,ˈsˤɑ.dˤɑm,2,1,LL-Q55633582 (ajp)-AdrianAbdulBaha-صَدَم.wav,https://upload.wikimedia.org/wikipedia/commons/0/03/LL-Q55633582_%28ajp%29-AdrianAbdulBaha-%D8%B5%D9%8E%D8%AF%D9%8E%D9%85.wav
164,شباب,ʃaˈbæːb,2,2,LL-Q55633582 (ajp)-MahmoudM (AdrianAbdulBaha)-شباب.wav,https://upload.wikimedia.org/wikipedia/commons/8/86/LL-Q55633582_%28ajp%29-MahmoudM_%28AdrianAbdulBaha%29-%D8%B4%D8%A8%D8%A7%D8%A8.wav
1099,فترة,ˈfat.rˤɑ,2,1,LL-Q55633582 (ajp)-AseelF (AdrianAbdulBaha)-فَترة.wav,https://upload.wikimedia.org/wikipedia/commons/6/69/LL-Q55633582_%28ajp%29-AseelF_%28AdrianAbdulBaha%29-%D9%81%D9%8E%D8%AA%D8%B1%D8%A9.wav
1188,قلي,ˈʔa.li,2,1,LL-Q55633582 (ajp)-Muhammad (AdrianAbdulBaha)-قلي.wav,https://upload.wikimedia.org/wikipedia/commons/e/e6/LL-Q55633582_%28ajp%29-Muhammad_%28AdrianAbdulBaha%29-%D9%82%D9%84%D9%8A.wav
376,أشر,ˈʔaʃ.ʃar,2,1,LL-Q55633582 (ajp)-Khalil.rantissi-أشَّر.wav,https://upload.wikimedia.org/wikipedia/commons/3/32/LL-Q55633582_%28ajp%29-Khalil.rantissi-%D8%A3%D8%B4%D9%8E%D9%91%D8%B1.wav
962,طاقة,ˈtˤɑː.qɑ,2,1,LL-Q55633582 (ajp)-Mohammad-LPA-طاقة.wav,https://upload.wikimedia.org/wikipedia/commons/5/5b/LL-Q55633582_%28ajp%29-Mohammad-LPA-%D8%B7%D8%A7%D9%82%D8%A9.wav
25,إنسان,ʔinˈsæːn,2,2,LL-Q55633582 (ajp)-Khalil.rantissi-إنسان.wav,https://upload.wikimedia.org/wikipedia/commons/7/79/LL-Q55633582_%28ajp%29-Khalil.rantissi-%D8%A5%D9%86%D8%B3%D8%A7%D9%86.wav
663,خارج,ˈxæː.rɪʒ,2,1,LL-Q55633582 (ajp)-Muhammad (AdrianAbdulBaha)-خارج.wav,https://upload.wikimedia.org/wikipedia/commons/7/79/LL-Q55633582_%28ajp%29-Muhammad_%28AdrianAbdulBaha%29-%D8%AE%D8%A7%D8%B1%D8%AC.wav
147,زتون,zaˈtuːn,2,2,LL-Q55633582 (ajp)-Muhammad (AdrianAbdulBaha)-زيت زتون.wav,https://upload.wikimedia.org/wikipedia/commons/d/d6/LL-Q55633582_%28ajp%29-Muhammad_%28AdrianAbdulBaha%29-%D8%B2%D9%8A%D8%AA_%D8%B2%D8%AA%D9%88%D9%86.wav
1310,مضرب,ˈmɑdˤ.rˤɑb,2,1,LL-Q55633582 (ajp)-Muhammad (AdrianAbdulBaha)-مضرب.wav,https://upload.wikimedia.org/wikipedia/commons/b/b8/LL-Q55633582_%28ajp%29-Muhammad_%28AdrianAbdulBaha%29-%D9%85%D8%B6%D8%B1%D8%A8.wav
520,بلتغي,ˈbɪlt.ɣi,2,1,LL-Q55633582 (ajp)-Muhammad (AdrianAbdulBaha)-بلتغي.wav,https://upload.wikimedia.org/wikipedia/commons/0/09/LL-Q55633582_%28ajp%29-Muhammad_%28AdrianAbdulBaha%29-%D8%A8%D9%84%D8%AA%D8%BA%D9%8A.wav
1291,مزح,ˈma.zaħ,2,1,LL-Q55633582 (ajp)-Khalil.rantissi-مَزَح.wav,https://upload.wikimedia.org/wikipedia/commons/5/5e/LL-Q55633582_%28ajp%29-Khalil.rantissi-%D9%85%D9%8E%D8%B2%D9%8E%D8%AD.wav
226,قديم,ʔaˈdiːm,2,2,LL-Q55633582 (ajp)-Muhammad (AdrianAbdulBaha)-قديم.wav,https://upload.wikimedia.org/wikipedia/commons/a/a1/LL-Q55633582_%28ajp%29-Muhammad_%28AdrianAbdulBaha%29-%D9%82%D8%AF%D9%8A%D9%85.wav
299,مندون,mɪnˈduːn,2,2,LL-Q55633582 (ajp)-Khalil.rantissi-مِن دون.wav,https://upload.wikimedia.org/wikipedia/commons/c/c1/LL-Q55633582_%28ajp%29-Khalil.rantissi-%D9%85%D9%90%D9%86_%D8%AF%D9%88%D9%86.wav
538,بنى,ˈba.na,2,1,LL-Q55633582 (ajp)-Khalil.rantissi-بَنى.wav,https://upload.wikimedia.org/wikipedia/commons/d/d0/LL-Q55633582_%28ajp%29-Khalil.rantissi-%D8%A8%D9%8E%D9%86%D9%89.wav
343,أحرز,ˈʔaħ.raz,2,1,LL-Q55633582 (ajp)-Khalil.rantissi-أحرَز.wav,https://upload.wikimedia.org/wikipedia/commons/4/4a/LL-Q55633582_%28ajp%29-Khalil.rantissi-%D8%A3%D8%AD%D8%B1%D9%8E%D8%B2.wav
392,أفضل,ˈʔɑf.dˤɑl,2,1,LL-Q55633582 (ajp)-Khalil.rantissi-أفضَل.wav,https://upload.wikimedia.org/wikipedia/commons/3/3d/LL-Q55633582_%28ajp%29-Khalil.rantissi-%D8%A3%D9%81%D8%B6%D9%8E%D9%84.wav
693,خفف,ˈxaf.faf,2,1,LL-Q55633582 (ajp)-Khalil.rantissi-خَفَّف.wav,https://upload.wikimedia.org/wikipedia/commons/0/0b/LL-Q55633582_%28ajp%29-Khalil.rantissi-%D8%AE%D9%8E%D9%81%D9%8E%D9%91%D9%81.wav
1320,معقد,ˈmʕaʔ.ʔad,2,1,LL-Q55633582 (ajp)-Muhammad (AdrianAbdulBaha)-معقّد.wav,https://upload.wikimedia.org/wikipedia/commons/5/51/LL-Q55633582_%28ajp%29-Muhammad_%28AdrianAbdulBaha%29-%D9%85%D8%B9%D9%82%D9%91%D8%AF.wav
944,صلب,ˈsˤɑl.lɑb,2,1,LL-Q55633582 (ajp)-Muhammad (AdrianAbdulBaha)-صَلَّب.wav,https://upload.wikimedia.org/wikipedia/commons/f/f9/LL-Q55633582_%28ajp%29-Muhammad_%28AdrianAbdulBaha%29-%D8%B5%D9%8E%D9%84%D9%8E%D9%91%D8%A8.wav
297,ممل,muˈmɪl,2,2,LL-Q55633582 (ajp)-Muhammad (AdrianAbdulBaha)-مملّ.wav,https://upload.wikimedia.org/wikipedia/commons/9/93/LL-Q55633582_%28ajp%29-Muhammad_%28AdrianAbdulBaha%29-%D9%85%D9%85%D9%84%D9%91.wav
1416,واجب,ˈwæː.ʒɪb,2,1,LL-Q55633582 (ajp)-AmmanM (AdrianAbdulBaha)-واجب.wav,https://upload.wikimedia.org/wikipedia/commons/1/1f/LL-Q55633582_%28ajp%29-AmmanM_%28AdrianAbdulBaha%29-%D9%88%D8%A7%D8%AC%D8%A8.wav
751,رابع,ˈrɑː.bɪʕ,2,1,LL-Q55633582 (ajp)-Muhammad (AdrianAbdulBaha)-رابع.wav,https://upload.wikimedia.org/wikipedia/commons/d/d0/LL-Q55633582_%28ajp%29-Muhammad_%28AdrianAbdulBaha%29-%D8%B1%D8%A7%D8%A8%D8%B9.wav
47,انحب,(ɪ)nˈħab,2,2,LL-Q55633582 (ajp)-AdrianAbdulBaha-انحَبّ.wav,https://upload.wikimedia.org/wikipedia/commons/0/08/LL-Q55633582_%28ajp%29-AdrianAbdulBaha-%D8%A7%D9%86%D8%AD%D9%8E%D8%A8%D9%91.wav
319,وحيد,waˈħiːd,2,2,LL-Q55633582 (ajp)-Muhammad (AdrianAbdulBaha)-وحيد.wav,https://upload.wikimedia.org/wikipedia/commons/1/13/LL-Q55633582_%28ajp%29-Muhammad_%28AdrianAbdulBaha%29-%D9%88%D8%AD%D9%8A%D8%AF.wav
475,بروفا,ˈbroː.va,2,1,LL-Q55633582 (ajp)-Khalil.rantissi-بروفا.wav,https://upload.wikimedia.org/wikipedia/commons/3/36/LL-Q55633582_%28ajp%29-Khalil.rantissi-%D8%A8%D8%B1%D9%88%D9%81%D8%A7.wav
746,دولة,ˈdoː.le,2,1,LL-Q55633582 (ajp)-Muhammad (AdrianAbdulBaha)-دولة.wav,https://upload.wikimedia.org/wikipedia/commons/0/03/LL-Q55633582_%28ajp%29-Muhammad_%28AdrianAbdulBaha%29-%D8%AF%D9%88%D9%84%D8%A9.wav
826,سبع,ˈsʊ.b(ʊ)ʕ,2,1,LL-Q55633582 (ajp)-Muhammad (AdrianAbdulBaha)-سُبع.wav,https://upload.wikimedia.org/wikipedia/commons/5/5f/LL-Q55633582_%28ajp%29-Muhammad_%28AdrianAbdulBaha%29-%D8%B3%D9%8F%D8%A8%D8%B9.wav
646,حلم,ˈħi.lɪm,2,1,LL-Q55633582 (ajp)-Muhammad (AdrianAbdulBaha)-حلم.wav,https://upload.wikimedia.org/wikipedia/commons/d/d1/LL-Q55633582_%28ajp%29-Muhammad_%28AdrianAbdulBaha%29-%D8%AD%D9%84%D9%85.wav
1453,ولد,ˈwi.lɪd,2,1,LL-Q55633582 (ajp)-MahmoudM (AdrianAbdulBaha)-ولد.wav,https://upload.wikimedia.org/wikipedia/commons/8/86/LL-Q55633582_%28ajp%29-MahmoudM_%28AdrianAbdulBaha%29-%D9%88%D9%84%D8%AF.wav
680,خدم,ˈxa.dam,2,1,LL-Q55633582 (ajp)-Khalil.rantissi-خَدَم.wav,https://upload.wikimedia.org/wikipedia/commons/f/f9/LL-Q55633582_%28ajp%29-Khalil.rantissi-%D8%AE%D9%8E%D8%AF%D9%8E%D9%85.wav
80,بياع,bajˈjæːʕ,2,2,LL-Q55633582 (ajp)-Muhammad (AdrianAbdulBaha)-بيّاع.wav,https://upload.wikimedia.org/wikipedia/commons/f/f4/LL-Q55633582_%28ajp%29-Muhammad_%28AdrianAbdulBaha%29-%D8%A8%D9%8A%D9%91%D8%A7%D8%B9.wav
1153,قارن,ˈqɑː.rˤɑn,2,1,LL-Q55633582 (ajp)-Khalil.rantissi-قارَن.wav,https://upload.wikimedia.org/wikipedia/commons/c/c9/LL-Q55633582_%28ajp%29-Khalil.rantissi-%D9%82%D8%A7%D8%B1%D9%8E%D9%86.wav
355,أدهش,ˈʔad.haʃ,2,1,LL-Q55633582 (ajp)-AdrianAbdulBaha-أدهَش.wav,https://upload.wikimedia.org/wikipedia/commons/7/7a/LL-Q55633582_%28ajp%29-AdrianAbdulBaha-%D8%A3%D8%AF%D9%87%D9%8E%D8%B4.wav
160,سكران,sakˈrˤɑːn,2,2,LL-Q55633582 (ajp)-Khalil.rantissi-سَكران.wav,https://upload.wikimedia.org/wikipedia/commons/c/c5/LL-Q55633582_%28ajp%29-Khalil.rantissi-%D8%B3%D9%8E%D9%83%D8%B1%D8%A7%D9%86.wav
1111,فرش,ˈfa.raʃ,2,1,LL-Q55633582 (ajp)-Khalil.rantissi-فَرَش.wav,https://upload.wikimedia.org/wikipedia/commons/a/ae/LL-Q55633582_%28ajp%29-Khalil.rantissi-%D9%81%D9%8E%D8%B1%D9%8E%D8%B4.wav
211,غسيل,ɣaˈsiːl,2,2,LL-Q55633582 (ajp)-Muhammad (AdrianAbdulBaha)-غسيل.wav,https://upload.wikimedia.org/wikipedia/commons/b/bd/LL-Q55633582_%28ajp%29-Muhammad_%28AdrianAbdulBaha%29-%D8%BA%D8%B3%D9%8A%D9%84.wav
558,تلج,ˈtal.laʒ,2,1,LL-Q55633582 (ajp)-Muhammad (AdrianAbdulBaha)-تلج.wav,https://upload.wikimedia.org/wikipedia/commons/3/36/LL-Q55633582_%28ajp%29-Muhammad_%28AdrianAbdulBaha%29-%D8%AA%D9%84%D8%AC.wav
122,ختيار,xɪtˈjɑːrˤ,2,2,LL-Q55633582 (ajp)-Basil (AdrianAbdulBaha)-ختيار.wav,https://upload.wikimedia.org/wikipedia/commons/7/77/LL-Q55633582_%28ajp%29-Basil_%28AdrianAbdulBaha%29-%D8%AE%D8%AA%D9%8A%D8%A7%D8%B1.wav
1045,عمد,ˈʕam.mad,2,1,LL-Q55633582 (ajp)-Khalil.rantissi-عَمَّد.wav,https://upload.wikimedia.org/wikipedia/commons/4/4b/LL-Q55633582_%28ajp%29-Khalil.rantissi-%D8%B9%D9%8E%D9%85%D9%8E%D9%91%D8%AF.wav
1069,غبي,ˈɣa.bi,2,1,LL-Q55633582 (ajp)-Muhammad (AdrianAbdulBaha)-غبي.wav,https://upload.wikimedia.org/wikipedia/commons/5/5d/LL-Q55633582_%28ajp%29-Muhammad_%28AdrianAbdulBaha%29-%D8%BA%D8%A8%D9%8A.wav
439,انتي,ˈʔɪn.ti,2,1,LL-Q55633582 (ajp)-MahmoudM (AdrianAbdulBaha)-انتي.wav,https://upload.wikimedia.org/wikipedia/commons/2/25/LL-Q55633582_%28ajp%29-MahmoudM_%28AdrianAbdulBaha%29-%D8%A7%D9%86%D8%AA%D9%8A.wav
924,صاحي,ˈsˤɑː.ħi,2,1,LL-Q55633582 (ajp)-Muhammad (AdrianAbdulBaha)-صاحي.wav,https://upload.wikimedia.org/wikipedia/commons/e/e8/LL-Q55633582_%28ajp%29-Muhammad_%28AdrianAbdulBaha%29-%D8%B5%D8%A7%D8%AD%D9%8A.wav
1172,قشطة,ˈʔɪʃ.tˤɑ,2,1,LL-Q55633582 (ajp)-IbrahimZ (AdrianAbdulBaha)-قشطة.wav,https://upload.wikimedia.org/wikipedia/commons/5/58/LL-Q55633582_%28ajp%29-IbrahimZ_%28AdrianAbdulBaha%29-%D9%82%D8%B4%D8%B7%D8%A9.wav
674,خبر,ˈxab.bar,2,1,LL-Q55633582 (ajp)-Khalil.rantissi-خَبَّر.wav,https://upload.wikimedia.org/wikipedia/commons/0/0e/LL-Q55633582_%28ajp%29-Khalil.rantissi-%D8%AE%D9%8E%D8%A8%D9%8E%D9%91%D8%B1.wav
490,بعبش,ˈbaʕ.baʃ,2,1,LL-Q55633582 (ajp)-Khalil.rantissi-بَعبَش.wav,https://upload.wikimedia.org/wikipedia/commons/5/52/LL-Q55633582_%28ajp%29-Khalil.rantissi-%D8%A8%D9%8E%D8%B9%D8%A8%D9%8E%D8%B4.wav
1016,عسل,ˈʕa.sal,2,1,LL-Q55633582 (ajp)-IbrahimZ (AdrianAbdulBaha)-عسل.wav,https://upload.wikimedia.org/wikipedia/commons/c/c8/LL-Q55633582_%28ajp%29-IbrahimZ_%28AdrianAbdulBaha%29-%D8%B9%D8%B3%D9%84.wav
806,زهري,ˈzah.ri,2,1,LL-Q55633582 (ajp)-Muhammad (AdrianAbdulBaha)-زهري.wav,https://upload.wikimedia.org/wikipedia/commons/0/06/LL-Q55633582_%28ajp%29-Muhammad_%28AdrianAbdulBaha%29-%D8%B2%D9%87%D8%B1%D9%8A.wav
534,بنتفخ,ˈbɪnt.fɪx,2,1,LL-Q55633582 (ajp)-Muhammad (AdrianAbdulBaha)-bintfeḵ.wav,https://upload.wikimedia.org/wikipedia/commons/3/3d/LL-Q55633582_%28ajp%29-Muhammad_%28AdrianAbdulBaha%29-bintfe%E1%B8%B5.wav
333,أبطل,ˈʔɑb.tˤɑl,2,1,LL-Q55633582 (ajp)-Khalil.rantissi-أبطَل.wav,https://upload.wikimedia.org/wikipedia/commons/9/94/LL-Q55633582_%28ajp%29-Khalil.rantissi-%D8%A3%D8%A8%D8%B7%D9%8E%D9%84.wav
716,درب,ˈdar.rab,2,1,LL-Q55633582 (ajp)-Khalil.rantissi-دَرَّب.wav,https://upload.wikimedia.org/wikipedia/commons/4/4a/LL-Q55633582_%28ajp%29-Khalil.rantissi-%D8%AF%D9%8E%D8%B1%D9%8E%D9%91%D8%A8.wav
760,ربح,ˈri.bɪħ,2,1,LL-Q55633582 (ajp)-Khalil.rantissi-رِبِح.wav,https://upload.wikimedia.org/wikipedia/commons/d/df/LL-Q55633582_%28ajp%29-Khalil.rantissi-%D8%B1%D9%90%D8%A8%D9%90%D8%AD.wav
899,شفي,ˈʃi.fi,2,1,LL-Q55633582 (ajp)-Khalil.rantissi-شفي.wav,https://upload.wikimedia.org/wikipedia/commons/f/f0/LL-Q55633582_%28ajp%29-Khalil.rantissi-%D8%B4%D9%81%D9%8A.wav
623,حدا,ˈħa.da,2,1,LL-Q55633582 (ajp)-Basil (AdrianAbdulBaha)-حدا.wav,https://upload.wikimedia.org/wikipedia/commons/2/20/LL-Q55633582_%28ajp%29-Basil_%28AdrianAbdulBaha%29-%D8%AD%D8%AF%D8%A7.wav
121,حيوان,ħajˈwæːn,2,2,LL-Q55633582 (ajp)-Muhammad (AdrianAbdulBaha)-حيوان.wav,https://upload.wikimedia.org/wikipedia/commons/e/ee/LL-Q55633582_%28ajp%29-Muhammad_%28AdrianAbdulBaha%29-%D8%AD%D9%8A%D9%88%D8%A7%D9%86.wav
665,خالة,ˈxæː.le,2,1,LL-Q55633582 (ajp)-Muhammad (AdrianAbdulBaha)-خالة.wav,https://upload.wikimedia.org/wikipedia/commons/f/fb/LL-Q55633582_%28ajp%29-Muhammad_%28AdrianAbdulBaha%29-%D8%AE%D8%A7%D9%84%D8%A9.wav
373,أسود,ˈʔas.wad,2,1,LL-Q55633582 (ajp)-Muhammad (AdrianAbdulBaha)-أسود.wav,https://upload.wikimedia.org/wikipedia/commons/e/ee/LL-Q55633582_%28ajp%29-Muhammad_%28AdrianAbdulBaha%29-%D8%A3%D8%B3%D9%88%D8%AF.wav
62,بدون,bɪˈduːn,2,2,LL-Q55633582 (ajp)-MahmoudM (AdrianAbdulBaha)-بدون.wav,https://upload.wikimedia.org/wikipedia/commons/5/5b/LL-Q55633582_%28ajp%29-MahmoudM_%28AdrianAbdulBaha%29-%D8%A8%D8%AF%D9%88%D9%86.wav
998,عبط,ˈʕɑ.bɑtˤ,2,1,LL-Q55633582 (ajp)-Khalil.rantissi-عَبَط.wav,https://upload.wikimedia.org/wikipedia/commons/1/1b/LL-Q55633582_%28ajp%29-Khalil.rantissi-%D8%B9%D9%8E%D8%A8%D9%8E%D8%B7.wav
708,داوم,ˈdæː.wam,2,1,LL-Q55633582 (ajp)-AdrianAbdulBaha-داوَم.wav,https://upload.wikimedia.org/wikipedia/commons/5/52/LL-Q55633582_%28ajp%29-AdrianAbdulBaha-%D8%AF%D8%A7%D9%88%D9%8E%D9%85.wav
934,صدفة,ˈsˤʊdˤ.fe,2,1,LL-Q55633582 (ajp)-Muhammad (AdrianAbdulBaha)-صدفة.wav,https://upload.wikimedia.org/wikipedia/commons/a/a1/LL-Q55633582_%28ajp%29-Muhammad_%28AdrianAbdulBaha%29-%D8%B5%D8%AF%D9%81%D8%A9.wav
308,ناموس,naˈmuːs,2,2,LL-Q55633582 (ajp)-Muhammad (AdrianAbdulBaha)-ناموس.wav,https://upload.wikimedia.org/wikipedia/commons/1/19/LL-Q55633582_%28ajp%29-Muhammad_%28AdrianAbdulBaha%29-%D9%86%D8%A7%D9%85%D9%88%D8%B3.wav
740,دوا,ˈda.wa,2,1,LL-Q55633582 (ajp)-Muhammad (AdrianAbdulBaha)-دوا.wav,https://upload.wikimedia.org/wikipedia/commons/b/bf/LL-Q55633582_%28ajp%29-Muhammad_%28AdrianAbdulBaha%29-%D8%AF%D9%88%D8%A7.wav
1163,قرا,ˈʔʌ.rˤʌ,2,1,LL-Q55633582 (ajp)-Khalil.rantissi-قرأ.wav,https://upload.wikimedia.org/wikipedia/commons/a/aa/LL-Q55633582_%28ajp%29-Khalil.rantissi-%D9%82%D8%B1%D8%A3.wav
235,قميص,ʔɑˈmiːsˤ,2,2,LL-Q55633582 (ajp)-Muhammad (AdrianAbdulBaha)-قميص.wav,https://upload.wikimedia.org/wikipedia/commons/4/4e/LL-Q55633582_%28ajp%29-Muhammad_%28AdrianAbdulBaha%29-%D9%82%D9%85%D9%8A%D8%B5.wav
493,بعتبر,ˈbɪʕt.bɪr,2,1,LL-Q55633582 (ajp)-Muhammad (AdrianAbdulBaha)-biʕtber.wav,https://upload.wikimedia.org/wikipedia/commons/8/8c/LL-Q55633582_%28ajp%29-Muhammad_%28AdrianAbdulBaha%29-bi%CA%95tber.wav
955,ضفة,ˈdˤɪf.fe,2,1,LL-Q55633582 (ajp)-Khalil.rantissi-ضفّة.wav,https://upload.wikimedia.org/wikipedia/commons/4/41/LL-Q55633582_%28ajp%29-Khalil.rantissi-%D8%B6%D9%81%D9%91%D8%A9.wav
13,أكيد,ʔaˈkiːd,2,2,LL-Q55633582 (ajp)-Khalil.rantissi-أكيد.wav,https://upload.wikimedia.org/wikipedia/commons/e/e3/LL-Q55633582_%28ajp%29-Khalil.rantissi-%D8%A3%D9%83%D9%8A%D8%AF.wav
557,تكسي,ˈtak.si,2,1,LL-Q55633582 (ajp)-Muhammad (AdrianAbdulBaha)-تكسي.wav,https://upload.wikimedia.org/wikipedia/commons/a/ad/LL-Q55633582_%28ajp%29-Muhammad_%28AdrianAbdulBaha%29-%D8%AA%D9%83%D8%B3%D9%8A.wav
1361,ناقش,ˈnɑː.qɑʃ,2,1,LL-Q55633582 (ajp)-Khalil.rantissi-ناقَش.wav,https://upload.wikimedia.org/wikipedia/commons/6/64/LL-Q55633582_%28ajp%29-Khalil.rantissi-%D9%86%D8%A7%D9%82%D9%8E%D8%B4.wav
1219,كلسة,ˈkal.se,2,1,LL-Q55633582 (ajp)-Muhammad (AdrianAbdulBaha)-كلسة.wav,https://upload.wikimedia.org/wikipedia/commons/6/60/LL-Q55633582_%28ajp%29-Muhammad_%28AdrianAbdulBaha%29-%D9%83%D9%84%D8%B3%D8%A9.wav
866,شاحن,ˈʃæː.ħɪn,2,1,LL-Q55633582 (ajp)-Muhammad (AdrianAbdulBaha)-شاحن.wav,https://upload.wikimedia.org/wikipedia/commons/7/78/LL-Q55633582_%28ajp%29-Muhammad_%28AdrianAbdulBaha%29-%D8%B4%D8%A7%D8%AD%D9%86.wav
1005,عدوى,ˈʕad.wa,2,1,LL-Q55633582 (ajp)-Muhammad (AdrianAbdulBaha)-عدوى.wav,https://upload.wikimedia.org/wikipedia/commons/3/32/LL-Q55633582_%28ajp%29-Muhammad_%28AdrianAbdulBaha%29-%D8%B9%D8%AF%D9%88%D9%89.wav
554,تركي,ˈtur.ki,2,1,LL-Q55633582 (ajp)-Khalil.rantissi-تُركيّ.wav,https://upload.wikimedia.org/wikipedia/commons/1/16/LL-Q55633582_%28ajp%29-Khalil.rantissi-%D8%AA%D9%8F%D8%B1%D9%83%D9%8A%D9%91.wav
1405,هدد,ˈhad.dad,2,1,LL-Q55633582 (ajp)-Khalil.rantissi-هَدَّد.wav,https://upload.wikimedia.org/wikipedia/commons/d/dc/LL-Q55633582_%28ajp%29-Khalil.rantissi-%D9%87%D9%8E%D8%AF%D9%8E%D9%91%D8%AF.wav
530,بنتحر,ˈbɪnt.ħɪr,2,1,LL-Q55633582 (ajp)-Muhammad (AdrianAbdulBaha)-بنتحر.wav,https://upload.wikimedia.org/wikipedia/commons/d/da/LL-Q55633582_%28ajp%29-Muhammad_%28AdrianAbdulBaha%29-%D8%A8%D9%86%D8%AA%D8%AD%D8%B1.wav
1271,مايع,ˈmæː.jɪʕ,2,1,LL-Q55633582 (ajp)-Muhammad (AdrianAbdulBaha)-مايع.wav,https://upload.wikimedia.org/wikipedia/commons/6/6d/LL-Q55633582_%28ajp%29-Muhammad_%28AdrianAbdulBaha%29-%D9%85%D8%A7%D9%8A%D8%B9.wav
5,أستاذ,ʔʊsˈtæːz,2,2,LL-Q55633582 (ajp)-Muhammad (AdrianAbdulBaha)-أستاذ.wav,https://upload.wikimedia.org/wikipedia/commons/6/6f/LL-Q55633582_%28ajp%29-Muhammad_%28AdrianAbdulBaha%29-%D8%A3%D8%B3%D8%AA%D8%A7%D8%B0.wav
285,معلوم,maʕˈluːm,2,2,LL-Q55633582 (ajp)-Muhammad (AdrianAbdulBaha)-معلوم.wav,https://upload.wikimedia.org/wikipedia/commons/6/6a/LL-Q55633582_%28ajp%29-Muhammad_%28AdrianAbdulBaha%29-%D9%85%D8%B9%D9%84%D9%88%D9%85.wav
104,جوال,ʒawˈwæːl,2,2,LL-Q55633582 (ajp)-Muhammad (AdrianAbdulBaha)-جوّال.wav,https://upload.wikimedia.org/wikipedia/commons/9/96/LL-Q55633582_%28ajp%29-Muhammad_%28AdrianAbdulBaha%29-%D8%AC%D9%88%D9%91%D8%A7%D9%84.wav
1130,فضيحة,ˈfdˤiː.ħa,2,1,LL-Q55633582 (ajp)-Mohammad-LPA-فضيحة.wav,https://upload.wikimedia.org/wikipedia/commons/7/76/LL-Q55633582_%28ajp%29-Mohammad-LPA-%D9%81%D8%B6%D9%8A%D8%AD%D8%A9.wav
1376,نشر,ˈna.ʃar,2,1,LL-Q55633582 (ajp)-Khalil.rantissi-نَشَر.wav,https://upload.wikimedia.org/wikipedia/commons/a/a6/LL-Q55633582_%28ajp%29-Khalil.rantissi-%D9%86%D9%8E%D8%B4%D9%8E%D8%B1.wav
1208,كرسي,ˈkur.si,2,1,LL-Q55633582 (ajp)-Muhammad (AdrianAbdulBaha)-كرسي.wav,https://upload.wikimedia.org/wikipedia/commons/6/6e/LL-Q55633582_%28ajp%29-Muhammad_%28AdrianAbdulBaha%29-%D9%83%D8%B1%D8%B3%D9%8A.wav
807,زوج,ˈzaw.waʒ,2,1,LL-Q55633582 (ajp)-Muhammad (AdrianAbdulBaha)-زوج.wav,https://upload.wikimedia.org/wikipedia/commons/3/33/LL-Q55633582_%28ajp%29-Muhammad_%28AdrianAbdulBaha%29-%D8%B2%D9%88%D8%AC.wav
1051,عنى,ˈʕa.na,2,1,LL-Q55633582 (ajp)-Khalil.rantissi-عَنى.wav,https://upload.wikimedia.org/wikipedia/commons/1/1b/LL-Q55633582_%28ajp%29-Khalil.rantissi-%D8%B9%D9%8E%D9%86%D9%89.wav
602,جوع,ˈʒaw.waʕ,2,1,LL-Q55633582 (ajp)-Khalil.rantissi-جَوَّع.wav,https://upload.wikimedia.org/wikipedia/commons/3/3e/LL-Q55633582_%28ajp%29-Khalil.rantissi-%D8%AC%D9%8E%D9%88%D9%8E%D9%91%D8%B9.wav
1144,فندق,ˈfun.dʊʔ,2,1,LL-Q55633582 (ajp)-AmmanM (AdrianAbdulBaha)-فندق.wav,https://upload.wikimedia.org/wikipedia/commons/b/b6/LL-Q55633582_%28ajp%29-AmmanM_%28AdrianAbdulBaha%29-%D9%81%D9%86%D8%AF%D9%82.wav
8,أصحاب,ʔɑsˤˈħɑːb,2,2,LL-Q55633582 (ajp)-MahmoudM (AdrianAbdulBaha)-اصحاب.wav,https://upload.wikimedia.org/wikipedia/commons/0/01/LL-Q55633582_%28ajp%29-MahmoudM_%28AdrianAbdulBaha%29-%D8%A7%D8%B5%D8%AD%D8%A7%D8%A8.wav
298,ممنوع,mamˈnuːʕ,2,2,LL-Q55633582 (ajp)-Muhammad (AdrianAbdulBaha)-ممنوع.wav,https://upload.wikimedia.org/wikipedia/commons/b/ba/LL-Q55633582_%28ajp%29-Muhammad_%28AdrianAbdulBaha%29-%D9%85%D9%85%D9%86%D9%88%D8%B9.wav
825,سبسب,ˈsab.sab,2,1,LL-Q55633582 (ajp)-Khalil.rantissi-سَبسَب.wav,https://upload.wikimedia.org/wikipedia/commons/b/ba/LL-Q55633582_%28ajp%29-Khalil.rantissi-%D8%B3%D9%8E%D8%A8%D8%B3%D9%8E%D8%A8.wav
574,جاوب,ˈʒæː.wab,2,1,LL-Q55633582 (ajp)-Khalil.rantissi-جاوَب.wav,https://upload.wikimedia.org/wikipedia/commons/3/3e/LL-Q55633582_%28ajp%29-Khalil.rantissi-%D8%AC%D8%A7%D9%88%D9%8E%D8%A8.wav
161,سلام,saˈlæːm,2,2,LL-Q55633582 (ajp)-Muhammad (AdrianAbdulBaha)-سلام.wav,https://upload.wikimedia.org/wikipedia/commons/7/72/LL-Q55633582_%28ajp%29-Muhammad_%28AdrianAbdulBaha%29-%D8%B3%D9%84%D8%A7%D9%85.wav
878,شجر,ˈʃa.ʒɑrˤ,2,1,LL-Q55633582 (ajp)-Muhammad (AdrianAbdulBaha)-شجر.wav,https://upload.wikimedia.org/wikipedia/commons/7/78/LL-Q55633582_%28ajp%29-Muhammad_%28AdrianAbdulBaha%29-%D8%B4%D8%AC%D8%B1.wav
1072,غرق,ˈɣi.rɪʔ,2,1,LL-Q55633582 (ajp)-Khalil.rantissi-غَرَق.wav,https://upload.wikimedia.org/wikipedia/commons/3/36/LL-Q55633582_%28ajp%29-Khalil.rantissi-%D8%BA%D9%8E%D8%B1%D9%8E%D9%82.wav
415,أهمل,ˈʔah.mal,2,1,LL-Q55633582 (ajp)-Khalil.rantissi-أهمَل.wav,https://upload.wikimedia.org/wikipedia/commons/7/76/LL-Q55633582_%28ajp%29-Khalil.rantissi-%D8%A3%D9%87%D9%85%D9%8E%D9%84.wav
512,بقي,ˈbi.ʔi,2,1,LL-Q55633582 (ajp)-Khalil.rantissi-بِقي.wav,https://upload.wikimedia.org/wikipedia/commons/d/db/LL-Q55633582_%28ajp%29-Khalil.rantissi-%D8%A8%D9%90%D9%82%D9%8A.wav
434,اسم,ˈʔɪ.s(ɪ)m,2,1,LL-Q55633582 (ajp)-MahmoudM (AdrianAbdulBaha)-اسم.wav,https://upload.wikimedia.org/wikipedia/commons/a/a3/LL-Q55633582_%28ajp%29-MahmoudM_%28AdrianAbdulBaha%29-%D8%A7%D8%B3%D9%85.wav
696,خلى,ˈxal.la,2,1,LL-Q55633582 (ajp)-Khalil.rantissi-خلّى.wav,https://upload.wikimedia.org/wikipedia/commons/5/58/LL-Q55633582_%28ajp%29-Khalil.rantissi-%D8%AE%D9%84%D9%91%D9%89.wav
362,أرنب,ˈʔar.nab,2,1,LL-Q55633582 (ajp)-Khalil.rantissi-أرنَب.wav,https://upload.wikimedia.org/wikipedia/commons/a/af/LL-Q55633582_%28ajp%29-Khalil.rantissi-%D8%A3%D8%B1%D9%86%D9%8E%D8%A8.wav
1161,قدم,ˈʔad.dam,2,1,LL-Q55633582 (ajp)-Muhammad (AdrianAbdulBaha)-قدم.wav,https://upload.wikimedia.org/wikipedia/commons/6/6c/LL-Q55633582_%28ajp%29-Muhammad_%28AdrianAbdulBaha%29-%D9%82%D8%AF%D9%85.wav
447,بالغ,ˈbæː.laɣ,2,1,LL-Q55633582 (ajp)-Khalil.rantissi-بالَغ.wav,https://upload.wikimedia.org/wikipedia/commons/0/0e/LL-Q55633582_%28ajp%29-Khalil.rantissi-%D8%A8%D8%A7%D9%84%D9%8E%D8%BA.wav
577,جبنة,ˈʒɪb.ne,2,1,LL-Q55633582 (ajp)-IbrahimZ (AdrianAbdulBaha)-جبنة.wav,https://upload.wikimedia.org/wikipedia/commons/5/5c/LL-Q55633582_%28ajp%29-IbrahimZ_%28AdrianAbdulBaha%29-%D8%AC%D8%A8%D9%86%D8%A9.wav
288,مفتاح,mʊfˈtæːħ,2,2,LL-Q55633582 (ajp)-Muhammad (AdrianAbdulBaha)-مفتاح.wav,https://upload.wikimedia.org/wikipedia/commons/5/5d/LL-Q55633582_%28ajp%29-Muhammad_%28AdrianAbdulBaha%29-%D9%85%D9%81%D8%AA%D8%A7%D8%AD.wav
27,احتاج,ɪħˈtæːʒ,2,2,LL-Q55633582 (ajp)-Khalil.rantissi-احتاج.wav,https://upload.wikimedia.org/wikipedia/commons/e/ec/LL-Q55633582_%28ajp%29-Khalil.rantissi-%D8%A7%D8%AD%D8%AA%D8%A7%D8%AC.wav
1378,نظم,ˈnɑzˤ.zˤɑm,2,1,LL-Q55633582 (ajp)-Khalil.rantissi-نَظَّم.wav,https://upload.wikimedia.org/wikipedia/commons/7/78/LL-Q55633582_%28ajp%29-Khalil.rantissi-%D9%86%D9%8E%D8%B8%D9%8E%D9%91%D9%85.wav
1387,نقص,ˈnɑʔ.ʔɑsˤ,2,1,LL-Q55633582 (ajp)-Khalil.rantissi-نَقَّص.wav,https://upload.wikimedia.org/wikipedia/commons/a/a1/LL-Q55633582_%28ajp%29-Khalil.rantissi-%D9%86%D9%8E%D9%82%D9%8E%D9%91%D8%B5.wav
286,معليش,maʕˈleːʃ,2,2,LL-Q55633582 (ajp)-MahmoudM (AdrianAbdulBaha)-معليش.wav,https://upload.wikimedia.org/wikipedia/commons/3/3e/LL-Q55633582_%28ajp%29-MahmoudM_%28AdrianAbdulBaha%29-%D9%85%D8%B9%D9%84%D9%8A%D8%B4.wav
1080,غلف,ˈɣal.laf,2,1,LL-Q55633582 (ajp)-Khalil.rantissi-غَلَّف.wav,https://upload.wikimedia.org/wikipedia/commons/1/14/LL-Q55633582_%28ajp%29-Khalil.rantissi-%D8%BA%D9%8E%D9%84%D9%8E%D9%91%D9%81.wav
1180,قفل,ˈʔaf.fal,2,1,LL-Q55633582 (ajp)-Khalil.rantissi-قَفَّل.wav,https://upload.wikimedia.org/wikipedia/commons/3/3b/LL-Q55633582_%28ajp%29-Khalil.rantissi-%D9%82%D9%8E%D9%81%D9%8E%D9%91%D9%84.wav
220,فستان,fʊsˈtæːn,2,2,LL-Q55633582 (ajp)-Muhammad (AdrianAbdulBaha)-فستان.wav,https://upload.wikimedia.org/wikipedia/commons/6/65/LL-Q55633582_%28ajp%29-Muhammad_%28AdrianAbdulBaha%29-%D9%81%D8%B3%D8%AA%D8%A7%D9%86.wav
769,رخص,ˈrɑx.xɑsˤ,2,1,LL-Q55633582 (ajp)-Khalil.rantissi-رَخَّص.wav,https://upload.wikimedia.org/wikipedia/commons/2/2d/LL-Q55633582_%28ajp%29-Khalil.rantissi-%D8%B1%D9%8E%D8%AE%D9%8E%D9%91%D8%B5.wav
1260,لمس,ˈla.mas,2,1,LL-Q55633582 (ajp)-Khalil.rantissi-لَمَس.wav,https://upload.wikimedia.org/wikipedia/commons/3/37/LL-Q55633582_%28ajp%29-Khalil.rantissi-%D9%84%D9%8E%D9%85%D9%8E%D8%B3.wav
1106,فرج,ˈfa.raʒ,2,1,LL-Q55633582 (ajp)-Khalil.rantissi-فَرَج.wav,https://upload.wikimedia.org/wikipedia/commons/0/0f/LL-Q55633582_%28ajp%29-Khalil.rantissi-%D9%81%D9%8E%D8%B1%D9%8E%D8%AC.wav
175,شوبان,ʃawˈbæːn,2,2,LL-Q55633582 (ajp)-Khalil.rantissi-شوبان.wav,https://upload.wikimedia.org/wikipedia/commons/9/96/LL-Q55633582_%28ajp%29-Khalil.rantissi-%D8%B4%D9%88%D8%A8%D8%A7%D9%86.wav
1282,مخدة,ˈmxad.de,2,1,LL-Q55633582 (ajp)-Muhammad (AdrianAbdulBaha)-بيت مخدة.wav,https://upload.wikimedia.org/wikipedia/commons/7/78/LL-Q55633582_%28ajp%29-Muhammad_%28AdrianAbdulBaha%29-%D8%A8%D9%8A%D8%AA_%D9%85%D8%AE%D8%AF%D8%A9.wav
141,دوام,daˈwæːm,2,2,LL-Q55633582 (ajp)-AmmanM (AdrianAbdulBaha)-دوام.wav,https://upload.wikimedia.org/wikipedia/commons/f/f9/LL-Q55633582_%28ajp%29-AmmanM_%28AdrianAbdulBaha%29-%D8%AF%D9%88%D8%A7%D9%85.wav
1253,لفت,ˈla.fat,2,1,LL-Q55633582 (ajp)-Khalil.rantissi-لَفَت.wav,https://upload.wikimedia.org/wikipedia/commons/1/15/LL-Q55633582_%28ajp%29-Khalil.rantissi-%D9%84%D9%8E%D9%81%D9%8E%D8%AA.wav
985,عارض,ˈʕɑː.rˤɑdˤ,2,1,LL-Q55633582 (ajp)-Khalil.rantissi-عارَض.wav,https://upload.wikimedia.org/wikipedia/commons/4/40/LL-Q55633582_%28ajp%29-Khalil.rantissi-%D8%B9%D8%A7%D8%B1%D9%8E%D8%B6.wav
1430,ودع,ˈwad.daʕ,2,1,LL-Q55633582 (ajp)-Khalil.rantissi-وَدَّع.wav,https://upload.wikimedia.org/wikipedia/commons/1/1b/LL-Q55633582_%28ajp%29-Khalil.rantissi-%D9%88%D9%8E%D8%AF%D9%8E%D9%91%D8%B9.wav
1070,غدا,ˈɣa.da,2,1,LL-Q55633582 (ajp)-IbrahimZ (AdrianAbdulBaha)-غدا.wav,https://upload.wikimedia.org/wikipedia/commons/d/d4/LL-Q55633582_%28ajp%29-IbrahimZ_%28AdrianAbdulBaha%29-%D8%BA%D8%AF%D8%A7.wav
1032,عفوا,ˈʕaf.wan,2,1,LL-Q55633582 (ajp)-MahmoudM (AdrianAbdulBaha)-عفوًا.wav,https://upload.wikimedia.org/wikipedia/commons/4/4e/LL-Q55633582_%28ajp%29-MahmoudM_%28AdrianAbdulBaha%29-%D8%B9%D9%81%D9%88%D9%8B%D8%A7.wav
999,عبى,ˈʕab.ba,2,1,LL-Q55633582 (ajp)-Khalil.rantissi-عَبّى.wav,https://upload.wikimedia.org/wikipedia/commons/e/ee/LL-Q55633582_%28ajp%29-Khalil.rantissi-%D8%B9%D9%8E%D8%A8%D9%91%D9%89.wav
1198,كبب,ˈkab.bab,2,1,LL-Q55633582 (ajp)-Khalil.rantissi-كَبَّب.wav,https://upload.wikimedia.org/wikipedia/commons/f/f7/LL-Q55633582_%28ajp%29-Khalil.rantissi-%D9%83%D9%8E%D8%A8%D9%8E%D9%91%D8%A8.wav
238,قوام,ʔaˈwæːm,2,2,LL-Q55633582 (ajp)-AdrianAbdulBaha-قوام.wav,https://upload.wikimedia.org/wikipedia/commons/f/f9/LL-Q55633582_%28ajp%29-AdrianAbdulBaha-%D9%82%D9%88%D8%A7%D9%85.wav
0,أثاث,ʔaˈθæːθ,2,2,LL-Q55633582 (ajp)-Muhammad (AdrianAbdulBaha)-أثاث.wav,https://upload.wikimedia.org/wikipedia/commons/b/bc/LL-Q55633582_%28ajp%29-Muhammad_%28AdrianAbdulBaha%29-%D8%A3%D8%AB%D8%A7%D8%AB.wav
1360,ناقة,ˈnɑː.qɑ,2,1,LL-Q55633582 (ajp)-Muhammad (AdrianAbdulBaha)-ناقة.wav,https://upload.wikimedia.org/wikipedia/commons/c/cc/LL-Q55633582_%28ajp%29-Muhammad_%28AdrianAbdulBaha%29-%D9%86%D8%A7%D9%82%D8%A9.wav
353,أدن,ˈʔad.dan,2,1,LL-Q55633582 (ajp)-AdrianAbdulBaha-أدَّن.wav,https://upload.wikimedia.org/wikipedia/commons/5/50/LL-Q55633582_%28ajp%29-AdrianAbdulBaha-%D8%A3%D8%AF%D9%8E%D9%91%D9%86.wav
1048,عمى,ˈʕa.ma,2,1,LL-Q55633582 (ajp)-Khalil.rantissi-عَمى.wav,https://upload.wikimedia.org/wikipedia/commons/1/10/LL-Q55633582_%28ajp%29-Khalil.rantissi-%D8%B9%D9%8E%D9%85%D9%89.wav
1436,وزع,ˈwaz.zaʕ,2,1,LL-Q55633582 (ajp)-Khalil.rantissi-وَزَّع.wav,https://upload.wikimedia.org/wikipedia/commons/6/62/LL-Q55633582_%28ajp%29-Khalil.rantissi-%D9%88%D9%8E%D8%B2%D9%8E%D9%91%D8%B9.wav
441,ايمتى,ˈʔeːm.ta,2,1,LL-Q55633582 (ajp)-Basil (AdrianAbdulBaha)-امتى.wav,https://upload.wikimedia.org/wikipedia/commons/7/7a/LL-Q55633582_%28ajp%29-Basil_%28AdrianAbdulBaha%29-%D8%A7%D9%85%D8%AA%D9%89.wav
763,ربى,ˈrˤɑb.bɑ,2,1,LL-Q55633582 (ajp)-Khalil.rantissi-رَبّى.wav,https://upload.wikimedia.org/wikipedia/commons/3/32/LL-Q55633582_%28ajp%29-Khalil.rantissi-%D8%B1%D9%8E%D8%A8%D9%91%D9%89.wav
1288,مرتب,ˈmrat.tab,2,1,LL-Q55633582 (ajp)-Muhammad (AdrianAbdulBaha)-مرتّب.wav,https://upload.wikimedia.org/wikipedia/commons/e/eb/LL-Q55633582_%28ajp%29-Muhammad_%28AdrianAbdulBaha%29-%D9%85%D8%B1%D8%AA%D9%91%D8%A8.wav
131,خلال,xɪˈlæːl,2,2,LL-Q55633582 (ajp)-AdrianAbdulBaha-خلال.wav,https://upload.wikimedia.org/wikipedia/commons/c/c3/LL-Q55633582_%28ajp%29-AdrianAbdulBaha-%D8%AE%D9%84%D8%A7%D9%84.wav
99,جربان,ʒʊrˈbæːn,2,2,LL-Q55633582 (ajp)-Muhammad (AdrianAbdulBaha)-جربان.wav,https://upload.wikimedia.org/wikipedia/commons/6/65/LL-Q55633582_%28ajp%29-Muhammad_%28AdrianAbdulBaha%29-%D8%AC%D8%B1%D8%A8%D8%A7%D9%86.wav
964,طالع,ˈtˤɑː.lɪʕ,2,1,LL-Q55633582 (ajp)-Khalil.rantissi-طالع.wav,https://upload.wikimedia.org/wikipedia/commons/4/43/LL-Q55633582_%28ajp%29-Khalil.rantissi-%D8%B7%D8%A7%D9%84%D8%B9.wav
17,أهلين,ʔahˈleːn,2,2,LL-Q55633582 (ajp)-AdrianAbdulBaha-أهلين.wav,https://upload.wikimedia.org/wikipedia/commons/b/b0/LL-Q55633582_%28ajp%29-AdrianAbdulBaha-%D8%A3%D9%87%D9%84%D9%8A%D9%86.wav
310,نحال,naħˈħæːl,2,2,LL-Q55633582 (ajp)-Muhammad (AdrianAbdulBaha)-نحّال.wav,https://upload.wikimedia.org/wikipedia/commons/6/62/LL-Q55633582_%28ajp%29-Muhammad_%28AdrianAbdulBaha%29-%D9%86%D8%AD%D9%91%D8%A7%D9%84.wav
183,صليب,sˤɑˈliːb,2,2,LL-Q55633582 (ajp)-Basil (AdrianAbdulBaha)-صليب.wav,https://upload.wikimedia.org/wikipedia/commons/6/66/LL-Q55633582_%28ajp%29-Basil_%28AdrianAbdulBaha%29-%D8%B5%D9%84%D9%8A%D8%A8.wav
426,إشي,ˈʔɪ.ʃi,2,1,LL-Q55633582 (ajp)-Muhammad (AdrianAbdulBaha)-إشي.wav,https://upload.wikimedia.org/wikipedia/commons/b/b6/LL-Q55633582_%28ajp%29-Muhammad_%28AdrianAbdulBaha%29-%D8%A5%D8%B4%D9%8A.wav
880,شحن,ˈʃa.ħan,2,1,LL-Q55633582 (ajp)-Khalil.rantissi-شَحَن.wav,https://upload.wikimedia.org/wikipedia/commons/c/cc/LL-Q55633582_%28ajp%29-Khalil.rantissi-%D8%B4%D9%8E%D8%AD%D9%8E%D9%86.wav
1101,فجر,ˈfa.ʒ(ɪ)r,2,1,LL-Q55633582 (ajp)-Muhammad (AdrianAbdulBaha)-فجر.wav,https://upload.wikimedia.org/wikipedia/commons/b/b7/LL-Q55633582_%28ajp%29-Muhammad_%28AdrianAbdulBaha%29-%D9%81%D8%AC%D8%B1.wav
1085,غنم,ˈɣa.nam,2,1,LL-Q55633582 (ajp)-Muhammad (AdrianAbdulBaha)-غنم.wav,https://upload.wikimedia.org/wikipedia/commons/c/c5/LL-Q55633582_%28ajp%29-Muhammad_%28AdrianAbdulBaha%29-%D8%BA%D9%86%D9%85.wav
858,سنة,ˈsa.ne,2,1,LL-Q55633582 (ajp)-AseelF (AdrianAbdulBaha)-سَنة.wav,https://upload.wikimedia.org/wikipedia/commons/b/b7/LL-Q55633582_%28ajp%29-AseelF_%28AdrianAbdulBaha%29-%D8%B3%D9%8E%D9%86%D8%A9.wav
609,حارب,ˈħæː.rab,2,1,LL-Q55633582 (ajp)-Khalil.rantissi-حارَب.wav,https://upload.wikimedia.org/wikipedia/commons/2/2b/LL-Q55633582_%28ajp%29-Khalil.rantissi-%D8%AD%D8%A7%D8%B1%D9%8E%D8%A8.wav
799,زعج,ˈza.ʕaʒ,2,1,LL-Q55633582 (ajp)-Khalil.rantissi-زَعَج.wav,https://upload.wikimedia.org/wikipedia/commons/6/66/LL-Q55633582_%28ajp%29-Khalil.rantissi-%D8%B2%D9%8E%D8%B9%D9%8E%D8%AC.wav
676,خبى,ˈxab.ba,2,1,LL-Q55633582 (ajp)-Khalil.rantissi-خَبّى.wav,https://upload.wikimedia.org/wikipedia/commons/8/83/LL-Q55633582_%28ajp%29-Khalil.rantissi-%D8%AE%D9%8E%D8%A8%D9%91%D9%89.wav
1423,والله,ˈwɑlˤ.lˤɑ,2,1,LL-Q55633582 (ajp)-AdrianAbdulBaha-والله.wav,https://upload.wikimedia.org/wikipedia/commons/5/59/LL-Q55633582_%28ajp%29-AdrianAbdulBaha-%D9%88%D8%A7%D9%84%D9%84%D9%87.wav
384,أعطى,ˈʔaʕ.tˤɑ,2,1,LL-Q55633582 (ajp)-Khalil.rantissi-أعطى.wav,https://upload.wikimedia.org/wikipedia/commons/9/93/LL-Q55633582_%28ajp%29-Khalil.rantissi-%D8%A3%D8%B9%D8%B7%D9%89.wav
513,بكتشف,ˈbɪkt.ʃɪf,2,1,LL-Q55633582 (ajp)-Muhammad (AdrianAbdulBaha)-بكتشف.wav,https://upload.wikimedia.org/wikipedia/commons/1/11/LL-Q55633582_%28ajp%29-Muhammad_%28AdrianAbdulBaha%29-%D8%A8%D9%83%D8%AA%D8%B4%D9%81.wav
618,حاول,ˈħæː.wal,2,1,LL-Q55633582 (ajp)-Khalil.rantissi-حاوَل.wav,https://upload.wikimedia.org/wikipedia/commons/6/67/LL-Q55633582_%28ajp%29-Khalil.rantissi-%D8%AD%D8%A7%D9%88%D9%8E%D9%84.wav
375,أشتى,ˈʔaʃ.ta,2,1,LL-Q55633582 (ajp)-Khalil.rantissi-أشتَى.wav,https://upload.wikimedia.org/wikipedia/commons/1/12/LL-Q55633582_%28ajp%29-Khalil.rantissi-%D8%A3%D8%B4%D8%AA%D9%8E%D9%89.wav
457,بخترع,ˈbɪxt.rɪʕ,2,1,LL-Q55633582 (ajp)-Muhammad (AdrianAbdulBaha)-بخترع.wav,https://upload.wikimedia.org/wikipedia/commons/2/22/LL-Q55633582_%28ajp%29-Muhammad_%28AdrianAbdulBaha%29-%D8%A8%D8%AE%D8%AA%D8%B1%D8%B9.wav
963,طالب,ˈtˤɑː.lɪb,2,1,LL-Q55633582 (ajp)-Muhammad (AdrianAbdulBaha)-طالب.wav,https://upload.wikimedia.org/wikipedia/commons/6/6c/LL-Q55633582_%28ajp%29-Muhammad_%28AdrianAbdulBaha%29-%D8%B7%D8%A7%D9%84%D8%A8.wav
1038,علبة,ˈʕʊl.be,2,1,LL-Q55633582 (ajp)-Muhammad (AdrianAbdulBaha)-علبة.wav,https://upload.wikimedia.org/wikipedia/commons/f/f5/LL-Q55633582_%28ajp%29-Muhammad_%28AdrianAbdulBaha%29-%D8%B9%D9%84%D8%A8%D8%A9.wav
787,رمى,ˈra.ma,2,1,LL-Q55633582 (ajp)-Khalil.rantissi-رَمى.wav,https://upload.wikimedia.org/wikipedia/commons/d/d0/LL-Q55633582_%28ajp%29-Khalil.rantissi-%D8%B1%D9%8E%D9%85%D9%89.wav
149,زمان,zaˈmæːn,2,2,LL-Q55633582 (ajp)-AseelF (AdrianAbdulBaha)-زَمان.wav,https://upload.wikimedia.org/wikipedia/commons/e/e3/LL-Q55633582_%28ajp%29-AseelF_%28AdrianAbdulBaha%29-%D8%B2%D9%8E%D9%85%D8%A7%D9%86.wav
1444,وطي,ˈwi.tˤi,2,1,LL-Q55633582 (ajp)-Khalil.rantissi-وِطي.wav,https://upload.wikimedia.org/wikipedia/commons/9/96/LL-Q55633582_%28ajp%29-Khalil.rantissi-%D9%88%D9%90%D8%B7%D9%8A.wav
463,بدا,ˈba.da,2,1,LL-Q55633582 (ajp)-Khalil.rantissi-بدأ.wav,https://upload.wikimedia.org/wikipedia/commons/f/fe/LL-Q55633582_%28ajp%29-Khalil.rantissi-%D8%A8%D8%AF%D8%A3.wav
260,مايوه,majˈjoː,2,2,LL-Q55633582 (ajp)-Muhammad (AdrianAbdulBaha)-مايّوه.wav,https://upload.wikimedia.org/wikipedia/commons/c/c3/LL-Q55633582_%28ajp%29-Muhammad_%28AdrianAbdulBaha%29-%D9%85%D8%A7%D9%8A%D9%91%D9%88%D9%87.wav
661,حير,ˈħaj.jar,2,1,LL-Q55633582 (ajp)-Muhammad (AdrianAbdulBaha)-حَيَّر.wav,https://upload.wikimedia.org/wikipedia/commons/2/24/LL-Q55633582_%28ajp%29-Muhammad_%28AdrianAbdulBaha%29-%D8%AD%D9%8E%D9%8A%D9%8E%D9%91%D8%B1.wav
1274,متر,ˈmɪ.t(ɪ)r,2,1,LL-Q55633582 (ajp)-Muhammad (AdrianAbdulBaha)-متر.wav,https://upload.wikimedia.org/wikipedia/commons/2/28/LL-Q55633582_%28ajp%29-Muhammad_%28AdrianAbdulBaha%29-%D9%85%D8%AA%D8%B1.wav
419,أيد,ˈʔaj.jad,2,1,LL-Q55633582 (ajp)-Khalil.rantissi-أيَّد.wav,https://upload.wikimedia.org/wikipedia/commons/4/45/LL-Q55633582_%28ajp%29-Khalil.rantissi-%D8%A3%D9%8A%D9%8E%D9%91%D8%AF.wav
1374,نسر,ˈnɪ.s(ɪ)r,2,1,LL-Q55633582 (ajp)-Muhammad (AdrianAbdulBaha)-نسر.wav,https://upload.wikimedia.org/wikipedia/commons/a/a1/LL-Q55633582_%28ajp%29-Muhammad_%28AdrianAbdulBaha%29-%D9%86%D8%B3%D8%B1.wav
541,بودرة,ˈboːd.rˤɑ,2,1,LL-Q55633582 (ajp)-Muhammad (AdrianAbdulBaha)-بودرة.wav,https://upload.wikimedia.org/wikipedia/commons/2/24/LL-Q55633582_%28ajp%29-Muhammad_%28AdrianAbdulBaha%29-%D8%A8%D9%88%D8%AF%D8%B1%D8%A9.wav
815,سادس,ˈsæː.dɪs,2,1,LL-Q55633582 (ajp)-Muhammad (AdrianAbdulBaha)-سادس.wav,https://upload.wikimedia.org/wikipedia/commons/9/96/LL-Q55633582_%28ajp%29-Muhammad_%28AdrianAbdulBaha%29-%D8%B3%D8%A7%D8%AF%D8%B3.wav
1317,معجنة,ˈmʕaʒ.ne,2,1,LL-Q55633582 (ajp)-Khalil.rantissi-معجّنة.wav,https://upload.wikimedia.org/wikipedia/commons/1/1e/LL-Q55633582_%28ajp%29-Khalil.rantissi-%D9%85%D8%B9%D8%AC%D9%91%D9%86%D8%A9.wav
402,ألهى,ˈʔal.ha,2,1,LL-Q55633582 (ajp)-Khalil.rantissi-ألهى.wav,https://upload.wikimedia.org/wikipedia/commons/a/a8/LL-Q55633582_%28ajp%29-Khalil.rantissi-%D8%A3%D9%84%D9%87%D9%89.wav
1186,قلم,ˈʔa.lam,2,1,LL-Q55633582 (ajp)-Muhammad (AdrianAbdulBaha)-قلم.wav,https://upload.wikimedia.org/wikipedia/commons/3/3f/LL-Q55633582_%28ajp%29-Muhammad_%28AdrianAbdulBaha%29-%D9%82%D9%84%D9%85.wav
344,أحسن,ˈʔaħ.san,2,1,LL-Q55633582 (ajp)-Khalil.rantissi-أحسَن.wav,https://upload.wikimedia.org/wikipedia/commons/4/44/LL-Q55633582_%28ajp%29-Khalil.rantissi-%D8%A3%D8%AD%D8%B3%D9%8E%D9%86.wav
1142,فلفل,ˈfɪl.fɪl,2,1,LL-Q55633582 (ajp)-IbrahimZ (AdrianAbdulBaha)-فلفل.wav,https://upload.wikimedia.org/wikipedia/commons/8/8c/LL-Q55633582_%28ajp%29-IbrahimZ_%28AdrianAbdulBaha%29-%D9%81%D9%84%D9%81%D9%84.wav
632,حزر,ˈħi.zɪr,2,1,LL-Q55633582 (ajp)-Khalil.rantissi-حَزَر.wav,https://upload.wikimedia.org/wikipedia/commons/d/dd/LL-Q55633582_%28ajp%29-Khalil.rantissi-%D8%AD%D9%8E%D8%B2%D9%8E%D8%B1.wav
398,أكد,ˈʔak.kad,2,1,LL-Q55633582 (ajp)-Khalil.rantissi-أكَّد.wav,https://upload.wikimedia.org/wikipedia/commons/8/86/LL-Q55633582_%28ajp%29-Khalil.rantissi-%D8%A3%D9%83%D9%8E%D9%91%D8%AF.wav
1125,فضح,ˈfɑ.dˤɑħ,2,1,LL-Q55633582 (ajp)-Khalil.rantissi-فَضَح.wav,https://upload.wikimedia.org/wikipedia/commons/9/92/LL-Q55633582_%28ajp%29-Khalil.rantissi-%D9%81%D9%8E%D8%B6%D9%8E%D8%AD.wav
163,شاكوش,ʃaˈkuːʃ,2,2,LL-Q55633582 (ajp)-Muhammad (AdrianAbdulBaha)-شاكوش.wav,https://upload.wikimedia.org/wikipedia/commons/8/83/LL-Q55633582_%28ajp%29-Muhammad_%28AdrianAbdulBaha%29-%D8%B4%D8%A7%D9%83%D9%88%D8%B4.wav
898,شفى,ˈʃa.fa,2,1,LL-Q55633582 (ajp)-Khalil.rantissi-شفى.wav,https://upload.wikimedia.org/wikipedia/commons/3/3f/LL-Q55633582_%28ajp%29-Khalil.rantissi-%D8%B4%D9%81%D9%89.wav
203,عطشان,ʕɑtˤˈʃɑːn,2,2,LL-Q55633582 (ajp)-Khalil.rantissi-عَطشان.wav,https://upload.wikimedia.org/wikipedia/commons/f/f1/LL-Q55633582_%28ajp%29-Khalil.rantissi-%D8%B9%D9%8E%D8%B7%D8%B4%D8%A7%D9%86.wav
1341,منع,ˈma.naʕ,2,1,LL-Q55633582 (ajp)-Khalil.rantissi-مَنَع.wav,https://upload.wikimedia.org/wikipedia/commons/8/8e/LL-Q55633582_%28ajp%29-Khalil.rantissi-%D9%85%D9%8E%D9%86%D9%8E%D8%B9.wav
582,جرب,ˈʒɑrˤ.rˤɑb,2,1,LL-Q55633582 (ajp)-Khalil.rantissi-جَرَّب.wav,https://upload.wikimedia.org/wikipedia/commons/5/51/LL-Q55633582_%28ajp%29-Khalil.rantissi-%D8%AC%D9%8E%D8%B1%D9%8E%D9%91%D8%A8.wav
778,ركبة,ˈrʊk.be,2,1,LL-Q55633582 (ajp)-Muhammad (AdrianAbdulBaha)-ركبة.wav,https://upload.wikimedia.org/wikipedia/commons/b/b4/LL-Q55633582_%28ajp%29-Muhammad_%28AdrianAbdulBaha%29-%D8%B1%D9%83%D8%A8%D8%A9.wav
995,عاون,ˈʕæː.wan,2,1,LL-Q55633582 (ajp)-AdrianAbdulBaha-عاون.wav,https://upload.wikimedia.org/wikipedia/commons/0/0d/LL-Q55633582_%28ajp%29-AdrianAbdulBaha-%D8%B9%D8%A7%D9%88%D9%86.wav
777,رقص,ˈrˤɑ.ʔɑsˤ,2,1,LL-Q55633582 (ajp)-Khalil.rantissi-رَقَص.wav,https://upload.wikimedia.org/wikipedia/commons/7/74/LL-Q55633582_%28ajp%29-Khalil.rantissi-%D8%B1%D9%8E%D9%82%D9%8E%D8%B5.wav
1391,نكد,ˈnɪ.kɪd,2,1,LL-Q55633582 (ajp)-Muhammad (AdrianAbdulBaha)-نكد.wav,https://upload.wikimedia.org/wikipedia/commons/9/94/LL-Q55633582_%28ajp%29-Muhammad_%28AdrianAbdulBaha%29-%D9%86%D9%83%D8%AF.wav
797,زرع,ˈza.raʕ,2,1,LL-Q55633582 (ajp)-Khalil.rantissi-زَرَع.wav,https://upload.wikimedia.org/wikipedia/commons/2/2e/LL-Q55633582_%28ajp%29-Khalil.rantissi-%D8%B2%D9%8E%D8%B1%D9%8E%D8%B9.wav
1049,عنب,ˈʕɪ.neb,2,1,LL-Q55633582 (ajp)-IbrahimZ (AdrianAbdulBaha)-عنب.wav,https://upload.wikimedia.org/wikipedia/commons/4/4e/LL-Q55633582_%28ajp%29-IbrahimZ_%28AdrianAbdulBaha%29-%D8%B9%D9%86%D8%A8.wav
1353,ميناء,ˈmiː.na,2,1,LL-Q55633582 (ajp)-Muhammad (AdrianAbdulBaha)-مينا.wav,https://upload.wikimedia.org/wikipedia/commons/b/bf/LL-Q55633582_%28ajp%29-Muhammad_%28AdrianAbdulBaha%29-%D9%85%D9%8A%D9%86%D8%A7.wav
1299,مسك,ˈma.sak,2,1,LL-Q55633582 (ajp)-Khalil.rantissi-مسك.wav,https://upload.wikimedia.org/wikipedia/commons/b/bf/LL-Q55633582_%28ajp%29-Khalil.rantissi-%D9%85%D8%B3%D9%83.wav
798,زعتر,ˈzaʕ.tˤɑrˤ,2,1,LL-Q55633582 (ajp)-Khalil.rantissi-زعتر.wav,https://upload.wikimedia.org/wikipedia/commons/2/2a/LL-Q55633582_%28ajp%29-Khalil.rantissi-%D8%B2%D8%B9%D8%AA%D8%B1.wav
111,حفيد,ħaˈfiːd,2,2,LL-Q55633582 (ajp)-Muhammad (AdrianAbdulBaha)-حفيد.wav,https://upload.wikimedia.org/wikipedia/commons/e/e2/LL-Q55633582_%28ajp%29-Muhammad_%28AdrianAbdulBaha%29-%D8%AD%D9%81%D9%8A%D8%AF.wav
1308,مصري,ˈmɑsˤ.ri,2,1,LL-Q55633582 (ajp)-Muhammad (AdrianAbdulBaha)-مصري.wav,https://upload.wikimedia.org/wikipedia/commons/f/fe/LL-Q55633582_%28ajp%29-Muhammad_%28AdrianAbdulBaha%29-%D9%85%D8%B5%D8%B1%D9%8A.wav
1116,فرفر,ˈfar.far,2,1,LL-Q55633582 (ajp)-AdrianAbdulBaha-فَرفَر.wav,https://upload.wikimedia.org/wikipedia/commons/b/b7/LL-Q55633582_%28ajp%29-AdrianAbdulBaha-%D9%81%D9%8E%D8%B1%D9%81%D9%8E%D8%B1.wav
178,صالون,sˤɑˈloːn,2,2,LL-Q55633582 (ajp)-Muhammad (AdrianAbdulBaha)-صالون.wav,https://upload.wikimedia.org/wikipedia/commons/5/5c/LL-Q55633582_%28ajp%29-Muhammad_%28AdrianAbdulBaha%29-%D8%B5%D8%A7%D9%84%D9%88%D9%86.wav
1014,عزف,ˈʕa.zaf,2,1,LL-Q55633582 (ajp)-Khalil.rantissi-عَزَف.wav,https://upload.wikimedia.org/wikipedia/commons/2/25/LL-Q55633582_%28ajp%29-Khalil.rantissi-%D8%B9%D9%8E%D8%B2%D9%8E%D9%81.wav
1010,عرب,ˈʕa.rab,2,1,LL-Q55633582 (ajp)-AdrianAbdulBaha-عرب.wav,https://upload.wikimedia.org/wikipedia/commons/5/5e/LL-Q55633582_%28ajp%29-AdrianAbdulBaha-%D8%B9%D8%B1%D8%A8.wav
1429,وحد,ˈwaħ.ħad,2,1,LL-Q55633582 (ajp)-Khalil.rantissi-وَحَّد.wav,https://upload.wikimedia.org/wikipedia/commons/7/7d/LL-Q55633582_%28ajp%29-Khalil.rantissi-%D9%88%D9%8E%D8%AD%D9%8E%D9%91%D8%AF.wav
1146,فور,ˈfaw.war,2,1,LL-Q55633582 (ajp)-Khalil.rantissi-فَوَّر.wav,https://upload.wikimedia.org/wikipedia/commons/0/0f/LL-Q55633582_%28ajp%29-Khalil.rantissi-%D9%81%D9%8E%D9%88%D9%8E%D9%91%D8%B1.wav
979,طلق,ˈtˤɑlˤ.lˤɑʔ,2,1,LL-Q55633582 (ajp)-Khalil.rantissi-طَلَّق.wav,https://upload.wikimedia.org/wikipedia/commons/d/dc/LL-Q55633582_%28ajp%29-Khalil.rantissi-%D8%B7%D9%8E%D9%84%D9%8E%D9%91%D9%82.wav
377,أشرك,ˈʔaʃ.rak,2,1,LL-Q55633582 (ajp)-Khalil.rantissi-أشرَك.wav,https://upload.wikimedia.org/wikipedia/commons/4/4d/LL-Q55633582_%28ajp%29-Khalil.rantissi-%D8%A3%D8%B4%D8%B1%D9%8E%D9%83.wav
1177,قطعة,ˈqɪtˤ.ʕɑ,2,1,LL-Q55633582 (ajp)-Muhammad (AdrianAbdulBaha)-قطعة.wav,https://upload.wikimedia.org/wikipedia/commons/2/25/LL-Q55633582_%28ajp%29-Muhammad_%28AdrianAbdulBaha%29-%D9%82%D8%B7%D8%B9%D8%A9.wav
1340,ممكن,ˈmʊm.kɪn,2,1,LL-Q55633582 (ajp)-Muhammad (AdrianAbdulBaha)-ممكن.wav,https://upload.wikimedia.org/wikipedia/commons/e/ea/LL-Q55633582_%28ajp%29-Muhammad_%28AdrianAbdulBaha%29-%D9%85%D9%85%D9%83%D9%86.wav
531,بنتخب,ˈbɪnt.xɪb,2,1,LL-Q55633582 (ajp)-Muhammad (AdrianAbdulBaha)-بنتخب.wav,https://upload.wikimedia.org/wikipedia/commons/d/df/LL-Q55633582_%28ajp%29-Muhammad_%28AdrianAbdulBaha%29-%D8%A8%D9%86%D8%AA%D8%AE%D8%A8.wav
1113,فرشى,ˈfar.ʃa,2,1,LL-Q55633582 (ajp)-Khalil.rantissi-فَرشى.wav,https://upload.wikimedia.org/wikipedia/commons/9/95/LL-Q55633582_%28ajp%29-Khalil.rantissi-%D9%81%D9%8E%D8%B1%D8%B4%D9%89.wav
638,حشى,ˈħa.ʃa,2,1,LL-Q55633582 (ajp)-Khalil.rantissi-حَشى.wav,https://upload.wikimedia.org/wikipedia/commons/4/42/LL-Q55633582_%28ajp%29-Khalil.rantissi-%D8%AD%D9%8E%D8%B4%D9%89.wav
428,إما,ˈʔɪm.ma,2,1,LL-Q55633582 (ajp)-AdrianAbdulBaha-إمّا.wav,https://upload.wikimedia.org/wikipedia/commons/6/64/LL-Q55633582_%28ajp%29-AdrianAbdulBaha-%D8%A5%D9%85%D9%91%D8%A7.wav
706,دافع,ˈdæː.faʕ,2,1,LL-Q55633582 (ajp)-Khalil.rantissi-دافَع.wav,https://upload.wikimedia.org/wikipedia/commons/1/1b/LL-Q55633582_%28ajp%29-Khalil.rantissi-%D8%AF%D8%A7%D9%81%D9%8E%D8%B9.wav
570,جاجة,ˈʒæː.ʒe,2,1,LL-Q55633582 (ajp)-Muhammad (AdrianAbdulBaha)-جاجة.wav,https://upload.wikimedia.org/wikipedia/commons/9/9a/LL-Q55633582_%28ajp%29-Muhammad_%28AdrianAbdulBaha%29-%D8%AC%D8%A7%D8%AC%D8%A9.wav
1307,مصر,ˈmɑ.sˤ(ɪ)rˤ,2,1,LL-Q55633582 (ajp)-AdrianAbdulBaha-مصر.wav,https://upload.wikimedia.org/wikipedia/commons/2/20/LL-Q55633582_%28ajp%29-AdrianAbdulBaha-%D9%85%D8%B5%D8%B1.wav
692,خطف,ˈxɑ.tˤɑf,2,1,LL-Q55633582 (ajp)-Khalil.rantissi-خَطَف.wav,https://upload.wikimedia.org/wikipedia/commons/f/f3/LL-Q55633582_%28ajp%29-Khalil.rantissi-%D8%AE%D9%8E%D8%B7%D9%8E%D9%81.wav
408,أمهل,ˈʔam.hal,2,1,LL-Q55633582 (ajp)-Khalil.rantissi-أمهَل.wav,https://upload.wikimedia.org/wikipedia/commons/8/8b/LL-Q55633582_%28ajp%29-Khalil.rantissi-%D8%A3%D9%85%D9%87%D9%8E%D9%84.wav
1054,عودة,ˈʕuː.de,2,1,LL-Q55633582 (ajp)-Muhammad (AdrianAbdulBaha)-عودة.wav,https://upload.wikimedia.org/wikipedia/commons/3/38/LL-Q55633582_%28ajp%29-Muhammad_%28AdrianAbdulBaha%29-%D8%B9%D9%88%D8%AF%D8%A9.wav
409,أنا,ˈʔa.na,2,1,LL-Q55633582 (ajp)-MahmoudM (AdrianAbdulBaha)-انا.wav,https://upload.wikimedia.org/wikipedia/commons/d/df/LL-Q55633582_%28ajp%29-MahmoudM_%28AdrianAbdulBaha%29-%D8%A7%D9%86%D8%A7.wav
1148,فوضى,ˈfɑw.dˤɑ,2,1,LL-Q55633582 (ajp)-Khalil.rantissi-فَوضى.wav,https://upload.wikimedia.org/wikipedia/commons/8/82/LL-Q55633582_%28ajp%29-Khalil.rantissi-%D9%81%D9%8E%D9%88%D8%B6%D9%89.wav
1003,عدس,ˈʕa.das,2,1,LL-Q55633582 (ajp)-Khalil.rantissi-عدس.wav,https://upload.wikimedia.org/wikipedia/commons/8/84/LL-Q55633582_%28ajp%29-Khalil.rantissi-%D8%B9%D8%AF%D8%B3.wav
119,حميان,ħamˈjæːn,2,2,LL-Q55633582 (ajp)-Muhammad (AdrianAbdulBaha)-حميان.wav,https://upload.wikimedia.org/wikipedia/commons/6/63/LL-Q55633582_%28ajp%29-Muhammad_%28AdrianAbdulBaha%29-%D8%AD%D9%85%D9%8A%D8%A7%D9%86.wav
653,حمس,ˈħam.mas,2,1,LL-Q55633582 (ajp)-Khalil.rantissi-حَمَّس.wav,https://upload.wikimedia.org/wikipedia/commons/1/16/LL-Q55633582_%28ajp%29-Khalil.rantissi-%D8%AD%D9%8E%D9%85%D9%8E%D9%91%D8%B3.wav
929,صبي,ˈsˤɑ.bi,2,1,LL-Q55633582 (ajp)-Muhammad (AdrianAbdulBaha)-صبي.wav,https://upload.wikimedia.org/wikipedia/commons/0/08/LL-Q55633582_%28ajp%29-Muhammad_%28AdrianAbdulBaha%29-%D8%B5%D8%A8%D9%8A.wav
177,صابون,sˤɑˈbuːn,2,2,LL-Q55633582 (ajp)-Muhammad (AdrianAbdulBaha)-صابون.wav,https://upload.wikimedia.org/wikipedia/commons/7/72/LL-Q55633582_%28ajp%29-Muhammad_%28AdrianAbdulBaha%29-%D8%B5%D8%A7%D8%A8%D9%88%D9%86.wav
1418,واحد,ˈwaː.ħad,2,1,LL-Q55633582 (ajp)-AseelF (AdrianAbdulBaha)-1.wav,https://upload.wikimedia.org/wikipedia/commons/7/7f/LL-Q55633582_%28ajp%29-AseelF_%28AdrianAbdulBaha%29-1.wav
839,سطح,ˈsˤɑtˤ.tˤɑħ,2,1,LL-Q55633582 (ajp)-Muhammad (AdrianAbdulBaha)-سطح.wav,https://upload.wikimedia.org/wikipedia/commons/a/a7/LL-Q55633582_%28ajp%29-Muhammad_%28AdrianAbdulBaha%29-%D8%B3%D8%B7%D8%AD.wav
510,بقر,ˈbɑ.ʔɑrˤ,2,1,LL-Q55633582 (ajp)-Muhammad (AdrianAbdulBaha)-بقر.wav,https://upload.wikimedia.org/wikipedia/commons/e/e2/LL-Q55633582_%28ajp%29-Muhammad_%28AdrianAbdulBaha%29-%D8%A8%D9%82%D8%B1.wav
1254,لفظ,ˈlˤɑ.fɑzˤ,2,1,LL-Q55633582 (ajp)-Muhammad (AdrianAbdulBaha)-لفظ.wav,https://upload.wikimedia.org/wikipedia/commons/e/e2/LL-Q55633582_%28ajp%29-Muhammad_%28AdrianAbdulBaha%29-%D9%84%D9%81%D8%B8.wav
610,حارة,ˈħɑː.rˤɑ,2,1,LL-Q55633582 (ajp)-Muhammad (AdrianAbdulBaha)-حارة.wav,https://upload.wikimedia.org/wikipedia/commons/4/46/LL-Q55633582_%28ajp%29-Muhammad_%28AdrianAbdulBaha%29-%D8%AD%D8%A7%D8%B1%D8%A9.wav
223,قبال,(ɪ)ʔˈbæːl,2,2,LL-Q55633582 (ajp)-AdrianAbdulBaha-قبال.wav,https://upload.wikimedia.org/wikipedia/commons/6/6b/LL-Q55633582_%28ajp%29-AdrianAbdulBaha-%D9%82%D8%A8%D8%A7%D9%84.wav
323,يهود,jaˈhuːd,2,2,LL-Q55633582 (ajp)-AdrianAbdulBaha-يهود.wav,https://upload.wikimedia.org/wikipedia/commons/f/f5/LL-Q55633582_%28ajp%29-AdrianAbdulBaha-%D9%8A%D9%87%D9%88%D8%AF.wav
1000,عجل,ˈʕaʒ.ʒal,2,1,LL-Q55633582 (ajp)-Khalil.rantissi-عَجَّل.wav,https://upload.wikimedia.org/wikipedia/commons/7/7a/LL-Q55633582_%28ajp%29-Khalil.rantissi-%D8%B9%D9%8E%D8%AC%D9%8E%D9%91%D9%84.wav
874,شتا,ˈʃi.ta,2,1,LL-Q55633582 (ajp)-Muhammad (AdrianAbdulBaha)-شتا.wav,https://upload.wikimedia.org/wikipedia/commons/3/3f/LL-Q55633582_%28ajp%29-Muhammad_%28AdrianAbdulBaha%29-%D8%B4%D8%AA%D8%A7.wav
7,أصاب,ʔɑˈsˤɑːb,2,2,LL-Q55633582 (ajp)-Khalil.rantissi-أصاب.wav,https://upload.wikimedia.org/wikipedia/commons/3/32/LL-Q55633582_%28ajp%29-Khalil.rantissi-%D8%A3%D8%B5%D8%A7%D8%A8.wav
559,تلفن,ˈtal.fan,2,1,LL-Q55633582 (ajp)-Khalil.rantissi-تَلفَن.wav,https://upload.wikimedia.org/wikipedia/commons/1/14/LL-Q55633582_%28ajp%29-Khalil.rantissi-%D8%AA%D9%8E%D9%84%D9%81%D9%8E%D9%86.wav
603,جولة,ˈʒaw.le,2,1,LL-Q55633582 (ajp)-Mohammad-LPA-جولة.wav,https://upload.wikimedia.org/wikipedia/commons/c/ce/LL-Q55633582_%28ajp%29-Mohammad-LPA-%D8%AC%D9%88%D9%84%D8%A9.wav
1200,كبر,ˈkab.bar,2,1,LL-Q55633582 (ajp)-Khalil.rantissi-كَبَّر.wav,https://upload.wikimedia.org/wikipedia/commons/1/1e/LL-Q55633582_%28ajp%29-Khalil.rantissi-%D9%83%D9%8E%D8%A8%D9%8E%D9%91%D8%B1.wav
951,صوفا,ˈsˤoː.fɑ,2,1,LL-Q55633582 (ajp)-Muhammad (AdrianAbdulBaha)-صوفا.wav,https://upload.wikimedia.org/wikipedia/commons/6/6c/LL-Q55633582_%28ajp%29-Muhammad_%28AdrianAbdulBaha%29-%D8%B5%D9%88%D9%81%D8%A7.wav
134,خيار,xɪˈjɑːrˤ,2,2,LL-Q55633582 (ajp)-IbrahimZ (AdrianAbdulBaha)-خيار.wav,https://upload.wikimedia.org/wikipedia/commons/0/01/LL-Q55633582_%28ajp%29-IbrahimZ_%28AdrianAbdulBaha%29-%D8%AE%D9%8A%D8%A7%D8%B1.wav
1162,قدم,ˈqɑ.dɑm,2,1,LL-Q55633582 (ajp)-Muhammad (AdrianAbdulBaha)-قدم.wav,https://upload.wikimedia.org/wikipedia/commons/6/6c/LL-Q55633582_%28ajp%29-Muhammad_%28AdrianAbdulBaha%29-%D9%82%D8%AF%D9%85.wav
470,برا,ˈbɑrˤ.rˤɑ,2,1,LL-Q55633582 (ajp)-AdrianAbdulBaha-برّا.wav,https://upload.wikimedia.org/wikipedia/commons/1/11/LL-Q55633582_%28ajp%29-AdrianAbdulBaha-%D8%A8%D8%B1%D9%91%D8%A7.wav
44,انبل,ɪnˈbal,2,2,LL-Q55633582 (ajp)-Khalil.rantissi-انبَلّ.wav,https://upload.wikimedia.org/wikipedia/commons/7/73/LL-Q55633582_%28ajp%29-Khalil.rantissi-%D8%A7%D9%86%D8%A8%D9%8E%D9%84%D9%91.wav
1119,فصص,ˈfɑsˤ.sˤɑsˤ,2,1,LL-Q55633582 (ajp)-Khalil.rantissi-فَصَّص.wav,https://upload.wikimedia.org/wikipedia/commons/1/1d/LL-Q55633582_%28ajp%29-Khalil.rantissi-%D9%81%D9%8E%D8%B5%D9%8E%D9%91%D8%B5.wav
265,محل,maˈħal,2,2,LL-Q55633582 (ajp)-AmmanM (AdrianAbdulBaha)-محلّ.wav,https://upload.wikimedia.org/wikipedia/commons/b/b9/LL-Q55633582_%28ajp%29-AmmanM_%28AdrianAbdulBaha%29-%D9%85%D8%AD%D9%84%D9%91.wav
1275,متلت,ˈmtal.lat,2,1,LL-Q55633582 (ajp)-Muhammad (AdrianAbdulBaha)-متلت.wav,https://upload.wikimedia.org/wikipedia/commons/c/cb/LL-Q55633582_%28ajp%29-Muhammad_%28AdrianAbdulBaha%29-%D9%85%D8%AA%D9%84%D8%AA.wav
1315,مطلب,ˈmɑtˤ.lˤɑb,2,1,LL-Q55633582 (ajp)-Muhammad (AdrianAbdulBaha)-مطلب.wav,https://upload.wikimedia.org/wikipedia/commons/3/39/LL-Q55633582_%28ajp%29-Muhammad_%28AdrianAbdulBaha%29-%D9%85%D8%B7%D9%84%D8%A8.wav
1134,فعل,ˈfɪ.ʕ(ɪ)l,2,1,LL-Q55633582 (ajp)-Muhammad (AdrianAbdulBaha)-فعل.wav,https://upload.wikimedia.org/wikipedia/commons/8/84/LL-Q55633582_%28ajp%29-Muhammad_%28AdrianAbdulBaha%29-%D9%81%D8%B9%D9%84.wav
206,عنوان,ʕɪnˈwæːn,2,2,LL-Q55633582 (ajp)-AmmanM (AdrianAbdulBaha)-عنوان.wav,https://upload.wikimedia.org/wikipedia/commons/c/c6/LL-Q55633582_%28ajp%29-AmmanM_%28AdrianAbdulBaha%29-%D8%B9%D9%86%D9%88%D8%A7%D9%86.wav
315,هدول,haˈdoːl,2,2,LL-Q55633582 (ajp)-Muhammad (AdrianAbdulBaha)-هدول.wav,https://upload.wikimedia.org/wikipedia/commons/4/4d/LL-Q55633582_%28ajp%29-Muhammad_%28AdrianAbdulBaha%29-%D9%87%D8%AF%D9%88%D9%84.wav
941,صعب,ˈsˤɑ.ʕ(ɪ)b,2,1,LL-Q55633582 (ajp)-Muhammad (AdrianAbdulBaha)-صعب.wav,https://upload.wikimedia.org/wikipedia/commons/f/f0/LL-Q55633582_%28ajp%29-Muhammad_%28AdrianAbdulBaha%29-%D8%B5%D8%B9%D8%A8.wav
204,عمان,ʕamˈmæːn,2,2,LL-Q55633582 (ajp)-AdrianAbdulBaha-عمّان.wav,https://upload.wikimedia.org/wikipedia/commons/0/00/LL-Q55633582_%28ajp%29-AdrianAbdulBaha-%D8%B9%D9%85%D9%91%D8%A7%D9%86.wav
946,صلى,ˈsˤɑlˤ.lˤɑ,2,1,LL-Q55633582 (ajp)-Khalil.rantissi-صَلّى.wav,https://upload.wikimedia.org/wikipedia/commons/e/e8/LL-Q55633582_%28ajp%29-Khalil.rantissi-%D8%B5%D9%8E%D9%84%D9%91%D9%89.wav
1276,مثل,ˈmaθ.θal,2,1,LL-Q55633582 (ajp)-Khalil.rantissi-مَثَّل.wav,https://upload.wikimedia.org/wikipedia/commons/0/0c/LL-Q55633582_%28ajp%29-Khalil.rantissi-%D9%85%D9%8E%D8%AB%D9%8E%D9%91%D9%84.wav
1328,مفرق,ˈmɑf.rˤɑʔ,2,1,LL-Q55633582 (ajp)-Muhammad (AdrianAbdulBaha)-مفرق.wav,https://upload.wikimedia.org/wikipedia/commons/2/2c/LL-Q55633582_%28ajp%29-Muhammad_%28AdrianAbdulBaha%29-%D9%85%D9%81%D8%B1%D9%82.wav
1150,قابل,ˈʔæː.bal,2,1,LL-Q55633582 (ajp)-Khalil.rantissi-قابل.wav,https://upload.wikimedia.org/wikipedia/commons/5/51/LL-Q55633582_%28ajp%29-Khalil.rantissi-%D9%82%D8%A7%D8%A8%D9%84.wav
810,زين,ˈzej.jan,2,1,LL-Q55633582 (ajp)-AdrianAbdulBaha-زَيَّن.wav,https://upload.wikimedia.org/wikipedia/commons/d/d3/LL-Q55633582_%28ajp%29-AdrianAbdulBaha-%D8%B2%D9%8E%D9%8A%D9%8E%D9%91%D9%86.wav
1065,غابة,ˈɣæː.be,2,1,LL-Q55633582 (ajp)-Muhammad (AdrianAbdulBaha)-غابة.wav,https://upload.wikimedia.org/wikipedia/commons/2/26/LL-Q55633582_%28ajp%29-Muhammad_%28AdrianAbdulBaha%29-%D8%BA%D8%A7%D8%A8%D8%A9.wav
218,فرحان,fɑrˤˈħɑːn,2,2,LL-Q55633582 (ajp)-Khalil.rantissi-فَرحان.wav,https://upload.wikimedia.org/wikipedia/commons/4/41/LL-Q55633582_%28ajp%29-Khalil.rantissi-%D9%81%D9%8E%D8%B1%D8%AD%D8%A7%D9%86.wav
640,حقق,ˈħaʔ.ʔaʔ,2,1,LL-Q55633582 (ajp)-Khalil.rantissi-حَقَّق.wav,https://upload.wikimedia.org/wikipedia/commons/2/26/LL-Q55633582_%28ajp%29-Khalil.rantissi-%D8%AD%D9%8E%D9%82%D9%8E%D9%91%D9%82.wav
239,كئيب,kaˈʔiːb,2,2,LL-Q55633582 (ajp)-Muhammad (AdrianAbdulBaha)-كئيب.wav,https://upload.wikimedia.org/wikipedia/commons/7/7d/LL-Q55633582_%28ajp%29-Muhammad_%28AdrianAbdulBaha%29-%D9%83%D8%A6%D9%8A%D8%A8.wav
1427,وجه,ˈwaʒ.ʒah,2,1,LL-Q55633582 (ajp)-Khalil.rantissi-وجه.wav,https://upload.wikimedia.org/wikipedia/commons/6/63/LL-Q55633582_%28ajp%29-Khalil.rantissi-%D9%88%D8%AC%D9%87.wav
1154,قاضى,ˈʔɑː.dˤɑ,2,1,LL-Q55633582 (ajp)-Khalil.rantissi-قاضى.wav,https://upload.wikimedia.org/wikipedia/commons/b/bd/LL-Q55633582_%28ajp%29-Khalil.rantissi-%D9%82%D8%A7%D8%B6%D9%89.wav
71,بكير,bakˈkiːr,2,2,LL-Q55633582 (ajp)-AseelF (AdrianAbdulBaha)-بَكّير.wav,https://upload.wikimedia.org/wikipedia/commons/8/8b/LL-Q55633582_%28ajp%29-AseelF_%28AdrianAbdulBaha%29-%D8%A8%D9%8E%D9%83%D9%91%D9%8A%D8%B1.wav
1336,مكوى,ˈmak.wa,2,1,LL-Q55633582 (ajp)-Muhammad (AdrianAbdulBaha)-مكوى.wav,https://upload.wikimedia.org/wikipedia/commons/7/73/LL-Q55633582_%28ajp%29-Muhammad_%28AdrianAbdulBaha%29-%D9%85%D9%83%D9%88%D9%89.wav
1272,مبلا,ˈmba.la,2,1,LL-Q55633582 (ajp)-Muhammad (AdrianAbdulBaha)-مبلا.wav,https://upload.wikimedia.org/wikipedia/commons/3/3b/LL-Q55633582_%28ajp%29-Muhammad_%28AdrianAbdulBaha%29-%D9%85%D8%A8%D9%84%D8%A7.wav
1327,مفرز,ˈmfar.rɪz,2,1,LL-Q55633582 (ajp)-Muhammad (AdrianAbdulBaha)-مفرّز.wav,https://upload.wikimedia.org/wikipedia/commons/2/23/LL-Q55633582_%28ajp%29-Muhammad_%28AdrianAbdulBaha%29-%D9%85%D9%81%D8%B1%D9%91%D8%B2.wav
307,ميزان,miˈzæːn,2,2,LL-Q55633582 (ajp)-Muhammad (AdrianAbdulBaha)-ميزان.wav,https://upload.wikimedia.org/wikipedia/commons/e/e7/LL-Q55633582_%28ajp%29-Muhammad_%28AdrianAbdulBaha%29-%D9%85%D9%8A%D8%B2%D8%A7%D9%86.wav
824,سبح,ˈsa.baħ,2,1,LL-Q55633582 (ajp)-Khalil.rantissi-سَبَح.wav,https://upload.wikimedia.org/wikipedia/commons/7/7b/LL-Q55633582_%28ajp%29-Khalil.rantissi-%D8%B3%D9%8E%D8%A8%D9%8E%D8%AD.wav
56,انهار,ɪnˈhɑːrˤ,2,2,LL-Q55633582 (ajp)-Khalil.rantissi-انهار.wav,https://upload.wikimedia.org/wikipedia/commons/a/af/LL-Q55633582_%28ajp%29-Khalil.rantissi-%D8%A7%D9%86%D9%87%D8%A7%D8%B1.wav
1233,لاحظ,ˈlˤɑː.ħɑzˤ,2,1,LL-Q55633582 (ajp)-Khalil.rantissi-لاحَظ.wav,https://upload.wikimedia.org/wikipedia/commons/e/ea/LL-Q55633582_%28ajp%29-Khalil.rantissi-%D9%84%D8%A7%D8%AD%D9%8E%D8%B8.wav
532,بنتشر,ˈbɪnt.ʃɪr,2,1,LL-Q55633582 (ajp)-Muhammad (AdrianAbdulBaha)-بنتشر.wav,https://upload.wikimedia.org/wikipedia/commons/2/22/LL-Q55633582_%28ajp%29-Muhammad_%28AdrianAbdulBaha%29-%D8%A8%D9%86%D8%AA%D8%B4%D8%B1.wav
712,دبر,ˈdab.bar,2,1,LL-Q55633582 (ajp)-Khalil.rantissi-دَبَّر.wav,https://upload.wikimedia.org/wikipedia/commons/1/14/LL-Q55633582_%28ajp%29-Khalil.rantissi-%D8%AF%D9%8E%D8%A8%D9%8E%D9%91%D8%B1.wav
1031,عفن,ˈʕaf.fan,2,1,LL-Q55633582 (ajp)-AdrianAbdulBaha-عَفَّن.wav,https://upload.wikimedia.org/wikipedia/commons/5/5a/LL-Q55633582_%28ajp%29-AdrianAbdulBaha-%D8%B9%D9%8E%D9%81%D9%8E%D9%91%D9%86.wav
877,شتى,ˈʃat.ta,2,1,LL-Q55633582 (ajp)-Khalil.rantissi-شَتَّى.wav,https://upload.wikimedia.org/wikipedia/commons/5/5d/LL-Q55633582_%28ajp%29-Khalil.rantissi-%D8%B4%D9%8E%D8%AA%D9%8E%D9%91%D9%89.wav
1278,مجلى,ˈmaʒ.la,2,1,LL-Q55633582 (ajp)-Muhammad (AdrianAbdulBaha)-مجلى.wav,https://upload.wikimedia.org/wikipedia/commons/f/f1/LL-Q55633582_%28ajp%29-Muhammad_%28AdrianAbdulBaha%29-%D9%85%D8%AC%D9%84%D9%89.wav
67,بشكير,baʃˈkiːr,2,2,LL-Q55633582 (ajp)-Muhammad (AdrianAbdulBaha)-بشكير.wav,https://upload.wikimedia.org/wikipedia/commons/c/cb/LL-Q55633582_%28ajp%29-Muhammad_%28AdrianAbdulBaha%29-%D8%A8%D8%B4%D9%83%D9%8A%D8%B1.wav
35,اشتاق,ɪʃˈtæːʔ,2,2,LL-Q55633582 (ajp)-Khalil.rantissi-اشتاق.wav,https://upload.wikimedia.org/wikipedia/commons/2/22/LL-Q55633582_%28ajp%29-Khalil.rantissi-%D8%A7%D8%B4%D8%AA%D8%A7%D9%82.wav
975,طفل,ˈtˤɪ.f(ɪ)l,2,1,LL-Q55633582 (ajp)-Muhammad (AdrianAbdulBaha)-طفل.wav,https://upload.wikimedia.org/wikipedia/commons/c/c7/LL-Q55633582_%28ajp%29-Muhammad_%28AdrianAbdulBaha%29-%D8%B7%D9%81%D9%84.wav
753,راجع,ˈræː.ʒaʕ,2,1,LL-Q55633582 (ajp)-Khalil.rantissi-راجع.wav,https://upload.wikimedia.org/wikipedia/commons/2/26/LL-Q55633582_%28ajp%29-Khalil.rantissi-%D8%B1%D8%A7%D8%AC%D8%B9.wav
741,دوب,ˈdaw.wab,2,1,LL-Q55633582 (ajp)-Khalil.rantissi-دَوَّب.wav,https://upload.wikimedia.org/wikipedia/commons/a/a5/LL-Q55633582_%28ajp%29-Khalil.rantissi-%D8%AF%D9%8E%D9%88%D9%8E%D9%91%D8%A8.wav
478,بستوي,ˈbɪst.wi,2,1,LL-Q55633582 (ajp)-Muhammad (AdrianAbdulBaha)-bistwi.wav,https://upload.wikimedia.org/wikipedia/commons/e/ec/LL-Q55633582_%28ajp%29-Muhammad_%28AdrianAbdulBaha%29-bistwi.wav
381,أصلح,ˈʔɑsˤ.lˤɑħ,2,1,LL-Q55633582 (ajp)-Khalil.rantissi-أصلَح.wav,https://upload.wikimedia.org/wikipedia/commons/7/72/LL-Q55633582_%28ajp%29-Khalil.rantissi-%D8%A3%D8%B5%D9%84%D9%8E%D8%AD.wav
1401,هاجم,ˈhæː.ʒam,2,1,LL-Q55633582 (ajp)-Khalil.rantissi-هاجَم.wav,https://upload.wikimedia.org/wikipedia/commons/6/6b/LL-Q55633582_%28ajp%29-Khalil.rantissi-%D9%87%D8%A7%D8%AC%D9%8E%D9%85.wav
1349,ميت,ˈmij.jɪt,2,1,LL-Q55633582 (ajp)-Muhammad (AdrianAbdulBaha)-ميّت.wav,https://upload.wikimedia.org/wikipedia/commons/3/3e/LL-Q55633582_%28ajp%29-Muhammad_%28AdrianAbdulBaha%29-%D9%85%D9%8A%D9%91%D8%AA.wav
1344,موحد,ˈmwaħ.ħad,2,1,LL-Q55633582 (ajp)-Muhammad (AdrianAbdulBaha)-موحّد.wav,https://upload.wikimedia.org/wikipedia/commons/f/fd/LL-Q55633582_%28ajp%29-Muhammad_%28AdrianAbdulBaha%29-%D9%85%D9%88%D8%AD%D9%91%D8%AF.wav
400,أكلة,ˈʔak.le,2,1,LL-Q55633582 (ajp)-Khalil.rantissi-أكلة.wav,https://upload.wikimedia.org/wikipedia/commons/a/a7/LL-Q55633582_%28ajp%29-Khalil.rantissi-%D8%A3%D9%83%D9%84%D8%A9.wav
1155,قاطع,ˈʔɑː.tˤɑʕ,2,1,LL-Q55633582 (ajp)-Khalil.rantissi-قاطَع.wav,https://upload.wikimedia.org/wikipedia/commons/f/f5/LL-Q55633582_%28ajp%29-Khalil.rantissi-%D9%82%D8%A7%D8%B7%D9%8E%D8%B9.wav
1081,غلي,ˈɣi.li,2,1,LL-Q55633582 (ajp)-Khalil.rantissi-غِلي.wav,https://upload.wikimedia.org/wikipedia/commons/b/b5/LL-Q55633582_%28ajp%29-Khalil.rantissi-%D8%BA%D9%90%D9%84%D9%8A.wav
374,أشبع,ˈʔaʃ.baʕ,2,1,LL-Q55633582 (ajp)-Muhammad (AdrianAbdulBaha)-أشبَع.wav,https://upload.wikimedia.org/wikipedia/commons/c/c6/LL-Q55633582_%28ajp%29-Muhammad_%28AdrianAbdulBaha%29-%D8%A3%D8%B4%D8%A8%D9%8E%D8%B9.wav
581,جدول,ˈʒad.wal,2,1,LL-Q55633582 (ajp)-Muhammad (AdrianAbdulBaha)-جدول.wav,https://upload.wikimedia.org/wikipedia/commons/9/9d/LL-Q55633582_%28ajp%29-Muhammad_%28AdrianAbdulBaha%29-%D8%AC%D8%AF%D9%88%D9%84.wav
191,عديل,ʕaˈdiːl,2,2,LL-Q55633582 (ajp)-Muhammad (AdrianAbdulBaha)-عديل.wav,https://upload.wikimedia.org/wikipedia/commons/7/73/LL-Q55633582_%28ajp%29-Muhammad_%28AdrianAbdulBaha%29-%D8%B9%D8%AF%D9%8A%D9%84.wav
296,مليان,malˈjæːn,2,2,LL-Q55633582 (ajp)-Muhammad (AdrianAbdulBaha)-مليان.wav,https://upload.wikimedia.org/wikipedia/commons/9/96/LL-Q55633582_%28ajp%29-Muhammad_%28AdrianAbdulBaha%29-%D9%85%D9%84%D9%8A%D8%A7%D9%86.wav
1460,يلا,ˈjɑlˤ.lˤɑ,2,1,LL-Q55633582 (ajp)-Muhammad (AdrianAbdulBaha)-يلا باي.wav,https://upload.wikimedia.org/wikipedia/commons/f/f6/LL-Q55633582_%28ajp%29-Muhammad_%28AdrianAbdulBaha%29-%D9%8A%D9%84%D8%A7_%D8%A8%D8%A7%D9%8A.wav
1093,فارسي,ˈfæːr.si,2,1,LL-Q55633582 (ajp)-Khalil.rantissi-فارسيّ.wav,https://upload.wikimedia.org/wikipedia/commons/4/4c/LL-Q55633582_%28ajp%29-Khalil.rantissi-%D9%81%D8%A7%D8%B1%D8%B3%D9%8A%D9%91.wav
720,دردش,ˈdar.daʃ,2,1,LL-Q55633582 (ajp)-Khalil.rantissi-دَردَش.wav,https://upload.wikimedia.org/wikipedia/commons/a/a2/LL-Q55633582_%28ajp%29-Khalil.rantissi-%D8%AF%D9%8E%D8%B1%D8%AF%D9%8E%D8%B4.wav
1306,مشى,ˈma.ʃa,2,1,LL-Q55633582 (ajp)-Khalil.rantissi-مشى.wav,https://upload.wikimedia.org/wikipedia/commons/a/ae/LL-Q55633582_%28ajp%29-Khalil.rantissi-%D9%85%D8%B4%D9%89.wav
1127,فضى,ˈfɑdˤ.dˤɑ,2,1,LL-Q55633582 (ajp)-Khalil.rantissi-فَضّى.wav,https://upload.wikimedia.org/wikipedia/commons/d/d6/LL-Q55633582_%28ajp%29-Khalil.rantissi-%D9%81%D9%8E%D8%B6%D9%91%D9%89.wav
952,ضايق,ˈdæː.jaʔ,2,1,LL-Q55633582 (ajp)-Khalil.rantissi-ضايَق.wav,https://upload.wikimedia.org/wikipedia/commons/1/1a/LL-Q55633582_%28ajp%29-Khalil.rantissi-%D8%B6%D8%A7%D9%8A%D9%8E%D9%82.wav
291,مكتوب,makˈtuːb,2,2,LL-Q55633582 (ajp)-Muhammad (AdrianAbdulBaha)-مكتوب.wav,https://upload.wikimedia.org/wikipedia/commons/c/ce/LL-Q55633582_%28ajp%29-Muhammad_%28AdrianAbdulBaha%29-%D9%85%D9%83%D8%AA%D9%88%D8%A8.wav
960,طارئ,ˈtˤɑː.rɪʔ,2,1,LL-Q55633582 (ajp)-Muhammad (AdrianAbdulBaha)-طارئ.wav,https://upload.wikimedia.org/wikipedia/commons/a/a3/LL-Q55633582_%28ajp%29-Muhammad_%28AdrianAbdulBaha%29-%D8%B7%D8%A7%D8%B1%D8%A6.wav
1187,قلى,ˈʔa.la,2,1,LL-Q55633582 (ajp)-Khalil.rantissi-قَلى.wav,https://upload.wikimedia.org/wikipedia/commons/4/4b/LL-Q55633582_%28ajp%29-Khalil.rantissi-%D9%82%D9%8E%D9%84%D9%89.wav
1018,عشر,ˈʕʊ.ʃ(o)r,2,1,LL-Q55633582 (ajp)-Muhammad (AdrianAbdulBaha)-عُشر.wav,https://upload.wikimedia.org/wikipedia/commons/c/c2/LL-Q55633582_%28ajp%29-Muhammad_%28AdrianAbdulBaha%29-%D8%B9%D9%8F%D8%B4%D8%B1.wav
544,بيبي,ˈbeː.bi,2,1,LL-Q55633582 (ajp)-Muhammad (AdrianAbdulBaha)-بيبي.wav,https://upload.wikimedia.org/wikipedia/commons/1/1e/LL-Q55633582_%28ajp%29-Muhammad_%28AdrianAbdulBaha%29-%D8%A8%D9%8A%D8%A8%D9%8A.wav
425,إذن,ˈʔɪ.z(ɪ)n,2,1,LL-Q55633582 (ajp)-Muhammad (AdrianAbdulBaha)-إذن.wav,https://upload.wikimedia.org/wikipedia/commons/4/47/LL-Q55633582_%28ajp%29-Muhammad_%28AdrianAbdulBaha%29-%D8%A5%D8%B0%D9%86.wav
894,شعر,ˈʃa.ʕ(ɪ)r,2,1,LL-Q55633582 (ajp)-Muhammad (AdrianAbdulBaha)-شَعر.wav,https://upload.wikimedia.org/wikipedia/commons/c/c5/LL-Q55633582_%28ajp%29-Muhammad_%28AdrianAbdulBaha%29-%D8%B4%D9%8E%D8%B9%D8%B1.wav
561,تمن,ˈtʊ.m(ʊ)n,2,1,LL-Q55633582 (ajp)-Muhammad (AdrianAbdulBaha)-تُمن.wav,https://upload.wikimedia.org/wikipedia/commons/9/9c/LL-Q55633582_%28ajp%29-Muhammad_%28AdrianAbdulBaha%29-%D8%AA%D9%8F%D9%85%D9%86.wav
641,حقل,ˈħa.ʔ(ɪ)l,2,1,LL-Q55633582 (ajp)-Muhammad (AdrianAbdulBaha)-حقل.wav,https://upload.wikimedia.org/wikipedia/commons/5/55/LL-Q55633582_%28ajp%29-Muhammad_%28AdrianAbdulBaha%29-%D8%AD%D9%82%D9%84.wav
1089,غيم,ˈɣaj.jam,2,1,LL-Q55633582 (ajp)-Muhammad (AdrianAbdulBaha)-غيم.wav,https://upload.wikimedia.org/wikipedia/commons/d/df/LL-Q55633582_%28ajp%29-Muhammad_%28AdrianAbdulBaha%29-%D8%BA%D9%8A%D9%85.wav
871,شبع,ˈʃi.bɪʕ,2,1,LL-Q55633582 (ajp)-Khalil.rantissi-شِبِع.wav,https://upload.wikimedia.org/wikipedia/commons/a/a7/LL-Q55633582_%28ajp%29-Khalil.rantissi-%D8%B4%D9%90%D8%A8%D9%90%D8%B9.wav
895,شعل,ˈʃaʕ.ʕal,2,1,LL-Q55633582 (ajp)-Khalil.rantissi-شَعَّل.wav,https://upload.wikimedia.org/wikipedia/commons/c/c6/LL-Q55633582_%28ajp%29-Khalil.rantissi-%D8%B4%D9%8E%D8%B9%D9%8E%D9%91%D9%84.wav
1092,فاجأ,ˈfæː.ʒaʔ,2,1,LL-Q55633582 (ajp)-Khalil.rantissi-فاجأ.wav,https://upload.wikimedia.org/wikipedia/commons/1/1a/LL-Q55633582_%28ajp%29-Khalil.rantissi-%D9%81%D8%A7%D8%AC%D8%A3.wav
193,عرنوس,ʕarˈnuːs,2,2,LL-Q55633582 (ajp)-Muhammad (AdrianAbdulBaha)-عرنوس.wav,https://upload.wikimedia.org/wikipedia/commons/9/95/LL-Q55633582_%28ajp%29-Muhammad_%28AdrianAbdulBaha%29-%D8%B9%D8%B1%D9%86%D9%88%D8%B3.wav
1392,نكر,ˈna.kar,2,1,LL-Q55633582 (ajp)-Khalil.rantissi-نَكَر.wav,https://upload.wikimedia.org/wikipedia/commons/0/00/LL-Q55633582_%28ajp%29-Khalil.rantissi-%D9%86%D9%8E%D9%83%D9%8E%D8%B1.wav
607,حاجب,ˈħæː.ʒɪb,2,1,LL-Q55633582 (ajp)-Muhammad (AdrianAbdulBaha)-حاجب.wav,https://upload.wikimedia.org/wikipedia/commons/a/af/LL-Q55633582_%28ajp%29-Muhammad_%28AdrianAbdulBaha%29-%D8%AD%D8%A7%D8%AC%D8%A8.wav
981,طنش,ˈtˤɑn.nɑʃ,2,1,LL-Q55633582 (ajp)-AdrianAbdulBaha-طَنَّش.wav,https://upload.wikimedia.org/wikipedia/commons/d/d9/LL-Q55633582_%28ajp%29-AdrianAbdulBaha-%D8%B7%D9%8E%D9%86%D9%8E%D9%91%D8%B4.wav
259,مادام,maˈdæːm,2,2,LL-Q55633582 (ajp)-MahmoudM (AdrianAbdulBaha)-ما دام.wav,https://upload.wikimedia.org/wikipedia/commons/b/bf/LL-Q55633582_%28ajp%29-MahmoudM_%28AdrianAbdulBaha%29-%D9%85%D8%A7_%D8%AF%D8%A7%D9%85.wav
945,صلح,ˈsˤɑlˤ.lˤɑħ,2,1,LL-Q55633582 (ajp)-Khalil.rantissi-صَلَّح.wav,https://upload.wikimedia.org/wikipedia/commons/8/8e/LL-Q55633582_%28ajp%29-Khalil.rantissi-%D8%B5%D9%8E%D9%84%D9%8E%D9%91%D8%AD.wav
910,شمس,ˈʃam.mas,2,1,LL-Q55633582 (ajp)-Muhammad (AdrianAbdulBaha)-شمس.wav,https://upload.wikimedia.org/wikipedia/commons/2/29/LL-Q55633582_%28ajp%29-Muhammad_%28AdrianAbdulBaha%29-%D8%B4%D9%85%D8%B3.wav
891,شركة,ˈʃɪr.ke,2,1,LL-Q55633582 (ajp)-AmmanM (AdrianAbdulBaha)-شِركة.wav,https://upload.wikimedia.org/wikipedia/commons/a/a5/LL-Q55633582_%28ajp%29-AmmanM_%28AdrianAbdulBaha%29-%D8%B4%D9%90%D8%B1%D9%83%D8%A9.wav
1410,هم,ˈhʊm.me,2,1,LL-Q55633582 (ajp)-MahmoudM (AdrianAbdulBaha)-همه.wav,https://upload.wikimedia.org/wikipedia/commons/5/5e/LL-Q55633582_%28ajp%29-MahmoudM_%28AdrianAbdulBaha%29-%D9%87%D9%85%D9%87.wav
335,أبهر,ˈʔɑb.hɑrˤ,2,1,LL-Q55633582 (ajp)-AdrianAbdulBaha-أبهَر.wav,https://upload.wikimedia.org/wikipedia/commons/e/e2/LL-Q55633582_%28ajp%29-AdrianAbdulBaha-%D8%A3%D8%A8%D9%87%D9%8E%D8%B1.wav
1332,مقلى,ˈmaʔ.la,2,1,LL-Q55633582 (ajp)-Muhammad (AdrianAbdulBaha)-مقلى.wav,https://upload.wikimedia.org/wikipedia/commons/1/1d/LL-Q55633582_%28ajp%29-Muhammad_%28AdrianAbdulBaha%29-%D9%85%D9%82%D9%84%D9%89.wav
397,أكتر,ˈʔak.tar,2,1,LL-Q55633582 (ajp)-Muhammad (AdrianAbdulBaha)-أكتر.wav,https://upload.wikimedia.org/wikipedia/commons/2/2c/LL-Q55633582_%28ajp%29-Muhammad_%28AdrianAbdulBaha%29-%D8%A3%D9%83%D8%AA%D8%B1.wav
1107,فرجى,ˈfar.ʒa,2,1,LL-Q55633582 (ajp)-Khalil.rantissi-فَرجى.wav,https://upload.wikimedia.org/wikipedia/commons/f/fb/LL-Q55633582_%28ajp%29-Khalil.rantissi-%D9%81%D9%8E%D8%B1%D8%AC%D9%89.wav
393,أفلس,ˈʔaf.las,2,1,LL-Q55633582 (ajp)-Khalil.rantissi-أفلَس.wav,https://upload.wikimedia.org/wikipedia/commons/2/23/LL-Q55633582_%28ajp%29-Khalil.rantissi-%D8%A3%D9%81%D9%84%D9%8E%D8%B3.wav
1447,وعى,ˈwaʕ.ʕa,2,1,LL-Q55633582 (ajp)-Khalil.rantissi-وَعّى.wav,https://upload.wikimedia.org/wikipedia/commons/c/c1/LL-Q55633582_%28ajp%29-Khalil.rantissi-%D9%88%D9%8E%D8%B9%D9%91%D9%89.wav
1309,مضرب,ˈmʊdˤ.rˤɪb,2,1,LL-Q55633582 (ajp)-Muhammad (AdrianAbdulBaha)-مضرب.wav,https://upload.wikimedia.org/wikipedia/commons/b/b8/LL-Q55633582_%28ajp%29-Muhammad_%28AdrianAbdulBaha%29-%D9%85%D8%B6%D8%B1%D8%A8.wav
765,رجعة,ˈraʒ.ʕa,2,1,LL-Q55633582 (ajp)-Muhammad (AdrianAbdulBaha)-رجعة.wav,https://upload.wikimedia.org/wikipedia/commons/e/e7/LL-Q55633582_%28ajp%29-Muhammad_%28AdrianAbdulBaha%29-%D8%B1%D8%AC%D8%B9%D8%A9.wav
656,حمى,ˈħa.ma,2,1,LL-Q55633582 (ajp)-Khalil.rantissi-حَمى.wav,https://upload.wikimedia.org/wikipedia/commons/b/bb/LL-Q55633582_%28ajp%29-Khalil.rantissi-%D8%AD%D9%8E%D9%85%D9%89.wav
1160,قدر,ˈʔad.dar,2,1,LL-Q55633582 (ajp)-Khalil.rantissi-قدر.wav,https://upload.wikimedia.org/wikipedia/commons/8/81/LL-Q55633582_%28ajp%29-Khalil.rantissi-%D9%82%D8%AF%D8%B1.wav
1239,لبن,ˈla.ban,2,1,LL-Q55633582 (ajp)-Khalil.rantissi-لبن.wav,https://upload.wikimedia.org/wikipedia/commons/2/27/LL-Q55633582_%28ajp%29-Khalil.rantissi-%D9%84%D8%A8%D9%86.wav
526,بلكي,ˈbal.ki,2,1,LL-Q55633582 (ajp)-AdrianAbdulBaha-بلكي.wav,https://upload.wikimedia.org/wikipedia/commons/f/fd/LL-Q55633582_%28ajp%29-AdrianAbdulBaha-%D8%A8%D9%84%D9%83%D9%8A.wav
739,دهن,ˈda.han,2,1,LL-Q55633582 (ajp)-Muhammad (AdrianAbdulBaha)-دَهَن.wav,https://upload.wikimedia.org/wikipedia/commons/e/e0/LL-Q55633582_%28ajp%29-Muhammad_%28AdrianAbdulBaha%29-%D8%AF%D9%8E%D9%87%D9%8E%D9%86.wav
93,تنتين,tɪnˈteːn,2,2,LL-Q55633582 (ajp)-AseelF (AdrianAbdulBaha)-تنتين.wav,https://upload.wikimedia.org/wikipedia/commons/9/90/LL-Q55633582_%28ajp%29-AseelF_%28AdrianAbdulBaha%29-%D8%AA%D9%86%D8%AA%D9%8A%D9%86.wav
1105,فراطة,ˈfrɑː.tˤɑ,2,1,LL-Q55633582 (ajp)-Muhammad (AdrianAbdulBaha)-فراطة.wav,https://upload.wikimedia.org/wikipedia/commons/4/4a/LL-Q55633582_%28ajp%29-Muhammad_%28AdrianAbdulBaha%29-%D9%81%D8%B1%D8%A7%D8%B7%D8%A9.wav
757,راضى,ˈrˤɑː.dˤɑ,2,1,LL-Q55633582 (ajp)-Khalil.rantissi-راضى.wav,https://upload.wikimedia.org/wikipedia/commons/0/0a/LL-Q55633582_%28ajp%29-Khalil.rantissi-%D8%B1%D8%A7%D8%B6%D9%89.wav
1257,لقى,ˈla.ʔa,2,1,LL-Q55633582 (ajp)-Khalil.rantissi-لَقى.wav,https://upload.wikimedia.org/wikipedia/commons/c/c3/LL-Q55633582_%28ajp%29-Khalil.rantissi-%D9%84%D9%8E%D9%82%D9%89.wav
637,حسن,ˈħas.san,2,1,LL-Q55633582 (ajp)-Khalil.rantissi-حَسَّن.wav,https://upload.wikimedia.org/wikipedia/commons/b/b9/LL-Q55633582_%28ajp%29-Khalil.rantissi-%D8%AD%D9%8E%D8%B3%D9%8E%D9%91%D9%86.wav
2,أخير,ʔaˈxiːr,2,2,LL-Q55633582 (ajp)-Muhammad (AdrianAbdulBaha)-أخير.wav,https://upload.wikimedia.org/wikipedia/commons/1/10/LL-Q55633582_%28ajp%29-Muhammad_%28AdrianAbdulBaha%29-%D8%A3%D8%AE%D9%8A%D8%B1.wav
608,حاجة,ˈħæː.ʒe,2,1,LL-Q55633582 (ajp)-Muhammad (AdrianAbdulBaha)-حاجة.wav,https://upload.wikimedia.org/wikipedia/commons/a/ae/LL-Q55633582_%28ajp%29-Muhammad_%28AdrianAbdulBaha%29-%D8%AD%D8%A7%D8%AC%D8%A9.wav
970,طبعا,ˈtˤɑb.ʕɑn,2,1,LL-Q55633582 (ajp)-AdrianAbdulBaha-طبعا.wav,https://upload.wikimedia.org/wikipedia/commons/e/e8/LL-Q55633582_%28ajp%29-AdrianAbdulBaha-%D8%B7%D8%A8%D8%B9%D8%A7.wav
888,شرطة,ˈʃʊrˤ.tˤɑ,2,1,LL-Q55633582 (ajp)-Muhammad (AdrianAbdulBaha)-شرطة.wav,https://upload.wikimedia.org/wikipedia/commons/4/46/LL-Q55633582_%28ajp%29-Muhammad_%28AdrianAbdulBaha%29-%D8%B4%D8%B1%D8%B7%D8%A9.wav
18,أوتيل,ʔoˈteːl,2,2,LL-Q55633582 (ajp)-Khalil.rantissi-اُوتيل.wav,https://upload.wikimedia.org/wikipedia/commons/7/76/LL-Q55633582_%28ajp%29-Khalil.rantissi-%D8%A7%D9%8F%D9%88%D8%AA%D9%8A%D9%84.wav
804,زهر,ˈza.h(ɪ)rˤ,2,1,LL-Q55633582 (ajp)-Muhammad (AdrianAbdulBaha)-زهر.wav,https://upload.wikimedia.org/wikipedia/commons/8/82/LL-Q55633582_%28ajp%29-Muhammad_%28AdrianAbdulBaha%29-%D8%B2%D9%87%D8%B1.wav
228,قرفان,ʔɑrˤˈfɑːn,2,2,LL-Q55633582 (ajp)-Khalil.rantissi-قَرفان.wav,https://upload.wikimedia.org/wikipedia/commons/1/13/LL-Q55633582_%28ajp%29-Khalil.rantissi-%D9%82%D9%8E%D8%B1%D9%81%D8%A7%D9%86.wav
1350,ميت,ˈmaj.jɪt,2,1,LL-Q55633582 (ajp)-Muhammad (AdrianAbdulBaha)-ميّت.wav,https://upload.wikimedia.org/wikipedia/commons/3/3e/LL-Q55633582_%28ajp%29-Muhammad_%28AdrianAbdulBaha%29-%D9%85%D9%8A%D9%91%D8%AA.wav
875,شتت,ˈʃat.tat,2,1,LL-Q55633582 (ajp)-Khalil.rantissi-شَتَّت.wav,https://upload.wikimedia.org/wikipedia/commons/4/4d/LL-Q55633582_%28ajp%29-Khalil.rantissi-%D8%B4%D9%8E%D8%AA%D9%8E%D9%91%D8%AA.wav
717,دربس,ˈdar.bas,2,1,LL-Q55633582 (ajp)-Khalil.rantissi-تَرجَم.wav,https://upload.wikimedia.org/wikipedia/commons/b/bc/LL-Q55633582_%28ajp%29-Khalil.rantissi-%D8%AA%D9%8E%D8%B1%D8%AC%D9%8E%D9%85.wav
1440,وضح,ˈwʌdˤ.dˤʌħ,2,1,LL-Q55633582 (ajp)-Khalil.rantissi-وضَّح.wav,https://upload.wikimedia.org/wikipedia/commons/9/91/LL-Q55633582_%28ajp%29-Khalil.rantissi-%D9%88%D8%B6%D9%8E%D9%91%D8%AD.wav
1439,وصف,ˈwɑ.sˤɑf,2,1,LL-Q55633582 (ajp)-Khalil.rantissi-وَصَف.wav,https://upload.wikimedia.org/wikipedia/commons/0/02/LL-Q55633582_%28ajp%29-Khalil.rantissi-%D9%88%D9%8E%D8%B5%D9%8E%D9%81.wav
352,أدمن,ˈʔad.man,2,1,LL-Q55633582 (ajp)-Khalil.rantissi-ادمَن.wav,https://upload.wikimedia.org/wikipedia/commons/f/f8/LL-Q55633582_%28ajp%29-Khalil.rantissi-%D8%A7%D8%AF%D9%85%D9%8E%D9%86.wav
412,أنهى,ˈʔan.ha,2,1,LL-Q55633582 (ajp)-Khalil.rantissi-أنهى.wav,https://upload.wikimedia.org/wikipedia/commons/e/e0/LL-Q55633582_%28ajp%29-Khalil.rantissi-%D8%A3%D9%86%D9%87%D9%89.wav
730,دفن,ˈda.fan,2,1,LL-Q55633582 (ajp)-Khalil.rantissi-دَفَن.wav,https://upload.wikimedia.org/wikipedia/commons/3/3c/LL-Q55633582_%28ajp%29-Khalil.rantissi-%D8%AF%D9%8E%D9%81%D9%8E%D9%86.wav
803,زنخ,ˈzɪ.nɪx,2,1,LL-Q55633582 (ajp)-Mohammad-LPA-زنخ.wav,https://upload.wikimedia.org/wikipedia/commons/e/e8/LL-Q55633582_%28ajp%29-Mohammad-LPA-%D8%B2%D9%86%D8%AE.wav
1037,عكس,ˈʕa.kas,2,1,LL-Q55633582 (ajp)-Khalil.rantissi-عَكَس.wav,https://upload.wikimedia.org/wikipedia/commons/b/b3/LL-Q55633582_%28ajp%29-Khalil.rantissi-%D8%B9%D9%8E%D9%83%D9%8E%D8%B3.wav
486,بصل,ˈbɑ.sˤɑl,2,1,LL-Q55633582 (ajp)-IbrahimZ (AdrianAbdulBaha)-بصل.wav,https://upload.wikimedia.org/wikipedia/commons/a/a8/LL-Q55633582_%28ajp%29-IbrahimZ_%28AdrianAbdulBaha%29-%D8%A8%D8%B5%D9%84.wav
413,أهان,ˈʔa.hæːn,2,1,LL-Q55633582 (ajp)-Khalil.rantissi-أهان.wav,https://upload.wikimedia.org/wikipedia/commons/d/d9/LL-Q55633582_%28ajp%29-Khalil.rantissi-%D8%A3%D9%87%D8%A7%D9%86.wav
591,جمع,ˈʒa.maʕ,2,1,LL-Q55633582 (ajp)-Khalil.rantissi-جَمَع.wav,https://upload.wikimedia.org/wikipedia/commons/7/71/LL-Q55633582_%28ajp%29-Khalil.rantissi-%D8%AC%D9%8E%D9%85%D9%8E%D8%B9.wav
983,ظلم,ˈzˤɑ.lɑm,2,1,LL-Q55633582 (ajp)-Khalil.rantissi-ظَلَم.wav,https://upload.wikimedia.org/wikipedia/commons/2/28/LL-Q55633582_%28ajp%29-Khalil.rantissi-%D8%B8%D9%8E%D9%84%D9%8E%D9%85.wav
1091,فاتح,ˈfæː.tɪħ,2,1,LL-Q55633582 (ajp)-Muhammad (AdrianAbdulBaha)-فاتح.wav,https://upload.wikimedia.org/wikipedia/commons/9/9e/LL-Q55633582_%28ajp%29-Muhammad_%28AdrianAbdulBaha%29-%D9%81%D8%A7%D8%AA%D8%AD.wav
467,بدل,ˈba.dal,2,1,LL-Q55633582 (ajp)-Muhammad (AdrianAbdulBaha)-بدل.wav,https://upload.wikimedia.org/wikipedia/commons/5/57/LL-Q55633582_%28ajp%29-Muhammad_%28AdrianAbdulBaha%29-%D8%A8%D8%AF%D9%84.wav
1090,غيمة,ˈɣeː.me,2,1,LL-Q55633582 (ajp)-Muhammad (AdrianAbdulBaha)-غيمة.wav,https://upload.wikimedia.org/wikipedia/commons/8/8f/LL-Q55633582_%28ajp%29-Muhammad_%28AdrianAbdulBaha%29-%D8%BA%D9%8A%D9%85%D8%A9.wav
1263,ليرة,ˈleː.rˤɑ,2,1,LL-Q55633582 (ajp)-Muhammad (AdrianAbdulBaha)-ليرة.wav,https://upload.wikimedia.org/wikipedia/commons/e/e9/LL-Q55633582_%28ajp%29-Muhammad_%28AdrianAbdulBaha%29-%D9%84%D9%8A%D8%B1%D8%A9.wav
380,أصفر,ˈʔɑsˤ.fɑrˤ,2,1,LL-Q55633582 (ajp)-Muhammad (AdrianAbdulBaha)-أصفر.wav,https://upload.wikimedia.org/wikipedia/commons/c/cf/LL-Q55633582_%28ajp%29-Muhammad_%28AdrianAbdulBaha%29-%D8%A3%D8%B5%D9%81%D8%B1.wav
1325,مغرب,ˈmaɣ.rɪb,2,1,LL-Q55633582 (ajp)-Muhammad (AdrianAbdulBaha)-مغرب.wav,https://upload.wikimedia.org/wikipedia/commons/2/2b/LL-Q55633582_%28ajp%29-Muhammad_%28AdrianAbdulBaha%29-%D9%85%D8%BA%D8%B1%D8%A8.wav
1066,غافي,ˈɣæː.fi,2,1,LL-Q55633582 (ajp)-Muhammad (AdrianAbdulBaha)-غافي.wav,https://upload.wikimedia.org/wikipedia/commons/6/61/LL-Q55633582_%28ajp%29-Muhammad_%28AdrianAbdulBaha%29-%D8%BA%D8%A7%D9%81%D9%8A.wav
1449,وفر,ˈwaf.far,2,1,LL-Q55633582 (ajp)-Khalil.rantissi-وَفَّر.wav,https://upload.wikimedia.org/wikipedia/commons/4/43/LL-Q55633582_%28ajp%29-Khalil.rantissi-%D9%88%D9%8E%D9%81%D9%8E%D9%91%D8%B1.wav
170,شراع,ʃɪˈrɑːʕ,2,2,LL-Q55633582 (ajp)-Muhammad (AdrianAbdulBaha)-شراع.wav,https://upload.wikimedia.org/wikipedia/commons/4/4a/LL-Q55633582_%28ajp%29-Muhammad_%28AdrianAbdulBaha%29-%D8%B4%D8%B1%D8%A7%D8%B9.wav
670,خالي,ˈxæː.li,2,1,LL-Q55633582 (ajp)-Muhammad (AdrianAbdulBaha)-خالي.wav,https://upload.wikimedia.org/wikipedia/commons/2/27/LL-Q55633582_%28ajp%29-Muhammad_%28AdrianAbdulBaha%29-%D8%AE%D8%A7%D9%84%D9%8A.wav
699,خمسة,ˈxam.se,2,1,LL-Q55633582 (ajp)-AseelF (AdrianAbdulBaha)-5.wav,https://upload.wikimedia.org/wikipedia/commons/4/48/LL-Q55633582_%28ajp%29-AseelF_%28AdrianAbdulBaha%29-5.wav
873,شبه,ˈʃa.bah,2,1,LL-Q55633582 (ajp)-Khalil.rantissi-شَبَه.wav,https://upload.wikimedia.org/wikipedia/commons/e/e8/LL-Q55633582_%28ajp%29-Khalil.rantissi-%D8%B4%D9%8E%D8%A8%D9%8E%D9%87.wav
108,حرام,ħaˈrˤɑːm,2,2,LL-Q55633582 (ajp)-Muhammad (AdrianAbdulBaha)-احرام.wav,https://upload.wikimedia.org/wikipedia/commons/2/2f/LL-Q55633582_%28ajp%29-Muhammad_%28AdrianAbdulBaha%29-%D8%A7%D8%AD%D8%B1%D8%A7%D9%85.wav
1456,يابس,ˈjæː.bɪs,2,1,LL-Q55633582 (ajp)-Muhammad (AdrianAbdulBaha)-يابس.wav,https://upload.wikimedia.org/wikipedia/commons/1/12/LL-Q55633582_%28ajp%29-Muhammad_%28AdrianAbdulBaha%29-%D9%8A%D8%A7%D8%A8%D8%B3.wav
230,قزاز,ʔiˈzæːz,2,2,LL-Q55633582 (ajp)-Muhammad (AdrianAbdulBaha)-قزاز.wav,https://upload.wikimedia.org/wikipedia/commons/4/43/LL-Q55633582_%28ajp%29-Muhammad_%28AdrianAbdulBaha%29-%D9%82%D8%B2%D8%A7%D8%B2.wav
391,أفرح,ˈʔɑf.rˤɑħ,2,1,LL-Q55633582 (ajp)-Khalil.rantissi-أفرَح.wav,https://upload.wikimedia.org/wikipedia/commons/6/60/LL-Q55633582_%28ajp%29-Khalil.rantissi-%D8%A3%D9%81%D8%B1%D9%8E%D8%AD.wav
300,منخار,mʊnˈxɑːrˤ,2,2,LL-Q55633582 (ajp)-Muhammad (AdrianAbdulBaha)-منخار.wav,https://upload.wikimedia.org/wikipedia/commons/a/a1/LL-Q55633582_%28ajp%29-Muhammad_%28AdrianAbdulBaha%29-%D9%85%D9%86%D8%AE%D8%A7%D8%B1.wav
483,بشتغل,ˈbɪʃt.ɣɪl,2,1,LL-Q55633582 (ajp)-Muhammad (AdrianAbdulBaha)-بشتغل.wav,https://upload.wikimedia.org/wikipedia/commons/5/58/LL-Q55633582_%28ajp%29-Muhammad_%28AdrianAbdulBaha%29-%D8%A8%D8%B4%D8%AA%D8%BA%D9%84.wav
902,شكرا,ˈʃʊk.ran,2,1,LL-Q55633582 (ajp)-MahmoudM (AdrianAbdulBaha)-شكرًا.wav,https://upload.wikimedia.org/wikipedia/commons/7/7c/LL-Q55633582_%28ajp%29-MahmoudM_%28AdrianAbdulBaha%29-%D8%B4%D9%83%D8%B1%D9%8B%D8%A7.wav
1304,مشمش,ˈmɪʃ.mɪʃ,2,1,LL-Q55633582 (ajp)-IbrahimZ (AdrianAbdulBaha)-مشمش.wav,https://upload.wikimedia.org/wikipedia/commons/5/5f/LL-Q55633582_%28ajp%29-IbrahimZ_%28AdrianAbdulBaha%29-%D9%85%D8%B4%D9%85%D8%B4.wav
1443,وطى,ˈwɑtˤ.tˤɑ,2,1,LL-Q55633582 (ajp)-Khalil.rantissi-وَطّى.wav,https://upload.wikimedia.org/wikipedia/commons/2/2e/LL-Q55633582_%28ajp%29-Khalil.rantissi-%D9%88%D9%8E%D8%B7%D9%91%D9%89.wav
766,رجل,ˈrɪ.ʒ(ɪ)l,2,1,LL-Q55633582 (ajp)-Muhammad (AdrianAbdulBaha)-رِجل.wav,https://upload.wikimedia.org/wikipedia/commons/7/76/LL-Q55633582_%28ajp%29-Muhammad_%28AdrianAbdulBaha%29-%D8%B1%D9%90%D8%AC%D9%84.wav
403,أما,ˈʔam.ma,2,1,LL-Q55633582 (ajp)-Khalil.rantissi-أمّا.wav,https://upload.wikimedia.org/wikipedia/commons/b/b8/LL-Q55633582_%28ajp%29-Khalil.rantissi-%D8%A3%D9%85%D9%91%D8%A7.wav
159,سعيد,saˈʕiːd,2,2,LL-Q55633582 (ajp)-Muhammad (AdrianAbdulBaha)-سعيد.wav,https://upload.wikimedia.org/wikipedia/commons/1/1b/LL-Q55633582_%28ajp%29-Muhammad_%28AdrianAbdulBaha%29-%D8%B3%D8%B9%D9%8A%D8%AF.wav
652,حمرة,ˈħʊm.rˤɑ,2,1,LL-Q55633582 (ajp)-Muhammad (AdrianAbdulBaha)-حمرة.wav,https://upload.wikimedia.org/wikipedia/commons/2/22/LL-Q55633582_%28ajp%29-Muhammad_%28AdrianAbdulBaha%29-%D8%AD%D9%85%D8%B1%D8%A9.wav
1347,مية,ˈmij.je,2,1,LL-Q55633582 (ajp)-Muhammad (AdrianAbdulBaha)-مِية.wav,https://upload.wikimedia.org/wikipedia/commons/f/f4/LL-Q55633582_%28ajp%29-Muhammad_%28AdrianAbdulBaha%29-%D9%85%D9%90%D9%8A%D8%A9.wav
1006,عدى,ˈʕa.da,2,1,LL-Q55633582 (ajp)-Khalil.rantissi-عَدى.wav,https://upload.wikimedia.org/wikipedia/commons/c/c2/LL-Q55633582_%28ajp%29-Khalil.rantissi-%D8%B9%D9%8E%D8%AF%D9%89.wav
1399,نيم,ˈnaj.jam,2,1,LL-Q55633582 (ajp)-Khalil.rantissi-نَيَّم.wav,https://upload.wikimedia.org/wikipedia/commons/3/38/LL-Q55633582_%28ajp%29-Khalil.rantissi-%D9%86%D9%8E%D9%8A%D9%8E%D9%91%D9%85.wav
947,صمم,ˈsˤɑm.mɑm,2,1,LL-Q55633582 (ajp)-Khalil.rantissi-صَمَّم.wav,https://upload.wikimedia.org/wikipedia/commons/b/bd/LL-Q55633582_%28ajp%29-Khalil.rantissi-%D8%B5%D9%8E%D9%85%D9%8E%D9%91%D9%85.wav
15,أنو,ʔaˈnuː,2,2,LL-Q55633582 (ajp)-Muhammad (AdrianAbdulBaha)-أنو.wav,https://upload.wikimedia.org/wikipedia/commons/3/37/LL-Q55633582_%28ajp%29-Muhammad_%28AdrianAbdulBaha%29-%D8%A3%D9%86%D9%88.wav
1053,عودة,ˈʕoː.de,2,1,LL-Q55633582 (ajp)-Muhammad (AdrianAbdulBaha)-عودة.wav,https://upload.wikimedia.org/wikipedia/commons/3/38/LL-Q55633582_%28ajp%29-Muhammad_%28AdrianAbdulBaha%29-%D8%B9%D9%88%D8%AF%D8%A9.wav
703,خير,ˈxaj.jar,2,1,LL-Q55633582 (ajp)-Muhammad (AdrianAbdulBaha)-خير.wav,https://upload.wikimedia.org/wikipedia/commons/6/69/LL-Q55633582_%28ajp%29-Muhammad_%28AdrianAbdulBaha%29-%D8%AE%D9%8A%D8%B1.wav
275,مسمار,mʊsˈmɑːrˤ,2,2,LL-Q55633582 (ajp)-Muhammad (AdrianAbdulBaha)-مسمار.wav,https://upload.wikimedia.org/wikipedia/commons/2/24/LL-Q55633582_%28ajp%29-Muhammad_%28AdrianAbdulBaha%29-%D9%85%D8%B3%D9%85%D8%A7%D8%B1.wav
129,خفاش,xafˈfæːʃ,2,2,LL-Q55633582 (ajp)-Muhammad (AdrianAbdulBaha)-خفّاش.wav,https://upload.wikimedia.org/wikipedia/commons/7/7a/LL-Q55633582_%28ajp%29-Muhammad_%28AdrianAbdulBaha%29-%D8%AE%D9%81%D9%91%D8%A7%D8%B4.wav
254,لحد,laˈħad,2,2,LL-Q55633582 (ajp)-MahmoudM (AdrianAbdulBaha)-لحدّ.wav,https://upload.wikimedia.org/wikipedia/commons/d/df/LL-Q55633582_%28ajp%29-MahmoudM_%28AdrianAbdulBaha%29-%D9%84%D8%AD%D8%AF%D9%91.wav
445,بارد,ˈbæː.rɪd,2,1,LL-Q55633582 (ajp)-Muhammad (AdrianAbdulBaha)-بارد.wav,https://upload.wikimedia.org/wikipedia/commons/a/a4/LL-Q55633582_%28ajp%29-Muhammad_%28AdrianAbdulBaha%29-%D8%A8%D8%A7%D8%B1%D8%AF.wav
107,حديد,ħaˈdiːd,2,2,LL-Q55633582 (ajp)-Muhammad (AdrianAbdulBaha)-حديد.wav,https://upload.wikimedia.org/wikipedia/commons/d/dc/LL-Q55633582_%28ajp%29-Muhammad_%28AdrianAbdulBaha%29-%D8%AD%D8%AF%D9%8A%D8%AF.wav
519,بلتزم,ˈbɪlt.zɪm,2,1,LL-Q55633582 (ajp)-Muhammad (AdrianAbdulBaha)-بلتزم.wav,https://upload.wikimedia.org/wikipedia/commons/1/1b/LL-Q55633582_%28ajp%29-Muhammad_%28AdrianAbdulBaha%29-%D8%A8%D9%84%D8%AA%D8%B2%D9%85.wav
1270,ماما,ˈmɑː.mˤɑ,2,1,LL-Q55633582 (ajp)-Muhammad (AdrianAbdulBaha)-ماما.wav,https://upload.wikimedia.org/wikipedia/commons/c/cc/LL-Q55633582_%28ajp%29-Muhammad_%28AdrianAbdulBaha%29-%D9%85%D8%A7%D9%85%D8%A7.wav
909,شلفق,ˈʃal.faʔ,2,1,LL-Q55633582 (ajp)-Khalil.rantissi-شَلفَق.wav,https://upload.wikimedia.org/wikipedia/commons/5/5b/LL-Q55633582_%28ajp%29-Khalil.rantissi-%D8%B4%D9%8E%D9%84%D9%81%D9%8E%D9%82.wav
986,عارف,ˈʕæː.rɪf,2,1,LL-Q55633582 (ajp)-Khalil.rantissi-عارف.wav,https://upload.wikimedia.org/wikipedia/commons/b/b3/LL-Q55633582_%28ajp%29-Khalil.rantissi-%D8%B9%D8%A7%D8%B1%D9%81.wav
1441,وطن,ˈwɑtˤ.tˤɑn,2,1,LL-Q55633582 (ajp)-Khalil.rantissi-وطن.wav,https://upload.wikimedia.org/wikipedia/commons/8/8c/LL-Q55633582_%28ajp%29-Khalil.rantissi-%D9%88%D8%B7%D9%86.wav
802,زمر,ˈzam.mar,2,1,LL-Q55633582 (ajp)-Muhammad (AdrianAbdulBaha)-زَمَّر.wav,https://upload.wikimedia.org/wikipedia/commons/e/e9/LL-Q55633582_%28ajp%29-Muhammad_%28AdrianAbdulBaha%29-%D8%B2%D9%8E%D9%85%D9%8E%D9%91%D8%B1.wav
410,أنعم,ˈʔan.ʕam,2,1,LL-Q55633582 (ajp)-AdrianAbdulBaha-أنعم.wav,https://upload.wikimedia.org/wikipedia/commons/c/c8/LL-Q55633582_%28ajp%29-AdrianAbdulBaha-%D8%A3%D9%86%D8%B9%D9%85.wav
767,رحل,ˈra.ħal,2,1,LL-Q55633582 (ajp)-Khalil.rantissi-رَحَل.wav,https://upload.wikimedia.org/wikipedia/commons/1/11/LL-Q55633582_%28ajp%29-Khalil.rantissi-%D8%B1%D9%8E%D8%AD%D9%8E%D9%84.wav
1388,نقل,ˈna.ʔal,2,1,LL-Q55633582 (ajp)-Khalil.rantissi-نَقَل.wav,https://upload.wikimedia.org/wikipedia/commons/9/9d/LL-Q55633582_%28ajp%29-Khalil.rantissi-%D9%86%D9%8E%D9%82%D9%8E%D9%84.wav
1218,كلبش,ˈkal.baʃ,2,1,LL-Q55633582 (ajp)-Khalil.rantissi-كَلبَش.wav,https://upload.wikimedia.org/wikipedia/commons/3/38/LL-Q55633582_%28ajp%29-Khalil.rantissi-%D9%83%D9%8E%D9%84%D8%A8%D9%8E%D8%B4.wav
1095,فاصل,ˈfɑː.sˤɑl,2,1,LL-Q55633582 (ajp)-Khalil.rantissi-فاصَل.wav,https://upload.wikimedia.org/wikipedia/commons/8/8e/LL-Q55633582_%28ajp%29-Khalil.rantissi-%D9%81%D8%A7%D8%B5%D9%8E%D9%84.wav
172,شغال,ʃaɣˈɣæːl,2,2,LL-Q55633582 (ajp)-Muhammad (AdrianAbdulBaha)-شغّال.wav,https://upload.wikimedia.org/wikipedia/commons/6/6c/LL-Q55633582_%28ajp%29-Muhammad_%28AdrianAbdulBaha%29-%D8%B4%D8%BA%D9%91%D8%A7%D9%84.wav
346,أخد,ˈʔa.xad,2,1,LL-Q55633582 (ajp)-Khalil.rantissi-اخَد.wav,https://upload.wikimedia.org/wikipedia/commons/1/12/LL-Q55633582_%28ajp%29-Khalil.rantissi-%D8%A7%D8%AE%D9%8E%D8%AF.wav
1413,هون,ˈhaw.wan,2,1,LL-Q55633582 (ajp)-MahmoudM (AdrianAbdulBaha)-هون.wav,https://upload.wikimedia.org/wikipedia/commons/7/76/LL-Q55633582_%28ajp%29-MahmoudM_%28AdrianAbdulBaha%29-%D9%87%D9%88%D9%86.wav
1216,كفكف,ˈkaf.kaf,2,1,LL-Q55633582 (ajp)-AdrianAbdulBaha-كَفكَف.wav,https://upload.wikimedia.org/wikipedia/commons/7/77/LL-Q55633582_%28ajp%29-AdrianAbdulBaha-%D9%83%D9%8E%D9%81%D9%83%D9%8E%D9%81.wav
1348,مية,ˈmˤɑj.je,2,1,LL-Q55633582 (ajp)-Muhammad (AdrianAbdulBaha)-مِية.wav,https://upload.wikimedia.org/wikipedia/commons/f/f4/LL-Q55633582_%28ajp%29-Muhammad_%28AdrianAbdulBaha%29-%D9%85%D9%90%D9%8A%D8%A9.wav
448,بانيو,ˈbɑːn.jo,2,1,LL-Q55633582 (ajp)-Khalil.rantissi-بانيو.wav,https://upload.wikimedia.org/wikipedia/commons/9/96/LL-Q55633582_%28ajp%29-Khalil.rantissi-%D8%A8%D8%A7%D9%86%D9%8A%D9%88.wav
316,هديك,haˈdiːk,2,2,LL-Q55633582 (ajp)-Muhammad (AdrianAbdulBaha)-هديك.wav,https://upload.wikimedia.org/wikipedia/commons/f/f5/LL-Q55633582_%28ajp%29-Muhammad_%28AdrianAbdulBaha%29-%D9%87%D8%AF%D9%8A%D9%83.wav
82,بيروت,bejˈruːt,2,2,LL-Q55633582 (ajp)-AdrianAbdulBaha-بيروت.wav,https://upload.wikimedia.org/wikipedia/commons/4/4d/LL-Q55633582_%28ajp%29-AdrianAbdulBaha-%D8%A8%D9%8A%D8%B1%D9%88%D8%AA.wav
701,خنق,ˈxa.naʔ,2,1,LL-Q55633582 (ajp)-Khalil.rantissi-خَنَق.wav,https://upload.wikimedia.org/wikipedia/commons/4/41/LL-Q55633582_%28ajp%29-Khalil.rantissi-%D8%AE%D9%8E%D9%86%D9%8E%D9%82.wav
628,حرر,ˈħar.rar,2,1,LL-Q55633582 (ajp)-Khalil.rantissi-حَرَّر.wav,https://upload.wikimedia.org/wikipedia/commons/0/0e/LL-Q55633582_%28ajp%29-Khalil.rantissi-%D8%AD%D9%8E%D8%B1%D9%8E%D9%91%D8%B1.wav
280,مشوار,mɪʃˈwɑːrˤ,2,2,LL-Q55633582 (ajp)-AmmanM (AdrianAbdulBaha)-مشوار.wav,https://upload.wikimedia.org/wikipedia/commons/c/cb/LL-Q55633582_%28ajp%29-AmmanM_%28AdrianAbdulBaha%29-%D9%85%D8%B4%D9%88%D8%A7%D8%B1.wav
846,سكن,ˈsa.kan,2,1,LL-Q55633582 (ajp)-Khalil.rantissi-سكن.wav,https://upload.wikimedia.org/wikipedia/commons/b/b8/LL-Q55633582_%28ajp%29-Khalil.rantissi-%D8%B3%D9%83%D9%86.wav
488,بطل,ˈbɑtˤ.tˤɑl,2,1,LL-Q55633582 (ajp)-Khalil.rantissi-بَطَّل.wav,https://upload.wikimedia.org/wikipedia/commons/6/6c/LL-Q55633582_%28ajp%29-Khalil.rantissi-%D8%A8%D9%8E%D8%B7%D9%8E%D9%91%D9%84.wav
1030,عفش,ˈʕa.f(ɪ)ʃ,2,1,LL-Q55633582 (ajp)-Khalil.rantissi-عَفش.wav,https://upload.wikimedia.org/wikipedia/commons/6/6d/LL-Q55633582_%28ajp%29-Khalil.rantissi-%D8%B9%D9%8E%D9%81%D8%B4.wav
1316,معتبر,ˈmɪʕt.bɪr,2,1,LL-Q55633582 (ajp)-Muhammad (AdrianAbdulBaha)-معتبر.wav,https://upload.wikimedia.org/wikipedia/commons/5/53/LL-Q55633582_%28ajp%29-Muhammad_%28AdrianAbdulBaha%29-%D9%85%D8%B9%D8%AA%D8%A8%D8%B1.wav
1369,نحل,ˈna.ħ(ɪ)l,2,1,LL-Q55633582 (ajp)-Muhammad (AdrianAbdulBaha)-نحل.wav,https://upload.wikimedia.org/wikipedia/commons/9/93/LL-Q55633582_%28ajp%29-Muhammad_%28AdrianAbdulBaha%29-%D9%86%D8%AD%D9%84.wav
1190,قمل,ˈʔa.m(ɪ)l,2,1,LL-Q55633582 (ajp)-Muhammad (AdrianAbdulBaha)-قمل.wav,https://upload.wikimedia.org/wikipedia/commons/d/df/LL-Q55633582_%28ajp%29-Muhammad_%28AdrianAbdulBaha%29-%D9%82%D9%85%D9%84.wav
1385,نفع,ˈna.faʕ,2,1,LL-Q55633582 (ajp)-Khalil.rantissi-نَفَع.wav,https://upload.wikimedia.org/wikipedia/commons/6/6f/LL-Q55633582_%28ajp%29-Khalil.rantissi-%D9%86%D9%8E%D9%81%D9%8E%D8%B9.wav
437,انت,ˈʔɪn.ta,2,1,LL-Q55633582 (ajp)-MahmoudM (AdrianAbdulBaha)-انتا.wav,https://upload.wikimedia.org/wikipedia/commons/8/8f/LL-Q55633582_%28ajp%29-MahmoudM_%28AdrianAbdulBaha%29-%D8%A7%D9%86%D8%AA%D8%A7.wav
283,معروف,maʕˈruːf,2,2,LL-Q55633582 (ajp)-Muhammad (AdrianAbdulBaha)-معروف.wav,https://upload.wikimedia.org/wikipedia/commons/4/45/LL-Q55633582_%28ajp%29-Muhammad_%28AdrianAbdulBaha%29-%D9%85%D8%B9%D8%B1%D9%88%D9%81.wav
927,صاير,ˈsˤɑː.jɪr,2,1,LL-Q55633582 (ajp)-Khalil.rantissi-صاير.wav,https://upload.wikimedia.org/wikipedia/commons/b/b2/LL-Q55633582_%28ajp%29-Khalil.rantissi-%D8%B5%D8%A7%D9%8A%D8%B1.wav
1098,فتح,ˈfa.taħ,2,1,LL-Q55633582 (ajp)-Khalil.rantissi-فَتَح.wav,https://upload.wikimedia.org/wikipedia/commons/e/ed/LL-Q55633582_%28ajp%29-Khalil.rantissi-%D9%81%D9%8E%D8%AA%D9%8E%D8%AD.wav
1363,نايم,ˈnæː.jɪm,2,1,LL-Q55633582 (ajp)-Khalil.rantissi-نايم.wav,https://upload.wikimedia.org/wikipedia/commons/a/a6/LL-Q55633582_%28ajp%29-Khalil.rantissi-%D9%86%D8%A7%D9%8A%D9%85.wav
1084,غمي,ˈɣi.mi,2,1,LL-Q55633582 (ajp)-Khalil.rantissi-غِمي.wav,https://upload.wikimedia.org/wikipedia/commons/c/ca/LL-Q55633582_%28ajp%29-Khalil.rantissi-%D8%BA%D9%90%D9%85%D9%8A.wav
140,دمشق,dɪˈmaʃq,2,2,LL-Q55633582 (ajp)-AdrianAbdulBaha-دمشق.wav,https://upload.wikimedia.org/wikipedia/commons/6/64/LL-Q55633582_%28ajp%29-AdrianAbdulBaha-%D8%AF%D9%85%D8%B4%D9%82.wav
738,دهب,ˈda.hab,2,1,LL-Q55633582 (ajp)-Muhammad (AdrianAbdulBaha)-دهب.wav,https://upload.wikimedia.org/wikipedia/commons/c/c2/LL-Q55633582_%28ajp%29-Muhammad_%28AdrianAbdulBaha%29-%D8%AF%D9%87%D8%A8.wav
75,بلكون,balˈkoːn,2,2,LL-Q55633582 (ajp)-Muhammad (AdrianAbdulBaha)-بلكون.wav,https://upload.wikimedia.org/wikipedia/commons/2/24/LL-Q55633582_%28ajp%29-Muhammad_%28AdrianAbdulBaha%29-%D8%A8%D9%84%D9%83%D9%88%D9%86.wav
1015,عزم,ˈʕa.zam,2,1,LL-Q55633582 (ajp)-Khalil.rantissi-عَزَم.wav,https://upload.wikimedia.org/wikipedia/commons/a/a9/LL-Q55633582_%28ajp%29-Khalil.rantissi-%D8%B9%D9%8E%D8%B2%D9%8E%D9%85.wav
595,جملة,ˈʒʊm.le,2,1,LL-Q55633582 (ajp)-Muhammad (AdrianAbdulBaha)-جملة.wav,https://upload.wikimedia.org/wikipedia/commons/3/34/LL-Q55633582_%28ajp%29-Muhammad_%28AdrianAbdulBaha%29-%D8%AC%D9%85%D9%84%D8%A9.wav
1115,فرط,ˈfɑ.rɑtˤ,2,1,LL-Q55633582 (ajp)-Khalil.rantissi-فَرَط.wav,https://upload.wikimedia.org/wikipedia/commons/e/e8/LL-Q55633582_%28ajp%29-Khalil.rantissi-%D9%81%D9%8E%D8%B1%D9%8E%D8%B7.wav
691,خطط,ˈxɑtˤ.tˤɑtˤ,2,1,LL-Q55633582 (ajp)-Khalil.rantissi-خَطَّط.wav,https://upload.wikimedia.org/wikipedia/commons/5/5d/LL-Q55633582_%28ajp%29-Khalil.rantissi-%D8%AE%D9%8E%D8%B7%D9%8E%D9%91%D8%B7.wav
1197,كبا,ˈkʊb.ba,2,1,LL-Q55633582 (ajp)-Muhammad (AdrianAbdulBaha)-كبّا.wav,https://upload.wikimedia.org/wikipedia/commons/a/af/LL-Q55633582_%28ajp%29-Muhammad_%28AdrianAbdulBaha%29-%D9%83%D8%A8%D9%91%D8%A7.wav
1171,قشة,ˈʔaʃ.ʃe,2,1,LL-Q55633582 (ajp)-Muhammad (AdrianAbdulBaha)-قشة.wav,https://upload.wikimedia.org/wikipedia/commons/e/e7/LL-Q55633582_%28ajp%29-Muhammad_%28AdrianAbdulBaha%29-%D9%82%D8%B4%D8%A9.wav
887,شرشف,ˈʃar.ʃaf,2,1,LL-Q55633582 (ajp)-Muhammad (AdrianAbdulBaha)-شرشف.wav,https://upload.wikimedia.org/wikipedia/commons/b/b7/LL-Q55633582_%28ajp%29-Muhammad_%28AdrianAbdulBaha%29-%D8%B4%D8%B1%D8%B4%D9%81.wav
732,دفي,ˈdi.fi,2,1,LL-Q55633582 (ajp)-Khalil.rantissi-دِفي.wav,https://upload.wikimedia.org/wikipedia/commons/c/c0/LL-Q55633582_%28ajp%29-Khalil.rantissi-%D8%AF%D9%90%D9%81%D9%8A.wav
722,درس,ˈda.ras,2,1,LL-Q55633582 (ajp)-Muhammad (AdrianAbdulBaha)-درس.wav,https://upload.wikimedia.org/wikipedia/commons/b/b6/LL-Q55633582_%28ajp%29-Muhammad_%28AdrianAbdulBaha%29-%D8%AF%D8%B1%D8%B3.wav
912,شمعة,ˈʃam.ʕa,2,1,LL-Q55633582 (ajp)-Muhammad (AdrianAbdulBaha)-شمعة.wav,https://upload.wikimedia.org/wikipedia/commons/f/f1/LL-Q55633582_%28ajp%29-Muhammad_%28AdrianAbdulBaha%29-%D8%B4%D9%85%D8%B9%D8%A9.wav
768,رحلة,ˈrɪħ.le,2,1,LL-Q55633582 (ajp)-AmmanM (AdrianAbdulBaha)-رحلة.wav,https://upload.wikimedia.org/wikipedia/commons/e/e5/LL-Q55633582_%28ajp%29-AmmanM_%28AdrianAbdulBaha%29-%D8%B1%D8%AD%D9%84%D8%A9.wav
1064,عين,ˈʕaj.jan,2,1,LL-Q55633582 (ajp)-Muhammad (AdrianAbdulBaha)-عين.wav,https://upload.wikimedia.org/wikipedia/commons/2/2f/LL-Q55633582_%28ajp%29-Muhammad_%28AdrianAbdulBaha%29-%D8%B9%D9%8A%D9%86.wav
654,حمق,ˈħi.mɪʔ,2,1,LL-Q55633582 (ajp)-Khalil.rantissi-حِمِق.wav,https://upload.wikimedia.org/wikipedia/commons/4/4d/LL-Q55633582_%28ajp%29-Khalil.rantissi-%D8%AD%D9%90%D9%85%D9%90%D9%82.wav
917,شوفة,ˈʃoː.fe,2,1,LL-Q55633582 (ajp)-Muhammad (AdrianAbdulBaha)-شوفة.wav,https://upload.wikimedia.org/wikipedia/commons/4/45/LL-Q55633582_%28ajp%29-Muhammad_%28AdrianAbdulBaha%29-%D8%B4%D9%88%D9%81%D8%A9.wav
1432,ورجى,ˈwar.ʒa,2,1,LL-Q55633582 (ajp)-Khalil.rantissi-وَرجى.wav,https://upload.wikimedia.org/wikipedia/commons/8/82/LL-Q55633582_%28ajp%29-Khalil.rantissi-%D9%88%D9%8E%D8%B1%D8%AC%D9%89.wav
537,بنصر,ˈbʊn.sˤʊr,2,1,LL-Q55633582 (ajp)-Muhammad (AdrianAbdulBaha)-بنصر.wav,https://upload.wikimedia.org/wikipedia/commons/7/72/LL-Q55633582_%28ajp%29-Muhammad_%28AdrianAbdulBaha%29-%D8%A8%D9%86%D8%B5%D8%B1.wav
351,أخو,ˈʔa.xu,2,1,LL-Q55633582 (ajp)-Khalil.rantissi-أخو.wav,https://upload.wikimedia.org/wikipedia/commons/b/bc/LL-Q55633582_%28ajp%29-Khalil.rantissi-%D8%A3%D8%AE%D9%88.wav
1136,فكر,ˈfak.kar,2,1,LL-Q55633582 (ajp)-Muhammad (AdrianAbdulBaha)-فكر.wav,https://upload.wikimedia.org/wikipedia/commons/b/bd/LL-Q55633582_%28ajp%29-Muhammad_%28AdrianAbdulBaha%29-%D9%81%D9%83%D8%B1.wav
1181,قلب,ˈʔa.lab,2,1,LL-Q55633582 (ajp)-Muhammad (AdrianAbdulBaha)-قلب.wav,https://upload.wikimedia.org/wikipedia/commons/d/da/LL-Q55633582_%28ajp%29-Muhammad_%28AdrianAbdulBaha%29-%D9%82%D9%84%D8%A8.wav
647,حلم,ˈħʊ.l(ʊ)m,2,1,LL-Q55633582 (ajp)-Muhammad (AdrianAbdulBaha)-حلم.wav,https://upload.wikimedia.org/wikipedia/commons/d/d1/LL-Q55633582_%28ajp%29-Muhammad_%28AdrianAbdulBaha%29-%D8%AD%D9%84%D9%85.wav
1002,عدة,ˈʕɪd.de,2,1,LL-Q55633582 (ajp)-Muhammad (AdrianAbdulBaha)-عدّة.wav,https://upload.wikimedia.org/wikipedia/commons/0/07/LL-Q55633582_%28ajp%29-Muhammad_%28AdrianAbdulBaha%29-%D8%B9%D8%AF%D9%91%D8%A9.wav
1250,لزم,ˈli.zɪm,2,1,LL-Q55633582 (ajp)-Khalil.rantissi-لِزِم.wav,https://upload.wikimedia.org/wikipedia/commons/9/97/LL-Q55633582_%28ajp%29-Khalil.rantissi-%D9%84%D9%90%D8%B2%D9%90%D9%85.wav
921,شيك,ˈʃaj.jak,2,1,LL-Q55633582 (ajp)-Khalil.rantissi-شَيَّك.wav,https://upload.wikimedia.org/wikipedia/commons/7/71/LL-Q55633582_%28ajp%29-Khalil.rantissi-%D8%B4%D9%8E%D9%8A%D9%8E%D9%91%D9%83.wav
673,خايف,ˈxæː.jɪf,2,1,LL-Q55633582 (ajp)-Muhammad (AdrianAbdulBaha)-خايف.wav,https://upload.wikimedia.org/wikipedia/commons/9/93/LL-Q55633582_%28ajp%29-Muhammad_%28AdrianAbdulBaha%29-%D8%AE%D8%A7%D9%8A%D9%81.wav
345,أحلى,ˈʔaħ.la,2,1,LL-Q55633582 (ajp)-Muhammad (AdrianAbdulBaha)-أحلى.wav,https://upload.wikimedia.org/wikipedia/commons/3/37/LL-Q55633582_%28ajp%29-Muhammad_%28AdrianAbdulBaha%29-%D8%A3%D8%AD%D9%84%D9%89.wav
583,جرة,ˈʒɑrˤ.rˤɑ,2,1,LL-Q55633582 (ajp)-Muhammad (AdrianAbdulBaha)-جرّة.wav,https://upload.wikimedia.org/wikipedia/commons/f/f7/LL-Q55633582_%28ajp%29-Muhammad_%28AdrianAbdulBaha%29-%D8%AC%D8%B1%D9%91%D8%A9.wav
594,جمعة,ˈʒʊm.ʕa,2,1,LL-Q55633582 (ajp)-Muhammad (AdrianAbdulBaha)-جمعة.wav,https://upload.wikimedia.org/wikipedia/commons/f/f1/LL-Q55633582_%28ajp%29-Muhammad_%28AdrianAbdulBaha%29-%D8%AC%D9%85%D8%B9%D8%A9.wav
205,عميق,ʕaˈmiːʔ,2,2,LL-Q55633582 (ajp)-Muhammad (AdrianAbdulBaha)-عميق.wav,https://upload.wikimedia.org/wikipedia/commons/5/53/LL-Q55633582_%28ajp%29-Muhammad_%28AdrianAbdulBaha%29-%D8%B9%D9%85%D9%8A%D9%82.wav
836,سرعة,ˈsʊr.ʕa,2,1,LL-Q55633582 (ajp)-Muhammad (AdrianAbdulBaha)-سرعة.wav,https://upload.wikimedia.org/wikipedia/commons/3/3f/LL-Q55633582_%28ajp%29-Muhammad_%28AdrianAbdulBaha%29-%D8%B3%D8%B1%D8%B9%D8%A9.wav
94,تنويم,tanˈwiːm,2,2,LL-Q55633582 (ajp)-Muhammad (AdrianAbdulBaha)-تنويم.wav,https://upload.wikimedia.org/wikipedia/commons/2/2b/LL-Q55633582_%28ajp%29-Muhammad_%28AdrianAbdulBaha%29-%D8%AA%D9%86%D9%88%D9%8A%D9%85.wav
234,قليل,ʔaˈliːl,2,2,LL-Q55633582 (ajp)-Muhammad (AdrianAbdulBaha)-قليل.wav,https://upload.wikimedia.org/wikipedia/commons/b/b5/LL-Q55633582_%28ajp%29-Muhammad_%28AdrianAbdulBaha%29-%D9%82%D9%84%D9%8A%D9%84.wav
928,صبح,ˈsˤʊ.b(o)ħ,2,1,LL-Q55633582 (ajp)-AseelF (AdrianAbdulBaha)-صُبُح.wav,https://upload.wikimedia.org/wikipedia/commons/4/4f/LL-Q55633582_%28ajp%29-AseelF_%28AdrianAbdulBaha%29-%D8%B5%D9%8F%D8%A8%D9%8F%D8%AD.wav
474,برق,ˈba.raʔ,2,1,LL-Q55633582 (ajp)-Khalil.rantissi-بَرَق.wav,https://upload.wikimedia.org/wikipedia/commons/8/86/LL-Q55633582_%28ajp%29-Khalil.rantissi-%D8%A8%D9%8E%D8%B1%D9%8E%D9%82.wav
1284,مدح,ˈma.daħ,2,1,LL-Q55633582 (ajp)-Khalil.rantissi-مَدَح.wav,https://upload.wikimedia.org/wikipedia/commons/9/99/LL-Q55633582_%28ajp%29-Khalil.rantissi-%D9%85%D9%8E%D8%AF%D9%8E%D8%AD.wav
922,شيكل,ˈʃeː.kɪl,2,1,LL-Q55633582 (ajp)-Muhammad (AdrianAbdulBaha)-شيكل.wav,https://upload.wikimedia.org/wikipedia/commons/5/5a/LL-Q55633582_%28ajp%29-Muhammad_%28AdrianAbdulBaha%29-%D8%B4%D9%8A%D9%83%D9%84.wav
38,السبت,ɪsˈsab(ɪ)t,2,2,LL-Q55633582 (ajp)-AseelF (AdrianAbdulBaha)-Saturday.wav,https://upload.wikimedia.org/wikipedia/commons/4/4f/LL-Q55633582_%28ajp%29-AseelF_%28AdrianAbdulBaha%29-Saturday.wav
823,سبب,ˈsab.bab,2,1,LL-Q55633582 (ajp)-Khalil.rantissi-سَبَّب.wav,https://upload.wikimedia.org/wikipedia/commons/3/37/LL-Q55633582_%28ajp%29-Khalil.rantissi-%D8%B3%D9%8E%D8%A8%D9%8E%D9%91%D8%A8.wav
61,بالضبط,bɪzˤˈzˤɑbtˤ,2,2,LL-Q55633582 (ajp)-Muhammad (AdrianAbdulBaha)-بالزبط.wav,https://upload.wikimedia.org/wikipedia/commons/c/c2/LL-Q55633582_%28ajp%29-Muhammad_%28AdrianAbdulBaha%29-%D8%A8%D8%A7%D9%84%D8%B2%D8%A8%D8%B7.wav
843,سكت,ˈsa.kat,2,1,LL-Q55633582 (ajp)-Khalil.rantissi-سَكَت.wav,https://upload.wikimedia.org/wikipedia/commons/a/ac/LL-Q55633582_%28ajp%29-Khalil.rantissi-%D8%B3%D9%8E%D9%83%D9%8E%D8%AA.wav
34,اسمر,(ɪ)sˈmɑr,2,2,LL-Q55633582 (ajp)-Muhammad (AdrianAbdulBaha)-اسمَرّ.wav,https://upload.wikimedia.org/wikipedia/commons/3/37/LL-Q55633582_%28ajp%29-Muhammad_%28AdrianAbdulBaha%29-%D8%A7%D8%B3%D9%85%D9%8E%D8%B1%D9%91.wav
1052,عود,ˈʕaw.wad,2,1,LL-Q55633582 (ajp)-Muhammad (AdrianAbdulBaha)-عود.wav,https://upload.wikimedia.org/wikipedia/commons/e/e1/LL-Q55633582_%28ajp%29-Muhammad_%28AdrianAbdulBaha%29-%D8%B9%D9%88%D8%AF.wav
278,مشروع,maʃˈruːʕ,2,2,LL-Q55633582 (ajp)-AmmanM (AdrianAbdulBaha)-مشروع.wav,https://upload.wikimedia.org/wikipedia/commons/3/3b/LL-Q55633582_%28ajp%29-AmmanM_%28AdrianAbdulBaha%29-%D9%85%D8%B4%D8%B1%D9%88%D8%B9.wav
648,حلو,ˈħɪ.lʊ,2,1,LL-Q55633582 (ajp)-MahmoudM (AdrianAbdulBaha)-حلو.wav,https://upload.wikimedia.org/wikipedia/commons/6/67/LL-Q55633582_%28ajp%29-MahmoudM_%28AdrianAbdulBaha%29-%D8%AD%D9%84%D9%88.wav
51,انشاف,ɪnˈʃæːf,2,2,LL-Q55633582 (ajp)-Khalil.rantissi-انشاف.wav,https://upload.wikimedia.org/wikipedia/commons/2/2a/LL-Q55633582_%28ajp%29-Khalil.rantissi-%D8%A7%D9%86%D8%B4%D8%A7%D9%81.wav
1267,ماضي,ˈmɑː.dˤi,2,1,LL-Q55633582 (ajp)-AseelF (AdrianAbdulBaha)-ماضي.wav,https://upload.wikimedia.org/wikipedia/commons/6/64/LL-Q55633582_%28ajp%29-AseelF_%28AdrianAbdulBaha%29-%D9%85%D8%A7%D8%B6%D9%8A.wav
40,الصين,(ɪ)sˤˈsˤiːn,2,2,LL-Q55633582 (ajp)-AdrianAbdulBaha-الصين.wav,https://upload.wikimedia.org/wikipedia/commons/f/f8/LL-Q55633582_%28ajp%29-AdrianAbdulBaha-%D8%A7%D9%84%D8%B5%D9%8A%D9%86.wav
418,أول,ˈʔuw.wel,2,1,LL-Q55633582 (ajp)-Muhammad (AdrianAbdulBaha)-أول.wav,https://upload.wikimedia.org/wikipedia/commons/1/1c/LL-Q55633582_%28ajp%29-Muhammad_%28AdrianAbdulBaha%29-%D8%A3%D9%88%D9%84.wav
26,ابتز,ɪbˈtaz,2,2,LL-Q55633582 (ajp)-Khalil.rantissi-ابتَزّ.wav,https://upload.wikimedia.org/wikipedia/commons/2/25/LL-Q55633582_%28ajp%29-Khalil.rantissi-%D8%A7%D8%A8%D8%AA%D9%8E%D8%B2%D9%91.wav
1389,نقى,ˈnaʔ.ʔa,2,1,LL-Q55633582 (ajp)-Khalil.rantissi-نَقّى.wav,https://upload.wikimedia.org/wikipedia/commons/3/3d/LL-Q55633582_%28ajp%29-Khalil.rantissi-%D9%86%D9%8E%D9%82%D9%91%D9%89.wav
560,تمر,ˈta.m(ɪ)r,2,1,LL-Q55633582 (ajp)-IbrahimZ (AdrianAbdulBaha)-تمر.wav,https://upload.wikimedia.org/wikipedia/commons/b/b7/LL-Q55633582_%28ajp%29-IbrahimZ_%28AdrianAbdulBaha%29-%D8%AA%D9%85%D8%B1.wav
949,صور,ˈsˤɑw.wɑrˤ,2,1,LL-Q55633582 (ajp)-Khalil.rantissi-صَوَّر.wav,https://upload.wikimedia.org/wikipedia/commons/1/19/LL-Q55633582_%28ajp%29-Khalil.rantissi-%D8%B5%D9%8E%D9%88%D9%8E%D9%91%D8%B1.wav
1279,محبوب,ˈmaħ.buːb,2,1,LL-Q55633582 (ajp)-Muhammad (AdrianAbdulBaha)-محبوب.wav,https://upload.wikimedia.org/wikipedia/commons/e/e3/LL-Q55633582_%28ajp%29-Muhammad_%28AdrianAbdulBaha%29-%D9%85%D8%AD%D8%A8%D9%88%D8%A8.wav
257,لطيف,lɑˈtˤiːf,2,2,LL-Q55633582 (ajp)-MahmoudM (AdrianAbdulBaha)-لطيف.wav,https://upload.wikimedia.org/wikipedia/commons/7/72/LL-Q55633582_%28ajp%29-MahmoudM_%28AdrianAbdulBaha%29-%D9%84%D8%B7%D9%8A%D9%81.wav
1147,فورص,ˈfoː.rˤɑsˤ,2,1,LL-Q55633582 (ajp)-Khalil.rantissi-فورص.wav,https://upload.wikimedia.org/wikipedia/commons/9/92/LL-Q55633582_%28ajp%29-Khalil.rantissi-%D9%81%D9%88%D8%B1%D8%B5.wav
312,نصحان,nɑsˤˈħɑːn,2,2,LL-Q55633582 (ajp)-Muhammad (AdrianAbdulBaha)-نصحان.wav,https://upload.wikimedia.org/wikipedia/commons/f/fe/LL-Q55633582_%28ajp%29-Muhammad_%28AdrianAbdulBaha%29-%D9%86%D8%B5%D8%AD%D8%A7%D9%86.wav
592,جمع,ˈʒam.maʕ,2,1,LL-Q55633582 (ajp)-Khalil.rantissi-جَمَع.wav,https://upload.wikimedia.org/wikipedia/commons/7/71/LL-Q55633582_%28ajp%29-Khalil.rantissi-%D8%AC%D9%8E%D9%85%D9%8E%D8%B9.wav
1314,مطعم,ˈmɑtˤ.ʕɑm,2,1,LL-Q55633582 (ajp)-IbrahimZ (AdrianAbdulBaha)-مطعم.wav,https://upload.wikimedia.org/wikipedia/commons/b/b6/LL-Q55633582_%28ajp%29-IbrahimZ_%28AdrianAbdulBaha%29-%D9%85%D8%B7%D8%B9%D9%85.wav
1330,مقدس,ˈmʔad.das,2,1,LL-Q55633582 (ajp)-Muhammad (AdrianAbdulBaha)-مقدّس.wav,https://upload.wikimedia.org/wikipedia/commons/4/4a/LL-Q55633582_%28ajp%29-Muhammad_%28AdrianAbdulBaha%29-%D9%85%D9%82%D8%AF%D9%91%D8%B3.wav
529,بنتبه,ˈbɪnt.bɪh,2,1,LL-Q55633582 (ajp)-Muhammad (AdrianAbdulBaha)-بنتبه.wav,https://upload.wikimedia.org/wikipedia/commons/6/6e/LL-Q55633582_%28ajp%29-Muhammad_%28AdrianAbdulBaha%29-%D8%A8%D9%86%D8%AA%D8%A8%D9%87.wav
631,حرم,ˈħar.ram,2,1,LL-Q55633582 (ajp)-Khalil.rantissi-حَرَّم.wav,https://upload.wikimedia.org/wikipedia/commons/c/c3/LL-Q55633582_%28ajp%29-Khalil.rantissi-%D8%AD%D9%8E%D8%B1%D9%8E%D9%91%D9%85.wav
1004,عدل,ˈʕad.dal,2,1,LL-Q55633582 (ajp)-Khalil.rantissi-عَدَّل.wav,https://upload.wikimedia.org/wikipedia/commons/8/8d/LL-Q55633582_%28ajp%29-Khalil.rantissi-%D8%B9%D9%8E%D8%AF%D9%8E%D9%91%D9%84.wav
438,انتو,ˈʔɪn.tu,2,1,LL-Q55633582 (ajp)-MahmoudM (AdrianAbdulBaha)-انتو.wav,https://upload.wikimedia.org/wikipedia/commons/9/9b/LL-Q55633582_%28ajp%29-MahmoudM_%28AdrianAbdulBaha%29-%D8%A7%D9%86%D8%AA%D9%88.wav
847,سلخ,ˈsa.lax,2,1,LL-Q55633582 (ajp)-Khalil.rantissi-سَلَخ.wav,https://upload.wikimedia.org/wikipedia/commons/2/2b/LL-Q55633582_%28ajp%29-Khalil.rantissi-%D8%B3%D9%8E%D9%84%D9%8E%D8%AE.wav
1235,لازم,ˈlæː.zɪm,2,1,LL-Q55633582 (ajp)-Muhammad (AdrianAbdulBaha)-لازم.wav,https://upload.wikimedia.org/wikipedia/commons/d/df/LL-Q55633582_%28ajp%29-Muhammad_%28AdrianAbdulBaha%29-%D9%84%D8%A7%D8%B2%D9%85.wav
371,أسكر,ˈʔas.kar,2,1,LL-Q55633582 (ajp)-Khalil.rantissi-أسكَر.wav,https://upload.wikimedia.org/wikipedia/commons/6/6c/LL-Q55633582_%28ajp%29-Khalil.rantissi-%D8%A3%D8%B3%D9%83%D9%8E%D8%B1.wav
338,أتلج,ˈʔat.laʒ,2,1,LL-Q55633582 (ajp)-Khalil.rantissi-أتلَج.wav,https://upload.wikimedia.org/wikipedia/commons/6/63/LL-Q55633582_%28ajp%29-Khalil.rantissi-%D8%A3%D8%AA%D9%84%D9%8E%D8%AC.wav
598,جنن,ˈʒan.nan,2,1,LL-Q55633582 (ajp)-Khalil.rantissi-جَنَّن.wav,https://upload.wikimedia.org/wikipedia/commons/f/f5/LL-Q55633582_%28ajp%29-Khalil.rantissi-%D8%AC%D9%8E%D9%86%D9%8E%D9%91%D9%86.wav
497,بعترف,ˈbɪʕt.rɪf,2,1,LL-Q55633582 (ajp)-Muhammad (AdrianAbdulBaha)-بعترف.wav,https://upload.wikimedia.org/wikipedia/commons/7/74/LL-Q55633582_%28ajp%29-Muhammad_%28AdrianAbdulBaha%29-%D8%A8%D8%B9%D8%AA%D8%B1%D9%81.wav
932,صحى,ˈsˤɑħ.ħɑ,2,1,LL-Q55633582 (ajp)-Khalil.rantissi-صَحّى.wav,https://upload.wikimedia.org/wikipedia/commons/b/bb/LL-Q55633582_%28ajp%29-Khalil.rantissi-%D8%B5%D9%8E%D8%AD%D9%91%D9%89.wav
737,دنيا,ˈdɪn.ja,2,1,LL-Q55633582 (ajp)-Muhammad (AdrianAbdulBaha)-دنيا.wav,https://upload.wikimedia.org/wikipedia/commons/c/c2/LL-Q55633582_%28ajp%29-Muhammad_%28AdrianAbdulBaha%29-%D8%AF%D9%86%D9%8A%D8%A7.wav
1123,فضا,ˈfɑ.dˤɑ,2,1,LL-Q55633582 (ajp)-Muhammad (AdrianAbdulBaha)-فضا.wav,https://upload.wikimedia.org/wikipedia/commons/c/c7/LL-Q55633582_%28ajp%29-Muhammad_%28AdrianAbdulBaha%29-%D9%81%D8%B6%D8%A7.wav
233,قلقان,ʔalˈʔæːn,2,2,LL-Q55633582 (ajp)-Khalil.rantissi-قَلقان.wav,https://upload.wikimedia.org/wikipedia/commons/b/b9/LL-Q55633582_%28ajp%29-Khalil.rantissi-%D9%82%D9%8E%D9%84%D9%82%D8%A7%D9%86.wav
1206,كحلي,ˈkʊħ.li,2,1,LL-Q55633582 (ajp)-Muhammad (AdrianAbdulBaha)-كحلي.wav,https://upload.wikimedia.org/wikipedia/commons/b/b7/LL-Q55633582_%28ajp%29-Muhammad_%28AdrianAbdulBaha%29-%D9%83%D8%AD%D9%84%D9%8A.wav
707,دافي,ˈdæː.fi,2,1,LL-Q55633582 (ajp)-Muhammad (AdrianAbdulBaha)-دافي.wav,https://upload.wikimedia.org/wikipedia/commons/4/48/LL-Q55633582_%28ajp%29-Muhammad_%28AdrianAbdulBaha%29-%D8%AF%D8%A7%D9%81%D9%8A.wav
1280,محى,ˈma.ħa,2,1,LL-Q55633582 (ajp)-Khalil.rantissi-مَحى.wav,https://upload.wikimedia.org/wikipedia/commons/f/f7/LL-Q55633582_%28ajp%29-Khalil.rantissi-%D9%85%D9%8E%D8%AD%D9%89.wav
1293,مسا,ˈma.sa,2,1,LL-Q55633582 (ajp)-AseelF (AdrianAbdulBaha)-مَسا.wav,https://upload.wikimedia.org/wikipedia/commons/a/a9/LL-Q55633582_%28ajp%29-AseelF_%28AdrianAbdulBaha%29-%D9%85%D9%8E%D8%B3%D8%A7.wav
1371,نرفز,ˈnar.faz,2,1,LL-Q55633582 (ajp)-Khalil.rantissi-نَرفَز.wav,https://upload.wikimedia.org/wikipedia/commons/e/e3/LL-Q55633582_%28ajp%29-Khalil.rantissi-%D9%86%D9%8E%D8%B1%D9%81%D9%8E%D8%B2.wav
1121,فصل,ˈfɑsˤ.sˤɑl,2,1,LL-Q55633582 (ajp)-Muhammad (AdrianAbdulBaha)-فصل.wav,https://upload.wikimedia.org/wikipedia/commons/5/54/LL-Q55633582_%28ajp%29-Muhammad_%28AdrianAbdulBaha%29-%D9%81%D8%B5%D9%84.wav
138,دكان,dukˈkæːn,2,2,LL-Q55633582 (ajp)-AmmanM (AdrianAbdulBaha)-دكّان.wav,https://upload.wikimedia.org/wikipedia/commons/2/2b/LL-Q55633582_%28ajp%29-AmmanM_%28AdrianAbdulBaha%29-%D8%AF%D9%83%D9%91%D8%A7%D9%86.wav
865,سيرة,ˈsiː.re,2,1,LL-Q55633582 (ajp)-Muhammad (AdrianAbdulBaha)-سيرة.wav,https://upload.wikimedia.org/wikipedia/commons/2/26/LL-Q55633582_%28ajp%29-Muhammad_%28AdrianAbdulBaha%29-%D8%B3%D9%8A%D8%B1%D8%A9.wav
155,ستين,sɪtˈtiːn,2,2,LL-Q55633582 (ajp)-Muhammad (AdrianAbdulBaha)-60.wav,https://upload.wikimedia.org/wikipedia/commons/6/65/LL-Q55633582_%28ajp%29-Muhammad_%28AdrianAbdulBaha%29-60.wav
363,أزرق,ˈʔaz.raʔ,2,1,LL-Q55633582 (ajp)-Muhammad (AdrianAbdulBaha)-أزرق.wav,https://upload.wikimedia.org/wikipedia/commons/d/db/LL-Q55633582_%28ajp%29-Muhammad_%28AdrianAbdulBaha%29-%D8%A3%D8%B2%D8%B1%D9%82.wav
282,مطار,maˈtˤɑːrˤ,2,2,LL-Q55633582 (ajp)-AmmanM (AdrianAbdulBaha)-مطار.wav,https://upload.wikimedia.org/wikipedia/commons/f/f4/LL-Q55633582_%28ajp%29-AmmanM_%28AdrianAbdulBaha%29-%D9%85%D8%B7%D8%A7%D8%B1.wav
756,راديو,ˈræːd.jo,2,1,LL-Q55633582 (ajp)-Muhammad (AdrianAbdulBaha)-راديو.wav,https://upload.wikimedia.org/wikipedia/commons/a/a8/LL-Q55633582_%28ajp%29-Muhammad_%28AdrianAbdulBaha%29-%D8%B1%D8%A7%D8%AF%D9%8A%D9%88.wav
811,سأل,ˈsa.ʔal,2,1,LL-Q55633582 (ajp)-Khalil.rantissi-سَأل.wav,https://upload.wikimedia.org/wikipedia/commons/e/e8/LL-Q55633582_%28ajp%29-Khalil.rantissi-%D8%B3%D9%8E%D8%A3%D9%84.wav
856,سمك,ˈsa.mak,2,1,LL-Q55633582 (ajp)-Muhammad (AdrianAbdulBaha)-سمك.wav,https://upload.wikimedia.org/wikipedia/commons/1/18/LL-Q55633582_%28ajp%29-Muhammad_%28AdrianAbdulBaha%29-%D8%B3%D9%85%D9%83.wav
114,حليب,ħaˈliːb,2,2,LL-Q55633582 (ajp)-IbrahimZ (AdrianAbdulBaha)-حليب.wav,https://upload.wikimedia.org/wikipedia/commons/4/44/LL-Q55633582_%28ajp%29-IbrahimZ_%28AdrianAbdulBaha%29-%D8%AD%D9%84%D9%8A%D8%A8.wav
72,بلاد,biˈlæːd,2,2,LL-Q55633582 (ajp)-Muhammad (AdrianAbdulBaha)-بلاد.wav,https://upload.wikimedia.org/wikipedia/commons/6/68/LL-Q55633582_%28ajp%29-Muhammad_%28AdrianAbdulBaha%29-%D8%A8%D9%84%D8%A7%D8%AF.wav
913,شنطة,ˈʃɑn.tˤɑ,2,1,LL-Q55633582 (ajp)-Muhammad (AdrianAbdulBaha)-شنطة.wav,https://upload.wikimedia.org/wikipedia/commons/9/99/LL-Q55633582_%28ajp%29-Muhammad_%28AdrianAbdulBaha%29-%D8%B4%D9%86%D8%B7%D8%A9.wav
184,صندوق,sˤɑnˈdˤuːʔ,2,2,LL-Q55633582 (ajp)-Muhammad (AdrianAbdulBaha)-صندوق.wav,https://upload.wikimedia.org/wikipedia/commons/f/f1/LL-Q55633582_%28ajp%29-Muhammad_%28AdrianAbdulBaha%29-%D8%B5%D9%86%D8%AF%D9%88%D9%82.wav
273,مزاج,maˈzæːʒ,2,2,LL-Q55633582 (ajp)-Muhammad (AdrianAbdulBaha)-مزاج.wav,https://upload.wikimedia.org/wikipedia/commons/1/18/LL-Q55633582_%28ajp%29-Muhammad_%28AdrianAbdulBaha%29-%D9%85%D8%B2%D8%A7%D8%AC.wav
433,استفسر,ˈstaf.sar,2,1,LL-Q55633582 (ajp)-AdrianAbdulBaha-استَفسَر.wav,https://upload.wikimedia.org/wikipedia/commons/5/5f/LL-Q55633582_%28ajp%29-AdrianAbdulBaha-%D8%A7%D8%B3%D8%AA%D9%8E%D9%81%D8%B3%D9%8E%D8%B1.wav
1108,فرح,ˈfi.rɪħ,2,1,LL-Q55633582 (ajp)-Khalil.rantissi-فِرِح.wav,https://upload.wikimedia.org/wikipedia/commons/1/1e/LL-Q55633582_%28ajp%29-Khalil.rantissi-%D9%81%D9%90%D8%B1%D9%90%D8%AD.wav
569,ثقف,ˈθɑq.qɑf,2,1,LL-Q55633582 (ajp)-Khalil.rantissi-ثَقَّف.wav,https://upload.wikimedia.org/wikipedia/commons/6/62/LL-Q55633582_%28ajp%29-Khalil.rantissi-%D8%AB%D9%8E%D9%82%D9%8E%D9%91%D9%81.wav
1110,فرس,ˈfa.ras,2,1,LL-Q55633582 (ajp)-Muhammad (AdrianAbdulBaha)-فرس.wav,https://upload.wikimedia.org/wikipedia/commons/a/aa/LL-Q55633582_%28ajp%29-Muhammad_%28AdrianAbdulBaha%29-%D9%81%D8%B1%D8%B3.wav
684,خرس,ˈxi.rɪs,2,1,LL-Q55633582 (ajp)-Khalil.rantissi-خَرَس.wav,https://upload.wikimedia.org/wikipedia/commons/1/1b/LL-Q55633582_%28ajp%29-Khalil.rantissi-%D8%AE%D9%8E%D8%B1%D9%8E%D8%B3.wav
801,زقف,ˈzaʔ.ʔaf,2,1,LL-Q55633582 (ajp)-Khalil.rantissi-زَقَّف.wav,https://upload.wikimedia.org/wikipedia/commons/2/20/LL-Q55633582_%28ajp%29-Khalil.rantissi-%D8%B2%D9%8E%D9%82%D9%8E%D9%91%D9%81.wav
274,مزبوط,mɑzˤˈbuːtˤ,2,2,LL-Q55633582 (ajp)-Muhammad (AdrianAbdulBaha)-مزبوط.wav,https://upload.wikimedia.org/wikipedia/commons/c/c0/LL-Q55633582_%28ajp%29-Muhammad_%28AdrianAbdulBaha%29-%D9%85%D8%B2%D8%A8%D9%88%D8%B7.wav
303,مهم,muˈhɪm,2,2,LL-Q55633582 (ajp)-Muhammad (AdrianAbdulBaha)-مهمّ.wav,https://upload.wikimedia.org/wikipedia/commons/e/e4/LL-Q55633582_%28ajp%29-Muhammad_%28AdrianAbdulBaha%29-%D9%85%D9%87%D9%85%D9%91.wav
925,صارع,ˈsˤɑː.rɑʕ,2,1,LL-Q55633582 (ajp)-AdrianAbdulBaha-صارَع.wav,https://upload.wikimedia.org/wikipedia/commons/c/cb/LL-Q55633582_%28ajp%29-AdrianAbdulBaha-%D8%B5%D8%A7%D8%B1%D9%8E%D8%B9.wav
301,منشان,mɪnˈʃæːn,2,2,LL-Q55633582 (ajp)-Khalil.rantissi-مِنشان.wav,https://upload.wikimedia.org/wikipedia/commons/4/4c/LL-Q55633582_%28ajp%29-Khalil.rantissi-%D9%85%D9%90%D9%86%D8%B4%D8%A7%D9%86.wav
588,جعلك,ˈʒaʕ.lak,2,1,LL-Q55633582 (ajp)-Mohammad-LPA-جعلك.wav,https://upload.wikimedia.org/wikipedia/commons/d/da/LL-Q55633582_%28ajp%29-Mohammad-LPA-%D8%AC%D8%B9%D9%84%D9%83.wav
222,فهمان,fahˈmæːn,2,2,LL-Q55633582 (ajp)-Khalil.rantissi-فَهمان.wav,https://upload.wikimedia.org/wikipedia/commons/2/2f/LL-Q55633582_%28ajp%29-Khalil.rantissi-%D9%81%D9%8E%D9%87%D9%85%D8%A7%D9%86.wav
881,شخر,ˈʃax.xɑrˤ,2,1,LL-Q55633582 (ajp)-AdrianAbdulBaha-شَخَّر.wav,https://upload.wikimedia.org/wikipedia/commons/a/a7/LL-Q55633582_%28ajp%29-AdrianAbdulBaha-%D8%B4%D9%8E%D8%AE%D9%8E%D9%91%D8%B1.wav
435,الله,ˈʔɑlˤ.lˤɑ,2,1,LL-Q55633582 (ajp)-AdrianAbdulBaha-الله.wav,https://upload.wikimedia.org/wikipedia/commons/6/6b/LL-Q55633582_%28ajp%29-AdrianAbdulBaha-%D8%A7%D9%84%D9%84%D9%87.wav
1213,كسل,ˈkas.sal,2,1,LL-Q55633582 (ajp)-Khalil.rantissi-كَسَّل.wav,https://upload.wikimedia.org/wikipedia/commons/d/d9/LL-Q55633582_%28ajp%29-Khalil.rantissi-%D9%83%D9%8E%D8%B3%D9%8E%D9%91%D9%84.wav
723,دعس,ˈda.ʕas,2,1,LL-Q55633582 (ajp)-AdrianAbdulBaha-دَعَس.wav,https://upload.wikimedia.org/wikipedia/commons/6/6d/LL-Q55633582_%28ajp%29-AdrianAbdulBaha-%D8%AF%D9%8E%D8%B9%D9%8E%D8%B3.wav
289,مفتوح,mafˈtuːħ,2,2,LL-Q55633582 (ajp)-Muhammad (AdrianAbdulBaha)-مفتوح.wav,https://upload.wikimedia.org/wikipedia/commons/7/7a/LL-Q55633582_%28ajp%29-Muhammad_%28AdrianAbdulBaha%29-%D9%85%D9%81%D8%AA%D9%88%D8%AD.wav
465,بدع,ˈbad.daʕ,2,1,LL-Q55633582 (ajp)-Khalil.rantissi-بَدَّع.wav,https://upload.wikimedia.org/wikipedia/commons/6/69/LL-Q55633582_%28ajp%29-Khalil.rantissi-%D8%A8%D9%8E%D8%AF%D9%8E%D9%91%D8%B9.wav
367,أسرع,ˈʔas.raʕ,2,1,LL-Q55633582 (ajp)-Khalil.rantissi-أسرَع.wav,https://upload.wikimedia.org/wikipedia/commons/4/43/LL-Q55633582_%28ajp%29-Khalil.rantissi-%D8%A3%D8%B3%D8%B1%D9%8E%D8%B9.wav
188,طريق,tˤɑˈriːʔ,2,2,LL-Q55633582 (ajp)-Muhammad (AdrianAbdulBaha)-طريق.wav,https://upload.wikimedia.org/wikipedia/commons/8/85/LL-Q55633582_%28ajp%29-Muhammad_%28AdrianAbdulBaha%29-%D8%B7%D8%B1%D9%8A%D9%82.wav
759,رايح,ˈrˤɑː.jɪħ,2,1,LL-Q55633582 (ajp)-Khalil.rantissi-رايح.wav,https://upload.wikimedia.org/wikipedia/commons/6/62/LL-Q55633582_%28ajp%29-Khalil.rantissi-%D8%B1%D8%A7%D9%8A%D8%AD.wav
617,حامي,ˈħæː.mi,2,1,LL-Q55633582 (ajp)-Muhammad (AdrianAbdulBaha)-حامي.wav,https://upload.wikimedia.org/wikipedia/commons/0/07/LL-Q55633582_%28ajp%29-Muhammad_%28AdrianAbdulBaha%29-%D8%AD%D8%A7%D9%85%D9%8A.wav
1342,منيك,ˈman.jak,2,1,LL-Q55633582 (ajp)-AdrianAbdulBaha-مَنيَك.wav,https://upload.wikimedia.org/wikipedia/commons/a/a8/LL-Q55633582_%28ajp%29-AdrianAbdulBaha-%D9%85%D9%8E%D9%86%D9%8A%D9%8E%D9%83.wav
882,شخور,ˈʃax.wɑrˤ,2,1,LL-Q55633582 (ajp)-AdrianAbdulBaha-شَخوَر.wav,https://upload.wikimedia.org/wikipedia/commons/3/35/LL-Q55633582_%28ajp%29-AdrianAbdulBaha-%D8%B4%D9%8E%D8%AE%D9%88%D9%8E%D8%B1.wav
462,بخزي,ˈbɪx.zi,2,1,LL-Q55633582 (ajp)-Mohammad-LPA-بخزي.wav,https://upload.wikimedia.org/wikipedia/commons/5/5e/LL-Q55633582_%28ajp%29-Mohammad-LPA-%D8%A8%D8%AE%D8%B2%D9%8A.wav
145,رمزور,ramˈzoːr,2,2,LL-Q55633582 (ajp)-Muhammad (AdrianAbdulBaha)-رمزور.wav,https://upload.wikimedia.org/wikipedia/commons/1/1c/LL-Q55633582_%28ajp%29-Muhammad_%28AdrianAbdulBaha%29-%D8%B1%D9%85%D8%B2%D9%88%D8%B1.wav
1078,غفي,ˈɣi.fi,2,1,LL-Q55633582 (ajp)-Khalil.rantissi-غِفي.wav,https://upload.wikimedia.org/wikipedia/commons/0/08/LL-Q55633582_%28ajp%29-Khalil.rantissi-%D8%BA%D9%90%D9%81%D9%8A.wav
1055,عوض,ˈʕaw.wɑdˤ,2,1,LL-Q55633582 (ajp)-Khalil.rantissi-عَوَّض.wav,https://upload.wikimedia.org/wikipedia/commons/0/0c/LL-Q55633582_%28ajp%29-Khalil.rantissi-%D8%B9%D9%8E%D9%88%D9%8E%D9%91%D8%B6.wav
511,بقرب,ˈbɪʔ.rab,2,1,LL-Q55633582 (ajp)-AdrianAbdulBaha-قِرِب.wav,https://upload.wikimedia.org/wikipedia/commons/1/1b/LL-Q55633582_%28ajp%29-AdrianAbdulBaha-%D9%82%D9%90%D8%B1%D9%90%D8%A8.wav
553,ترك,ˈta.rak,2,1,LL-Q55633582 (ajp)-Khalil.rantissi-تَرَك.wav,https://upload.wikimedia.org/wikipedia/commons/2/24/LL-Q55633582_%28ajp%29-Khalil.rantissi-%D8%AA%D9%8E%D8%B1%D9%8E%D9%83.wav
1102,فحص,ˈfɑ.ħɑsˤ,2,1,LL-Q55633582 (ajp)-Khalil.rantissi-فَحَص.wav,https://upload.wikimedia.org/wikipedia/commons/1/1f/LL-Q55633582_%28ajp%29-Khalil.rantissi-%D9%81%D9%8E%D8%AD%D9%8E%D8%B5.wav
471,برتكب,ˈbɪrt.kɪb,2,1,LL-Q55633582 (ajp)-Muhammad (AdrianAbdulBaha)-birtkeb.wav,https://upload.wikimedia.org/wikipedia/commons/a/a4/LL-Q55633582_%28ajp%29-Muhammad_%28AdrianAbdulBaha%29-birtkeb.wav
1377,نضف,ˈnɑdˤ.dˤɑf,2,1,LL-Q55633582 (ajp)-Khalil.rantissi-نَضَّف.wav,https://upload.wikimedia.org/wikipedia/commons/7/73/LL-Q55633582_%28ajp%29-Khalil.rantissi-%D9%86%D9%8E%D8%B6%D9%8E%D9%91%D9%81.wav
624,حدث,ˈħad.das,2,1,LL-Q55633582 (ajp)-Khalil.rantissi-حَدَّث.wav,https://upload.wikimedia.org/wikipedia/commons/6/62/LL-Q55633582_%28ajp%29-Khalil.rantissi-%D8%AD%D9%8E%D8%AF%D9%8E%D9%91%D8%AB.wav
245,كفكير,kafˈkiːr,2,2,LL-Q55633582 (ajp)-Muhammad (AdrianAbdulBaha)-كفكير.wav,https://upload.wikimedia.org/wikipedia/commons/4/4e/LL-Q55633582_%28ajp%29-Muhammad_%28AdrianAbdulBaha%29-%D9%83%D9%81%D9%83%D9%8A%D8%B1.wav
1222,كلمة,ˈkɪl.me,2,1,LL-Q55633582 (ajp)-Muhammad (AdrianAbdulBaha)-كلمة.wav,https://upload.wikimedia.org/wikipedia/commons/7/76/LL-Q55633582_%28ajp%29-Muhammad_%28AdrianAbdulBaha%29-%D9%83%D9%84%D9%85%D8%A9.wav
1139,فكك,ˈfak.kak,2,1,LL-Q55633582 (ajp)-Khalil.rantissi-فَكَّك.wav,https://upload.wikimedia.org/wikipedia/commons/4/41/LL-Q55633582_%28ajp%29-Khalil.rantissi-%D9%81%D9%8E%D9%83%D9%8E%D9%91%D9%83.wav
126,خروف,xaˈruːf,2,2,LL-Q55633582 (ajp)-Muhammad (AdrianAbdulBaha)-خروف.wav,https://upload.wikimedia.org/wikipedia/commons/a/ad/LL-Q55633582_%28ajp%29-Muhammad_%28AdrianAbdulBaha%29-%D8%AE%D8%B1%D9%88%D9%81.wav
660,حية,ˈħaj.je,2,1,LL-Q55633582 (ajp)-Muhammad (AdrianAbdulBaha)-حيّة.wav,https://upload.wikimedia.org/wikipedia/commons/8/86/LL-Q55633582_%28ajp%29-Muhammad_%28AdrianAbdulBaha%29-%D8%AD%D9%8A%D9%91%D8%A9.wav
731,دفى,ˈdaf.fa,2,1,LL-Q55633582 (ajp)-Khalil.rantissi-دَفّى.wav,https://upload.wikimedia.org/wikipedia/commons/7/79/LL-Q55633582_%28ajp%29-Khalil.rantissi-%D8%AF%D9%8E%D9%81%D9%91%D9%89.wav
734,دقن,ˈda.ʔ(ɪ)n,2,1,LL-Q55633582 (ajp)-Muhammad (AdrianAbdulBaha)-دقن.wav,https://upload.wikimedia.org/wikipedia/commons/b/bb/LL-Q55633582_%28ajp%29-Muhammad_%28AdrianAbdulBaha%29-%D8%AF%D9%82%D9%86.wav
545,بيضة,ˈbeː.dˤɑ,2,1,LL-Q55633582 (ajp)-Muhammad (AdrianAbdulBaha)-بيضة.wav,https://upload.wikimedia.org/wikipedia/commons/e/e2/LL-Q55633582_%28ajp%29-Muhammad_%28AdrianAbdulBaha%29-%D8%A8%D9%8A%D8%B6%D8%A9.wav
29,احتل,ɪħˈtall,2,2,LL-Q55633582 (ajp)-Khalil.rantissi-احتَلّ.wav,https://upload.wikimedia.org/wikipedia/commons/4/4a/LL-Q55633582_%28ajp%29-Khalil.rantissi-%D8%A7%D8%AD%D8%AA%D9%8E%D9%84%D9%91.wav
1056,عوق,ˈʕaw.waʔ,2,1,LL-Q55633582 (ajp)-Khalil.rantissi-عَوَّق.wav,https://upload.wikimedia.org/wikipedia/commons/c/c0/LL-Q55633582_%28ajp%29-Khalil.rantissi-%D8%B9%D9%8E%D9%88%D9%8E%D9%91%D9%82.wav
317,هلال,hiˈlæːl,2,2,LL-Q55633582 (ajp)-Khalil.rantissi-هلال.wav,https://upload.wikimedia.org/wikipedia/commons/9/9c/LL-Q55633582_%28ajp%29-Khalil.rantissi-%D9%87%D9%84%D8%A7%D9%84.wav
1076,غطس,ˈɣɑ.tˤɑsˤ,2,1,LL-Q55633582 (ajp)-Khalil.rantissi-غَطَس.wav,https://upload.wikimedia.org/wikipedia/commons/3/3d/LL-Q55633582_%28ajp%29-Khalil.rantissi-%D8%BA%D9%8E%D8%B7%D9%8E%D8%B3.wav
1390,نكت,ˈnak.kat,2,1,LL-Q55633582 (ajp)-Khalil.rantissi-نَكَّت.wav,https://upload.wikimedia.org/wikipedia/commons/1/10/LL-Q55633582_%28ajp%29-Khalil.rantissi-%D9%86%D9%8E%D9%83%D9%8E%D9%91%D8%AA.wav
236,قناة,qɑˈnæː,2,2,LL-Q55633582 (ajp)-Muhammad (AdrianAbdulBaha)-قناة.wav,https://upload.wikimedia.org/wikipedia/commons/b/b8/LL-Q55633582_%28ajp%29-Muhammad_%28AdrianAbdulBaha%29-%D9%82%D9%86%D8%A7%D8%A9.wav
28,احتج,ɪħˈtaʒ,2,2,LL-Q55633582 (ajp)-Khalil.rantissi-احتَجّ.wav,https://upload.wikimedia.org/wikipedia/commons/3/3c/LL-Q55633582_%28ajp%29-Khalil.rantissi-%D8%A7%D8%AD%D8%AA%D9%8E%D8%AC%D9%91.wav
201,عصفور,ʕɑsˤˈfuːr,2,2,LL-Q55633582 (ajp)-Muhammad (AdrianAbdulBaha)-عصفور.wav,https://upload.wikimedia.org/wikipedia/commons/1/1f/LL-Q55633582_%28ajp%29-Muhammad_%28AdrianAbdulBaha%29-%D8%B9%D8%B5%D9%81%D9%88%D8%B1.wav
748,ذهب,ˈda.hab,2,1,LL-Q55633582 (ajp)-Muhammad (AdrianAbdulBaha)-دهب.wav,https://upload.wikimedia.org/wikipedia/commons/c/c2/LL-Q55633582_%28ajp%29-Muhammad_%28AdrianAbdulBaha%29-%D8%AF%D9%87%D8%A8.wav
869,شاطر,ˈʃɑː.tˤɪr,2,1,LL-Q55633582 (ajp)-MahmoudM (AdrianAbdulBaha)-شاطر.wav,https://upload.wikimedia.org/wikipedia/commons/4/4a/LL-Q55633582_%28ajp%29-MahmoudM_%28AdrianAbdulBaha%29-%D8%B4%D8%A7%D8%B7%D8%B1.wav
908,شلح,ˈʃa.laħ,2,1,LL-Q55633582 (ajp)-Khalil.rantissi-شَلَح.wav,https://upload.wikimedia.org/wikipedia/commons/9/90/LL-Q55633582_%28ajp%29-Khalil.rantissi-%D8%B4%D9%8E%D9%84%D9%8E%D8%AD.wav
639,حفظ,ˈħɪ.fɪzˤ,2,1,LL-Q55633582 (ajp)-Khalil.rantissi-حِفِظ.wav,https://upload.wikimedia.org/wikipedia/commons/9/91/LL-Q55633582_%28ajp%29-Khalil.rantissi-%D8%AD%D9%90%D9%81%D9%90%D8%B8.wav
1364,نبتة,ˈnab.te,2,1,LL-Q55633582 (ajp)-Muhammad (AdrianAbdulBaha)-نبتة.wav,https://upload.wikimedia.org/wikipedia/commons/d/d6/LL-Q55633582_%28ajp%29-Muhammad_%28AdrianAbdulBaha%29-%D9%86%D8%A8%D8%AA%D8%A9.wav
1021,عصب,ˈʕɑsˤ.sˤɑb,2,1,LL-Q55633582 (ajp)-Muhammad (AdrianAbdulBaha)-عصب.wav,https://upload.wikimedia.org/wikipedia/commons/1/19/LL-Q55633582_%28ajp%29-Muhammad_%28AdrianAbdulBaha%29-%D8%B9%D8%B5%D8%A8.wav
84,تاريخ,tæːˈriːx,2,2,LL-Q55633582 (ajp)-Khalil.rantissi-تاريخ.wav,https://upload.wikimedia.org/wikipedia/commons/5/51/LL-Q55633582_%28ajp%29-Khalil.rantissi-%D8%AA%D8%A7%D8%B1%D9%8A%D8%AE.wav
650,حليوة,ˈħleː.wa,2,1,LL-Q55633582 (ajp)-Muhammad (AdrianAbdulBaha)-حليوة.wav,https://upload.wikimedia.org/wikipedia/commons/2/2b/LL-Q55633582_%28ajp%29-Muhammad_%28AdrianAbdulBaha%29-%D8%AD%D9%84%D9%8A%D9%88%D8%A9.wav
1343,موجة,ˈmoː.ʒe,2,1,LL-Q55633582 (ajp)-Muhammad (AdrianAbdulBaha)-موجة.wav,https://upload.wikimedia.org/wikipedia/commons/e/e7/LL-Q55633582_%28ajp%29-Muhammad_%28AdrianAbdulBaha%29-%D9%85%D9%88%D8%AC%D8%A9.wav
644,حكي,ˈħa.ki,2,1,LL-Q55633582 (ajp)-Muhammad (AdrianAbdulBaha)-حكي.wav,https://upload.wikimedia.org/wikipedia/commons/2/2c/LL-Q55633582_%28ajp%29-Muhammad_%28AdrianAbdulBaha%29-%D8%AD%D9%83%D9%8A.wav
841,سعر,ˈsɪ.ʕ(ɪ)r,2,1,LL-Q55633582 (ajp)-Muhammad (AdrianAbdulBaha)-سعر.wav,https://upload.wikimedia.org/wikipedia/commons/5/55/LL-Q55633582_%28ajp%29-Muhammad_%28AdrianAbdulBaha%29-%D8%B3%D8%B9%D8%B1.wav
885,شرح,ˈʃʌ.rˤʌħ,2,1,LL-Q55633582 (ajp)-Khalil.rantissi-شَرَح.wav,https://upload.wikimedia.org/wikipedia/commons/9/9e/LL-Q55633582_%28ajp%29-Khalil.rantissi-%D8%B4%D9%8E%D8%B1%D9%8E%D8%AD.wav
1370,ندم,ˈni.dɪm,2,1,LL-Q55633582 (ajp)-Khalil.rantissi-نِدِم.wav,https://upload.wikimedia.org/wikipedia/commons/5/51/LL-Q55633582_%28ajp%29-Khalil.rantissi-%D9%86%D9%90%D8%AF%D9%90%D9%85.wav
110,حشيش,ħaˈʃiːʃ,2,2,LL-Q55633582 (ajp)-Muhammad (AdrianAbdulBaha)-حشيش.wav,https://upload.wikimedia.org/wikipedia/commons/5/5f/LL-Q55633582_%28ajp%29-Muhammad_%28AdrianAbdulBaha%29-%D8%AD%D8%B4%D9%8A%D8%B4.wav
666,خالتو,ˈxæːl.to,2,1,LL-Q55633582 (ajp)-Muhammad (AdrianAbdulBaha)-خالتو.wav,https://upload.wikimedia.org/wikipedia/commons/8/88/LL-Q55633582_%28ajp%29-Muhammad_%28AdrianAbdulBaha%29-%D8%AE%D8%A7%D9%84%D8%AA%D9%88.wav
196,عريض,ʕɑˈriːdˤ,2,2,LL-Q55633582 (ajp)-Muhammad (AdrianAbdulBaha)-عريض.wav,https://upload.wikimedia.org/wikipedia/commons/4/4d/LL-Q55633582_%28ajp%29-Muhammad_%28AdrianAbdulBaha%29-%D8%B9%D8%B1%D9%8A%D8%B6.wav
127,خريف,xaˈriːf,2,2,LL-Q55633582 (ajp)-Muhammad (AdrianAbdulBaha)-خريف.wav,https://upload.wikimedia.org/wikipedia/commons/a/a9/LL-Q55633582_%28ajp%29-Muhammad_%28AdrianAbdulBaha%29-%D8%AE%D8%B1%D9%8A%D9%81.wav
295,ملفوف,malˈfuːf,2,2,LL-Q55633582 (ajp)-IbrahimZ (AdrianAbdulBaha)-ملفوف.wav,https://upload.wikimedia.org/wikipedia/commons/b/be/LL-Q55633582_%28ajp%29-IbrahimZ_%28AdrianAbdulBaha%29-%D9%85%D9%84%D9%81%D9%88%D9%81.wav
904,شكل,ˈʃɪ.k(ɪ)l,2,1,LL-Q55633582 (ajp)-Muhammad (AdrianAbdulBaha)-شكل.wav,https://upload.wikimedia.org/wikipedia/commons/c/c6/LL-Q55633582_%28ajp%29-Muhammad_%28AdrianAbdulBaha%29-%D8%B4%D9%83%D9%84.wav
74,بلاش,baˈlæːʃ,2,2,LL-Q55633582 (ajp)-MahmoudM (AdrianAbdulBaha)-بلاش.wav,https://upload.wikimedia.org/wikipedia/commons/0/03/LL-Q55633582_%28ajp%29-MahmoudM_%28AdrianAbdulBaha%29-%D8%A8%D9%84%D8%A7%D8%B4.wav
1297,مسجل,ˈmsaʒ.ʒɪl,2,1,LL-Q55633582 (ajp)-Muhammad (AdrianAbdulBaha)-مسجّل.wav,https://upload.wikimedia.org/wikipedia/commons/4/43/LL-Q55633582_%28ajp%29-Muhammad_%28AdrianAbdulBaha%29-%D9%85%D8%B3%D8%AC%D9%91%D9%84.wav
1236,لاكن,ˈlæː.kɪn,2,1,LL-Q55633582 (ajp)-AdrianAbdulBaha-لاكن.wav,https://upload.wikimedia.org/wikipedia/commons/3/3b/LL-Q55633582_%28ajp%29-AdrianAbdulBaha-%D9%84%D8%A7%D9%83%D9%86.wav
549,تامن,ˈtæː.mɪn,2,1,LL-Q55633582 (ajp)-Muhammad (AdrianAbdulBaha)-تامن.wav,https://upload.wikimedia.org/wikipedia/commons/f/f9/LL-Q55633582_%28ajp%29-Muhammad_%28AdrianAbdulBaha%29-%D8%AA%D8%A7%D9%85%D9%86.wav
1088,غيرة,ˈɣiː.re,2,1,LL-Q55633582 (ajp)-Muhammad (AdrianAbdulBaha)-غيرة.wav,https://upload.wikimedia.org/wikipedia/commons/7/7a/LL-Q55633582_%28ajp%29-Muhammad_%28AdrianAbdulBaha%29-%D8%BA%D9%8A%D8%B1%D8%A9.wav
464,بدري,ˈbad.ri,2,1,LL-Q55633582 (ajp)-AseelF (AdrianAbdulBaha)-بدري.wav,https://upload.wikimedia.org/wikipedia/commons/9/96/LL-Q55633582_%28ajp%29-AseelF_%28AdrianAbdulBaha%29-%D8%A8%D8%AF%D8%B1%D9%8A.wav
521,بلتقي,ˈbɪlt.ʔi,2,1,LL-Q55633582 (ajp)-Muhammad (AdrianAbdulBaha)-بلتقي.wav,https://upload.wikimedia.org/wikipedia/commons/d/dc/LL-Q55633582_%28ajp%29-Muhammad_%28AdrianAbdulBaha%29-%D8%A8%D9%84%D8%AA%D9%82%D9%8A.wav
668,خالف,ˈxæː.laf,2,1,LL-Q55633582 (ajp)-Khalil.rantissi-خالَف.wav,https://upload.wikimedia.org/wikipedia/commons/b/be/LL-Q55633582_%28ajp%29-Khalil.rantissi-%D8%AE%D8%A7%D9%84%D9%8E%D9%81.wav
356,أذى,ˈʔa.za,2,1,LL-Q55633582 (ajp)-Khalil.rantissi-أذى.wav,https://upload.wikimedia.org/wikipedia/commons/0/04/LL-Q55633582_%28ajp%29-Khalil.rantissi-%D8%A3%D8%B0%D9%89.wav
472,برر,ˈbar.rar,2,1,LL-Q55633582 (ajp)-Khalil.rantissi-بَرَّر.wav,https://upload.wikimedia.org/wikipedia/commons/4/4c/LL-Q55633582_%28ajp%29-Khalil.rantissi-%D8%A8%D9%8E%D8%B1%D9%8E%D9%91%D8%B1.wav
1012,عرس,ˈʕo.r(o)s,2,1,LL-Q55633582 (ajp)-MahmoudM (AdrianAbdulBaha)-عُرس.wav,https://upload.wikimedia.org/wikipedia/commons/4/4f/LL-Q55633582_%28ajp%29-MahmoudM_%28AdrianAbdulBaha%29-%D8%B9%D9%8F%D8%B1%D8%B3.wav
326,آسيا,ˈʔæːs.ja,2,1,LL-Q55633582 (ajp)-AdrianAbdulBaha-آسيا.wav,https://upload.wikimedia.org/wikipedia/commons/e/e3/LL-Q55633582_%28ajp%29-AdrianAbdulBaha-%D8%A2%D8%B3%D9%8A%D8%A7.wav
252,لبنان,lʊbˈnæːn,2,2,LL-Q55633582 (ajp)-AdrianAbdulBaha-لبنان.wav,https://upload.wikimedia.org/wikipedia/commons/2/2e/LL-Q55633582_%28ajp%29-AdrianAbdulBaha-%D9%84%D8%A8%D9%86%D8%A7%D9%86.wav
974,طعن,ˈtˤɑ.ʕɑn,2,1,LL-Q55633582 (ajp)-AdrianAbdulBaha-طَعَن.wav,https://upload.wikimedia.org/wikipedia/commons/c/cd/LL-Q55633582_%28ajp%29-AdrianAbdulBaha-%D8%B7%D9%8E%D8%B9%D9%8E%D9%86.wav
1174,قصد,ˈʔɑ.sˤɑd,2,1,LL-Q55633582 (ajp)-Muhammad (AdrianAbdulBaha)-قصد.wav,https://upload.wikimedia.org/wikipedia/commons/8/8a/LL-Q55633582_%28ajp%29-Muhammad_%28AdrianAbdulBaha%29-%D9%82%D8%B5%D8%AF.wav
215,غيتار,ɡiˈtɑːrˤ,2,2,LL-Q55633582 (ajp)-Muhammad (AdrianAbdulBaha)-غيتار.wav,https://upload.wikimedia.org/wikipedia/commons/5/56/LL-Q55633582_%28ajp%29-Muhammad_%28AdrianAbdulBaha%29-%D8%BA%D9%8A%D8%AA%D8%A7%D8%B1.wav
742,دور,ˈdaw.war,2,1,LL-Q55633582 (ajp)-Muhammad (AdrianAbdulBaha)-دور.wav,https://upload.wikimedia.org/wikipedia/commons/b/b2/LL-Q55633582_%28ajp%29-Muhammad_%28AdrianAbdulBaha%29-%D8%AF%D9%88%D8%B1.wav
1079,غلطة,ˈɣɑl.tˤɑ,2,1,LL-Q55633582 (ajp)-Muhammad (AdrianAbdulBaha)-غَلطة.wav,https://upload.wikimedia.org/wikipedia/commons/a/a4/LL-Q55633582_%28ajp%29-Muhammad_%28AdrianAbdulBaha%29-%D8%BA%D9%8E%D9%84%D8%B7%D8%A9.wav
967,طبخ,ˈtˤʌ.bʌx,2,1,LL-Q55633582 (ajp)-Khalil.rantissi-طَبَخ.wav,https://upload.wikimedia.org/wikipedia/commons/c/c1/LL-Q55633582_%28ajp%29-Khalil.rantissi-%D8%B7%D9%8E%D8%A8%D9%8E%D8%AE.wav
103,جهاز,ʒɪˈhæːz,2,2,LL-Q55633582 (ajp)-Muhammad (AdrianAbdulBaha)-جهاز.wav,https://upload.wikimedia.org/wikipedia/commons/0/0f/LL-Q55633582_%28ajp%29-Muhammad_%28AdrianAbdulBaha%29-%D8%AC%D9%87%D8%A7%D8%B2.wav
633,حزنان,ˈħaz.næːn,2,1,LL-Q55633582 (ajp)-Khalil.rantissi-حزنان.wav,https://upload.wikimedia.org/wikipedia/commons/e/e9/LL-Q55633582_%28ajp%29-Khalil.rantissi-%D8%AD%D8%B2%D9%86%D8%A7%D9%86.wav
1381,نغش,ˈnɪ.ɣ(ɪ)ʃ,2,1,LL-Q55633582 (ajp)-Muhammad (AdrianAbdulBaha)-نغش.wav,https://upload.wikimedia.org/wikipedia/commons/4/41/LL-Q55633582_%28ajp%29-Muhammad_%28AdrianAbdulBaha%29-%D9%86%D8%BA%D8%B4.wav
987,عاشر,ˈʕæː.ʃɪr,2,1,LL-Q55633582 (ajp)-Muhammad (AdrianAbdulBaha)-عاشر.wav,https://upload.wikimedia.org/wikipedia/commons/2/2f/LL-Q55633582_%28ajp%29-Muhammad_%28AdrianAbdulBaha%29-%D8%B9%D8%A7%D8%B4%D8%B1.wav
783,رمش,ˈra.maʃ,2,1,LL-Q55633582 (ajp)-Muhammad (AdrianAbdulBaha)-رمش.wav,https://upload.wikimedia.org/wikipedia/commons/a/a9/LL-Q55633582_%28ajp%29-Muhammad_%28AdrianAbdulBaha%29-%D8%B1%D9%85%D8%B4.wav
1112,فرشة,ˈfar.ʃe,2,1,LL-Q55633582 (ajp)-Muhammad (AdrianAbdulBaha)-فرشة.wav,https://upload.wikimedia.org/wikipedia/commons/5/5c/LL-Q55633582_%28ajp%29-Muhammad_%28AdrianAbdulBaha%29-%D9%81%D8%B1%D8%B4%D8%A9.wav
32,ارتاح,ɪrˈtæːħ,2,2,LL-Q55633582 (ajp)-Khalil.rantissi-ارتاح.wav,https://upload.wikimedia.org/wikipedia/commons/3/34/LL-Q55633582_%28ajp%29-Khalil.rantissi-%D8%A7%D8%B1%D8%AA%D8%A7%D8%AD.wav
1228,كوع,ˈkaw.waʕ,2,1,LL-Q55633582 (ajp)-Muhammad (AdrianAbdulBaha)-كوع.wav,https://upload.wikimedia.org/wikipedia/commons/e/ed/LL-Q55633582_%28ajp%29-Muhammad_%28AdrianAbdulBaha%29-%D9%83%D9%88%D8%B9.wav
1,أجار,ʔɑˈʒɑːrˤ,2,2,LL-Q55633582 (ajp)-Muhammad (AdrianAbdulBaha)-أجار.wav,https://upload.wikimedia.org/wikipedia/commons/4/49/LL-Q55633582_%28ajp%29-Muhammad_%28AdrianAbdulBaha%29-%D8%A3%D8%AC%D8%A7%D8%B1.wav
1007,عذب,ˈʕaz.zab,2,1,LL-Q55633582 (ajp)-Khalil.rantissi-عَذَّب.wav,https://upload.wikimedia.org/wikipedia/commons/9/99/LL-Q55633582_%28ajp%29-Khalil.rantissi-%D8%B9%D9%8E%D8%B0%D9%8E%D9%91%D8%A8.wav
187,طبيب,tˤɑˈbiːb,2,2,LL-Q55633582 (ajp)-Muhammad (AdrianAbdulBaha)-طبيب.wav,https://upload.wikimedia.org/wikipedia/commons/e/e8/LL-Q55633582_%28ajp%29-Muhammad_%28AdrianAbdulBaha%29-%D8%B7%D8%A8%D9%8A%D8%A8.wav
417,أول,ˈʔaw.wal,2,1,LL-Q55633582 (ajp)-Muhammad (AdrianAbdulBaha)-أول.wav,https://upload.wikimedia.org/wikipedia/commons/1/1c/LL-Q55633582_%28ajp%29-Muhammad_%28AdrianAbdulBaha%29-%D8%A3%D9%88%D9%84.wav
1184,قلق,ˈʔi.lɪʔ,2,1,LL-Q55633582 (ajp)-Khalil.rantissi-قِلِق.wav,https://upload.wikimedia.org/wikipedia/commons/4/44/LL-Q55633582_%28ajp%29-Khalil.rantissi-%D9%82%D9%90%D9%84%D9%90%D9%82.wav
113,حلال,ħaˈlæːl,2,2,LL-Q55633582 (ajp)-Muhammad (AdrianAbdulBaha)-حلال.wav,https://upload.wikimedia.org/wikipedia/commons/1/11/LL-Q55633582_%28ajp%29-Muhammad_%28AdrianAbdulBaha%29-%D8%AD%D9%84%D8%A7%D9%84.wav
292,مكواي,mɪkˈwæːj,2,2,LL-Q55633582 (ajp)-Muhammad (AdrianAbdulBaha)-مكواي.wav,https://upload.wikimedia.org/wikipedia/commons/c/ce/LL-Q55633582_%28ajp%29-Muhammad_%28AdrianAbdulBaha%29-%D9%85%D9%83%D9%88%D8%A7%D9%8A.wav
1173,قصة,ˈʔʊsˤ.sˤɑ,2,1,LL-Q55633582 (ajp)-Muhammad (AdrianAbdulBaha)-قصّة.wav,https://upload.wikimedia.org/wikipedia/commons/3/3a/LL-Q55633582_%28ajp%29-Muhammad_%28AdrianAbdulBaha%29-%D9%82%D8%B5%D9%91%D8%A9.wav
336,أبو,ˈʔa.bu,2,1,LL-Q55633582 (ajp)-Khalil.rantissi-أبو.wav,https://upload.wikimedia.org/wikipedia/commons/f/f8/LL-Q55633582_%28ajp%29-Khalil.rantissi-%D8%A3%D8%A8%D9%88.wav
658,حوش,ˈħaw.waʃ,2,1,LL-Q55633582 (ajp)-AdrianAbdulBaha-حَوَّش.wav,https://upload.wikimedia.org/wikipedia/commons/a/ae/LL-Q55633582_%28ajp%29-AdrianAbdulBaha-%D8%AD%D9%8E%D9%88%D9%8E%D9%91%D8%B4.wav
386,أعلى,ˈʔaʕ.la,2,1,LL-Q55633582 (ajp)-Muhammad (AdrianAbdulBaha)-أعلى.wav,https://upload.wikimedia.org/wikipedia/commons/f/f4/LL-Q55633582_%28ajp%29-Muhammad_%28AdrianAbdulBaha%29-%D8%A3%D8%B9%D9%84%D9%89.wav
194,عروس,ʕaˈruːs,2,2,LL-Q55633582 (ajp)-MahmoudM (AdrianAbdulBaha)-عَروس.wav,https://upload.wikimedia.org/wikipedia/commons/8/81/LL-Q55633582_%28ajp%29-MahmoudM_%28AdrianAbdulBaha%29-%D8%B9%D9%8E%D8%B1%D9%88%D8%B3.wav
681,خدمة,ˈxɪd.me,2,1,LL-Q55633582 (ajp)-Muhammad (AdrianAbdulBaha)-خدمة.wav,https://upload.wikimedia.org/wikipedia/commons/c/ca/LL-Q55633582_%28ajp%29-Muhammad_%28AdrianAbdulBaha%29-%D8%AE%D8%AF%D9%85%D8%A9.wav
337,أبيض,ˈʔɑb.jɑdˤ,2,1,LL-Q55633582 (ajp)-Muhammad (AdrianAbdulBaha)-أبيض.wav,https://upload.wikimedia.org/wikipedia/commons/9/97/LL-Q55633582_%28ajp%29-Muhammad_%28AdrianAbdulBaha%29-%D8%A3%D8%A8%D9%8A%D8%B6.wav
600,جهز,ˈʒah.haz,2,1,LL-Q55633582 (ajp)-Khalil.rantissi-جَهَّز.wav,https://upload.wikimedia.org/wikipedia/commons/b/bc/LL-Q55633582_%28ajp%29-Khalil.rantissi-%D8%AC%D9%8E%D9%87%D9%8E%D9%91%D8%B2.wav
14,أكيل,ʔakˈkiːl,2,2,LL-Q55633582 (ajp)-Khalil.rantissi-أكّيل.wav,https://upload.wikimedia.org/wikipedia/commons/2/21/LL-Q55633582_%28ajp%29-Khalil.rantissi-%D8%A3%D9%83%D9%91%D9%8A%D9%84.wav
158,سشوار,sɪʃˈwɑːrˤ,2,2,LL-Q55633582 (ajp)-Muhammad (AdrianAbdulBaha)-سشوار.wav,https://upload.wikimedia.org/wikipedia/commons/b/b8/LL-Q55633582_%28ajp%29-Muhammad_%28AdrianAbdulBaha%29-%D8%B3%D8%B4%D9%88%D8%A7%D8%B1.wav
1182,قلد,ˈʔal.lad,2,1,LL-Q55633582 (ajp)-Khalil.rantissi-قَلَّد.wav,https://upload.wikimedia.org/wikipedia/commons/b/b5/LL-Q55633582_%28ajp%29-Khalil.rantissi-%D9%82%D9%8E%D9%84%D9%8E%D9%91%D8%AF.wav
1074,غصب,ˈɣɑ.sˤɑb,2,1,LL-Q55633582 (ajp)-Khalil.rantissi-غَصَب.wav,https://upload.wikimedia.org/wikipedia/commons/4/46/LL-Q55633582_%28ajp%29-Khalil.rantissi-%D8%BA%D9%8E%D8%B5%D9%8E%D8%A8.wav
422,إجا,ˈʔi.ʒa,2,1,LL-Q55633582 (ajp)-Khalil.rantissi-إجا.wav,https://upload.wikimedia.org/wikipedia/commons/2/29/LL-Q55633582_%28ajp%29-Khalil.rantissi-%D8%A5%D8%AC%D8%A7.wav
318,هناك,hʊˈnæːk,2,2,LL-Q55633582 (ajp)-MahmoudM (AdrianAbdulBaha)-هناك.wav,https://upload.wikimedia.org/wikipedia/commons/8/83/LL-Q55633582_%28ajp%29-MahmoudM_%28AdrianAbdulBaha%29-%D9%87%D9%86%D8%A7%D9%83.wav
1393,نكهة,ˈnak.ha,2,1,LL-Q55633582 (ajp)-Muhammad (AdrianAbdulBaha)-نكهة.wav,https://upload.wikimedia.org/wikipedia/commons/d/dd/LL-Q55633582_%28ajp%29-Muhammad_%28AdrianAbdulBaha%29-%D9%86%D9%83%D9%87%D8%A9.wav
287,مغروم,maɣˈruːm,2,2,LL-Q55633582 (ajp)-Muhammad (AdrianAbdulBaha)-مغروم.wav,https://upload.wikimedia.org/wikipedia/commons/4/44/LL-Q55633582_%28ajp%29-Muhammad_%28AdrianAbdulBaha%29-%D9%85%D8%BA%D8%B1%D9%88%D9%85.wav
616,حامض,ˈħɑː.mɪdˤ,2,1,LL-Q55633582 (ajp)-Muhammad (AdrianAbdulBaha)-حامض.wav,https://upload.wikimedia.org/wikipedia/commons/4/43/LL-Q55633582_%28ajp%29-Muhammad_%28AdrianAbdulBaha%29-%D8%AD%D8%A7%D9%85%D8%B6.wav
1351,ميز,ˈmaj.jaz,2,1,LL-Q55633582 (ajp)-Khalil.rantissi-مَيَّز.wav,https://upload.wikimedia.org/wikipedia/commons/c/ce/LL-Q55633582_%28ajp%29-Khalil.rantissi-%D9%85%D9%8E%D9%8A%D9%8E%D9%91%D8%B2.wav
1137,فكر,ˈfɪ.k(ɪ)r,2,1,LL-Q55633582 (ajp)-Muhammad (AdrianAbdulBaha)-فكر.wav,https://upload.wikimedia.org/wikipedia/commons/b/bd/LL-Q55633582_%28ajp%29-Muhammad_%28AdrianAbdulBaha%29-%D9%81%D9%83%D8%B1.wav
461,بختلف,ˈbɪxt.lɪf,2,1,LL-Q55633582 (ajp)-Muhammad (AdrianAbdulBaha)-بختلف.wav,https://upload.wikimedia.org/wikipedia/commons/f/f7/LL-Q55633582_%28ajp%29-Muhammad_%28AdrianAbdulBaha%29-%D8%A8%D8%AE%D8%AA%D9%84%D9%81.wav
1285,مراية,ˈmræː.je,2,1,LL-Q55633582 (ajp)-Muhammad (AdrianAbdulBaha)-مراية.wav,https://upload.wikimedia.org/wikipedia/commons/3/39/LL-Q55633582_%28ajp%29-Muhammad_%28AdrianAbdulBaha%29-%D9%85%D8%B1%D8%A7%D9%8A%D8%A9.wav
562,تمن,ˈta.man,2,1,LL-Q55633582 (ajp)-Muhammad (AdrianAbdulBaha)-تُمن.wav,https://upload.wikimedia.org/wikipedia/commons/9/9c/LL-Q55633582_%28ajp%29-Muhammad_%28AdrianAbdulBaha%29-%D8%AA%D9%8F%D9%85%D9%86.wav
868,شارك,ˈʃæː.rak,2,1,LL-Q55633582 (ajp)-Khalil.rantissi-شارَك.wav,https://upload.wikimedia.org/wikipedia/commons/6/68/LL-Q55633582_%28ajp%29-Khalil.rantissi-%D8%B4%D8%A7%D8%B1%D9%8E%D9%83.wav
517,بلا,ˈba.la,2,1,LL-Q55633582 (ajp)-MahmoudM (AdrianAbdulBaha)-بلا.wav,https://upload.wikimedia.org/wikipedia/commons/3/35/LL-Q55633582_%28ajp%29-MahmoudM_%28AdrianAbdulBaha%29-%D8%A8%D9%84%D8%A7.wav
46,انجن,(ɪ)nˈʒann,2,2,LL-Q55633582 (ajp)-AdrianAbdulBaha-انجَنّ.wav,https://upload.wikimedia.org/wikipedia/commons/0/0f/LL-Q55633582_%28ajp%29-AdrianAbdulBaha-%D8%A7%D9%86%D8%AC%D9%8E%D9%86%D9%91.wav
1265,مارس,ˈmæː.ras,2,1,LL-Q55633582 (ajp)-Khalil.rantissi-مارَس.wav,https://upload.wikimedia.org/wikipedia/commons/f/f7/LL-Q55633582_%28ajp%29-Khalil.rantissi-%D9%85%D8%A7%D8%B1%D9%8E%D8%B3.wav
405,أمل,ˈʔa.mal,2,1,LL-Q55633582 (ajp)-Mohammad-LPA-أمل.wav,https://upload.wikimedia.org/wikipedia/commons/f/f6/LL-Q55633582_%28ajp%29-Mohammad-LPA-%D8%A3%D9%85%D9%84.wav
1240,لبنة,ˈlab.ne,2,1,LL-Q55633582 (ajp)-Khalil.rantissi-لبنة.wav,https://upload.wikimedia.org/wikipedia/commons/6/6f/LL-Q55633582_%28ajp%29-Khalil.rantissi-%D9%84%D8%A8%D9%86%D8%A9.wav
943,صفطة,ˈsˤɑf.tˤɑ,2,1,LL-Q55633582 (ajp)-Muhammad (AdrianAbdulBaha)-صفطة.wav,https://upload.wikimedia.org/wikipedia/commons/1/18/LL-Q55633582_%28ajp%29-Muhammad_%28AdrianAbdulBaha%29-%D8%B5%D9%81%D8%B7%D8%A9.wav
1305,مشوب,ˈmʃaw.wɪb,2,1,LL-Q55633582 (ajp)-Muhammad (AdrianAbdulBaha)-مشوّب.wav,https://upload.wikimedia.org/wikipedia/commons/7/7e/LL-Q55633582_%28ajp%29-Muhammad_%28AdrianAbdulBaha%29-%D9%85%D8%B4%D9%88%D9%91%D8%A8.wav
242,كحتوت,kaħˈtuːt,2,2,LL-Q55633582 (ajp)-Muhammad (AdrianAbdulBaha)-كحتوت.wav,https://upload.wikimedia.org/wikipedia/commons/c/cf/LL-Q55633582_%28ajp%29-Muhammad_%28AdrianAbdulBaha%29-%D9%83%D8%AD%D8%AA%D9%88%D8%AA.wav
1412,هوا,ˈha.wa,2,1,LL-Q55633582 (ajp)-Khalil.rantissi-هوا.wav,https://upload.wikimedia.org/wikipedia/commons/2/22/LL-Q55633582_%28ajp%29-Khalil.rantissi-%D9%87%D9%88%D8%A7.wav
745,دولة,ˈdaw.le,2,1,LL-Q55633582 (ajp)-Muhammad (AdrianAbdulBaha)-دولة.wav,https://upload.wikimedia.org/wikipedia/commons/0/03/LL-Q55633582_%28ajp%29-Muhammad_%28AdrianAbdulBaha%29-%D8%AF%D9%88%D9%84%D8%A9.wav
796,زحمة,ˈzaħ.me,2,1,LL-Q55633582 (ajp)-Muhammad (AdrianAbdulBaha)-زحمة.wav,https://upload.wikimedia.org/wikipedia/commons/0/09/LL-Q55633582_%28ajp%29-Muhammad_%28AdrianAbdulBaha%29-%D8%B2%D8%AD%D9%85%D8%A9.wav
1166,قرص,ˈʔɑ.rˤɑsˤ,2,1,LL-Q55633582 (ajp)-Khalil.rantissi-قَرَص.wav,https://upload.wikimedia.org/wikipedia/commons/6/62/LL-Q55633582_%28ajp%29-Khalil.rantissi-%D9%82%D9%8E%D8%B1%D9%8E%D8%B5.wav
294,ملاك,maˈlæːk,2,2,LL-Q55633582 (ajp)-Khalil.rantissi-مَلاك.wav,https://upload.wikimedia.org/wikipedia/commons/6/64/LL-Q55633582_%28ajp%29-Khalil.rantissi-%D9%85%D9%8E%D9%84%D8%A7%D9%83.wav
619,حبة,ˈħab.be,2,1,LL-Q55633582 (ajp)-Khalil.rantissi-حبّة.wav,https://upload.wikimedia.org/wikipedia/commons/7/79/LL-Q55633582_%28ajp%29-Khalil.rantissi-%D8%AD%D8%A8%D9%91%D8%A9.wav
496,بعترض,ˈbɪʕt.rɪdˤ,2,1,LL-Q55633582 (ajp)-Muhammad (AdrianAbdulBaha)-biʕtreḍ.wav,https://upload.wikimedia.org/wikipedia/commons/1/17/LL-Q55633582_%28ajp%29-Muhammad_%28AdrianAbdulBaha%29-bi%CA%95tre%E1%B8%8D.wav
387,أعمى,ˈʔaʕ.ma,2,1,LL-Q55633582 (ajp)-Muhammad (AdrianAbdulBaha)-أعمى.wav,https://upload.wikimedia.org/wikipedia/commons/5/59/LL-Q55633582_%28ajp%29-Muhammad_%28AdrianAbdulBaha%29-%D8%A3%D8%B9%D9%85%D9%89.wav
1321,معلم,ˈmʕal.lem,2,1,LL-Q55633582 (ajp)-Muhammad (AdrianAbdulBaha)-معلّم.wav,https://upload.wikimedia.org/wikipedia/commons/9/9c/LL-Q55633582_%28ajp%29-Muhammad_%28AdrianAbdulBaha%29-%D9%85%D8%B9%D9%84%D9%91%D9%85.wav
284,معقول,maʕˈʔuːl,2,2,LL-Q55633582 (ajp)-Muhammad (AdrianAbdulBaha)-معقول.wav,https://upload.wikimedia.org/wikipedia/commons/c/ca/LL-Q55633582_%28ajp%29-Muhammad_%28AdrianAbdulBaha%29-%D9%85%D8%B9%D9%82%D9%88%D9%84.wav
1406,هدف,ˈha.daf,2,1,LL-Q55633582 (ajp)-Khalil.rantissi-هَدَف.wav,https://upload.wikimedia.org/wikipedia/commons/f/f3/LL-Q55633582_%28ajp%29-Khalil.rantissi-%D9%87%D9%8E%D8%AF%D9%8E%D9%81.wav
1352,مينا,ˈmiː.na,2,1,LL-Q55633582 (ajp)-Muhammad (AdrianAbdulBaha)-مينا.wav,https://upload.wikimedia.org/wikipedia/commons/b/bf/LL-Q55633582_%28ajp%29-Muhammad_%28AdrianAbdulBaha%29-%D9%85%D9%8A%D9%86%D8%A7.wav
504,بعص,ˈbɑ.ʕɑsˤ,2,1,LL-Q55633582 (ajp)-Khalil.rantissi-بَعَص.wav,https://upload.wikimedia.org/wikipedia/commons/0/08/LL-Q55633582_%28ajp%29-Khalil.rantissi-%D8%A8%D9%8E%D8%B9%D9%8E%D8%B5.wav
1241,لبى,ˈlab.ba,2,1,LL-Q55633582 (ajp)-Khalil.rantissi-لَبّى.wav,https://upload.wikimedia.org/wikipedia/commons/7/78/LL-Q55633582_%28ajp%29-Khalil.rantissi-%D9%84%D9%8E%D8%A8%D9%91%D9%89.wav
785,رمل,ˈra.m(ɪ)l,2,1,LL-Q55633582 (ajp)-Muhammad (AdrianAbdulBaha)-رمل.wav,https://upload.wikimedia.org/wikipedia/commons/e/e3/LL-Q55633582_%28ajp%29-Muhammad_%28AdrianAbdulBaha%29-%D8%B1%D9%85%D9%84.wav
271,مريح,muˈriːħ,2,2,LL-Q55633582 (ajp)-AdrianAbdulBaha-مريح.wav,https://upload.wikimedia.org/wikipedia/commons/7/72/LL-Q55633582_%28ajp%29-AdrianAbdulBaha-%D9%85%D8%B1%D9%8A%D8%AD.wav
460,بختلط,ˈbɪxt.lɪtˤ,2,1,LL-Q55633582 (ajp)-Muhammad (AdrianAbdulBaha)-بختلط.wav,https://upload.wikimedia.org/wikipedia/commons/e/e4/LL-Q55633582_%28ajp%29-Muhammad_%28AdrianAbdulBaha%29-%D8%A8%D8%AE%D8%AA%D9%84%D8%B7.wav
1179,قفا,ˈʔa.fa,2,1,LL-Q55633582 (ajp)-Muhammad (AdrianAbdulBaha)-قفا.wav,https://upload.wikimedia.org/wikipedia/commons/f/f1/LL-Q55633582_%28ajp%29-Muhammad_%28AdrianAbdulBaha%29-%D9%82%D9%81%D8%A7.wav
50,انزار,ɪnˈzɑːrˤ,2,2,LL-Q55633582 (ajp)-Khalil.rantissi-انزار.wav,https://upload.wikimedia.org/wikipedia/commons/f/fe/LL-Q55633582_%28ajp%29-Khalil.rantissi-%D8%A7%D9%86%D8%B2%D8%A7%D8%B1.wav
1231,كوى,ˈka.wa,2,1,LL-Q55633582 (ajp)-Khalil.rantissi-كَوى.wav,https://upload.wikimedia.org/wikipedia/commons/0/05/LL-Q55633582_%28ajp%29-Khalil.rantissi-%D9%83%D9%8E%D9%88%D9%89.wav
314,هداك,haˈdæːk,2,2,LL-Q55633582 (ajp)-Muhammad (AdrianAbdulBaha)-هداك.wav,https://upload.wikimedia.org/wikipedia/commons/a/a3/LL-Q55633582_%28ajp%29-Muhammad_%28AdrianAbdulBaha%29-%D9%87%D8%AF%D8%A7%D9%83.wav
1368,نجح,ˈni.ʒɪħ,2,1,LL-Q55633582 (ajp)-Khalil.rantissi-نِجِح.wav,https://upload.wikimedia.org/wikipedia/commons/4/49/LL-Q55633582_%28ajp%29-Khalil.rantissi-%D9%86%D9%90%D8%AC%D9%90%D8%AD.wav
102,جنين,ʒɪˈniːn,2,2,LL-Q55633582 (ajp)-AdrianAbdulBaha-جنين.wav,https://upload.wikimedia.org/wikipedia/commons/0/0d/LL-Q55633582_%28ajp%29-AdrianAbdulBaha-%D8%AC%D9%86%D9%8A%D9%86.wav
525,بلغ,ˈbal.laɣ,2,1,LL-Q55633582 (ajp)-Khalil.rantissi-بَلَّغ.wav,https://upload.wikimedia.org/wikipedia/commons/c/c5/LL-Q55633582_%28ajp%29-Khalil.rantissi-%D8%A8%D9%8E%D9%84%D9%8E%D9%91%D8%BA.wav
361,أرمن,ˈʔar.man,2,1,LL-Q55633582 (ajp)-AdrianAbdulBaha-أرمن.wav,https://upload.wikimedia.org/wikipedia/commons/b/b4/LL-Q55633582_%28ajp%29-AdrianAbdulBaha-%D8%A3%D8%B1%D9%85%D9%86.wav
123,خجلان,xaʒˈlæːn,2,2,LL-Q55633582 (ajp)-Muhammad (AdrianAbdulBaha)-خجلان.wav,https://upload.wikimedia.org/wikipedia/commons/a/a7/LL-Q55633582_%28ajp%29-Muhammad_%28AdrianAbdulBaha%29-%D8%AE%D8%AC%D9%84%D8%A7%D9%86.wav
1149,فيديو,ˈvid.jo,2,1,LL-Q55633582 (ajp)-Muhammad (AdrianAbdulBaha)-فيديو.wav,https://upload.wikimedia.org/wikipedia/commons/8/8d/LL-Q55633582_%28ajp%29-Muhammad_%28AdrianAbdulBaha%29-%D9%81%D9%8A%D8%AF%D9%8A%D9%88.wav
444,باحث,ˈbæː.ħɪs,2,1,LL-Q55633582 (ajp)-Khalil.rantissi-باحِث.wav,https://upload.wikimedia.org/wikipedia/commons/8/88/LL-Q55633582_%28ajp%29-Khalil.rantissi-%D8%A8%D8%A7%D8%AD%D9%90%D8%AB.wav
860,سوا,ˈsa.wa,2,1,LL-Q55633582 (ajp)-AdrianAbdulBaha-سوا.wav,https://upload.wikimedia.org/wikipedia/commons/9/9d/LL-Q55633582_%28ajp%29-AdrianAbdulBaha-%D8%B3%D9%88%D8%A7.wav
341,أجل,ˈʔaʒ.ʒal,2,1,LL-Q55633582 (ajp)-Khalil.rantissi-اجَّل.wav,https://upload.wikimedia.org/wikipedia/commons/8/86/LL-Q55633582_%28ajp%29-Khalil.rantissi-%D8%A7%D8%AC%D9%8E%D9%91%D9%84.wav
897,شفة,ˈʃɪf.fe,2,1,LL-Q55633582 (ajp)-Muhammad (AdrianAbdulBaha)-شفّة.wav,https://upload.wikimedia.org/wikipedia/commons/f/fa/LL-Q55633582_%28ajp%29-Muhammad_%28AdrianAbdulBaha%29-%D8%B4%D9%81%D9%91%D8%A9.wav
718,درة,ˈdʊ.rˤɑ,2,1,LL-Q55633582 (ajp)-Muhammad (AdrianAbdulBaha)-درة.wav,https://upload.wikimedia.org/wikipedia/commons/8/82/LL-Q55633582_%28ajp%29-Muhammad_%28AdrianAbdulBaha%29-%D8%AF%D8%B1%D8%A9.wav
202,عصير,ʕaˈsˤiːrˤ,2,2,LL-Q55633582 (ajp)-IbrahimZ (AdrianAbdulBaha)-عصير.wav,https://upload.wikimedia.org/wikipedia/commons/c/c1/LL-Q55633582_%28ajp%29-IbrahimZ_%28AdrianAbdulBaha%29-%D8%B9%D8%B5%D9%8A%D8%B1.wav
1157,قاوم,ˈqɑː.wam,2,1,LL-Q55633582 (ajp)-Khalil.rantissi-قاوَم.wav,https://upload.wikimedia.org/wikipedia/commons/d/db/LL-Q55633582_%28ajp%29-Khalil.rantissi-%D9%82%D8%A7%D9%88%D9%8E%D9%85.wav
950,صورة,ˈsˤuː.rˤɑ,2,1,LL-Q55633582 (ajp)-Muhammad (AdrianAbdulBaha)-صورة.wav,https://upload.wikimedia.org/wikipedia/commons/8/82/LL-Q55633582_%28ajp%29-Muhammad_%28AdrianAbdulBaha%29-%D8%B5%D9%88%D8%B1%D8%A9.wav
91,تمام,taˈmæːm,2,2,LL-Q55633582 (ajp)-MahmoudM (AdrianAbdulBaha)-تمام.wav,https://upload.wikimedia.org/wikipedia/commons/f/f0/LL-Q55633582_%28ajp%29-MahmoudM_%28AdrianAbdulBaha%29-%D8%AA%D9%85%D8%A7%D9%85.wav
370,أسفل,ˈʔas.fal,2,1,LL-Q55633582 (ajp)-Khalil.rantissi-أسفَل.wav,https://upload.wikimedia.org/wikipedia/commons/1/1d/LL-Q55633582_%28ajp%29-Khalil.rantissi-%D8%A3%D8%B3%D9%81%D9%8E%D9%84.wav
1193,قوي,ˈʔa.wi,2,1,LL-Q55633582 (ajp)-Muhammad (AdrianAbdulBaha)-قوي.wav,https://upload.wikimedia.org/wikipedia/commons/4/4c/LL-Q55633582_%28ajp%29-Muhammad_%28AdrianAbdulBaha%29-%D9%82%D9%88%D9%8A.wav
1333,مقهى,ˈmaʔ.ha,2,1,LL-Q55633582 (ajp)-IbrahimZ (AdrianAbdulBaha)-مقهى.wav,https://upload.wikimedia.org/wikipedia/commons/5/5d/LL-Q55633582_%28ajp%29-IbrahimZ_%28AdrianAbdulBaha%29-%D9%85%D9%82%D9%87%D9%89.wav
851,سلم,ˈsal.lam,2,1,LL-Q55633582 (ajp)-Khalil.rantissi-سَلَّم.wav,https://upload.wikimedia.org/wikipedia/commons/d/d7/LL-Q55633582_%28ajp%29-Khalil.rantissi-%D8%B3%D9%8E%D9%84%D9%8E%D9%91%D9%85.wav
1283,مدة,ˈmʊd.de,2,1,LL-Q55633582 (ajp)-AseelF (AdrianAbdulBaha)-مُدّة.wav,https://upload.wikimedia.org/wikipedia/commons/1/17/LL-Q55633582_%28ajp%29-AseelF_%28AdrianAbdulBaha%29-%D9%85%D9%8F%D8%AF%D9%91%D8%A9.wav
805,زهرة,ˈzah.rˤɑ,2,1,LL-Q55633582 (ajp)-Muhammad (AdrianAbdulBaha)-زهرة.wav,https://upload.wikimedia.org/wikipedia/commons/d/d3/LL-Q55633582_%28ajp%29-Muhammad_%28AdrianAbdulBaha%29-%D8%B2%D9%87%D8%B1%D8%A9.wav
1210,كره,ˈki.rɪh,2,1,LL-Q55633582 (ajp)-Khalil.rantissi-كِرِه.wav,https://upload.wikimedia.org/wikipedia/commons/3/3c/LL-Q55633582_%28ajp%29-Khalil.rantissi-%D9%83%D9%90%D8%B1%D9%90%D9%87.wav
1227,كوربا,ˈkoːr.ba,2,1,LL-Q55633582 (ajp)-Muhammad (AdrianAbdulBaha)-كوربا.wav,https://upload.wikimedia.org/wikipedia/commons/d/d0/LL-Q55633582_%28ajp%29-Muhammad_%28AdrianAbdulBaha%29-%D9%83%D9%88%D8%B1%D8%A8%D8%A7.wav
1445,وظف,ˈwɑzˤ.zˤɑf,2,1,LL-Q55633582 (ajp)-Khalil.rantissi-وَظَّف.wav,https://upload.wikimedia.org/wikipedia/commons/3/3c/LL-Q55633582_%28ajp%29-Khalil.rantissi-%D9%88%D9%8E%D8%B8%D9%8E%D9%91%D9%81.wav
1042,علي,ˈʕi.li,2,1,LL-Q55633582 (ajp)-Khalil.rantissi-عِلي.wav,https://upload.wikimedia.org/wikipedia/commons/6/6e/LL-Q55633582_%28ajp%29-Khalil.rantissi-%D8%B9%D9%90%D9%84%D9%8A.wav
1446,وعد,ˈwa.ʕad,2,1,LL-Q55633582 (ajp)-Khalil.rantissi-وَعَد.wav,https://upload.wikimedia.org/wikipedia/commons/0/0a/LL-Q55633582_%28ajp%29-Khalil.rantissi-%D9%88%D9%8E%D8%B9%D9%8E%D8%AF.wav
142,دينار,diˈnɑːrˤ,2,2,LL-Q55633582 (ajp)-Muhammad (AdrianAbdulBaha)-دينار.wav,https://upload.wikimedia.org/wikipedia/commons/5/5c/LL-Q55633582_%28ajp%29-Muhammad_%28AdrianAbdulBaha%29-%D8%AF%D9%8A%D9%86%D8%A7%D8%B1.wav
1268,مال,ˈmæː.lo,2,1,LL-Q55633582 (ajp)-Muhammad (AdrianAbdulBaha)-ماله.wav,https://upload.wikimedia.org/wikipedia/commons/2/2d/LL-Q55633582_%28ajp%29-Muhammad_%28AdrianAbdulBaha%29-%D9%85%D8%A7%D9%84%D9%87.wav
1044,عمتو,ˈʕam.to,2,1,LL-Q55633582 (ajp)-Muhammad (AdrianAbdulBaha)-عمّتو.wav,https://upload.wikimedia.org/wikipedia/commons/a/a4/LL-Q55633582_%28ajp%29-Muhammad_%28AdrianAbdulBaha%29-%D8%B9%D9%85%D9%91%D8%AA%D9%88.wav
1251,لعب,ˈli.ʕɪb,2,1,LL-Q55633582 (ajp)-Khalil.rantissi-لعب.wav,https://upload.wikimedia.org/wikipedia/commons/5/53/LL-Q55633582_%28ajp%29-Khalil.rantissi-%D9%84%D8%B9%D8%A8.wav
890,شرعي,ˈʃar.ʕi,2,1,LL-Q55633582 (ajp)-Muhammad (AdrianAbdulBaha)-شرعي.wav,https://upload.wikimedia.org/wikipedia/commons/6/63/LL-Q55633582_%28ajp%29-Muhammad_%28AdrianAbdulBaha%29-%D8%B4%D8%B1%D8%B9%D9%8A.wav
1152,قادر,ˈʔæː.dɪr,2,1,LL-Q55633582 (ajp)-Khalil.rantissi-قادر.wav,https://upload.wikimedia.org/wikipedia/commons/c/ce/LL-Q55633582_%28ajp%29-Khalil.rantissi-%D9%82%D8%A7%D8%AF%D8%B1.wav
1394,نمر,ˈnɪ.m(ɪ)r,2,1,LL-Q55633582 (ajp)-Muhammad (AdrianAbdulBaha)-نمر.wav,https://upload.wikimedia.org/wikipedia/commons/b/bd/LL-Q55633582_%28ajp%29-Muhammad_%28AdrianAbdulBaha%29-%D9%86%D9%85%D8%B1.wav
1435,وزة,ˈwaz.ze,2,1,LL-Q55633582 (ajp)-Muhammad (AdrianAbdulBaha)-وزّة.wav,https://upload.wikimedia.org/wikipedia/commons/0/09/LL-Q55633582_%28ajp%29-Muhammad_%28AdrianAbdulBaha%29-%D9%88%D8%B2%D9%91%D8%A9.wav
494,بعتذر,ˈbɪʕt.zɪr,2,1,LL-Q55633582 (ajp)-Muhammad (AdrianAbdulBaha)-بعتذر.wav,https://upload.wikimedia.org/wikipedia/commons/4/4d/LL-Q55633582_%28ajp%29-Muhammad_%28AdrianAbdulBaha%29-%D8%A8%D8%B9%D8%AA%D8%B0%D8%B1.wav
651,حما,ˈħa.ma,2,1,LL-Q55633582 (ajp)-Muhammad (AdrianAbdulBaha)-حما.wav,https://upload.wikimedia.org/wikipedia/commons/9/95/LL-Q55633582_%28ajp%29-Muhammad_%28AdrianAbdulBaha%29-%D8%AD%D9%85%D8%A7.wav
1224,كمل,ˈkam.mal,2,1,LL-Q55633582 (ajp)-Khalil.rantissi-كَمَّل.wav,https://upload.wikimedia.org/wikipedia/commons/7/78/LL-Q55633582_%28ajp%29-Khalil.rantissi-%D9%83%D9%8E%D9%85%D9%8E%D9%91%D9%84.wav
1217,كفى,ˈkaf.fa,2,1,LL-Q55633582 (ajp)-Khalil.rantissi-كَفّى.wav,https://upload.wikimedia.org/wikipedia/commons/8/85/LL-Q55633582_%28ajp%29-Khalil.rantissi-%D9%83%D9%8E%D9%81%D9%91%D9%89.wav
827,سبعة,ˈsab.ʕa,2,1,LL-Q55633582 (ajp)-AseelF (AdrianAbdulBaha)-7.wav,https://upload.wikimedia.org/wikipedia/commons/4/4b/LL-Q55633582_%28ajp%29-AseelF_%28AdrianAbdulBaha%29-7.wav
1061,عيشة,ˈʕiː.ʃe,2,1,LL-Q55633582 (ajp)-Muhammad (AdrianAbdulBaha)-عيشة.wav,https://upload.wikimedia.org/wikipedia/commons/1/1d/LL-Q55633582_%28ajp%29-Muhammad_%28AdrianAbdulBaha%29-%D8%B9%D9%8A%D8%B4%D8%A9.wav
150,زميل,zaˈmiːl,2,2,LL-Q55633582 (ajp)-Muhammad (AdrianAbdulBaha)-زميل.wav,https://upload.wikimedia.org/wikipedia/commons/e/eb/LL-Q55633582_%28ajp%29-Muhammad_%28AdrianAbdulBaha%29-%D8%B2%D9%85%D9%8A%D9%84.wav
148,زعلان,zaʕˈlæːn,2,2,LL-Q55633582 (ajp)-Khalil.rantissi-زَعلان.wav,https://upload.wikimedia.org/wikipedia/commons/5/52/LL-Q55633582_%28ajp%29-Khalil.rantissi-%D8%B2%D9%8E%D8%B9%D9%84%D8%A7%D9%86.wav
1367,نتق,ˈna.taʔ,2,1,LL-Q55633582 (ajp)-Khalil.rantissi-نَتَق.wav,https://upload.wikimedia.org/wikipedia/commons/a/a3/LL-Q55633582_%28ajp%29-Khalil.rantissi-%D9%86%D9%8E%D8%AA%D9%8E%D9%82.wav
896,شغلة,ˈʃaɣ.le,2,1,LL-Q55633582 (ajp)-Muhammad (AdrianAbdulBaha)-شغلة.wav,https://upload.wikimedia.org/wikipedia/commons/a/a3/LL-Q55633582_%28ajp%29-Muhammad_%28AdrianAbdulBaha%29-%D8%B4%D8%BA%D9%84%D8%A9.wav
501,بعتمد,ˈbɪʕt.mɪd,2,1,LL-Q55633582 (ajp)-Muhammad (AdrianAbdulBaha)-بعتمد.wav,https://upload.wikimedia.org/wikipedia/commons/c/c8/LL-Q55633582_%28ajp%29-Muhammad_%28AdrianAbdulBaha%29-%D8%A8%D8%B9%D8%AA%D9%85%D8%AF.wav
690,خطب,ˈxɑ.tˤɑb,2,1,LL-Q55633582 (ajp)-Khalil.rantissi-خَطَب.wav,https://upload.wikimedia.org/wikipedia/commons/1/1b/LL-Q55633582_%28ajp%29-Khalil.rantissi-%D8%AE%D9%8E%D8%B7%D9%8E%D8%A8.wav
468,بدو,ˈba.du,2,1,LL-Q55633582 (ajp)-AdrianAbdulBaha-بدو.wav,https://upload.wikimedia.org/wikipedia/commons/0/04/LL-Q55633582_%28ajp%29-AdrianAbdulBaha-%D8%A8%D8%AF%D9%88.wav
678,خجل,ˈxaʒ.ʒal,2,1,LL-Q55633582 (ajp)-AdrianAbdulBaha-خجل.wav,https://upload.wikimedia.org/wikipedia/commons/c/c3/LL-Q55633582_%28ajp%29-AdrianAbdulBaha-%D8%AE%D8%AC%D9%84.wav
821,سامع,ˈsæː.mɪʕ,2,1,LL-Q55633582 (ajp)-Khalil.rantissi-سامع.wav,https://upload.wikimedia.org/wikipedia/commons/1/1b/LL-Q55633582_%28ajp%29-Khalil.rantissi-%D8%B3%D8%A7%D9%85%D8%B9.wav
1023,عصر,ˈʕɑ.sˤ(ɪ)rˤ,2,1,LL-Q55633582 (ajp)-Muhammad (AdrianAbdulBaha)-عصر.wav,https://upload.wikimedia.org/wikipedia/commons/1/15/LL-Q55633582_%28ajp%29-Muhammad_%28AdrianAbdulBaha%29-%D8%B9%D8%B5%D8%B1.wav
255,لذيذ,laˈziːz,2,2,LL-Q55633582 (ajp)-Muhammad (AdrianAbdulBaha)-لذيذ.wav,https://upload.wikimedia.org/wikipedia/commons/3/3f/LL-Q55633582_%28ajp%29-Muhammad_%28AdrianAbdulBaha%29-%D9%84%D8%B0%D9%8A%D8%B0.wav
347,أخذ,ˈʔa.xad,2,1,LL-Q55633582 (ajp)-Khalil.rantissi-اخَد.wav,https://upload.wikimedia.org/wikipedia/commons/1/12/LL-Q55633582_%28ajp%29-Khalil.rantissi-%D8%A7%D8%AE%D9%8E%D8%AF.wav
33,استغنى,ɪsˈtaɣna,2,2,LL-Q55633582 (ajp)-Khalil.rantissi-استَغنى.wav,https://upload.wikimedia.org/wikipedia/commons/7/73/LL-Q55633582_%28ajp%29-Khalil.rantissi-%D8%A7%D8%B3%D8%AA%D9%8E%D8%BA%D9%86%D9%89.wav
43,انباع,ɪnˈbæːʕ,2,2,LL-Q55633582 (ajp)-Khalil.rantissi-انباع.wav,https://upload.wikimedia.org/wikipedia/commons/c/c1/LL-Q55633582_%28ajp%29-Khalil.rantissi-%D8%A7%D9%86%D8%A8%D8%A7%D8%B9.wav
305,موضوع,mɑwˈdˤuːʕ,2,2,LL-Q55633582 (ajp)-Muhammad (AdrianAbdulBaha)-موضوع.wav,https://upload.wikimedia.org/wikipedia/commons/6/6a/LL-Q55633582_%28ajp%29-Muhammad_%28AdrianAbdulBaha%29-%D9%85%D9%88%D8%B6%D9%88%D8%B9.wav
174,شمال,ʃaˈmæːl,2,2,LL-Q55633582 (ajp)-MahmoudM (AdrianAbdulBaha)-شمال.wav,https://upload.wikimedia.org/wikipedia/commons/8/89/LL-Q55633582_%28ajp%29-MahmoudM_%28AdrianAbdulBaha%29-%D8%B4%D9%85%D8%A7%D9%84.wav
1301,مسكر,ˈmsak.kar,2,1,LL-Q55633582 (ajp)-Muhammad (AdrianAbdulBaha)-مسكّر.wav,https://upload.wikimedia.org/wikipedia/commons/6/6b/LL-Q55633582_%28ajp%29-Muhammad_%28AdrianAbdulBaha%29-%D9%85%D8%B3%D9%83%D9%91%D8%B1.wav
626,حذر,ˈħað.ðar,2,1,LL-Q55633582 (ajp)-Khalil.rantissi-حَذَّر.wav,https://upload.wikimedia.org/wikipedia/commons/6/68/LL-Q55633582_%28ajp%29-Khalil.rantissi-%D8%AD%D9%8E%D8%B0%D9%8E%D9%91%D8%B1.wav
1273,متحد,ˈmɪt.ħɪd,2,1,LL-Q55633582 (ajp)-Muhammad (AdrianAbdulBaha)-متّحد.wav,https://upload.wikimedia.org/wikipedia/commons/e/ec/LL-Q55633582_%28ajp%29-Muhammad_%28AdrianAbdulBaha%29-%D9%85%D8%AA%D9%91%D8%AD%D8%AF.wav
443,بابا,ˈbˤɑː.bˤɑ,2,1,LL-Q55633582 (ajp)-Muhammad (AdrianAbdulBaha)-بابا.wav,https://upload.wikimedia.org/wikipedia/commons/0/0c/LL-Q55633582_%28ajp%29-Muhammad_%28AdrianAbdulBaha%29-%D8%A8%D8%A7%D8%A8%D8%A7.wav
173,شغيل,ʃaɣˈɣiːl,2,2,LL-Q55633582 (ajp)-Muhammad (AdrianAbdulBaha)-شغّيل.wav,https://upload.wikimedia.org/wikipedia/commons/0/0f/LL-Q55633582_%28ajp%29-Muhammad_%28AdrianAbdulBaha%29-%D8%B4%D8%BA%D9%91%D9%8A%D9%84.wav
258,لمون,laˈmuːn,2,2,LL-Q55633582 (ajp)-IbrahimZ (AdrianAbdulBaha)-ليمون.wav,https://upload.wikimedia.org/wikipedia/commons/7/7b/LL-Q55633582_%28ajp%29-IbrahimZ_%28AdrianAbdulBaha%29-%D9%84%D9%8A%D9%85%D9%88%D9%86.wav
876,شتل,ˈʃat.tal,2,1,LL-Q55633582 (ajp)-Muhammad (AdrianAbdulBaha)-شَتَّل.wav,https://upload.wikimedia.org/wikipedia/commons/1/1c/LL-Q55633582_%28ajp%29-Muhammad_%28AdrianAbdulBaha%29-%D8%B4%D9%8E%D8%AA%D9%8E%D9%91%D9%84.wav
311,ندمان,nadˈmæːn,2,2,LL-Q55633582 (ajp)-Khalil.rantissi-نَدمان.wav,https://upload.wikimedia.org/wikipedia/commons/2/24/LL-Q55633582_%28ajp%29-Khalil.rantissi-%D9%86%D9%8E%D8%AF%D9%85%D8%A7%D9%86.wav
736,دمر,ˈdam.mar,2,1,LL-Q55633582 (ajp)-Khalil.rantissi-دَمَّر.wav,https://upload.wikimedia.org/wikipedia/commons/3/38/LL-Q55633582_%28ajp%29-Khalil.rantissi-%D8%AF%D9%8E%D9%85%D9%8E%D9%91%D8%B1.wav
613,حافظ,ˈħɑː.fɑzˤ,2,1,LL-Q55633582 (ajp)-Khalil.rantissi-حافَظ.wav,https://upload.wikimedia.org/wikipedia/commons/8/84/LL-Q55633582_%28ajp%29-Khalil.rantissi-%D8%AD%D8%A7%D9%81%D9%8E%D8%B8.wav
848,سلفة,ˈsɪl.fe,2,1,LL-Q55633582 (ajp)-Muhammad (AdrianAbdulBaha)-سلفة.wav,https://upload.wikimedia.org/wikipedia/commons/e/e8/LL-Q55633582_%28ajp%29-Muhammad_%28AdrianAbdulBaha%29-%D8%B3%D9%84%D9%81%D8%A9.wav
101,جنوب,ʒaˈnuːb,2,2,LL-Q55633582 (ajp)-Muhammad (AdrianAbdulBaha)-جنوب.wav,https://upload.wikimedia.org/wikipedia/commons/1/1a/LL-Q55633582_%28ajp%29-Muhammad_%28AdrianAbdulBaha%29-%D8%AC%D9%86%D9%88%D8%A8.wav
1458,يبس,ˈjɪ.bɪs,2,1,LL-Q55633582 (ajp)-AdrianAbdulBaha-يبس.wav,https://upload.wikimedia.org/wikipedia/commons/a/a0/LL-Q55633582_%28ajp%29-AdrianAbdulBaha-%D9%8A%D8%A8%D8%B3.wav
63,بردان,barˈdæːn,2,2,LL-Q55633582 (ajp)-Khalil.rantissi-بَردان.wav,https://upload.wikimedia.org/wikipedia/commons/1/11/LL-Q55633582_%28ajp%29-Khalil.rantissi-%D8%A8%D9%8E%D8%B1%D8%AF%D8%A7%D9%86.wav
213,غلطان,ɣɑlˤˈtˤɑːn,2,2,LL-Q55633582 (ajp)-Khalil.rantissi-غَلطان.wav,https://upload.wikimedia.org/wikipedia/commons/0/0c/LL-Q55633582_%28ajp%29-Khalil.rantissi-%D8%BA%D9%8E%D9%84%D8%B7%D8%A7%D9%86.wav
1196,كاين,ˈkæː.jɪn,2,1,LL-Q55633582 (ajp)-Khalil.rantissi-كاين.wav,https://upload.wikimedia.org/wikipedia/commons/c/ca/LL-Q55633582_%28ajp%29-Khalil.rantissi-%D9%83%D8%A7%D9%8A%D9%86.wav
855,سمع,ˈsi.mɪʕ,2,1,LL-Q55633582 (ajp)-Khalil.rantissi-سِمِع.wav,https://upload.wikimedia.org/wikipedia/commons/1/1b/LL-Q55633582_%28ajp%29-Khalil.rantissi-%D8%B3%D9%90%D9%85%D9%90%D8%B9.wav
281,مصران,mʊsˤˈrˤɑːn,2,2,LL-Q55633582 (ajp)-Muhammad (AdrianAbdulBaha)-مصران.wav,https://upload.wikimedia.org/wikipedia/commons/d/d6/LL-Q55633582_%28ajp%29-Muhammad_%28AdrianAbdulBaha%29-%D9%85%D8%B5%D8%B1%D8%A7%D9%86.wav
669,خالو,ˈxæː.lo,2,1,LL-Q55633582 (ajp)-Muhammad (AdrianAbdulBaha)-خالو.wav,https://upload.wikimedia.org/wikipedia/commons/9/98/LL-Q55633582_%28ajp%29-Muhammad_%28AdrianAbdulBaha%29-%D8%AE%D8%A7%D9%84%D9%88.wav
76,بنات,baˈnæːt,2,2,LL-Q55633582 (ajp)-MahmoudM (AdrianAbdulBaha)-بنات.wav,https://upload.wikimedia.org/wikipedia/commons/7/78/LL-Q55633582_%28ajp%29-MahmoudM_%28AdrianAbdulBaha%29-%D8%A8%D9%86%D8%A7%D8%AA.wav
954,ضغط,ˈdˤɑ.ɣɑtˤ,2,1,LL-Q55633582 (ajp)-Khalil.rantissi-ضَغَط.wav,https://upload.wikimedia.org/wikipedia/commons/2/2b/LL-Q55633582_%28ajp%29-Khalil.rantissi-%D8%B6%D9%8E%D8%BA%D9%8E%D8%B7.wav
507,بفترض,ˈbɪft.rɪdˤ,2,1,LL-Q55633582 (ajp)-Muhammad (AdrianAbdulBaha)-بفترض.wav,https://upload.wikimedia.org/wikipedia/commons/e/e8/LL-Q55633582_%28ajp%29-Muhammad_%28AdrianAbdulBaha%29-%D8%A8%D9%81%D8%AA%D8%B1%D8%B6.wav
743,دوزن,ˈdoː.zan,2,1,LL-Q55633582 (ajp)-Khalil.rantissi-دوزن.wav,https://upload.wikimedia.org/wikipedia/commons/5/53/LL-Q55633582_%28ajp%29-Khalil.rantissi-%D8%AF%D9%88%D8%B2%D9%86.wav
1411,هو,ˈhʊw.we,2,1,LL-Q55633582 (ajp)-MahmoudM (AdrianAbdulBaha)-هو.wav,https://upload.wikimedia.org/wikipedia/commons/2/2d/LL-Q55633582_%28ajp%29-MahmoudM_%28AdrianAbdulBaha%29-%D9%87%D9%88.wav
182,صلاة,sˤɑˈlɑː,2,2,LL-Q55633582 (ajp)-Khalil.rantissi-صلاة.wav,https://upload.wikimedia.org/wikipedia/commons/8/87/LL-Q55633582_%28ajp%29-Khalil.rantissi-%D8%B5%D9%84%D8%A7%D8%A9.wav
388,أغرى,ˈʔaɣ.ra,2,1,LL-Q55633582 (ajp)-Khalil.rantissi-أغرى.wav,https://upload.wikimedia.org/wikipedia/commons/6/6a/LL-Q55633582_%28ajp%29-Khalil.rantissi-%D8%A3%D8%BA%D8%B1%D9%89.wav
556,تسعة,ˈtɪs.ʕa,2,1,LL-Q55633582 (ajp)-AseelF (AdrianAbdulBaha)-9.wav,https://upload.wikimedia.org/wikipedia/commons/f/f9/LL-Q55633582_%28ajp%29-AseelF_%28AdrianAbdulBaha%29-9.wav
1277,مثلي,ˈmɪθ.li,2,1,LL-Q55633582 (ajp)-Muhammad (AdrianAbdulBaha)-مثلي.wav,https://upload.wikimedia.org/wikipedia/commons/f/f6/LL-Q55633582_%28ajp%29-Muhammad_%28AdrianAbdulBaha%29-%D9%85%D8%AB%D9%84%D9%8A.wav
365,أزمة,ˈʔaz.me,2,1,LL-Q55633582 (ajp)-AmmanM (AdrianAbdulBaha)-ازمة.wav,https://upload.wikimedia.org/wikipedia/commons/0/03/LL-Q55633582_%28ajp%29-AmmanM_%28AdrianAbdulBaha%29-%D8%A7%D8%B2%D9%85%D8%A9.wav
1100,فجأة,ˈfaʒ.ʔa,2,1,LL-Q55633582 (ajp)-AdrianAbdulBaha-فجأة.wav,https://upload.wikimedia.org/wikipedia/commons/e/ed/LL-Q55633582_%28ajp%29-AdrianAbdulBaha-%D9%81%D8%AC%D8%A3%D8%A9.wav
1145,فوت,ˈfaw.wat,2,1,LL-Q55633582 (ajp)-Khalil.rantissi-فوَّت.wav,https://upload.wikimedia.org/wikipedia/commons/a/a0/LL-Q55633582_%28ajp%29-Khalil.rantissi-%D9%81%D9%88%D9%8E%D9%91%D8%AA.wav
83,تأكيد,taʔˈkiːd,2,2,LL-Q55633582 (ajp)-Muhammad (AdrianAbdulBaha)-تأكيد.wav,https://upload.wikimedia.org/wikipedia/commons/1/19/LL-Q55633582_%28ajp%29-Muhammad_%28AdrianAbdulBaha%29-%D8%AA%D8%A3%D9%83%D9%8A%D8%AF.wav
128,خطيب,xɑˈtˤiːb,2,2,LL-Q55633582 (ajp)-Muhammad (AdrianAbdulBaha)-خطيب.wav,https://upload.wikimedia.org/wikipedia/commons/6/6b/LL-Q55633582_%28ajp%29-Muhammad_%28AdrianAbdulBaha%29-%D8%AE%D8%B7%D9%8A%D8%A8.wav