,text,ipa,syllables,stress,audio_files,audio_urls
0,أتراك,ʔɑtˈrˤɑːk,2,2,LL-Q55633582 (ajp)-AdrianAbdulBaha-أتراك.wav,https://upload.wikimedia.org/wikipedia/commons/4/47/LL-Q55633582_%28ajp%29-AdrianAbdulBaha-%D8%A3%D8%AA%D8%B1%D8%A7%D9%83.wav
1,أثاث,ʔaˈθæːθ,2,2,LL-Q55633582 (ajp)-Muhammad (AdrianAbdulBaha)-أثاث.wav,https://upload.wikimedia.org/wikipedia/commons/b/bc/LL-Q55633582_%28ajp%29-Muhammad_%28AdrianAbdulBaha%29-%D8%A3%D8%AB%D8%A7%D8%AB.wav
2,أجار,ʔɑˈʒɑːrˤ,2,2,LL-Q55633582 (ajp)-Muhammad (AdrianAbdulBaha)-أجار.wav,https://upload.wikimedia.org/wikipedia/commons/4/49/LL-Q55633582_%28ajp%29-Muhammad_%28AdrianAbdulBaha%29-%D8%A3%D8%AC%D8%A7%D8%B1.wav
3,أخير,ʔaˈxiːr,2,2,LL-Q55633582 (ajp)-Muhammad (AdrianAbdulBaha)-أخير.wav,https://upload.wikimedia.org/wikipedia/commons/1/10/LL-Q55633582_%28ajp%29-Muhammad_%28AdrianAbdulBaha%29-%D8%A3%D8%AE%D9%8A%D8%B1.wav
4,أربعين,ʔarbˈʕiːn,2,2,LL-Q55633582 (ajp)-Muhammad (AdrianAbdulBaha)-40.wav,https://upload.wikimedia.org/wikipedia/commons/8/80/LL-Q55633582_%28ajp%29-Muhammad_%28AdrianAbdulBaha%29-40.wav
5,أسبوع,ʔʊsˈbuːʕ,2,2,LL-Q55633582 (ajp)-Muhammad (AdrianAbdulBaha)-آخر الأسبوع.wav,https://upload.wikimedia.org/wikipedia/commons/c/c4/LL-Q55633582_%28ajp%29-Muhammad_%28AdrianAbdulBaha%29-%D8%A2%D8%AE%D8%B1_%D8%A7%D9%84%D8%A3%D8%B3%D8%A8%D9%88%D8%B9.wav
6,أستاذ,ʔʊsˈtæːz,2,2,LL-Q55633582 (ajp)-Muhammad (AdrianAbdulBaha)-أستاذ.wav,https://upload.wikimedia.org/wikipedia/commons/6/6f/LL-Q55633582_%28ajp%29-Muhammad_%28AdrianAbdulBaha%29-%D8%A3%D8%B3%D8%AA%D8%A7%D8%B0.wav
7,أشخاص,ʔaʃˈxɑːsˤ,2,2,LL-Q55633582 (ajp)-MahmoudM (AdrianAbdulBaha)-اشخاص.wav,https://upload.wikimedia.org/wikipedia/commons/9/93/LL-Q55633582_%28ajp%29-MahmoudM_%28AdrianAbdulBaha%29-%D8%A7%D8%B4%D8%AE%D8%A7%D8%B5.wav
8,أصاب,ʔɑˈsˤɑːb,2,2,LL-Q55633582 (ajp)-Khalil.rantissi-أصاب.wav,https://upload.wikimedia.org/wikipedia/commons/3/32/LL-Q55633582_%28ajp%29-Khalil.rantissi-%D8%A3%D8%B5%D8%A7%D8%A8.wav
9,أصحاب,ʔɑsˤˈħɑːb,2,2,LL-Q55633582 (ajp)-MahmoudM (AdrianAbdulBaha)-اصحاب.wav,https://upload.wikimedia.org/wikipedia/commons/0/01/LL-Q55633582_%28ajp%29-MahmoudM_%28AdrianAbdulBaha%29-%D8%A7%D8%B5%D8%AD%D8%A7%D8%A8.wav
10,أصر,ʔɑˈsˤɑr,2,2,LL-Q55633582 (ajp)-AdrianAbdulBaha-أصَرّ.wav,https://upload.wikimedia.org/wikipedia/commons/7/72/LL-Q55633582_%28ajp%29-AdrianAbdulBaha-%D8%A3%D8%B5%D9%8E%D8%B1%D9%91.wav
11,أعار,ʔaˈʕɑːrˤ,2,2,LL-Q55633582 (ajp)-Khalil.rantissi-أعار.wav,https://upload.wikimedia.org/wikipedia/commons/1/1f/LL-Q55633582_%28ajp%29-Khalil.rantissi-%D8%A3%D8%B9%D8%A7%D8%B1.wav
12,أفاد,ʔaˈfæːd,2,2,LL-Q55633582 (ajp)-Khalil.rantissi-أفاد.wav,https://upload.wikimedia.org/wikipedia/commons/5/56/LL-Q55633582_%28ajp%29-Khalil.rantissi-%D8%A3%D9%81%D8%A7%D8%AF.wav
13,أفكار,ʔafˈkɑːrˤ,2,2,LL-Q55633582 (ajp)-Muhammad (AdrianAbdulBaha)-أفكار.wav,https://upload.wikimedia.org/wikipedia/commons/5/53/LL-Q55633582_%28ajp%29-Muhammad_%28AdrianAbdulBaha%29-%D8%A3%D9%81%D9%83%D8%A7%D8%B1.wav
14,أكيد,ʔaˈkiːd,2,2,LL-Q55633582 (ajp)-Khalil.rantissi-أكيد.wav,https://upload.wikimedia.org/wikipedia/commons/e/e3/LL-Q55633582_%28ajp%29-Khalil.rantissi-%D8%A3%D9%83%D9%8A%D8%AF.wav
15,أكيل,ʔakˈkiːl,2,2,LL-Q55633582 (ajp)-Khalil.rantissi-أكّيل.wav,https://upload.wikimedia.org/wikipedia/commons/2/21/LL-Q55633582_%28ajp%29-Khalil.rantissi-%D8%A3%D9%83%D9%91%D9%8A%D9%84.wav
16,أنو,ʔaˈnuː,2,2,LL-Q55633582 (ajp)-Muhammad (AdrianAbdulBaha)-أنو.wav,https://upload.wikimedia.org/wikipedia/commons/3/37/LL-Q55633582_%28ajp%29-Muhammad_%28AdrianAbdulBaha%29-%D8%A3%D9%86%D9%88.wav
17,أني,ʔaˈniː,2,2,LL-Q55633582 (ajp)-Muhammad (AdrianAbdulBaha)-ʔani.wav,https://upload.wikimedia.org/wikipedia/commons/d/df/LL-Q55633582_%28ajp%29-Muhammad_%28AdrianAbdulBaha%29-%CA%94ani.wav
18,أهلين,ʔahˈleːn,2,2,LL-Q55633582 (ajp)-AdrianAbdulBaha-أهلين.wav,https://upload.wikimedia.org/wikipedia/commons/b/b0/LL-Q55633582_%28ajp%29-AdrianAbdulBaha-%D8%A3%D9%87%D9%84%D9%8A%D9%86.wav
19,أوتيل,ʔoˈteːl,2,2,LL-Q55633582 (ajp)-Khalil.rantissi-اُوتيل.wav,https://upload.wikimedia.org/wikipedia/commons/7/76/LL-Q55633582_%28ajp%29-Khalil.rantissi-%D8%A7%D9%8F%D9%88%D8%AA%D9%8A%D9%84.wav
20,أولمبارح,ˈʔawwal‿ɪmˈbæːrɪħ,2,2,LL-Q55633582 (ajp)-AdrianAbdulBaha-أول مبارح.wav,https://upload.wikimedia.org/wikipedia/commons/2/23/LL-Q55633582_%28ajp%29-AdrianAbdulBaha-%D8%A3%D9%88%D9%84_%D9%85%D8%A8%D8%A7%D8%B1%D8%AD.wav
21,إبريق,ʔɪbˈriːʔ,2,2,LL-Q55633582 (ajp)-Khalil.rantissi-إبريق.wav,https://upload.wikimedia.org/wikipedia/commons/1/1f/LL-Q55633582_%28ajp%29-Khalil.rantissi-%D8%A5%D8%A8%D8%B1%D9%8A%D9%82.wav
22,إسلام,ʔisˈlæːm,2,2,LL-Q55633582 (ajp)-Khalil.rantissi-إسلام.wav,https://upload.wikimedia.org/wikipedia/commons/a/a5/LL-Q55633582_%28ajp%29-Khalil.rantissi-%D8%A5%D8%B3%D9%84%D8%A7%D9%85.wav
23,إسهال,ʔɪsˈhæːl,2,2,LL-Q55633582 (ajp)-Muhammad (AdrianAbdulBaha)-إسهال.wav,https://upload.wikimedia.org/wikipedia/commons/4/48/LL-Q55633582_%28ajp%29-Muhammad_%28AdrianAbdulBaha%29-%D8%A5%D8%B3%D9%87%D8%A7%D9%84.wav
24,إعلام,ʔɪʕˈlæːm,2,2,LL-Q55633582 (ajp)-Khalil.rantissi-إعلام.wav,https://upload.wikimedia.org/wikipedia/commons/b/b0/LL-Q55633582_%28ajp%29-Khalil.rantissi-%D8%A5%D8%B9%D9%84%D8%A7%D9%85.wav
25,إنجاص,ʔɪnˈʒɑːsˤ,2,2,LL-Q55633582 (ajp)-Khalil.rantissi-إنجاص.wav,https://upload.wikimedia.org/wikipedia/commons/1/18/LL-Q55633582_%28ajp%29-Khalil.rantissi-%D8%A5%D9%86%D8%AC%D8%A7%D8%B5.wav
26,إنسان,ʔinˈsæːn,2,2,LL-Q55633582 (ajp)-Khalil.rantissi-إنسان.wav,https://upload.wikimedia.org/wikipedia/commons/7/79/LL-Q55633582_%28ajp%29-Khalil.rantissi-%D8%A5%D9%86%D8%B3%D8%A7%D9%86.wav
27,ابتز,ɪbˈtaz,2,2,LL-Q55633582 (ajp)-Khalil.rantissi-ابتَزّ.wav,https://upload.wikimedia.org/wikipedia/commons/2/25/LL-Q55633582_%28ajp%29-Khalil.rantissi-%D8%A7%D8%A8%D8%AA%D9%8E%D8%B2%D9%91.wav
28,احتاج,ɪħˈtæːʒ,2,2,LL-Q55633582 (ajp)-Khalil.rantissi-احتاج.wav,https://upload.wikimedia.org/wikipedia/commons/e/ec/LL-Q55633582_%28ajp%29-Khalil.rantissi-%D8%A7%D8%AD%D8%AA%D8%A7%D8%AC.wav
29,احتج,ɪħˈtaʒ,2,2,LL-Q55633582 (ajp)-Khalil.rantissi-احتَجّ.wav,https://upload.wikimedia.org/wikipedia/commons/3/3c/LL-Q55633582_%28ajp%29-Khalil.rantissi-%D8%A7%D8%AD%D8%AA%D9%8E%D8%AC%D9%91.wav
30,احتل,ɪħˈtall,2,2,LL-Q55633582 (ajp)-Khalil.rantissi-احتَلّ.wav,https://upload.wikimedia.org/wikipedia/commons/4/4a/LL-Q55633582_%28ajp%29-Khalil.rantissi-%D8%A7%D8%AD%D8%AA%D9%8E%D9%84%D9%91.wav
31,احمر,(ɪ)ħˈmɑrˤ,2,2,LL-Q55633582 (ajp)-AdrianAbdulBaha-احمرّ.wav,https://upload.wikimedia.org/wikipedia/commons/a/af/LL-Q55633582_%28ajp%29-AdrianAbdulBaha-%D8%A7%D8%AD%D9%85%D8%B1%D9%91.wav
32,اختار,ɪxˈtˤɑːrˤ,2,2,LL-Q55633582 (ajp)-Khalil.rantissi-اختار.wav,https://upload.wikimedia.org/wikipedia/commons/0/02/LL-Q55633582_%28ajp%29-Khalil.rantissi-%D8%A7%D8%AE%D8%AA%D8%A7%D8%B1.wav
33,ارتاح,ɪrˈtæːħ,2,2,LL-Q55633582 (ajp)-Khalil.rantissi-ارتاح.wav,https://upload.wikimedia.org/wikipedia/commons/3/34/LL-Q55633582_%28ajp%29-Khalil.rantissi-%D8%A7%D8%B1%D8%AA%D8%A7%D8%AD.wav
34,استغنى,ɪsˈtaɣna,2,2,LL-Q55633582 (ajp)-Khalil.rantissi-استَغنى.wav,https://upload.wikimedia.org/wikipedia/commons/7/73/LL-Q55633582_%28ajp%29-Khalil.rantissi-%D8%A7%D8%B3%D8%AA%D9%8E%D8%BA%D9%86%D9%89.wav
35,اسمر,(ɪ)sˈmɑr,2,2,LL-Q55633582 (ajp)-Muhammad (AdrianAbdulBaha)-اسمَرّ.wav,https://upload.wikimedia.org/wikipedia/commons/3/37/LL-Q55633582_%28ajp%29-Muhammad_%28AdrianAbdulBaha%29-%D8%A7%D8%B3%D9%85%D9%8E%D8%B1%D9%91.wav
36,اشتاق,ɪʃˈtæːʔ,2,2,LL-Q55633582 (ajp)-Khalil.rantissi-اشتاق.wav,https://upload.wikimedia.org/wikipedia/commons/2/22/LL-Q55633582_%28ajp%29-Khalil.rantissi-%D8%A7%D8%B4%D8%AA%D8%A7%D9%82.wav
37,اضطر,ɪtˤˈtˤɑrˤ,2,2,LL-Q55633582 (ajp)-Khalil.rantissi-اضطَرّ.wav,https://upload.wikimedia.org/wikipedia/commons/c/cf/LL-Q55633582_%28ajp%29-Khalil.rantissi-%D8%A7%D8%B6%D8%B7%D9%8E%D8%B1%D9%91.wav
38,اغتال,ɪɣˈtæːl,2,2,LL-Q55633582 (ajp)-Khalil.rantissi-اغتال.wav,https://upload.wikimedia.org/wikipedia/commons/d/d1/LL-Q55633582_%28ajp%29-Khalil.rantissi-%D8%A7%D8%BA%D8%AA%D8%A7%D9%84.wav
39,السبت,ɪsˈsab(ɪ)t,2,2,LL-Q55633582 (ajp)-AseelF (AdrianAbdulBaha)-Saturday.wav,https://upload.wikimedia.org/wikipedia/commons/4/4f/LL-Q55633582_%28ajp%29-AseelF_%28AdrianAbdulBaha%29-Saturday.wav
40,الشام,(ɪ)ʃˈʃæːm,2,2,LL-Q55633582 (ajp)-AdrianAbdulBaha-الشام.wav,https://upload.wikimedia.org/wikipedia/commons/f/fb/LL-Q55633582_%28ajp%29-AdrianAbdulBaha-%D8%A7%D9%84%D8%B4%D8%A7%D9%85.wav
41,الصين,(ɪ)sˤˈsˤiːn,2,2,LL-Q55633582 (ajp)-AdrianAbdulBaha-الصين.wav,https://upload.wikimedia.org/wikipedia/commons/f/f8/LL-Q55633582_%28ajp%29-AdrianAbdulBaha-%D8%A7%D9%84%D8%B5%D9%8A%D9%86.wav
42,القدس,ɪlˈʔʊds,2,2,LL-Q55633582 (ajp)-Khalil.rantissi-القدس.wav,https://upload.wikimedia.org/wikipedia/commons/2/25/LL-Q55633582_%28ajp%29-Khalil.rantissi-%D8%A7%D9%84%D9%82%D8%AF%D8%B3.wav
43,اليوم,ɪlˈjoːm,2,2,LL-Q55633582 (ajp)-AseelF (AdrianAbdulBaha)-اليوم.wav,https://upload.wikimedia.org/wikipedia/commons/9/95/LL-Q55633582_%28ajp%29-AseelF_%28AdrianAbdulBaha%29-%D8%A7%D9%84%D9%8A%D9%88%D9%85.wav
44,انباع,ɪnˈbæːʕ,2,2,LL-Q55633582 (ajp)-Khalil.rantissi-انباع.wav,https://upload.wikimedia.org/wikipedia/commons/c/c1/LL-Q55633582_%28ajp%29-Khalil.rantissi-%D8%A7%D9%86%D8%A8%D8%A7%D8%B9.wav
45,انبل,ɪnˈbal,2,2,LL-Q55633582 (ajp)-Khalil.rantissi-انبَلّ.wav,https://upload.wikimedia.org/wikipedia/commons/7/73/LL-Q55633582_%28ajp%29-Khalil.rantissi-%D8%A7%D9%86%D8%A8%D9%8E%D9%84%D9%91.wav
46,انتاك,ɪnˈtæːk,2,2,LL-Q55633582 (ajp)-Khalil.rantissi-انتاك.wav,https://upload.wikimedia.org/wikipedia/commons/b/b4/LL-Q55633582_%28ajp%29-Khalil.rantissi-%D8%A7%D9%86%D8%AA%D8%A7%D9%83.wav
47,انجن,(ɪ)nˈʒann,2,2,LL-Q55633582 (ajp)-AdrianAbdulBaha-انجَنّ.wav,https://upload.wikimedia.org/wikipedia/commons/0/0f/LL-Q55633582_%28ajp%29-AdrianAbdulBaha-%D8%A7%D9%86%D8%AC%D9%8E%D9%86%D9%91.wav
48,انحب,(ɪ)nˈħab,2,2,LL-Q55633582 (ajp)-AdrianAbdulBaha-انحَبّ.wav,https://upload.wikimedia.org/wikipedia/commons/0/08/LL-Q55633582_%28ajp%29-AdrianAbdulBaha-%D8%A7%D9%86%D8%AD%D9%8E%D8%A8%D9%91.wav
49,انحل,ɪnˈħal,2,2,LL-Q55633582 (ajp)-Khalil.rantissi-انحَلّ.wav,https://upload.wikimedia.org/wikipedia/commons/6/67/LL-Q55633582_%28ajp%29-Khalil.rantissi-%D8%A7%D9%86%D8%AD%D9%8E%D9%84%D9%91.wav
50,انزاد,ɪnˈzæːd,2,2,LL-Q55633582 (ajp)-Khalil.rantissi-انزاد.wav,https://upload.wikimedia.org/wikipedia/commons/f/fb/LL-Q55633582_%28ajp%29-Khalil.rantissi-%D8%A7%D9%86%D8%B2%D8%A7%D8%AF.wav
51,انزار,ɪnˈzɑːrˤ,2,2,LL-Q55633582 (ajp)-Khalil.rantissi-انزار.wav,https://upload.wikimedia.org/wikipedia/commons/f/fe/LL-Q55633582_%28ajp%29-Khalil.rantissi-%D8%A7%D9%86%D8%B2%D8%A7%D8%B1.wav
52,انشاف,ɪnˈʃæːf,2,2,LL-Q55633582 (ajp)-Khalil.rantissi-انشاف.wav,https://upload.wikimedia.org/wikipedia/commons/2/2a/LL-Q55633582_%28ajp%29-Khalil.rantissi-%D8%A7%D9%86%D8%B4%D8%A7%D9%81.wav
53,انضم,ɪnˈdˤɑm,2,2,LL-Q55633582 (ajp)-Khalil.rantissi-انضَمّ.wav,https://upload.wikimedia.org/wikipedia/commons/2/28/LL-Q55633582_%28ajp%29-Khalil.rantissi-%D8%A7%D9%86%D8%B6%D9%8E%D9%85%D9%91.wav
54,انفك,ɪnˈfak,2,2,LL-Q55633582 (ajp)-Khalil.rantissi-انفَكّ.wav,https://upload.wikimedia.org/wikipedia/commons/3/38/LL-Q55633582_%28ajp%29-Khalil.rantissi-%D8%A7%D9%86%D9%81%D9%8E%D9%83%D9%91.wav
55,انقال,ɪnˈʔæːl,2,2,LL-Q55633582 (ajp)-Khalil.rantissi-انقال.wav,https://upload.wikimedia.org/wikipedia/commons/6/6c/LL-Q55633582_%28ajp%29-Khalil.rantissi-%D8%A7%D9%86%D9%82%D8%A7%D9%84.wav
56,انكب,ɪnˈkab,2,2,LL-Q55633582 (ajp)-Khalil.rantissi-انكَبّ.wav,https://upload.wikimedia.org/wikipedia/commons/7/73/LL-Q55633582_%28ajp%29-Khalil.rantissi-%D8%A7%D9%86%D9%83%D9%8E%D8%A8%D9%91.wav
57,انهار,ɪnˈhɑːrˤ,2,2,LL-Q55633582 (ajp)-Khalil.rantissi-انهار.wav,https://upload.wikimedia.org/wikipedia/commons/a/af/LL-Q55633582_%28ajp%29-Khalil.rantissi-%D8%A7%D9%86%D9%87%D8%A7%D8%B1.wav
58,اهتم,ihˈtam,2,2,LL-Q55633582 (ajp)-Khalil.rantissi-اهتَمّ.wav,https://upload.wikimedia.org/wikipedia/commons/2/2c/LL-Q55633582_%28ajp%29-Khalil.rantissi-%D8%A7%D9%87%D8%AA%D9%8E%D9%85%D9%91.wav
59,بئرالسبع,biːr‿ɪsˈsab(ɪ)ʕ,2,2,LL-Q55633582 (ajp)-Muhammad (AdrianAbdulBaha)-بئر السبع.wav,https://upload.wikimedia.org/wikipedia/commons/2/25/LL-Q55633582_%28ajp%29-Muhammad_%28AdrianAbdulBaha%29-%D8%A8%D8%A6%D8%B1_%D8%A7%D9%84%D8%B3%D8%A8%D8%B9.wav
60,بابور,bæːˈboːr,2,2,LL-Q55633582 (ajp)-Khalil.rantissi-بابور.wav,https://upload.wikimedia.org/wikipedia/commons/4/4c/LL-Q55633582_%28ajp%29-Khalil.rantissi-%D8%A8%D8%A7%D8%A8%D9%88%D8%B1.wav
61,بالزبط,bɪzˤˈzˤɑbtˤ,2,2,LL-Q55633582 (ajp)-Muhammad (AdrianAbdulBaha)-بالزبط.wav,https://upload.wikimedia.org/wikipedia/commons/c/c2/LL-Q55633582_%28ajp%29-Muhammad_%28AdrianAbdulBaha%29-%D8%A8%D8%A7%D9%84%D8%B2%D8%A8%D8%B7.wav
62,بالضبط,bɪzˤˈzˤɑbtˤ,2,2,LL-Q55633582 (ajp)-Muhammad (AdrianAbdulBaha)-بالزبط.wav,https://upload.wikimedia.org/wikipedia/commons/c/c2/LL-Q55633582_%28ajp%29-Muhammad_%28AdrianAbdulBaha%29-%D8%A8%D8%A7%D9%84%D8%B2%D8%A8%D8%B7.wav
63,بدون,bɪˈduːn,2,2,LL-Q55633582 (ajp)-MahmoudM (AdrianAbdulBaha)-بدون.wav,https://upload.wikimedia.org/wikipedia/commons/5/5b/LL-Q55633582_%28ajp%29-MahmoudM_%28AdrianAbdulBaha%29-%D8%A8%D8%AF%D9%88%D9%86.wav
64,بردان,barˈdæːn,2,2,LL-Q55633582 (ajp)-Khalil.rantissi-بَردان.wav,https://upload.wikimedia.org/wikipedia/commons/1/11/LL-Q55633582_%28ajp%29-Khalil.rantissi-%D8%A8%D9%8E%D8%B1%D8%AF%D8%A7%D9%86.wav
65,بردقان,burdˈʔæːn,2,2,LL-Q55633582 (ajp)-Khalil.rantissi-بردقان.wav,https://upload.wikimedia.org/wikipedia/commons/6/65/LL-Q55633582_%28ajp%29-Khalil.rantissi-%D8%A8%D8%B1%D8%AF%D9%82%D8%A7%D9%86.wav
66,بريم,barˈriːm,2,2,LL-Q55633582 (ajp)-Muhammad (AdrianAbdulBaha)-برّيم.wav,https://upload.wikimedia.org/wikipedia/commons/9/9d/LL-Q55633582_%28ajp%29-Muhammad_%28AdrianAbdulBaha%29-%D8%A8%D8%B1%D9%91%D9%8A%D9%85.wav
67,بسيط,bɑˈsˤiːtˤ,2,2,LL-Q55633582 (ajp)-Muhammad (AdrianAbdulBaha)-بسيط.wav,https://upload.wikimedia.org/wikipedia/commons/d/d5/LL-Q55633582_%28ajp%29-Muhammad_%28AdrianAbdulBaha%29-%D8%A8%D8%B3%D9%8A%D8%B7.wav
68,بشكير,baʃˈkiːr,2,2,LL-Q55633582 (ajp)-Muhammad (AdrianAbdulBaha)-بشكير.wav,https://upload.wikimedia.org/wikipedia/commons/c/cb/LL-Q55633582_%28ajp%29-Muhammad_%28AdrianAbdulBaha%29-%D8%A8%D8%B4%D9%83%D9%8A%D8%B1.wav
69,بطيء,bɑˈtˤiːʔ,2,2,LL-Q55633582 (ajp)-Muhammad (AdrianAbdulBaha)-بطيء.wav,https://upload.wikimedia.org/wikipedia/commons/9/9d/LL-Q55633582_%28ajp%29-Muhammad_%28AdrianAbdulBaha%29-%D8%A8%D8%B7%D9%8A%D8%A1.wav
70,بطيخ,bɑtˤˈtˤiːx,2,2,LL-Q55633582 (ajp)-IbrahimZ (AdrianAbdulBaha)-بطّيخ.wav,https://upload.wikimedia.org/wikipedia/commons/5/59/LL-Q55633582_%28ajp%29-IbrahimZ_%28AdrianAbdulBaha%29-%D8%A8%D8%B7%D9%91%D9%8A%D8%AE.wav
71,بعدين,baʕˈdeːn,2,2,LL-Q55633582 (ajp)-AseelF (AdrianAbdulBaha)-بعدين.wav,https://upload.wikimedia.org/wikipedia/commons/1/12/LL-Q55633582_%28ajp%29-AseelF_%28AdrianAbdulBaha%29-%D8%A8%D8%B9%D8%AF%D9%8A%D9%86.wav
72,بكير,bakˈkiːr,2,2,LL-Q55633582 (ajp)-AseelF (AdrianAbdulBaha)-بَكّير.wav,https://upload.wikimedia.org/wikipedia/commons/8/8b/LL-Q55633582_%28ajp%29-AseelF_%28AdrianAbdulBaha%29-%D8%A8%D9%8E%D9%83%D9%91%D9%8A%D8%B1.wav
73,بلاد,biˈlæːd,2,2,LL-Q55633582 (ajp)-Muhammad (AdrianAbdulBaha)-بلاد.wav,https://upload.wikimedia.org/wikipedia/commons/6/68/LL-Q55633582_%28ajp%29-Muhammad_%28AdrianAbdulBaha%29-%D8%A8%D9%84%D8%A7%D8%AF.wav
74,بلادالشام,blæːd (ɪ)ʃˈʃæːm,2,2,LL-Q55633582 (ajp)-AdrianAbdulBaha-بلاد الشام.wav,https://upload.wikimedia.org/wikipedia/commons/1/18/LL-Q55633582_%28ajp%29-AdrianAbdulBaha-%D8%A8%D9%84%D8%A7%D8%AF_%D8%A7%D9%84%D8%B4%D8%A7%D9%85.wav
75,بلاش,baˈlæːʃ,2,2,LL-Q55633582 (ajp)-MahmoudM (AdrianAbdulBaha)-بلاش.wav,https://upload.wikimedia.org/wikipedia/commons/0/03/LL-Q55633582_%28ajp%29-MahmoudM_%28AdrianAbdulBaha%29-%D8%A8%D9%84%D8%A7%D8%B4.wav
76,بلكون,balˈkoːn,2,2,LL-Q55633582 (ajp)-Muhammad (AdrianAbdulBaha)-بلكون.wav,https://upload.wikimedia.org/wikipedia/commons/2/24/LL-Q55633582_%28ajp%29-Muhammad_%28AdrianAbdulBaha%29-%D8%A8%D9%84%D9%83%D9%88%D9%86.wav
77,بنات,baˈnæːt,2,2,LL-Q55633582 (ajp)-MahmoudM (AdrianAbdulBaha)-بنات.wav,https://upload.wikimedia.org/wikipedia/commons/7/78/LL-Q55633582_%28ajp%29-MahmoudM_%28AdrianAbdulBaha%29-%D8%A8%D9%86%D8%A7%D8%AA.wav
78,بوفيه,buˈfeː,2,2,LL-Q55633582 (ajp)-Muhammad (AdrianAbdulBaha)-بوفيه.wav,https://upload.wikimedia.org/wikipedia/commons/2/2a/LL-Q55633582_%28ajp%29-Muhammad_%28AdrianAbdulBaha%29-%D8%A8%D9%88%D9%81%D9%8A%D9%87.wav
79,بولاد,buˈlæːd,2,2,LL-Q55633582 (ajp)-Muhammad (AdrianAbdulBaha)-بولاد.wav,https://upload.wikimedia.org/wikipedia/commons/a/a8/LL-Q55633582_%28ajp%29-Muhammad_%28AdrianAbdulBaha%29-%D8%A8%D9%88%D9%84%D8%A7%D8%AF.wav
80,بوليس,buˈliːs,2,2,LL-Q55633582 (ajp)-Muhammad (AdrianAbdulBaha)-بوليس.wav,https://upload.wikimedia.org/wikipedia/commons/4/42/LL-Q55633582_%28ajp%29-Muhammad_%28AdrianAbdulBaha%29-%D8%A8%D9%88%D9%84%D9%8A%D8%B3.wav
81,بياع,bajˈjæːʕ,2,2,LL-Q55633582 (ajp)-Muhammad (AdrianAbdulBaha)-بيّاع.wav,https://upload.wikimedia.org/wikipedia/commons/f/f4/LL-Q55633582_%28ajp%29-Muhammad_%28AdrianAbdulBaha%29-%D8%A8%D9%8A%D9%91%D8%A7%D8%B9.wav
82,بيتلحم,beːtˈlaħm,2,2,LL-Q55633582 (ajp)-Khalil.rantissi-بيت لحم.wav,https://upload.wikimedia.org/wikipedia/commons/4/44/LL-Q55633582_%28ajp%29-Khalil.rantissi-%D8%A8%D9%8A%D8%AA_%D9%84%D8%AD%D9%85.wav
83,بيروت,bejˈruːt,2,2,LL-Q55633582 (ajp)-AdrianAbdulBaha-بيروت.wav,https://upload.wikimedia.org/wikipedia/commons/4/4d/LL-Q55633582_%28ajp%29-AdrianAbdulBaha-%D8%A8%D9%8A%D8%B1%D9%88%D8%AA.wav
84,تأكيد,taʔˈkiːd,2,2,LL-Q55633582 (ajp)-Muhammad (AdrianAbdulBaha)-تأكيد.wav,https://upload.wikimedia.org/wikipedia/commons/1/19/LL-Q55633582_%28ajp%29-Muhammad_%28AdrianAbdulBaha%29-%D8%AA%D8%A3%D9%83%D9%8A%D8%AF.wav
85,تاريخ,tæːˈriːx,2,2,LL-Q55633582 (ajp)-Khalil.rantissi-تاريخ.wav,https://upload.wikimedia.org/wikipedia/commons/5/51/LL-Q55633582_%28ajp%29-Khalil.rantissi-%D8%AA%D8%A7%D8%B1%D9%8A%D8%AE.wav
86,تسعين,tɪsˈʕiːn,2,2,LL-Q55633582 (ajp)-Muhammad (AdrianAbdulBaha)-90.wav,https://upload.wikimedia.org/wikipedia/commons/9/9d/LL-Q55633582_%28ajp%29-Muhammad_%28AdrianAbdulBaha%29-90.wav
87,تعبان,taʕˈbæːn,2,2,LL-Q55633582 (ajp)-Khalil.rantissi-تَعبان.wav,https://upload.wikimedia.org/wikipedia/commons/a/af/LL-Q55633582_%28ajp%29-Khalil.rantissi-%D8%AA%D9%8E%D8%B9%D8%A8%D8%A7%D9%86.wav
88,تفاح,tufˈfæːħ,2,2,LL-Q55633582 (ajp)-IbrahimZ (AdrianAbdulBaha)-تفّاح.wav,https://upload.wikimedia.org/wikipedia/commons/2/2a/LL-Q55633582_%28ajp%29-IbrahimZ_%28AdrianAbdulBaha%29-%D8%AA%D9%81%D9%91%D8%A7%D8%AD.wav
89,تقيلالدم,tʔiːl‿ɪdˈdamm,2,2,LL-Q55633582 (ajp)-Muhammad (AdrianAbdulBaha)-تقيل الدم.wav,https://upload.wikimedia.org/wikipedia/commons/2/28/LL-Q55633582_%28ajp%29-Muhammad_%28AdrianAbdulBaha%29-%D8%AA%D9%82%D9%8A%D9%84_%D8%A7%D9%84%D8%AF%D9%85.wav
90,تلات,taˈlæːt,2,2,LL-Q55633582 (ajp)-AseelF (AdrianAbdulBaha)-3.wav,https://upload.wikimedia.org/wikipedia/commons/b/bf/LL-Q55633582_%28ajp%29-AseelF_%28AdrianAbdulBaha%29-3.wav
91,تلميذ,tɪlˈmiːz,2,2,LL-Q55633582 (ajp)-Muhammad (AdrianAbdulBaha)-تلميذ.wav,https://upload.wikimedia.org/wikipedia/commons/a/ac/LL-Q55633582_%28ajp%29-Muhammad_%28AdrianAbdulBaha%29-%D8%AA%D9%84%D9%85%D9%8A%D8%B0.wav
92,تمام,taˈmæːm,2,2,LL-Q55633582 (ajp)-MahmoudM (AdrianAbdulBaha)-تمام.wav,https://upload.wikimedia.org/wikipedia/commons/f/f0/LL-Q55633582_%28ajp%29-MahmoudM_%28AdrianAbdulBaha%29-%D8%AA%D9%85%D8%A7%D9%85.wav
93,تمساح,tɪmˈsæːħ,2,2,LL-Q55633582 (ajp)-Muhammad (AdrianAbdulBaha)-تمساح.wav,https://upload.wikimedia.org/wikipedia/commons/d/da/LL-Q55633582_%28ajp%29-Muhammad_%28AdrianAbdulBaha%29-%D8%AA%D9%85%D8%B3%D8%A7%D8%AD.wav
94,تنتين,tɪnˈteːn,2,2,LL-Q55633582 (ajp)-AseelF (AdrianAbdulBaha)-تنتين.wav,https://upload.wikimedia.org/wikipedia/commons/9/90/LL-Q55633582_%28ajp%29-AseelF_%28AdrianAbdulBaha%29-%D8%AA%D9%86%D8%AA%D9%8A%D9%86.wav
95,تنويم,tanˈwiːm,2,2,LL-Q55633582 (ajp)-Muhammad (AdrianAbdulBaha)-تنويم.wav,https://upload.wikimedia.org/wikipedia/commons/2/2b/LL-Q55633582_%28ajp%29-Muhammad_%28AdrianAbdulBaha%29-%D8%AA%D9%86%D9%88%D9%8A%D9%85.wav
96,توتالأرض,tuːt ɪlˈʔɑrdˤ,2,2,LL-Q55633582 (ajp)-Muhammad (AdrianAbdulBaha)-توت الأرض.wav,https://upload.wikimedia.org/wikipedia/commons/f/ff/LL-Q55633582_%28ajp%29-Muhammad_%28AdrianAbdulBaha%29-%D8%AA%D9%88%D8%AA_%D8%A7%D9%84%D8%A3%D8%B1%D8%B6.wav
97,جاكيت,ʒaˈkeːt,2,2,LL-Q55633582 (ajp)-Muhammad (AdrianAbdulBaha)-جاكيت.wav,https://upload.wikimedia.org/wikipedia/commons/b/b8/LL-Q55633582_%28ajp%29-Muhammad_%28AdrianAbdulBaha%29-%D8%AC%D8%A7%D9%83%D9%8A%D8%AA.wav
98,جدار,ʒɪˈdɑːrˤ,2,2,LL-Q55633582 (ajp)-Muhammad (AdrianAbdulBaha)-جدار.wav,https://upload.wikimedia.org/wikipedia/commons/9/99/LL-Q55633582_%28ajp%29-Muhammad_%28AdrianAbdulBaha%29-%D8%AC%D8%AF%D8%A7%D8%B1.wav
99,جرار,ʒɑrˤˈrˤɑːrˤ,2,2,LL-Q55633582 (ajp)-Muhammad (AdrianAbdulBaha)-جرّار.wav,https://upload.wikimedia.org/wikipedia/commons/1/13/LL-Q55633582_%28ajp%29-Muhammad_%28AdrianAbdulBaha%29-%D8%AC%D8%B1%D9%91%D8%A7%D8%B1.wav
100,جربان,ʒʊrˈbæːn,2,2,LL-Q55633582 (ajp)-Muhammad (AdrianAbdulBaha)-جربان.wav,https://upload.wikimedia.org/wikipedia/commons/6/65/LL-Q55633582_%28ajp%29-Muhammad_%28AdrianAbdulBaha%29-%D8%AC%D8%B1%D8%A8%D8%A7%D9%86.wav
101,جميل,ʒaˈmiːl,2,2,LL-Q55633582 (ajp)-Muhammad (AdrianAbdulBaha)-جميل.wav,https://upload.wikimedia.org/wikipedia/commons/0/09/LL-Q55633582_%28ajp%29-Muhammad_%28AdrianAbdulBaha%29-%D8%AC%D9%85%D9%8A%D9%84.wav
102,جنوب,ʒaˈnuːb,2,2,LL-Q55633582 (ajp)-Muhammad (AdrianAbdulBaha)-جنوب.wav,https://upload.wikimedia.org/wikipedia/commons/1/1a/LL-Q55633582_%28ajp%29-Muhammad_%28AdrianAbdulBaha%29-%D8%AC%D9%86%D9%88%D8%A8.wav
103,جنين,ʒɪˈniːn,2,2,LL-Q55633582 (ajp)-AdrianAbdulBaha-جنين.wav,https://upload.wikimedia.org/wikipedia/commons/0/0d/LL-Q55633582_%28ajp%29-AdrianAbdulBaha-%D8%AC%D9%86%D9%8A%D9%86.wav
104,جهاز,ʒɪˈhæːz,2,2,LL-Q55633582 (ajp)-Muhammad (AdrianAbdulBaha)-جهاز.wav,https://upload.wikimedia.org/wikipedia/commons/0/0f/LL-Q55633582_%28ajp%29-Muhammad_%28AdrianAbdulBaha%29-%D8%AC%D9%87%D8%A7%D8%B2.wav
105,جوال,ʒawˈwæːl,2,2,LL-Q55633582 (ajp)-Muhammad (AdrianAbdulBaha)-جوّال.wav,https://upload.wikimedia.org/wikipedia/commons/9/96/LL-Q55633582_%28ajp%29-Muhammad_%28AdrianAbdulBaha%29-%D8%AC%D9%88%D9%91%D8%A7%D9%84.wav
106,جوعان,ʒuˈʕæːn,2,2,LL-Q55633582 (ajp)-Khalil.rantissi-جوعان.wav,https://upload.wikimedia.org/wikipedia/commons/9/9e/LL-Q55633582_%28ajp%29-Khalil.rantissi-%D8%AC%D9%88%D8%B9%D8%A7%D9%86.wav
107,حبيب,ħaˈbiːb,2,2,LL-Q55633582 (ajp)-MahmoudM (AdrianAbdulBaha)-حبيب.wav,https://upload.wikimedia.org/wikipedia/commons/b/b1/LL-Q55633582_%28ajp%29-MahmoudM_%28AdrianAbdulBaha%29-%D8%AD%D8%A8%D9%8A%D8%A8.wav
108,حرام,ħaˈrˤɑːm,2,2,LL-Q55633582 (ajp)-Muhammad (AdrianAbdulBaha)-احرام.wav,https://upload.wikimedia.org/wikipedia/commons/2/2f/LL-Q55633582_%28ajp%29-Muhammad_%28AdrianAbdulBaha%29-%D8%A7%D8%AD%D8%B1%D8%A7%D9%85.wav
109,حزين,ħaˈziːn,2,2,LL-Q55633582 (ajp)-Muhammad (AdrianAbdulBaha)-حزين.wav,https://upload.wikimedia.org/wikipedia/commons/a/ac/LL-Q55633582_%28ajp%29-Muhammad_%28AdrianAbdulBaha%29-%D8%AD%D8%B2%D9%8A%D9%86.wav
110,حشيش,ħaˈʃiːʃ,2,2,LL-Q55633582 (ajp)-Muhammad (AdrianAbdulBaha)-حشيش.wav,https://upload.wikimedia.org/wikipedia/commons/5/5f/LL-Q55633582_%28ajp%29-Muhammad_%28AdrianAbdulBaha%29-%D8%AD%D8%B4%D9%8A%D8%B4.wav
111,حفيد,ħaˈfiːd,2,2,LL-Q55633582 (ajp)-Muhammad (AdrianAbdulBaha)-حفيد.wav,https://upload.wikimedia.org/wikipedia/commons/e/e2/LL-Q55633582_%28ajp%29-Muhammad_%28AdrianAbdulBaha%29-%D8%AD%D9%81%D9%8A%D8%AF.wav
112,حكيم,ħaˈkiːm,2,2,LL-Q55633582 (ajp)-Muhammad (AdrianAbdulBaha)-حكيم.wav,https://upload.wikimedia.org/wikipedia/commons/b/b7/LL-Q55633582_%28ajp%29-Muhammad_%28AdrianAbdulBaha%29-%D8%AD%D9%83%D9%8A%D9%85.wav
113,حلال,ħaˈlæːl,2,2,LL-Q55633582 (ajp)-Muhammad (AdrianAbdulBaha)-حلال.wav,https://upload.wikimedia.org/wikipedia/commons/1/11/LL-Q55633582_%28ajp%29-Muhammad_%28AdrianAbdulBaha%29-%D8%AD%D9%84%D8%A7%D9%84.wav
114,حليب,ħaˈliːb,2,2,LL-Q55633582 (ajp)-IbrahimZ (AdrianAbdulBaha)-حليب.wav,https://upload.wikimedia.org/wikipedia/commons/4/44/LL-Q55633582_%28ajp%29-IbrahimZ_%28AdrianAbdulBaha%29-%D8%AD%D9%84%D9%8A%D8%A8.wav
115,حماة,ħaˈmæː,2,2,LL-Q55633582 (ajp)-Muhammad (AdrianAbdulBaha)-حماة.wav,https://upload.wikimedia.org/wikipedia/commons/8/81/LL-Q55633582_%28ajp%29-Muhammad_%28AdrianAbdulBaha%29-%D8%AD%D9%85%D8%A7%D8%A9.wav
116,حماس,ħaˈmæːs,2,2,LL-Q55633582 (ajp)-Mohammad-LPA-حماس.wav,https://upload.wikimedia.org/wikipedia/commons/d/df/LL-Q55633582_%28ajp%29-Mohammad-LPA-%D8%AD%D9%85%D8%A7%D8%B3.wav
117,0حمام,ħamˈmæːm,2,2,LL-Q55633582 (ajp)-AdrianAbdulBaha-حمام.wav,https://upload.wikimedia.org/wikipedia/commons/7/7f/LL-Q55633582_%28ajp%29-AdrianAbdulBaha-%D8%AD%D9%85%D8%A7%D9%85.wav
118,حمام,ħaˈmæːm,2,2,LL-Q55633582 (ajp)-AdrianAbdulBaha-حمام.wav,https://upload.wikimedia.org/wikipedia/commons/7/7f/LL-Q55633582_%28ajp%29-AdrianAbdulBaha-%D8%AD%D9%85%D8%A7%D9%85.wav
119,حميان,ħamˈjæːn,2,2,LL-Q55633582 (ajp)-Muhammad (AdrianAbdulBaha)-حميان.wav,https://upload.wikimedia.org/wikipedia/commons/6/63/LL-Q55633582_%28ajp%29-Muhammad_%28AdrianAbdulBaha%29-%D8%AD%D9%85%D9%8A%D8%A7%D9%86.wav
120,حياة,ħaˈjæː,2,2,LL-Q55633582 (ajp)-MahmoudM (AdrianAbdulBaha)-حياة.wav,https://upload.wikimedia.org/wikipedia/commons/9/9f/LL-Q55633582_%28ajp%29-MahmoudM_%28AdrianAbdulBaha%29-%D8%AD%D9%8A%D8%A7%D8%A9.wav
121,حيوان,ħajˈwæːn,2,2,LL-Q55633582 (ajp)-Muhammad (AdrianAbdulBaha)-حيوان.wav,https://upload.wikimedia.org/wikipedia/commons/e/ee/LL-Q55633582_%28ajp%29-Muhammad_%28AdrianAbdulBaha%29-%D8%AD%D9%8A%D9%88%D8%A7%D9%86.wav
122,ختيار,xɪtˈjɑːrˤ,2,2,LL-Q55633582 (ajp)-Basil (AdrianAbdulBaha)-ختيار.wav,https://upload.wikimedia.org/wikipedia/commons/7/77/LL-Q55633582_%28ajp%29-Basil_%28AdrianAbdulBaha%29-%D8%AE%D8%AA%D9%8A%D8%A7%D8%B1.wav
123,خجلان,xaʒˈlæːn,2,2,LL-Q55633582 (ajp)-Muhammad (AdrianAbdulBaha)-خجلان.wav,https://upload.wikimedia.org/wikipedia/commons/a/a7/LL-Q55633582_%28ajp%29-Muhammad_%28AdrianAbdulBaha%29-%D8%AE%D8%AC%D9%84%D8%A7%D9%86.wav
124,خدام,xadˈdæːm,2,2,LL-Q55633582 (ajp)-Muhammad (AdrianAbdulBaha)-خدّام.wav,https://upload.wikimedia.org/wikipedia/commons/3/3b/LL-Q55633582_%28ajp%29-Muhammad_%28AdrianAbdulBaha%29-%D8%AE%D8%AF%D9%91%D8%A7%D9%85.wav
125,خربان,xɑrˤˈbɑːn,2,2,LL-Q55633582 (ajp)-Khalil.rantissi-خَربان.wav,https://upload.wikimedia.org/wikipedia/commons/5/55/LL-Q55633582_%28ajp%29-Khalil.rantissi-%D8%AE%D9%8E%D8%B1%D8%A8%D8%A7%D9%86.wav
126,خروف,xaˈruːf,2,2,LL-Q55633582 (ajp)-Muhammad (AdrianAbdulBaha)-خروف.wav,https://upload.wikimedia.org/wikipedia/commons/a/ad/LL-Q55633582_%28ajp%29-Muhammad_%28AdrianAbdulBaha%29-%D8%AE%D8%B1%D9%88%D9%81.wav
127,خريف,xaˈriːf,2,2,LL-Q55633582 (ajp)-Muhammad (AdrianAbdulBaha)-خريف.wav,https://upload.wikimedia.org/wikipedia/commons/a/a9/LL-Q55633582_%28ajp%29-Muhammad_%28AdrianAbdulBaha%29-%D8%AE%D8%B1%D9%8A%D9%81.wav
128,خطيب,xɑˈtˤiːb,2,2,LL-Q55633582 (ajp)-Muhammad (AdrianAbdulBaha)-خطيب.wav,https://upload.wikimedia.org/wikipedia/commons/6/6b/LL-Q55633582_%28ajp%29-Muhammad_%28AdrianAbdulBaha%29-%D8%AE%D8%B7%D9%8A%D8%A8.wav
129,خفاش,xafˈfæːʃ,2,2,LL-Q55633582 (ajp)-Muhammad (AdrianAbdulBaha)-خفّاش.wav,https://upload.wikimedia.org/wikipedia/commons/7/7a/LL-Q55633582_%28ajp%29-Muhammad_%28AdrianAbdulBaha%29-%D8%AE%D9%81%D9%91%D8%A7%D8%B4.wav
130,خفيف,xaˈfiːf,2,2,LL-Q55633582 (ajp)-Muhammad (AdrianAbdulBaha)-خفيف.wav,https://upload.wikimedia.org/wikipedia/commons/2/2e/LL-Q55633582_%28ajp%29-Muhammad_%28AdrianAbdulBaha%29-%D8%AE%D9%81%D9%8A%D9%81.wav
131,خلال,xɪˈlæːl,2,2,LL-Q55633582 (ajp)-AdrianAbdulBaha-خلال.wav,https://upload.wikimedia.org/wikipedia/commons/c/c3/LL-Q55633582_%28ajp%29-AdrianAbdulBaha-%D8%AE%D9%84%D8%A7%D9%84.wav
132,خمسين,xamˈsiːn,2,2,LL-Q55633582 (ajp)-Muhammad (AdrianAbdulBaha)-50.wav,https://upload.wikimedia.org/wikipedia/commons/a/a7/LL-Q55633582_%28ajp%29-Muhammad_%28AdrianAbdulBaha%29-50.wav
133,خنزير,xanˈziːr,2,2,LL-Q55633582 (ajp)-Muhammad (AdrianAbdulBaha)-خنزير.wav,https://upload.wikimedia.org/wikipedia/commons/8/87/LL-Q55633582_%28ajp%29-Muhammad_%28AdrianAbdulBaha%29-%D8%AE%D9%86%D8%B2%D9%8A%D8%B1.wav
134,خيار,xɪˈjɑːrˤ,2,2,LL-Q55633582 (ajp)-IbrahimZ (AdrianAbdulBaha)-خيار.wav,https://upload.wikimedia.org/wikipedia/commons/0/01/LL-Q55633582_%28ajp%29-IbrahimZ_%28AdrianAbdulBaha%29-%D8%AE%D9%8A%D8%A7%D8%B1.wav
135,دبان,dubˈbæːn,2,2,LL-Q55633582 (ajp)-Muhammad (AdrianAbdulBaha)-دبان.wav,https://upload.wikimedia.org/wikipedia/commons/c/ca/LL-Q55633582_%28ajp%29-Muhammad_%28AdrianAbdulBaha%29-%D8%AF%D8%A8%D8%A7%D9%86.wav
136,دفيان,dafˈjæːn,2,2,LL-Q55633582 (ajp)-Muhammad (AdrianAbdulBaha)-دفيان.wav,https://upload.wikimedia.org/wikipedia/commons/e/ec/LL-Q55633582_%28ajp%29-Muhammad_%28AdrianAbdulBaha%29-%D8%AF%D9%81%D9%8A%D8%A7%D9%86.wav
137,دقيقة,daˈʔiːʔa,2,2,LL-Q55633582 (ajp)-AseelF (AdrianAbdulBaha)-دَقيقة.wav,https://upload.wikimedia.org/wikipedia/commons/d/d4/LL-Q55633582_%28ajp%29-AseelF_%28AdrianAbdulBaha%29-%D8%AF%D9%8E%D9%82%D9%8A%D9%82%D8%A9.wav
138,دكان,dukˈkæːn,2,2,LL-Q55633582 (ajp)-AmmanM (AdrianAbdulBaha)-دكّان.wav,https://upload.wikimedia.org/wikipedia/commons/2/2b/LL-Q55633582_%28ajp%29-AmmanM_%28AdrianAbdulBaha%29-%D8%AF%D9%83%D9%91%D8%A7%D9%86.wav
139,دكتور,dʊkˈtoːr,2,2,LL-Q55633582 (ajp)-Muhammad (AdrianAbdulBaha)-دكتور.wav,https://upload.wikimedia.org/wikipedia/commons/c/c0/LL-Q55633582_%28ajp%29-Muhammad_%28AdrianAbdulBaha%29-%D8%AF%D9%83%D8%AA%D9%88%D8%B1.wav
140,دمشق,dɪˈmaʃq,2,2,LL-Q55633582 (ajp)-AdrianAbdulBaha-دمشق.wav,https://upload.wikimedia.org/wikipedia/commons/6/64/LL-Q55633582_%28ajp%29-AdrianAbdulBaha-%D8%AF%D9%85%D8%B4%D9%82.wav
141,دوام,daˈwæːm,2,2,LL-Q55633582 (ajp)-AmmanM (AdrianAbdulBaha)-دوام.wav,https://upload.wikimedia.org/wikipedia/commons/f/f9/LL-Q55633582_%28ajp%29-AmmanM_%28AdrianAbdulBaha%29-%D8%AF%D9%88%D8%A7%D9%85.wav
142,دينار,diˈnɑːrˤ,2,2,LL-Q55633582 (ajp)-Muhammad (AdrianAbdulBaha)-دينار.wav,https://upload.wikimedia.org/wikipedia/commons/5/5c/LL-Q55633582_%28ajp%29-Muhammad_%28AdrianAbdulBaha%29-%D8%AF%D9%8A%D9%86%D8%A7%D8%B1.wav
143,ربيع,rˤɑˈbiːʕ,2,2,LL-Q55633582 (ajp)-Muhammad (AdrianAbdulBaha)-ربيع.wav,https://upload.wikimedia.org/wikipedia/commons/5/54/LL-Q55633582_%28ajp%29-Muhammad_%28AdrianAbdulBaha%29-%D8%B1%D8%A8%D9%8A%D8%B9.wav
144,رجال,rɪʒˈʒæːl,2,2,LL-Q55633582 (ajp)-Muhammad (AdrianAbdulBaha)-رجّال.wav,https://upload.wikimedia.org/wikipedia/commons/7/76/LL-Q55633582_%28ajp%29-Muhammad_%28AdrianAbdulBaha%29-%D8%B1%D8%AC%D9%91%D8%A7%D9%84.wav
145,رمزور,ramˈzoːr,2,2,LL-Q55633582 (ajp)-Muhammad (AdrianAbdulBaha)-رمزور.wav,https://upload.wikimedia.org/wikipedia/commons/1/1c/LL-Q55633582_%28ajp%29-Muhammad_%28AdrianAbdulBaha%29-%D8%B1%D9%85%D8%B2%D9%88%D8%B1.wav
146,ريحان,riˈħæːn,2,2,LL-Q55633582 (ajp)-Khalil.rantissi-ريحان.wav,https://upload.wikimedia.org/wikipedia/commons/2/26/LL-Q55633582_%28ajp%29-Khalil.rantissi-%D8%B1%D9%8A%D8%AD%D8%A7%D9%86.wav
147,زتون,zed.zaˈtuːn,3,3,LL-Q55633582 (ajp)-Muhammad (AdrianAbdulBaha)-زيت زتون.wav,https://upload.wikimedia.org/wikipedia/commons/d/d6/LL-Q55633582_%28ajp%29-Muhammad_%28AdrianAbdulBaha%29-%D8%B2%D9%8A%D8%AA_%D8%B2%D8%AA%D9%88%D9%86.wav
148,زعلان,zaʕˈlæːn,2,2,LL-Q55633582 (ajp)-Khalil.rantissi-زَعلان.wav,https://upload.wikimedia.org/wikipedia/commons/5/52/LL-Q55633582_%28ajp%29-Khalil.rantissi-%D8%B2%D9%8E%D8%B9%D9%84%D8%A7%D9%86.wav
149,زمان,zaˈmæːn,2,2,LL-Q55633582 (ajp)-AseelF (AdrianAbdulBaha)-زَمان.wav,https://upload.wikimedia.org/wikipedia/commons/e/e3/LL-Q55633582_%28ajp%29-AseelF_%28AdrianAbdulBaha%29-%D8%B2%D9%8E%D9%85%D8%A7%D9%86.wav
150,زميل,zaˈmiːl,2,2,LL-Q55633582 (ajp)-Muhammad (AdrianAbdulBaha)-زميل.wav,https://upload.wikimedia.org/wikipedia/commons/e/eb/LL-Q55633582_%28ajp%29-Muhammad_%28AdrianAbdulBaha%29-%D8%B2%D9%85%D9%8A%D9%84.wav
151,زهقان,zahˈʔæːn,2,2,LL-Q55633582 (ajp)-Khalil.rantissi-زَهقان.wav,https://upload.wikimedia.org/wikipedia/commons/e/ef/LL-Q55633582_%28ajp%29-Khalil.rantissi-%D8%B2%D9%8E%D9%87%D9%82%D8%A7%D9%86.wav
152,سبعين,sabˈʕiːn,2,2,LL-Q55633582 (ajp)-Muhammad (AdrianAbdulBaha)-70.wav,https://upload.wikimedia.org/wikipedia/commons/d/de/LL-Q55633582_%28ajp%29-Muhammad_%28AdrianAbdulBaha%29-70.wav
153,ستعش,sitˤˈtˤɑʃ,2,2,LL-Q55633582 (ajp)-AseelF (AdrianAbdulBaha)-16.wav,https://upload.wikimedia.org/wikipedia/commons/1/13/LL-Q55633582_%28ajp%29-AseelF_%28AdrianAbdulBaha%29-16.wav
154,ستيان,sɪtˈjæːn,2,2,LL-Q55633582 (ajp)-Muhammad (AdrianAbdulBaha)-ستيان.wav,https://upload.wikimedia.org/wikipedia/commons/6/6e/LL-Q55633582_%28ajp%29-Muhammad_%28AdrianAbdulBaha%29-%D8%B3%D8%AA%D9%8A%D8%A7%D9%86.wav
155,ستين,sɪtˈtiːn,2,2,LL-Q55633582 (ajp)-Muhammad (AdrianAbdulBaha)-60.wav,https://upload.wikimedia.org/wikipedia/commons/6/65/LL-Q55633582_%28ajp%29-Muhammad_%28AdrianAbdulBaha%29-60.wav
156,سحاب,saħˈħæːb,2,2,LL-Q55633582 (ajp)-Muhammad (AdrianAbdulBaha)-سحّاب.wav,https://upload.wikimedia.org/wikipedia/commons/c/c8/LL-Q55633582_%28ajp%29-Muhammad_%28AdrianAbdulBaha%29-%D8%B3%D8%AD%D9%91%D8%A7%D8%A8.wav
157,سريع,saˈriːʕ,2,2,LL-Q55633582 (ajp)-Muhammad (AdrianAbdulBaha)-سريع.wav,https://upload.wikimedia.org/wikipedia/commons/e/ef/LL-Q55633582_%28ajp%29-Muhammad_%28AdrianAbdulBaha%29-%D8%B3%D8%B1%D9%8A%D8%B9.wav
158,سشوار,sɪʃˈwɑːrˤ,2,2,LL-Q55633582 (ajp)-Muhammad (AdrianAbdulBaha)-سشوار.wav,https://upload.wikimedia.org/wikipedia/commons/b/b8/LL-Q55633582_%28ajp%29-Muhammad_%28AdrianAbdulBaha%29-%D8%B3%D8%B4%D9%88%D8%A7%D8%B1.wav
159,سعيد,saˈʕiːd,2,2,LL-Q55633582 (ajp)-Muhammad (AdrianAbdulBaha)-سعيد.wav,https://upload.wikimedia.org/wikipedia/commons/1/1b/LL-Q55633582_%28ajp%29-Muhammad_%28AdrianAbdulBaha%29-%D8%B3%D8%B9%D9%8A%D8%AF.wav
160,سكران,sakˈrˤɑːn,2,2,LL-Q55633582 (ajp)-Khalil.rantissi-سَكران.wav,https://upload.wikimedia.org/wikipedia/commons/c/c5/LL-Q55633582_%28ajp%29-Khalil.rantissi-%D8%B3%D9%8E%D9%83%D8%B1%D8%A7%D9%86.wav
161,سلام,saˈlæːm,2,2,LL-Q55633582 (ajp)-Muhammad (AdrianAbdulBaha)-سلام.wav,https://upload.wikimedia.org/wikipedia/commons/7/72/LL-Q55633582_%28ajp%29-Muhammad_%28AdrianAbdulBaha%29-%D8%B3%D9%84%D8%A7%D9%85.wav
162,سهران,sɑhˈrˤɑːn,2,2,LL-Q55633582 (ajp)-Khalil.rantissi-سَهران.wav,https://upload.wikimedia.org/wikipedia/commons/5/55/LL-Q55633582_%28ajp%29-Khalil.rantissi-%D8%B3%D9%8E%D9%87%D8%B1%D8%A7%D9%86.wav
163,شاكوش,ʃaˈkuːʃ,2,2,LL-Q55633582 (ajp)-Muhammad (AdrianAbdulBaha)-شاكوش.wav,https://upload.wikimedia.org/wikipedia/commons/8/83/LL-Q55633582_%28ajp%29-Muhammad_%28AdrianAbdulBaha%29-%D8%B4%D8%A7%D9%83%D9%88%D8%B4.wav
164,شباب,ʃaˈbæːb,2,2,LL-Q55633582 (ajp)-MahmoudM (AdrianAbdulBaha)-شباب.wav,https://upload.wikimedia.org/wikipedia/commons/8/86/LL-Q55633582_%28ajp%29-MahmoudM_%28AdrianAbdulBaha%29-%D8%B4%D8%A8%D8%A7%D8%A8.wav
165,شباك,ʃubˈbæːk,2,2,LL-Q55633582 (ajp)-Muhammad (AdrianAbdulBaha)-شباك.wav,https://upload.wikimedia.org/wikipedia/commons/5/53/LL-Q55633582_%28ajp%29-Muhammad_%28AdrianAbdulBaha%29-%D8%B4%D8%A8%D8%A7%D9%83.wav
166,شبعان,ʃabˈʕæːn,2,2,LL-Q55633582 (ajp)-Khalil.rantissi-شَبعان.wav,https://upload.wikimedia.org/wikipedia/commons/c/ca/LL-Q55633582_%28ajp%29-Khalil.rantissi-%D8%B4%D9%8E%D8%A8%D8%B9%D8%A7%D9%86.wav
167,شتات,ʃaˈtæːt,2,2,LL-Q55633582 (ajp)-Khalil.rantissi-شتات.wav,https://upload.wikimedia.org/wikipedia/commons/8/83/LL-Q55633582_%28ajp%29-Khalil.rantissi-%D8%B4%D8%AA%D8%A7%D8%AA.wav
168,شحاد,ʃaħˈħæːd,2,2,LL-Q55633582 (ajp)-Muhammad (AdrianAbdulBaha)-شحّاد.wav,https://upload.wikimedia.org/wikipedia/commons/0/02/LL-Q55633582_%28ajp%29-Muhammad_%28AdrianAbdulBaha%29-%D8%B4%D8%AD%D9%91%D8%A7%D8%AF.wav
169,شراب,ʃaˈrˤɑːb,2,2,LL-Q55633582 (ajp)-Khalil.rantissi-شراب.wav,https://upload.wikimedia.org/wikipedia/commons/6/64/LL-Q55633582_%28ajp%29-Khalil.rantissi-%D8%B4%D8%B1%D8%A7%D8%A8.wav
170,شراع,ʃɪˈrɑːʕ,2,2,LL-Q55633582 (ajp)-Muhammad (AdrianAbdulBaha)-شراع.wav,https://upload.wikimedia.org/wikipedia/commons/4/4a/LL-Q55633582_%28ajp%29-Muhammad_%28AdrianAbdulBaha%29-%D8%B4%D8%B1%D8%A7%D8%B9.wav
171,شطرنج,ʃɑtˤˈrˤɑnʒ,2,2,LL-Q55633582 (ajp)-Muhammad (AdrianAbdulBaha)-شطرنج.wav,https://upload.wikimedia.org/wikipedia/commons/8/87/LL-Q55633582_%28ajp%29-Muhammad_%28AdrianAbdulBaha%29-%D8%B4%D8%B7%D8%B1%D9%86%D8%AC.wav
172,شغال,ʃaɣˈɣæːl,2,2,LL-Q55633582 (ajp)-Muhammad (AdrianAbdulBaha)-شغّال.wav,https://upload.wikimedia.org/wikipedia/commons/6/6c/LL-Q55633582_%28ajp%29-Muhammad_%28AdrianAbdulBaha%29-%D8%B4%D8%BA%D9%91%D8%A7%D9%84.wav
173,شغيل,ʃaɣˈɣiːl,2,2,LL-Q55633582 (ajp)-Muhammad (AdrianAbdulBaha)-شغّيل.wav,https://upload.wikimedia.org/wikipedia/commons/0/0f/LL-Q55633582_%28ajp%29-Muhammad_%28AdrianAbdulBaha%29-%D8%B4%D8%BA%D9%91%D9%8A%D9%84.wav
174,شمال,ʃaˈmæːl,2,2,LL-Q55633582 (ajp)-MahmoudM (AdrianAbdulBaha)-شمال.wav,https://upload.wikimedia.org/wikipedia/commons/8/89/LL-Q55633582_%28ajp%29-MahmoudM_%28AdrianAbdulBaha%29-%D8%B4%D9%85%D8%A7%D9%84.wav
175,شوبان,ʃawˈbæːn,2,2,LL-Q55633582 (ajp)-Khalil.rantissi-شوبان.wav,https://upload.wikimedia.org/wikipedia/commons/9/96/LL-Q55633582_%28ajp%29-Khalil.rantissi-%D8%B4%D9%88%D8%A8%D8%A7%D9%86.wav
176,شوفير,ʃʊˈfeːr,2,2,LL-Q55633582 (ajp)-AmmanM (AdrianAbdulBaha)-شوفير.wav,https://upload.wikimedia.org/wikipedia/commons/e/ec/LL-Q55633582_%28ajp%29-AmmanM_%28AdrianAbdulBaha%29-%D8%B4%D9%88%D9%81%D9%8A%D8%B1.wav
177,صابون,sˤɑˈbuːn,2,2,LL-Q55633582 (ajp)-Muhammad (AdrianAbdulBaha)-صابون.wav,https://upload.wikimedia.org/wikipedia/commons/7/72/LL-Q55633582_%28ajp%29-Muhammad_%28AdrianAbdulBaha%29-%D8%B5%D8%A7%D8%A8%D9%88%D9%86.wav
178,صالون,sˤɑˈloːn,2,2,LL-Q55633582 (ajp)-Muhammad (AdrianAbdulBaha)-صالون.wav,https://upload.wikimedia.org/wikipedia/commons/5/5c/LL-Q55633582_%28ajp%29-Muhammad_%28AdrianAbdulBaha%29-%D8%B5%D8%A7%D9%84%D9%88%D9%86.wav
179,صبور,sˤɑˈbuːr,2,2,LL-Q55633582 (ajp)-Muhammad (AdrianAbdulBaha)-صبور.wav,https://upload.wikimedia.org/wikipedia/commons/8/82/LL-Q55633582_%28ajp%29-Muhammad_%28AdrianAbdulBaha%29-%D8%B5%D8%A8%D9%88%D8%B1.wav
180,صديق,sˤɑˈdˤiːq,2,2,LL-Q55633582 (ajp)-MahmoudM (AdrianAbdulBaha)-صديق.wav,https://upload.wikimedia.org/wikipedia/commons/f/f7/LL-Q55633582_%28ajp%29-MahmoudM_%28AdrianAbdulBaha%29-%D8%B5%D8%AF%D9%8A%D9%82.wav
181,صرصور,sˤɑrˈsˤuːr,2,2,LL-Q55633582 (ajp)-Muhammad (AdrianAbdulBaha)-صرصور.wav,https://upload.wikimedia.org/wikipedia/commons/8/86/LL-Q55633582_%28ajp%29-Muhammad_%28AdrianAbdulBaha%29-%D8%B5%D8%B1%D8%B5%D9%88%D8%B1.wav
182,صلاة,sˤɑˈlɑː,2,2,LL-Q55633582 (ajp)-Khalil.rantissi-صلاة.wav,https://upload.wikimedia.org/wikipedia/commons/8/87/LL-Q55633582_%28ajp%29-Khalil.rantissi-%D8%B5%D9%84%D8%A7%D8%A9.wav
183,صليب,sˤɑˈliːb,2,2,LL-Q55633582 (ajp)-Basil (AdrianAbdulBaha)-صليب.wav,https://upload.wikimedia.org/wikipedia/commons/6/66/LL-Q55633582_%28ajp%29-Basil_%28AdrianAbdulBaha%29-%D8%B5%D9%84%D9%8A%D8%A8.wav
184,صندوق,sˤɑnˈdˤuːʔ,2,2,LL-Q55633582 (ajp)-Muhammad (AdrianAbdulBaha)-صندوق.wav,https://upload.wikimedia.org/wikipedia/commons/f/f1/LL-Q55633582_%28ajp%29-Muhammad_%28AdrianAbdulBaha%29-%D8%B5%D9%86%D8%AF%D9%88%D9%82.wav
185,طابور,tˤɑˈbuːrˤ,2,2,LL-Q55633582 (ajp)-Muhammad (AdrianAbdulBaha)-طابور.wav,https://upload.wikimedia.org/wikipedia/commons/a/a0/LL-Q55633582_%28ajp%29-Muhammad_%28AdrianAbdulBaha%29-%D8%B7%D8%A7%D8%A8%D9%88%D8%B1.wav
186,طباخ,tˤɑbˈbɑːx,2,2,LL-Q55633582 (ajp)-Muhammad (AdrianAbdulBaha)-طبّاخ.wav,https://upload.wikimedia.org/wikipedia/commons/2/2d/LL-Q55633582_%28ajp%29-Muhammad_%28AdrianAbdulBaha%29-%D8%B7%D8%A8%D9%91%D8%A7%D8%AE.wav
187,طبيب,tˤɑˈbiːb,2,2,LL-Q55633582 (ajp)-Muhammad (AdrianAbdulBaha)-طبيب.wav,https://upload.wikimedia.org/wikipedia/commons/e/e8/LL-Q55633582_%28ajp%29-Muhammad_%28AdrianAbdulBaha%29-%D8%B7%D8%A8%D9%8A%D8%A8.wav
188,طريق,tˤɑˈriːʔ,2,2,LL-Q55633582 (ajp)-Muhammad (AdrianAbdulBaha)-طريق.wav,https://upload.wikimedia.org/wikipedia/commons/8/85/LL-Q55633582_%28ajp%29-Muhammad_%28AdrianAbdulBaha%29-%D8%B7%D8%B1%D9%8A%D9%82.wav
189,طويل,tˤɑˈwiːl,2,2,LL-Q55633582 (ajp)-Muhammad (AdrianAbdulBaha)-طويل.wav,https://upload.wikimedia.org/wikipedia/commons/8/8d/LL-Q55633582_%28ajp%29-Muhammad_%28AdrianAbdulBaha%29-%D8%B7%D9%88%D9%8A%D9%84.wav
190,عجين,ʕaˈʒiːn,2,2,LL-Q55633582 (ajp)-Khalil.rantissi-عجين.wav,https://upload.wikimedia.org/wikipedia/commons/9/95/LL-Q55633582_%28ajp%29-Khalil.rantissi-%D8%B9%D8%AC%D9%8A%D9%86.wav
191,عديل,ʕaˈdiːl,2,2,LL-Q55633582 (ajp)-Muhammad (AdrianAbdulBaha)-عديل.wav,https://upload.wikimedia.org/wikipedia/commons/7/73/LL-Q55633582_%28ajp%29-Muhammad_%28AdrianAbdulBaha%29-%D8%B9%D8%AF%D9%8A%D9%84.wav
192,عرقان,ʕɑrˤˈʔɑːn,2,2,LL-Q55633582 (ajp)-Khalil.rantissi-عَرقان.wav,https://upload.wikimedia.org/wikipedia/commons/4/44/LL-Q55633582_%28ajp%29-Khalil.rantissi-%D8%B9%D9%8E%D8%B1%D9%82%D8%A7%D9%86.wav
193,عرنوس,ʕarˈnuːs,2,2,LL-Q55633582 (ajp)-Muhammad (AdrianAbdulBaha)-عرنوس.wav,https://upload.wikimedia.org/wikipedia/commons/9/95/LL-Q55633582_%28ajp%29-Muhammad_%28AdrianAbdulBaha%29-%D8%B9%D8%B1%D9%86%D9%88%D8%B3.wav
194,عروس,ʕaˈruːs,2,2,LL-Q55633582 (ajp)-MahmoudM (AdrianAbdulBaha)-عَروس.wav,https://upload.wikimedia.org/wikipedia/commons/8/81/LL-Q55633582_%28ajp%29-MahmoudM_%28AdrianAbdulBaha%29-%D8%B9%D9%8E%D8%B1%D9%88%D8%B3.wav
195,عريس,ʕaˈriːs,2,2,LL-Q55633582 (ajp)-MahmoudM (AdrianAbdulBaha)-عَريس.wav,https://upload.wikimedia.org/wikipedia/commons/0/09/LL-Q55633582_%28ajp%29-MahmoudM_%28AdrianAbdulBaha%29-%D8%B9%D9%8E%D8%B1%D9%8A%D8%B3.wav
196,عريض,ʕɑˈriːdˤ,2,2,LL-Q55633582 (ajp)-Muhammad (AdrianAbdulBaha)-عريض.wav,https://upload.wikimedia.org/wikipedia/commons/4/4d/LL-Q55633582_%28ajp%29-Muhammad_%28AdrianAbdulBaha%29-%D8%B9%D8%B1%D9%8A%D8%B6.wav
197,عزيز,ʕaˈziːz,2,2,LL-Q55633582 (ajp)-MahmoudM (AdrianAbdulBaha)-عزيز.wav,https://upload.wikimedia.org/wikipedia/commons/d/dd/LL-Q55633582_%28ajp%29-MahmoudM_%28AdrianAbdulBaha%29-%D8%B9%D8%B2%D9%8A%D8%B2.wav
198,عشان,ʕaˈʃæːn,2,2,LL-Q55633582 (ajp)-MahmoudM (AdrianAbdulBaha)-عشان.wav,https://upload.wikimedia.org/wikipedia/commons/c/c4/LL-Q55633582_%28ajp%29-MahmoudM_%28AdrianAbdulBaha%29-%D8%B9%D8%B4%D8%A7%D9%86.wav
199,عشانهيك,ʕaˈʃæːn heːk,2,2,LL-Q55633582 (ajp)-AdrianAbdulBaha-عشان هيك.wav,https://upload.wikimedia.org/wikipedia/commons/7/7f/LL-Q55633582_%28ajp%29-AdrianAbdulBaha-%D8%B9%D8%B4%D8%A7%D9%86_%D9%87%D9%8A%D9%83.wav
200,عشرين,ʕɪʃˈriːn,2,2,LL-Q55633582 (ajp)-AseelF (AdrianAbdulBaha)-20.wav,https://upload.wikimedia.org/wikipedia/commons/0/02/LL-Q55633582_%28ajp%29-AseelF_%28AdrianAbdulBaha%29-20.wav
201,عصفور,ʕɑsˤˈfuːr,2,2,LL-Q55633582 (ajp)-Muhammad (AdrianAbdulBaha)-عصفور.wav,https://upload.wikimedia.org/wikipedia/commons/1/1f/LL-Q55633582_%28ajp%29-Muhammad_%28AdrianAbdulBaha%29-%D8%B9%D8%B5%D9%81%D9%88%D8%B1.wav
202,عصير,ʕaˈsˤiːrˤ,2,2,LL-Q55633582 (ajp)-IbrahimZ (AdrianAbdulBaha)-عصير.wav,https://upload.wikimedia.org/wikipedia/commons/c/c1/LL-Q55633582_%28ajp%29-IbrahimZ_%28AdrianAbdulBaha%29-%D8%B9%D8%B5%D9%8A%D8%B1.wav
203,عطشان,ʕɑtˤˈʃɑːn,2,2,LL-Q55633582 (ajp)-Khalil.rantissi-عَطشان.wav,https://upload.wikimedia.org/wikipedia/commons/f/f1/LL-Q55633582_%28ajp%29-Khalil.rantissi-%D8%B9%D9%8E%D8%B7%D8%B4%D8%A7%D9%86.wav
204,عمان,ʕamˈmæːn,2,2,LL-Q55633582 (ajp)-AdrianAbdulBaha-عمّان.wav,https://upload.wikimedia.org/wikipedia/commons/0/00/LL-Q55633582_%28ajp%29-AdrianAbdulBaha-%D8%B9%D9%85%D9%91%D8%A7%D9%86.wav
205,عميق,ʕaˈmiːʔ,2,2,LL-Q55633582 (ajp)-Muhammad (AdrianAbdulBaha)-عميق.wav,https://upload.wikimedia.org/wikipedia/commons/5/53/LL-Q55633582_%28ajp%29-Muhammad_%28AdrianAbdulBaha%29-%D8%B9%D9%85%D9%8A%D9%82.wav
206,عنوان,ʕɪnˈwæːn,2,2,LL-Q55633582 (ajp)-AmmanM (AdrianAbdulBaha)-عنوان.wav,https://upload.wikimedia.org/wikipedia/commons/c/c6/LL-Q55633582_%28ajp%29-AmmanM_%28AdrianAbdulBaha%29-%D8%B9%D9%86%D9%88%D8%A7%D9%86.wav
207,عويص,ʕaˈwiːsˤ,2,2,LL-Q55633582 (ajp)-Muhammad (AdrianAbdulBaha)-عويص.wav,https://upload.wikimedia.org/wikipedia/commons/4/43/LL-Q55633582_%28ajp%29-Muhammad_%28AdrianAbdulBaha%29-%D8%B9%D9%88%D9%8A%D8%B5.wav
208,عيدميلاد,ʕiːd miˈlæːd,2,2,LL-Q55633582 (ajp)-Khalil.rantissi-عيد ميلاد.wav,https://upload.wikimedia.org/wikipedia/commons/2/24/LL-Q55633582_%28ajp%29-Khalil.rantissi-%D8%B9%D9%8A%D8%AF_%D9%85%D9%8A%D9%84%D8%A7%D8%AF.wav
209,غرقان,ɣɑrˤˈʔɑːn,2,2,LL-Q55633582 (ajp)-Khalil.rantissi-غَرقان.wav,https://upload.wikimedia.org/wikipedia/commons/f/fa/LL-Q55633582_%28ajp%29-Khalil.rantissi-%D8%BA%D9%8E%D8%B1%D9%82%D8%A7%D9%86.wav
210,غريب,ɣaˈriːb,2,2,LL-Q55633582 (ajp)-MahmoudM (AdrianAbdulBaha)-غريب.wav,https://upload.wikimedia.org/wikipedia/commons/f/f2/LL-Q55633582_%28ajp%29-MahmoudM_%28AdrianAbdulBaha%29-%D8%BA%D8%B1%D9%8A%D8%A8.wav
211,غسيل,ɣaˈsiːl,2,2,LL-Q55633582 (ajp)-Muhammad (AdrianAbdulBaha)-غسيل.wav,https://upload.wikimedia.org/wikipedia/commons/b/bd/LL-Q55633582_%28ajp%29-Muhammad_%28AdrianAbdulBaha%29-%D8%BA%D8%B3%D9%8A%D9%84.wav
212,غضبان,ɣɑdˤˈbɑːn,2,2,LL-Q55633582 (ajp)-Khalil.rantissi-غضبان.wav,https://upload.wikimedia.org/wikipedia/commons/6/6f/LL-Q55633582_%28ajp%29-Khalil.rantissi-%D8%BA%D8%B6%D8%A8%D8%A7%D9%86.wav
213,غلطان,ɣɑlˤˈtˤɑːn,2,2,LL-Q55633582 (ajp)-Khalil.rantissi-غَلطان.wav,https://upload.wikimedia.org/wikipedia/commons/0/0c/LL-Q55633582_%28ajp%29-Khalil.rantissi-%D8%BA%D9%8E%D9%84%D8%B7%D8%A7%D9%86.wav
214,غميق,ɣaˈmiːʔ,2,2,LL-Q55633582 (ajp)-Muhammad (AdrianAbdulBaha)-غميق.wav,https://upload.wikimedia.org/wikipedia/commons/0/04/LL-Q55633582_%28ajp%29-Muhammad_%28AdrianAbdulBaha%29-%D8%BA%D9%85%D9%8A%D9%82.wav
215,غيتار,ɡiˈtɑːrˤ,2,2,LL-Q55633582 (ajp)-Muhammad (AdrianAbdulBaha)-غيتار.wav,https://upload.wikimedia.org/wikipedia/commons/5/56/LL-Q55633582_%28ajp%29-Muhammad_%28AdrianAbdulBaha%29-%D8%BA%D9%8A%D8%AA%D8%A7%D8%B1.wav
216,غيران,ɣajˈrɑːn,2,2,LL-Q55633582 (ajp)-Khalil.rantissi-غيران.wav,https://upload.wikimedia.org/wikipedia/commons/3/3d/LL-Q55633582_%28ajp%29-Khalil.rantissi-%D8%BA%D9%8A%D8%B1%D8%A7%D9%86.wav
217,فخور,faˈxuːr,2,2,LL-Q55633582 (ajp)-Muhammad (AdrianAbdulBaha)-فخور.wav,https://upload.wikimedia.org/wikipedia/commons/f/fb/LL-Q55633582_%28ajp%29-Muhammad_%28AdrianAbdulBaha%29-%D9%81%D8%AE%D9%88%D8%B1.wav
218,فرحان,fɑrˤˈħɑːn,2,2,LL-Q55633582 (ajp)-Khalil.rantissi-فَرحان.wav,https://upload.wikimedia.org/wikipedia/commons/4/41/LL-Q55633582_%28ajp%29-Khalil.rantissi-%D9%81%D9%8E%D8%B1%D8%AD%D8%A7%D9%86.wav
219,فريق,faˈriːq,2,2,LL-Q55633582 (ajp)-Muhammad (AdrianAbdulBaha)-فريق.wav,https://upload.wikimedia.org/wikipedia/commons/b/b9/LL-Q55633582_%28ajp%29-Muhammad_%28AdrianAbdulBaha%29-%D9%81%D8%B1%D9%8A%D9%82.wav
220,فستان,fʊsˈtæːn,2,2,LL-Q55633582 (ajp)-Muhammad (AdrianAbdulBaha)-فستان.wav,https://upload.wikimedia.org/wikipedia/commons/6/65/LL-Q55633582_%28ajp%29-Muhammad_%28AdrianAbdulBaha%29-%D9%81%D8%B3%D8%AA%D8%A7%D9%86.wav
221,فنجان,fɪnˈʒæːn,2,2,LL-Q55633582 (ajp)-IbrahimZ (AdrianAbdulBaha)-فنجان.wav,https://upload.wikimedia.org/wikipedia/commons/4/41/LL-Q55633582_%28ajp%29-IbrahimZ_%28AdrianAbdulBaha%29-%D9%81%D9%86%D8%AC%D8%A7%D9%86.wav
222,فهمان,fahˈmæːn,2,2,LL-Q55633582 (ajp)-Khalil.rantissi-فَهمان.wav,https://upload.wikimedia.org/wikipedia/commons/2/2f/LL-Q55633582_%28ajp%29-Khalil.rantissi-%D9%81%D9%8E%D9%87%D9%85%D8%A7%D9%86.wav
223,قبال,(ɪ)ʔˈbæːl,2,2,LL-Q55633582 (ajp)-AdrianAbdulBaha-قبال.wav,https://upload.wikimedia.org/wikipedia/commons/6/6b/LL-Q55633582_%28ajp%29-AdrianAbdulBaha-%D9%82%D8%A8%D8%A7%D9%84.wav
224,قبلمبارح,ʔabl‿ɪmˈbæːrɪħ,2,2,LL-Q55633582 (ajp)-AdrianAbdulBaha-قبل مبارح.wav,https://upload.wikimedia.org/wikipedia/commons/3/3d/LL-Q55633582_%28ajp%29-AdrianAbdulBaha-%D9%82%D8%A8%D9%84_%D9%85%D8%A8%D8%A7%D8%B1%D8%AD.wav
225,قدام,ʔudˈdæːm,2,2,LL-Q55633582 (ajp)-MahmoudM (AdrianAbdulBaha)-قدّام.wav,https://upload.wikimedia.org/wikipedia/commons/0/08/LL-Q55633582_%28ajp%29-MahmoudM_%28AdrianAbdulBaha%29-%D9%82%D8%AF%D9%91%D8%A7%D9%85.wav
226,قديم,ʔaˈdiːm,2,2,LL-Q55633582 (ajp)-Muhammad (AdrianAbdulBaha)-قديم.wav,https://upload.wikimedia.org/wikipedia/commons/a/a1/LL-Q55633582_%28ajp%29-Muhammad_%28AdrianAbdulBaha%29-%D9%82%D8%AF%D9%8A%D9%85.wav
227,قرار,qɑˈrˤɑːrˤ,2,2,LL-Q55633582 (ajp)-Muhammad (AdrianAbdulBaha)-قرار.wav,https://upload.wikimedia.org/wikipedia/commons/b/b0/LL-Q55633582_%28ajp%29-Muhammad_%28AdrianAbdulBaha%29-%D9%82%D8%B1%D8%A7%D8%B1.wav
228,قرفان,ʔɑrˤˈfɑːn,2,2,LL-Q55633582 (ajp)-Khalil.rantissi-قَرفان.wav,https://upload.wikimedia.org/wikipedia/commons/1/13/LL-Q55633582_%28ajp%29-Khalil.rantissi-%D9%82%D9%8E%D8%B1%D9%81%D8%A7%D9%86.wav
229,قريب,ʔaˈriːb,2,2,LL-Q55633582 (ajp)-MahmoudM (AdrianAbdulBaha)-قريب.wav,https://upload.wikimedia.org/wikipedia/commons/d/df/LL-Q55633582_%28ajp%29-MahmoudM_%28AdrianAbdulBaha%29-%D9%82%D8%B1%D9%8A%D8%A8.wav
230,قزاز,ʔiˈzæːz,2,2,LL-Q55633582 (ajp)-Muhammad (AdrianAbdulBaha)-قزاز.wav,https://upload.wikimedia.org/wikipedia/commons/4/43/LL-Q55633582_%28ajp%29-Muhammad_%28AdrianAbdulBaha%29-%D9%82%D8%B2%D8%A7%D8%B2.wav
231,قصدير,qɑzˤˈdˤiːrˤ,2,2,LL-Q55633582 (ajp)-Muhammad (AdrianAbdulBaha)-قصدير.wav,https://upload.wikimedia.org/wikipedia/commons/8/84/LL-Q55633582_%28ajp%29-Muhammad_%28AdrianAbdulBaha%29-%D9%82%D8%B5%D8%AF%D9%8A%D8%B1.wav
232,قصير,ʔɑˈsˤiːr,2,2,LL-Q55633582 (ajp)-Muhammad (AdrianAbdulBaha)-قصير.wav,https://upload.wikimedia.org/wikipedia/commons/c/ca/LL-Q55633582_%28ajp%29-Muhammad_%28AdrianAbdulBaha%29-%D9%82%D8%B5%D9%8A%D8%B1.wav
233,قلقان,ʔalˈʔæːn,2,2,LL-Q55633582 (ajp)-Khalil.rantissi-قَلقان.wav,https://upload.wikimedia.org/wikipedia/commons/b/b9/LL-Q55633582_%28ajp%29-Khalil.rantissi-%D9%82%D9%8E%D9%84%D9%82%D8%A7%D9%86.wav
234,قليل,ʔaˈliːl,2,2,LL-Q55633582 (ajp)-Muhammad (AdrianAbdulBaha)-قليل.wav,https://upload.wikimedia.org/wikipedia/commons/b/b5/LL-Q55633582_%28ajp%29-Muhammad_%28AdrianAbdulBaha%29-%D9%82%D9%84%D9%8A%D9%84.wav
235,قميص,ʔɑˈmiːsˤ,2,2,LL-Q55633582 (ajp)-Muhammad (AdrianAbdulBaha)-قميص.wav,https://upload.wikimedia.org/wikipedia/commons/4/4e/LL-Q55633582_%28ajp%29-Muhammad_%28AdrianAbdulBaha%29-%D9%82%D9%85%D9%8A%D8%B5.wav
236,قناة,qɑˈnæː,2,2,LL-Q55633582 (ajp)-Muhammad (AdrianAbdulBaha)-قناة.wav,https://upload.wikimedia.org/wikipedia/commons/b/b8/LL-Q55633582_%28ajp%29-Muhammad_%28AdrianAbdulBaha%29-%D9%82%D9%86%D8%A7%D8%A9.wav
237,قوار,ʔuwˈwɑːrˤ,2,2,LL-Q55633582 (ajp)-Muhammad (AdrianAbdulBaha)-قوّار.wav,https://upload.wikimedia.org/wikipedia/commons/4/4b/LL-Q55633582_%28ajp%29-Muhammad_%28AdrianAbdulBaha%29-%D9%82%D9%88%D9%91%D8%A7%D8%B1.wav
238,قوام,ʔaˈwæːm,2,2,LL-Q55633582 (ajp)-AdrianAbdulBaha-قوام.wav,https://upload.wikimedia.org/wikipedia/commons/f/f9/LL-Q55633582_%28ajp%29-AdrianAbdulBaha-%D9%82%D9%88%D8%A7%D9%85.wav
239,كئيب,kaˈʔiːb,2,2,LL-Q55633582 (ajp)-Muhammad (AdrianAbdulBaha)-كئيب.wav,https://upload.wikimedia.org/wikipedia/commons/7/7d/LL-Q55633582_%28ajp%29-Muhammad_%28AdrianAbdulBaha%29-%D9%83%D8%A6%D9%8A%D8%A8.wav
240,كابوس,kæˈbuːs,2,2,LL-Q55633582 (ajp)-Muhammad (AdrianAbdulBaha)-كابوس.wav,https://upload.wikimedia.org/wikipedia/commons/2/27/LL-Q55633582_%28ajp%29-Muhammad_%28AdrianAbdulBaha%29-%D9%83%D8%A7%D8%A8%D9%88%D8%B3.wav
241,كبريت,kɪbˈriːt,2,2,LL-Q55633582 (ajp)-Muhammad (AdrianAbdulBaha)-كبريت.wav,https://upload.wikimedia.org/wikipedia/commons/b/b1/LL-Q55633582_%28ajp%29-Muhammad_%28AdrianAbdulBaha%29-%D9%83%D8%A8%D8%B1%D9%8A%D8%AA.wav
242,كحتوت,kaħˈtuːt,2,2,LL-Q55633582 (ajp)-Muhammad (AdrianAbdulBaha)-كحتوت.wav,https://upload.wikimedia.org/wikipedia/commons/c/cf/LL-Q55633582_%28ajp%29-Muhammad_%28AdrianAbdulBaha%29-%D9%83%D8%AD%D8%AA%D9%88%D8%AA.wav
243,كرتون,karˈtoːn,2,2,LL-Q55633582 (ajp)-Muhammad (AdrianAbdulBaha)-كرتون.wav,https://upload.wikimedia.org/wikipedia/commons/b/bf/LL-Q55633582_%28ajp%29-Muhammad_%28AdrianAbdulBaha%29-%D9%83%D8%B1%D8%AA%D9%88%D9%86.wav
244,كسلان,kasˈlæːn,2,2,LL-Q55633582 (ajp)-Khalil.rantissi-كَسلان.wav,https://upload.wikimedia.org/wikipedia/commons/a/a3/LL-Q55633582_%28ajp%29-Khalil.rantissi-%D9%83%D9%8E%D8%B3%D9%84%D8%A7%D9%86.wav
245,كفكير,kafˈkiːr,2,2,LL-Q55633582 (ajp)-Muhammad (AdrianAbdulBaha)-كفكير.wav,https://upload.wikimedia.org/wikipedia/commons/4/4e/LL-Q55633582_%28ajp%29-Muhammad_%28AdrianAbdulBaha%29-%D9%83%D9%81%D9%83%D9%8A%D8%B1.wav
246,كلام,kaˈlæːm,2,2,LL-Q55633582 (ajp)-Muhammad (AdrianAbdulBaha)-كلام.wav,https://upload.wikimedia.org/wikipedia/commons/c/cc/LL-Q55633582_%28ajp%29-Muhammad_%28AdrianAbdulBaha%29-%D9%83%D9%84%D8%A7%D9%85.wav
247,كلسون,kalˈsoːn,2,2,LL-Q55633582 (ajp)-Muhammad (AdrianAbdulBaha)-كلسون.wav,https://upload.wikimedia.org/wikipedia/commons/8/80/LL-Q55633582_%28ajp%29-Muhammad_%28AdrianAbdulBaha%29-%D9%83%D9%84%D8%B3%D9%88%D9%86.wav
248,كمان,kaˈmæːn,2,2,LL-Q55633582 (ajp)-MahmoudM (AdrianAbdulBaha)-كمان.wav,https://upload.wikimedia.org/wikipedia/commons/5/51/LL-Q55633582_%28ajp%29-MahmoudM_%28AdrianAbdulBaha%29-%D9%83%D9%85%D8%A7%D9%86.wav
249,كولون,koˈloːn,2,2,LL-Q55633582 (ajp)-Muhammad (AdrianAbdulBaha)-كولون.wav,https://upload.wikimedia.org/wikipedia/commons/1/14/LL-Q55633582_%28ajp%29-Muhammad_%28AdrianAbdulBaha%29-%D9%83%D9%88%D9%84%D9%88%D9%86.wav
250,كويس,kwajˈjɪs,2,2,LL-Q55633582 (ajp)-MahmoudM (AdrianAbdulBaha)-كويّس.wav,https://upload.wikimedia.org/wikipedia/commons/2/26/LL-Q55633582_%28ajp%29-MahmoudM_%28AdrianAbdulBaha%29-%D9%83%D9%88%D9%8A%D9%91%D8%B3.wav
251,لبنان,lʊbˈnæːn,2,2,LL-Q55633582 (ajp)-AdrianAbdulBaha-لبنان.wav,https://upload.wikimedia.org/wikipedia/commons/2/2e/LL-Q55633582_%28ajp%29-AdrianAbdulBaha-%D9%84%D8%A8%D9%86%D8%A7%D9%86.wav
252,لحاف,(ɪ)lˈħæːf,2,2,LL-Q55633582 (ajp)-Muhammad (AdrianAbdulBaha)-لحاف.wav,https://upload.wikimedia.org/wikipedia/commons/f/fb/LL-Q55633582_%28ajp%29-Muhammad_%28AdrianAbdulBaha%29-%D9%84%D8%AD%D8%A7%D9%81.wav
253,لحد,laˈħad,2,2,LL-Q55633582 (ajp)-MahmoudM (AdrianAbdulBaha)-لحدّ.wav,https://upload.wikimedia.org/wikipedia/commons/d/df/LL-Q55633582_%28ajp%29-MahmoudM_%28AdrianAbdulBaha%29-%D9%84%D8%AD%D8%AF%D9%91.wav
254,لذيذ,laˈziːz,2,2,LL-Q55633582 (ajp)-Muhammad (AdrianAbdulBaha)-لذيذ.wav,https://upload.wikimedia.org/wikipedia/commons/3/3f/LL-Q55633582_%28ajp%29-Muhammad_%28AdrianAbdulBaha%29-%D9%84%D8%B0%D9%8A%D8%B0.wav
255,لسان,(ɪ)lˈsæːn,2,2,LL-Q55633582 (ajp)-Muhammad (AdrianAbdulBaha)-لسان.wav,https://upload.wikimedia.org/wikipedia/commons/0/0a/LL-Q55633582_%28ajp%29-Muhammad_%28AdrianAbdulBaha%29-%D9%84%D8%B3%D8%A7%D9%86.wav
256,لطيف,lɑˈtˤiːf,2,2,LL-Q55633582 (ajp)-MahmoudM (AdrianAbdulBaha)-لطيف.wav,https://upload.wikimedia.org/wikipedia/commons/7/72/LL-Q55633582_%28ajp%29-MahmoudM_%28AdrianAbdulBaha%29-%D9%84%D8%B7%D9%8A%D9%81.wav
257,لمون,laˈmuːn,2,2,LL-Q55633582 (ajp)-IbrahimZ (AdrianAbdulBaha)-ليمون.wav,https://upload.wikimedia.org/wikipedia/commons/7/7b/LL-Q55633582_%28ajp%29-IbrahimZ_%28AdrianAbdulBaha%29-%D9%84%D9%8A%D9%85%D9%88%D9%86.wav
258,مادام,maˈdæːm,2,2,LL-Q55633582 (ajp)-MahmoudM (AdrianAbdulBaha)-ما دام.wav,https://upload.wikimedia.org/wikipedia/commons/b/bf/LL-Q55633582_%28ajp%29-MahmoudM_%28AdrianAbdulBaha%29-%D9%85%D8%A7_%D8%AF%D8%A7%D9%85.wav
259,مايوه,majˈjoː,2,2,LL-Q55633582 (ajp)-Muhammad (AdrianAbdulBaha)-مايّوه.wav,https://upload.wikimedia.org/wikipedia/commons/c/c3/LL-Q55633582_%28ajp%29-Muhammad_%28AdrianAbdulBaha%29-%D9%85%D8%A7%D9%8A%D9%91%D9%88%D9%87.wav
260,مبروك,mabˈruːk,2,2,LL-Q55633582 (ajp)-Muhammad (AdrianAbdulBaha)-مبروك.wav,https://upload.wikimedia.org/wikipedia/commons/0/0a/LL-Q55633582_%28ajp%29-Muhammad_%28AdrianAbdulBaha%29-%D9%85%D8%A8%D8%B1%D9%88%D9%83.wav
261,مبسوط,mɑbˈsˤuːtˤ,2,2,LL-Q55633582 (ajp)-Muhammad (AdrianAbdulBaha)-مبسوط.wav,https://upload.wikimedia.org/wikipedia/commons/c/c5/LL-Q55633582_%28ajp%29-Muhammad_%28AdrianAbdulBaha%29-%D9%85%D8%A8%D8%B3%D9%88%D8%B7.wav
262,مبلول,mabˈluːl,2,2,LL-Q55633582 (ajp)-Muhammad (AdrianAbdulBaha)-مبلول.wav,https://upload.wikimedia.org/wikipedia/commons/b/b8/LL-Q55633582_%28ajp%29-Muhammad_%28AdrianAbdulBaha%29-%D9%85%D8%A8%D9%84%D9%88%D9%84.wav
263,محسوم,maħˈsuːm,2,2,LL-Q55633582 (ajp)-Muhammad (AdrianAbdulBaha)-محسوم.wav,https://upload.wikimedia.org/wikipedia/commons/7/7b/LL-Q55633582_%28ajp%29-Muhammad_%28AdrianAbdulBaha%29-%D9%85%D8%AD%D8%B3%D9%88%D9%85.wav
264,محل,maˈħal,2,2,LL-Q55633582 (ajp)-AmmanM (AdrianAbdulBaha)-محلّ.wav,https://upload.wikimedia.org/wikipedia/commons/b/b9/LL-Q55633582_%28ajp%29-AmmanM_%28AdrianAbdulBaha%29-%D9%85%D8%AD%D9%84%D9%91.wav
265,محيط,mʊˈħiːtˤ,2,2,LL-Q55633582 (ajp)-Muhammad (AdrianAbdulBaha)-محيط.wav,https://upload.wikimedia.org/wikipedia/commons/e/e6/LL-Q55633582_%28ajp%29-Muhammad_%28AdrianAbdulBaha%29-%D9%85%D8%AD%D9%8A%D8%B7.wav
266,مختار,mʊxˈtɑːrˤ,2,2,LL-Q55633582 (ajp)-Muhammad (AdrianAbdulBaha)-مختار.wav,https://upload.wikimedia.org/wikipedia/commons/3/36/LL-Q55633582_%28ajp%29-Muhammad_%28AdrianAbdulBaha%29-%D9%85%D8%AE%D8%AA%D8%A7%D8%B1.wav
267,مدير,muˈdiːr,2,2,LL-Q55633582 (ajp)-AmmanM (AdrianAbdulBaha)-مدير.wav,https://upload.wikimedia.org/wikipedia/commons/a/a4/LL-Q55633582_%28ajp%29-AmmanM_%28AdrianAbdulBaha%29-%D9%85%D8%AF%D9%8A%D8%B1.wav
268,مرات,mɑrˤˈrˤɑːt,2,2,LL-Q55633582 (ajp)-Muhammad (AdrianAbdulBaha)-مرّات.wav,https://upload.wikimedia.org/wikipedia/commons/6/64/LL-Q55633582_%28ajp%29-Muhammad_%28AdrianAbdulBaha%29-%D9%85%D8%B1%D9%91%D8%A7%D8%AA.wav
269,مرتاح,mɪrˈtæːħ,2,2,LL-Q55633582 (ajp)-Muhammad (AdrianAbdulBaha)-مرتاح.wav,https://upload.wikimedia.org/wikipedia/commons/d/db/LL-Q55633582_%28ajp%29-Muhammad_%28AdrianAbdulBaha%29-%D9%85%D8%B1%D8%AA%D8%A7%D8%AD.wav
270,مريح,muˈriːħ,2,2,LL-Q55633582 (ajp)-AdrianAbdulBaha-مريح.wav,https://upload.wikimedia.org/wikipedia/commons/7/72/LL-Q55633582_%28ajp%29-AdrianAbdulBaha-%D9%85%D8%B1%D9%8A%D8%AD.wav
271,مريض,mɑˈriːdˤ,2,2,LL-Q55633582 (ajp)-Muhammad (AdrianAbdulBaha)-مريض.wav,https://upload.wikimedia.org/wikipedia/commons/8/88/LL-Q55633582_%28ajp%29-Muhammad_%28AdrianAbdulBaha%29-%D9%85%D8%B1%D9%8A%D8%B6.wav
272,مزاج,maˈzæːʒ,2,2,LL-Q55633582 (ajp)-Muhammad (AdrianAbdulBaha)-مزاج.wav,https://upload.wikimedia.org/wikipedia/commons/1/18/LL-Q55633582_%28ajp%29-Muhammad_%28AdrianAbdulBaha%29-%D9%85%D8%B2%D8%A7%D8%AC.wav
273,مزبوط,mɑzˤˈbuːtˤ,2,2,LL-Q55633582 (ajp)-Muhammad (AdrianAbdulBaha)-مزبوط.wav,https://upload.wikimedia.org/wikipedia/commons/c/c0/LL-Q55633582_%28ajp%29-Muhammad_%28AdrianAbdulBaha%29-%D9%85%D8%B2%D8%A8%D9%88%D8%B7.wav
274,مسمار,mʊsˈmɑːrˤ,2,2,LL-Q55633582 (ajp)-Muhammad (AdrianAbdulBaha)-مسمار.wav,https://upload.wikimedia.org/wikipedia/commons/2/24/LL-Q55633582_%28ajp%29-Muhammad_%28AdrianAbdulBaha%29-%D9%85%D8%B3%D9%85%D8%A7%D8%B1.wav
275,مسموح,masˈmuːħ,2,2,LL-Q55633582 (ajp)-Muhammad (AdrianAbdulBaha)-مسموح.wav,https://upload.wikimedia.org/wikipedia/commons/f/ff/LL-Q55633582_%28ajp%29-Muhammad_%28AdrianAbdulBaha%29-%D9%85%D8%B3%D9%85%D9%88%D8%AD.wav
276,مشروب,maʃˈrˤuːb,2,2,LL-Q55633582 (ajp)-IbrahimZ (AdrianAbdulBaha)-مشروب.wav,https://upload.wikimedia.org/wikipedia/commons/0/05/LL-Q55633582_%28ajp%29-IbrahimZ_%28AdrianAbdulBaha%29-%D9%85%D8%B4%D8%B1%D9%88%D8%A8.wav
277,مشروع,maʃˈruːʕ,2,2,LL-Q55633582 (ajp)-AmmanM (AdrianAbdulBaha)-مشروع.wav,https://upload.wikimedia.org/wikipedia/commons/3/3b/LL-Q55633582_%28ajp%29-AmmanM_%28AdrianAbdulBaha%29-%D9%85%D8%B4%D8%B1%D9%88%D8%B9.wav
278,مشغول,maʃˈɣuːl,2,2,LL-Q55633582 (ajp)-Muhammad (AdrianAbdulBaha)-مشغول.wav,https://upload.wikimedia.org/wikipedia/commons/a/a9/LL-Q55633582_%28ajp%29-Muhammad_%28AdrianAbdulBaha%29-%D9%85%D8%B4%D8%BA%D9%88%D9%84.wav
279,مشوار,mɪʃˈwɑːrˤ,2,2,LL-Q55633582 (ajp)-AmmanM (AdrianAbdulBaha)-مشوار.wav,https://upload.wikimedia.org/wikipedia/commons/c/cb/LL-Q55633582_%28ajp%29-AmmanM_%28AdrianAbdulBaha%29-%D9%85%D8%B4%D9%88%D8%A7%D8%B1.wav
280,مصران,mʊsˤˈrˤɑːn,2,2,LL-Q55633582 (ajp)-Muhammad (AdrianAbdulBaha)-مصران.wav,https://upload.wikimedia.org/wikipedia/commons/d/d6/LL-Q55633582_%28ajp%29-Muhammad_%28AdrianAbdulBaha%29-%D9%85%D8%B5%D8%B1%D8%A7%D9%86.wav
281,مطار,maˈtˤɑːrˤ,2,2,LL-Q55633582 (ajp)-AmmanM (AdrianAbdulBaha)-مطار.wav,https://upload.wikimedia.org/wikipedia/commons/f/f4/LL-Q55633582_%28ajp%29-AmmanM_%28AdrianAbdulBaha%29-%D9%85%D8%B7%D8%A7%D8%B1.wav
282,معروف,maʕˈruːf,2,2,LL-Q55633582 (ajp)-Muhammad (AdrianAbdulBaha)-معروف.wav,https://upload.wikimedia.org/wikipedia/commons/4/45/LL-Q55633582_%28ajp%29-Muhammad_%28AdrianAbdulBaha%29-%D9%85%D8%B9%D8%B1%D9%88%D9%81.wav
283,معقول,maʕˈʔuːl,2,2,LL-Q55633582 (ajp)-Muhammad (AdrianAbdulBaha)-معقول.wav,https://upload.wikimedia.org/wikipedia/commons/c/ca/LL-Q55633582_%28ajp%29-Muhammad_%28AdrianAbdulBaha%29-%D9%85%D8%B9%D9%82%D9%88%D9%84.wav
284,معلوم,maʕˈluːm,2,2,LL-Q55633582 (ajp)-Muhammad (AdrianAbdulBaha)-معلوم.wav,https://upload.wikimedia.org/wikipedia/commons/6/6a/LL-Q55633582_%28ajp%29-Muhammad_%28AdrianAbdulBaha%29-%D9%85%D8%B9%D9%84%D9%88%D9%85.wav
285,معليش,maʕˈleːʃ,2,2,LL-Q55633582 (ajp)-MahmoudM (AdrianAbdulBaha)-معليش.wav,https://upload.wikimedia.org/wikipedia/commons/3/3e/LL-Q55633582_%28ajp%29-MahmoudM_%28AdrianAbdulBaha%29-%D9%85%D8%B9%D9%84%D9%8A%D8%B4.wav
286,مغروم,maɣˈruːm,2,2,LL-Q55633582 (ajp)-Muhammad (AdrianAbdulBaha)-مغروم.wav,https://upload.wikimedia.org/wikipedia/commons/4/44/LL-Q55633582_%28ajp%29-Muhammad_%28AdrianAbdulBaha%29-%D9%85%D8%BA%D8%B1%D9%88%D9%85.wav
287,مفتاح,mʊfˈtæːħ,2,2,LL-Q55633582 (ajp)-Muhammad (AdrianAbdulBaha)-مفتاح.wav,https://upload.wikimedia.org/wikipedia/commons/5/5d/LL-Q55633582_%28ajp%29-Muhammad_%28AdrianAbdulBaha%29-%D9%85%D9%81%D8%AA%D8%A7%D8%AD.wav
288,مفتوح,mafˈtuːħ,2,2,LL-Q55633582 (ajp)-Muhammad (AdrianAbdulBaha)-مفتوح.wav,https://upload.wikimedia.org/wikipedia/commons/7/7a/LL-Q55633582_%28ajp%29-Muhammad_%28AdrianAbdulBaha%29-%D9%85%D9%81%D8%AA%D9%88%D8%AD.wav
289,مكان,maˈkæːn,2,2,LL-Q55633582 (ajp)-AmmanM (AdrianAbdulBaha)-مكان.wav,https://upload.wikimedia.org/wikipedia/commons/5/53/LL-Q55633582_%28ajp%29-AmmanM_%28AdrianAbdulBaha%29-%D9%85%D9%83%D8%A7%D9%86.wav
290,مكتوب,makˈtuːb,2,2,LL-Q55633582 (ajp)-Muhammad (AdrianAbdulBaha)-مكتوب.wav,https://upload.wikimedia.org/wikipedia/commons/c/ce/LL-Q55633582_%28ajp%29-Muhammad_%28AdrianAbdulBaha%29-%D9%85%D9%83%D8%AA%D9%88%D8%A8.wav
291,مكواي,mɪkˈwæːj,2,2,LL-Q55633582 (ajp)-Muhammad (AdrianAbdulBaha)-مكواي.wav,https://upload.wikimedia.org/wikipedia/commons/c/ce/LL-Q55633582_%28ajp%29-Muhammad_%28AdrianAbdulBaha%29-%D9%85%D9%83%D9%88%D8%A7%D9%8A.wav
292,مكياج,mɪkˈjæːʒ,2,2,LL-Q55633582 (ajp)-Muhammad (AdrianAbdulBaha)-مكياج.wav,https://upload.wikimedia.org/wikipedia/commons/1/16/LL-Q55633582_%28ajp%29-Muhammad_%28AdrianAbdulBaha%29-%D9%85%D9%83%D9%8A%D8%A7%D8%AC.wav
293,ملاك,maˈlæːk,2,2,LL-Q55633582 (ajp)-Khalil.rantissi-مَلاك.wav,https://upload.wikimedia.org/wikipedia/commons/6/64/LL-Q55633582_%28ajp%29-Khalil.rantissi-%D9%85%D9%8E%D9%84%D8%A7%D9%83.wav
294,ملفوف,malˈfuːf,2,2,LL-Q55633582 (ajp)-IbrahimZ (AdrianAbdulBaha)-ملفوف.wav,https://upload.wikimedia.org/wikipedia/commons/b/be/LL-Q55633582_%28ajp%29-IbrahimZ_%28AdrianAbdulBaha%29-%D9%85%D9%84%D9%81%D9%88%D9%81.wav
295,مليان,malˈjæːn,2,2,LL-Q55633582 (ajp)-Muhammad (AdrianAbdulBaha)-مليان.wav,https://upload.wikimedia.org/wikipedia/commons/9/96/LL-Q55633582_%28ajp%29-Muhammad_%28AdrianAbdulBaha%29-%D9%85%D9%84%D9%8A%D8%A7%D9%86.wav
296,ممل,muˈmɪl,2,2,LL-Q55633582 (ajp)-Muhammad (AdrianAbdulBaha)-مملّ.wav,https://upload.wikimedia.org/wikipedia/commons/9/93/LL-Q55633582_%28ajp%29-Muhammad_%28AdrianAbdulBaha%29-%D9%85%D9%85%D9%84%D9%91.wav
297,ممنوع,mamˈnuːʕ,2,2,LL-Q55633582 (ajp)-Muhammad (AdrianAbdulBaha)-ممنوع.wav,https://upload.wikimedia.org/wikipedia/commons/b/ba/LL-Q55633582_%28ajp%29-Muhammad_%28AdrianAbdulBaha%29-%D9%85%D9%85%D9%86%D9%88%D8%B9.wav
298,مندون,mɪnˈduːn,2,2,LL-Q55633582 (ajp)-Khalil.rantissi-مِن دون.wav,https://upload.wikimedia.org/wikipedia/commons/c/c1/LL-Q55633582_%28ajp%29-Khalil.rantissi-%D9%85%D9%90%D9%86_%D8%AF%D9%88%D9%86.wav
299,منخار,mʊnˈxɑːrˤ,2,2,LL-Q55633582 (ajp)-Muhammad (AdrianAbdulBaha)-منخار.wav,https://upload.wikimedia.org/wikipedia/commons/a/a1/LL-Q55633582_%28ajp%29-Muhammad_%28AdrianAbdulBaha%29-%D9%85%D9%86%D8%AE%D8%A7%D8%B1.wav
300,منشان,mɪnˈʃæːn,2,2,LL-Q55633582 (ajp)-Khalil.rantissi-مِنشان.wav,https://upload.wikimedia.org/wikipedia/commons/4/4c/LL-Q55633582_%28ajp%29-Khalil.rantissi-%D9%85%D9%90%D9%86%D8%B4%D8%A7%D9%86.wav
301,مهرجان,mahraˈʒæːn,2,2,LL-Q55633582 (ajp)-Khalil.rantissi-مَهرَجان.wav,https://upload.wikimedia.org/wikipedia/commons/3/37/LL-Q55633582_%28ajp%29-Khalil.rantissi-%D9%85%D9%8E%D9%87%D8%B1%D9%8E%D8%AC%D8%A7%D9%86.wav
302,مهم,muˈhɪm,2,2,LL-Q55633582 (ajp)-Muhammad (AdrianAbdulBaha)-مهمّ.wav,https://upload.wikimedia.org/wikipedia/commons/e/e4/LL-Q55633582_%28ajp%29-Muhammad_%28AdrianAbdulBaha%29-%D9%85%D9%87%D9%85%D9%91.wav
303,موجود,mawˈʒuːd,2,2,LL-Q55633582 (ajp)-Muhammad (AdrianAbdulBaha)-موجود.wav,https://upload.wikimedia.org/wikipedia/commons/7/72/LL-Q55633582_%28ajp%29-Muhammad_%28AdrianAbdulBaha%29-%D9%85%D9%88%D8%AC%D9%88%D8%AF.wav
304,موضوع,mɑwˈdˤuːʕ,2,2,LL-Q55633582 (ajp)-Muhammad (AdrianAbdulBaha)-موضوع.wav,https://upload.wikimedia.org/wikipedia/commons/6/6a/LL-Q55633582_%28ajp%29-Muhammad_%28AdrianAbdulBaha%29-%D9%85%D9%88%D8%B6%D9%88%D8%B9.wav
305,ميدان,miˈdæːn,2,2,LL-Q55633582 (ajp)-AmmanM (AdrianAbdulBaha)-ميدان.wav,https://upload.wikimedia.org/wikipedia/commons/2/26/LL-Q55633582_%28ajp%29-AmmanM_%28AdrianAbdulBaha%29-%D9%85%D9%8A%D8%AF%D8%A7%D9%86.wav
306,ميزان,miˈzæːn,2,2,LL-Q55633582 (ajp)-Muhammad (AdrianAbdulBaha)-ميزان.wav,https://upload.wikimedia.org/wikipedia/commons/e/e7/LL-Q55633582_%28ajp%29-Muhammad_%28AdrianAbdulBaha%29-%D9%85%D9%8A%D8%B2%D8%A7%D9%86.wav
307,ناموس,naˈmuːs,2,2,LL-Q55633582 (ajp)-Muhammad (AdrianAbdulBaha)-ناموس.wav,https://upload.wikimedia.org/wikipedia/commons/1/19/LL-Q55633582_%28ajp%29-Muhammad_%28AdrianAbdulBaha%29-%D9%86%D8%A7%D9%85%D9%88%D8%B3.wav
308,نبات,naˈbæːt,2,2,LL-Q55633582 (ajp)-Muhammad (AdrianAbdulBaha)-نبات.wav,https://upload.wikimedia.org/wikipedia/commons/5/52/LL-Q55633582_%28ajp%29-Muhammad_%28AdrianAbdulBaha%29-%D9%86%D8%A8%D8%A7%D8%AA.wav
309,نحال,naħˈħæːl,2,2,LL-Q55633582 (ajp)-Muhammad (AdrianAbdulBaha)-نحّال.wav,https://upload.wikimedia.org/wikipedia/commons/6/62/LL-Q55633582_%28ajp%29-Muhammad_%28AdrianAbdulBaha%29-%D9%86%D8%AD%D9%91%D8%A7%D9%84.wav
310,ندمان,nadˈmæːn,2,2,LL-Q55633582 (ajp)-Khalil.rantissi-نَدمان.wav,https://upload.wikimedia.org/wikipedia/commons/2/24/LL-Q55633582_%28ajp%29-Khalil.rantissi-%D9%86%D9%8E%D8%AF%D9%85%D8%A7%D9%86.wav
311,نصحان,nɑsˤˈħɑːn,2,2,LL-Q55633582 (ajp)-Muhammad (AdrianAbdulBaha)-نصحان.wav,https://upload.wikimedia.org/wikipedia/commons/f/fe/LL-Q55633582_%28ajp%29-Muhammad_%28AdrianAbdulBaha%29-%D9%86%D8%B5%D8%AD%D8%A7%D9%86.wav
312,نعسان,naʕˈsæːn,2,2,LL-Q55633582 (ajp)-Khalil.rantissi-نَعسان.wav,https://upload.wikimedia.org/wikipedia/commons/2/2f/LL-Q55633582_%28ajp%29-Khalil.rantissi-%D9%86%D9%8E%D8%B9%D8%B3%D8%A7%D9%86.wav
313,هداك,haˈdæːk,2,2,LL-Q55633582 (ajp)-Muhammad (AdrianAbdulBaha)-هداك.wav,https://upload.wikimedia.org/wikipedia/commons/a/a3/LL-Q55633582_%28ajp%29-Muhammad_%28AdrianAbdulBaha%29-%D9%87%D8%AF%D8%A7%D9%83.wav
314,هدول,haˈdoːl,2,2,LL-Q55633582 (ajp)-Muhammad (AdrianAbdulBaha)-هدول.wav,https://upload.wikimedia.org/wikipedia/commons/4/4d/LL-Q55633582_%28ajp%29-Muhammad_%28AdrianAbdulBaha%29-%D9%87%D8%AF%D9%88%D9%84.wav
315,هديك,haˈdiːk,2,2,LL-Q55633582 (ajp)-Muhammad (AdrianAbdulBaha)-هديك.wav,https://upload.wikimedia.org/wikipedia/commons/f/f5/LL-Q55633582_%28ajp%29-Muhammad_%28AdrianAbdulBaha%29-%D9%87%D8%AF%D9%8A%D9%83.wav
316,هلال,hiˈlæːl,2,2,LL-Q55633582 (ajp)-Khalil.rantissi-هلال.wav,https://upload.wikimedia.org/wikipedia/commons/9/9c/LL-Q55633582_%28ajp%29-Khalil.rantissi-%D9%87%D9%84%D8%A7%D9%84.wav
317,هناك,hʊˈnæːk,2,2,LL-Q55633582 (ajp)-MahmoudM (AdrianAbdulBaha)-هناك.wav,https://upload.wikimedia.org/wikipedia/commons/8/83/LL-Q55633582_%28ajp%29-MahmoudM_%28AdrianAbdulBaha%29-%D9%87%D9%86%D8%A7%D9%83.wav
318,وحيد,waˈħiːd,2,2,LL-Q55633582 (ajp)-Muhammad (AdrianAbdulBaha)-وحيد.wav,https://upload.wikimedia.org/wikipedia/commons/1/13/LL-Q55633582_%28ajp%29-Muhammad_%28AdrianAbdulBaha%29-%D9%88%D8%AD%D9%8A%D8%AF.wav
319,وزير,waˈziːr,2,2,LL-Q55633582 (ajp)-Khalil.rantissi-وزير.wav,https://upload.wikimedia.org/wikipedia/commons/7/75/LL-Q55633582_%28ajp%29-Khalil.rantissi-%D9%88%D8%B2%D9%8A%D8%B1.wav
320,ولو,waˈlaw,2,2,LL-Q55633582 (ajp)-AdrianAbdulBaha-ولو.wav,https://upload.wikimedia.org/wikipedia/commons/9/97/LL-Q55633582_%28ajp%29-AdrianAbdulBaha-%D9%88%D9%84%D9%88.wav
321,يمين,jaˈmiːn,2,2,LL-Q55633582 (ajp)-MahmoudM (AdrianAbdulBaha)-يمين.wav,https://upload.wikimedia.org/wikipedia/commons/b/ba/LL-Q55633582_%28ajp%29-MahmoudM_%28AdrianAbdulBaha%29-%D9%8A%D9%85%D9%8A%D9%86.wav
322,يهود,jaˈhuːd,2,2,LL-Q55633582 (ajp)-AdrianAbdulBaha-يهود.wav,https://upload.wikimedia.org/wikipedia/commons/f/f5/LL-Q55633582_%28ajp%29-AdrianAbdulBaha-%D9%8A%D9%87%D9%88%D8%AF.wav
323,آخرة,ˈʔæːx.re,2,1,LL-Q55633582 (ajp)-Muhammad (AdrianAbdulBaha)-آخرة.wav,https://upload.wikimedia.org/wikipedia/commons/1/18/LL-Q55633582_%28ajp%29-Muhammad_%28AdrianAbdulBaha%29-%D8%A2%D8%AE%D8%B1%D8%A9.wav
324,آسف,ˈʔæː.sɪf,2,1,LL-Q55633582 (ajp)-MahmoudM (AdrianAbdulBaha)-آسف.wav,https://upload.wikimedia.org/wikipedia/commons/6/6d/LL-Q55633582_%28ajp%29-MahmoudM_%28AdrianAbdulBaha%29-%D8%A2%D8%B3%D9%81.wav
325,آسيا,ˈʔæːs.ja,2,1,LL-Q55633582 (ajp)-AdrianAbdulBaha-آسيا.wav,https://upload.wikimedia.org/wikipedia/commons/e/e3/LL-Q55633582_%28ajp%29-AdrianAbdulBaha-%D8%A2%D8%B3%D9%8A%D8%A7.wav
326,آلة,ˈʔæː.le,2,1,LL-Q55633582 (ajp)-Khalil.rantissi-آلة.wav,https://upload.wikimedia.org/wikipedia/commons/b/bb/LL-Q55633582_%28ajp%29-Khalil.rantissi-%D8%A2%D9%84%D8%A9.wav
327,آمن,ˈʔæː.man,2,1,LL-Q55633582 (ajp)-Khalil.rantissi-آمَن.wav,https://upload.wikimedia.org/wikipedia/commons/6/67/LL-Q55633582_%28ajp%29-Khalil.rantissi-%D8%A2%D9%85%D9%8E%D9%86.wav
328,آنس,ˈʔæː.nas,2,1,LL-Q55633582 (ajp)-Khalil.rantissi-آنَس.wav,https://upload.wikimedia.org/wikipedia/commons/0/04/LL-Q55633582_%28ajp%29-Khalil.rantissi-%D8%A2%D9%86%D9%8E%D8%B3.wav
329,أبرز,ˈʔab.raz,2,1,LL-Q55633582 (ajp)-Khalil.rantissi-ابرَز.wav,https://upload.wikimedia.org/wikipedia/commons/6/6d/LL-Q55633582_%28ajp%29-Khalil.rantissi-%D8%A7%D8%A8%D8%B1%D9%8E%D8%B2.wav
330,أبسط,ˈʔɑb.sˤɑtˤ,2,1,LL-Q55633582 (ajp)-Khalil.rantissi-أبسَط.wav,https://upload.wikimedia.org/wikipedia/commons/c/ca/LL-Q55633582_%28ajp%29-Khalil.rantissi-%D8%A3%D8%A8%D8%B3%D9%8E%D8%B7.wav
331,أبصر,ˈʔɑb.sˤɑr,2,1,LL-Q55633582 (ajp)-AdrianAbdulBaha-أبصر.wav,https://upload.wikimedia.org/wikipedia/commons/7/78/LL-Q55633582_%28ajp%29-AdrianAbdulBaha-%D8%A3%D8%A8%D8%B5%D8%B1.wav
332,أبطل,ˈʔɑb.tˤɑl,2,1,LL-Q55633582 (ajp)-Khalil.rantissi-أبطَل.wav,https://upload.wikimedia.org/wikipedia/commons/9/94/LL-Q55633582_%28ajp%29-Khalil.rantissi-%D8%A3%D8%A8%D8%B7%D9%8E%D9%84.wav
333,أبن,ˈʔab.ban,2,1,LL-Q55633582 (ajp)-Khalil.rantissi-أبَّن.wav,https://upload.wikimedia.org/wikipedia/commons/8/8c/LL-Q55633582_%28ajp%29-Khalil.rantissi-%D8%A3%D8%A8%D9%8E%D9%91%D9%86.wav
334,أبهر,ˈʔɑb.hɑrˤ,2,1,LL-Q55633582 (ajp)-AdrianAbdulBaha-أبهَر.wav,https://upload.wikimedia.org/wikipedia/commons/e/e2/LL-Q55633582_%28ajp%29-AdrianAbdulBaha-%D8%A3%D8%A8%D9%87%D9%8E%D8%B1.wav
335,أبو,ˈʔa.bu,2,1,LL-Q55633582 (ajp)-Khalil.rantissi-أبو.wav,https://upload.wikimedia.org/wikipedia/commons/f/f8/LL-Q55633582_%28ajp%29-Khalil.rantissi-%D8%A3%D8%A8%D9%88.wav
336,أبيض,ˈʔɑb.jɑdˤ,2,1,LL-Q55633582 (ajp)-Muhammad (AdrianAbdulBaha)-أبيض.wav,https://upload.wikimedia.org/wikipedia/commons/9/97/LL-Q55633582_%28ajp%29-Muhammad_%28AdrianAbdulBaha%29-%D8%A3%D8%A8%D9%8A%D8%B6.wav
337,أتلج,ˈʔat.laʒ,2,1,LL-Q55633582 (ajp)-Khalil.rantissi-أتلَج.wav,https://upload.wikimedia.org/wikipedia/commons/6/63/LL-Q55633582_%28ajp%29-Khalil.rantissi-%D8%A3%D8%AA%D9%84%D9%8E%D8%AC.wav
338,أثبت,ˈʔas.bat,2,1,LL-Q55633582 (ajp)-Khalil.rantissi-أثبَت.wav,https://upload.wikimedia.org/wikipedia/commons/c/c1/LL-Q55633582_%28ajp%29-Khalil.rantissi-%D8%A3%D8%AB%D8%A8%D9%8E%D8%AA.wav
339,أجر,ˈʔaʒ.ʒar,2,1,LL-Q55633582 (ajp)-Khalil.rantissi-أجَّر.wav,https://upload.wikimedia.org/wikipedia/commons/6/6d/LL-Q55633582_%28ajp%29-Khalil.rantissi-%D8%A3%D8%AC%D9%8E%D9%91%D8%B1.wav
340,أجل,ˈʔaʒ.ʒal,2,1,LL-Q55633582 (ajp)-Khalil.rantissi-اجَّل.wav,https://upload.wikimedia.org/wikipedia/commons/8/86/LL-Q55633582_%28ajp%29-Khalil.rantissi-%D8%A7%D8%AC%D9%8E%D9%91%D9%84.wav
341,أحرج,ˈʔaħ.raʒ,2,1,LL-Q55633582 (ajp)-Khalil.rantissi-أحرَج.wav,https://upload.wikimedia.org/wikipedia/commons/4/43/LL-Q55633582_%28ajp%29-Khalil.rantissi-%D8%A3%D8%AD%D8%B1%D9%8E%D8%AC.wav
342,أحرز,ˈʔaħ.raz,2,1,LL-Q55633582 (ajp)-Khalil.rantissi-أحرَز.wav,https://upload.wikimedia.org/wikipedia/commons/4/4a/LL-Q55633582_%28ajp%29-Khalil.rantissi-%D8%A3%D8%AD%D8%B1%D9%8E%D8%B2.wav
343,أحسن,ˈʔaħ.san,2,1,LL-Q55633582 (ajp)-Khalil.rantissi-أحسَن.wav,https://upload.wikimedia.org/wikipedia/commons/4/44/LL-Q55633582_%28ajp%29-Khalil.rantissi-%D8%A3%D8%AD%D8%B3%D9%8E%D9%86.wav
344,أحلى,ˈʔaħ.la,2,1,LL-Q55633582 (ajp)-Muhammad (AdrianAbdulBaha)-أحلى.wav,https://upload.wikimedia.org/wikipedia/commons/3/37/LL-Q55633582_%28ajp%29-Muhammad_%28AdrianAbdulBaha%29-%D8%A3%D8%AD%D9%84%D9%89.wav
345,أخد,ˈʔa.xad,2,1,LL-Q55633582 (ajp)-Khalil.rantissi-اخَد.wav,https://upload.wikimedia.org/wikipedia/commons/1/12/LL-Q55633582_%28ajp%29-Khalil.rantissi-%D8%A7%D8%AE%D9%8E%D8%AF.wav
346,أخذ,ˈʔa.xad,2,1,LL-Q55633582 (ajp)-Khalil.rantissi-اخَد.wav,https://upload.wikimedia.org/wikipedia/commons/1/12/LL-Q55633582_%28ajp%29-Khalil.rantissi-%D8%A7%D8%AE%D9%8E%D8%AF.wav
347,أخطى,ˈʔɑx.tˤɑ,2,1,LL-Q55633582 (ajp)-Khalil.rantissi-أخطى.wav,https://upload.wikimedia.org/wikipedia/commons/4/45/LL-Q55633582_%28ajp%29-Khalil.rantissi-%D8%A3%D8%AE%D8%B7%D9%89.wav
348,أخفى,ˈʔax.fa,2,1,LL-Q55633582 (ajp)-Khalil.rantissi-أخفى.wav,https://upload.wikimedia.org/wikipedia/commons/2/2a/LL-Q55633582_%28ajp%29-Khalil.rantissi-%D8%A3%D8%AE%D9%81%D9%89.wav
349,أخلى,ˈʔax.la,2,1,LL-Q55633582 (ajp)-Khalil.rantissi-أخلى.wav,https://upload.wikimedia.org/wikipedia/commons/d/de/LL-Q55633582_%28ajp%29-Khalil.rantissi-%D8%A3%D8%AE%D9%84%D9%89.wav
350,أخو,ˈʔa.xu,2,1,LL-Q55633582 (ajp)-Khalil.rantissi-أخو.wav,https://upload.wikimedia.org/wikipedia/commons/b/bc/LL-Q55633582_%28ajp%29-Khalil.rantissi-%D8%A3%D8%AE%D9%88.wav
351,أدمن,ˈʔad.man,2,1,LL-Q55633582 (ajp)-Khalil.rantissi-ادمَن.wav,https://upload.wikimedia.org/wikipedia/commons/f/f8/LL-Q55633582_%28ajp%29-Khalil.rantissi-%D8%A7%D8%AF%D9%85%D9%8E%D9%86.wav
352,أدن,ˈʔad.dan,2,1,LL-Q55633582 (ajp)-AdrianAbdulBaha-أدَّن.wav,https://upload.wikimedia.org/wikipedia/commons/5/50/LL-Q55633582_%28ajp%29-AdrianAbdulBaha-%D8%A3%D8%AF%D9%8E%D9%91%D9%86.wav
353,أدنى,ˈʔad.na,2,1,LL-Q55633582 (ajp)-Muhammad (AdrianAbdulBaha)-أدنى.wav,https://upload.wikimedia.org/wikipedia/commons/8/85/LL-Q55633582_%28ajp%29-Muhammad_%28AdrianAbdulBaha%29-%D8%A3%D8%AF%D9%86%D9%89.wav
354,أدهش,ˈʔad.haʃ,2,1,LL-Q55633582 (ajp)-AdrianAbdulBaha-أدهَش.wav,https://upload.wikimedia.org/wikipedia/commons/7/7a/LL-Q55633582_%28ajp%29-AdrianAbdulBaha-%D8%A3%D8%AF%D9%87%D9%8E%D8%B4.wav
355,أذى,ˈʔa.za,2,1,LL-Q55633582 (ajp)-Khalil.rantissi-أذى.wav,https://upload.wikimedia.org/wikipedia/commons/0/04/LL-Q55633582_%28ajp%29-Khalil.rantissi-%D8%A3%D8%B0%D9%89.wav
356,أربع,ˈʔar.bɑʔ,2,1,LL-Q55633582 (ajp)-AseelF (AdrianAbdulBaha)-4.wav,https://upload.wikimedia.org/wikipedia/commons/8/8c/LL-Q55633582_%28ajp%29-AseelF_%28AdrianAbdulBaha%29-4.wav
357,أرجل,ˈʔar.ɡal,2,1,LL-Q55633582 (ajp)-Khalil.rantissi-أرجَل.wav,https://upload.wikimedia.org/wikipedia/commons/0/09/LL-Q55633582_%28ajp%29-Khalil.rantissi-%D8%A3%D8%B1%D8%AC%D9%8E%D9%84.wav
358,أرشد,ˈʔar.ʃad,2,1,LL-Q55633582 (ajp)-Khalil.rantissi-أرشَد.wav,https://upload.wikimedia.org/wikipedia/commons/3/3d/LL-Q55633582_%28ajp%29-Khalil.rantissi-%D8%A3%D8%B1%D8%B4%D9%8E%D8%AF.wav
359,أرضى,ˈʔɑrˤ.dˤɑ,2,1,LL-Q55633582 (ajp)-Khalil.rantissi-أرضى.wav,https://upload.wikimedia.org/wikipedia/commons/f/f0/LL-Q55633582_%28ajp%29-Khalil.rantissi-%D8%A3%D8%B1%D8%B6%D9%89.wav
360,أرمن,ˈʔar.man,2,1,LL-Q55633582 (ajp)-AdrianAbdulBaha-أرمن.wav,https://upload.wikimedia.org/wikipedia/commons/b/b4/LL-Q55633582_%28ajp%29-AdrianAbdulBaha-%D8%A3%D8%B1%D9%85%D9%86.wav
361,أرنب,ˈʔar.nab,2,1,LL-Q55633582 (ajp)-Khalil.rantissi-أرنَب.wav,https://upload.wikimedia.org/wikipedia/commons/a/af/LL-Q55633582_%28ajp%29-Khalil.rantissi-%D8%A3%D8%B1%D9%86%D9%8E%D8%A8.wav
362,أزرق,ˈʔaz.raʔ,2,1,LL-Q55633582 (ajp)-Muhammad (AdrianAbdulBaha)-أزرق.wav,https://upload.wikimedia.org/wikipedia/commons/d/db/LL-Q55633582_%28ajp%29-Muhammad_%28AdrianAbdulBaha%29-%D8%A3%D8%B2%D8%B1%D9%82.wav
363,أزعر,ˈʔaz.ʕɑrˤ,2,1,LL-Q55633582 (ajp)-Mohammad-LPA-أزعر.wav,https://upload.wikimedia.org/wikipedia/commons/5/57/LL-Q55633582_%28ajp%29-Mohammad-LPA-%D8%A3%D8%B2%D8%B9%D8%B1.wav
364,أزمة,ˈʔaz.me,2,1,LL-Q55633582 (ajp)-AmmanM (AdrianAbdulBaha)-ازمة.wav,https://upload.wikimedia.org/wikipedia/commons/0/03/LL-Q55633582_%28ajp%29-AmmanM_%28AdrianAbdulBaha%29-%D8%A7%D8%B2%D9%85%D8%A9.wav
365,أسد,ˈʔa.sad,2,1,LL-Q55633582 (ajp)-Khalil.rantissi-أسَد.wav,https://upload.wikimedia.org/wikipedia/commons/2/2f/LL-Q55633582_%28ajp%29-Khalil.rantissi-%D8%A3%D8%B3%D9%8E%D8%AF.wav
366,أسرع,ˈʔas.raʕ,2,1,LL-Q55633582 (ajp)-Khalil.rantissi-أسرَع.wav,https://upload.wikimedia.org/wikipedia/commons/4/43/LL-Q55633582_%28ajp%29-Khalil.rantissi-%D8%A3%D8%B3%D8%B1%D9%8E%D8%B9.wav
367,أسس,ˈʔas.sas,2,1,LL-Q55633582 (ajp)-Khalil.rantissi-أسَّس.wav,https://upload.wikimedia.org/wikipedia/commons/a/a4/LL-Q55633582_%28ajp%29-Khalil.rantissi-%D8%A3%D8%B3%D9%8E%D9%91%D8%B3.wav
368,أسف,ˈʔa.saf,2,1,LL-Q55633582 (ajp)-Khalil.rantissi-أسَف.wav,https://upload.wikimedia.org/wikipedia/commons/c/c8/LL-Q55633582_%28ajp%29-Khalil.rantissi-%D8%A3%D8%B3%D9%8E%D9%81.wav
369,أسفل,ˈʔas.fal,2,1,LL-Q55633582 (ajp)-Khalil.rantissi-أسفَل.wav,https://upload.wikimedia.org/wikipedia/commons/1/1d/LL-Q55633582_%28ajp%29-Khalil.rantissi-%D8%A3%D8%B3%D9%81%D9%8E%D9%84.wav
370,أسكر,ˈʔas.kar,2,1,LL-Q55633582 (ajp)-Khalil.rantissi-أسكَر.wav,https://upload.wikimedia.org/wikipedia/commons/6/6c/LL-Q55633582_%28ajp%29-Khalil.rantissi-%D8%A3%D8%B3%D9%83%D9%8E%D8%B1.wav
371,أسلم,ˈʔas.lam,2,1,LL-Q55633582 (ajp)-AdrianAbdulBaha-أسلَم.wav,https://upload.wikimedia.org/wikipedia/commons/9/94/LL-Q55633582_%28ajp%29-AdrianAbdulBaha-%D8%A3%D8%B3%D9%84%D9%8E%D9%85.wav
372,أسود,ˈʔas.wad,2,1,LL-Q55633582 (ajp)-Muhammad (AdrianAbdulBaha)-أسود.wav,https://upload.wikimedia.org/wikipedia/commons/e/ee/LL-Q55633582_%28ajp%29-Muhammad_%28AdrianAbdulBaha%29-%D8%A3%D8%B3%D9%88%D8%AF.wav
373,أشبع,ˈʔaʃ.baʕ,2,1,LL-Q55633582 (ajp)-Muhammad (AdrianAbdulBaha)-أشبَع.wav,https://upload.wikimedia.org/wikipedia/commons/c/c6/LL-Q55633582_%28ajp%29-Muhammad_%28AdrianAbdulBaha%29-%D8%A3%D8%B4%D8%A8%D9%8E%D8%B9.wav
374,أشتى,ˈʔaʃ.ta,2,1,LL-Q55633582 (ajp)-Khalil.rantissi-أشتَى.wav,https://upload.wikimedia.org/wikipedia/commons/1/12/LL-Q55633582_%28ajp%29-Khalil.rantissi-%D8%A3%D8%B4%D8%AA%D9%8E%D9%89.wav
375,أشر,ˈʔaʃ.ʃar,2,1,LL-Q55633582 (ajp)-Khalil.rantissi-أشَّر.wav,https://upload.wikimedia.org/wikipedia/commons/3/32/LL-Q55633582_%28ajp%29-Khalil.rantissi-%D8%A3%D8%B4%D9%8E%D9%91%D8%B1.wav
376,أشرك,ˈʔaʃ.rak,2,1,LL-Q55633582 (ajp)-Khalil.rantissi-أشرَك.wav,https://upload.wikimedia.org/wikipedia/commons/4/4d/LL-Q55633582_%28ajp%29-Khalil.rantissi-%D8%A3%D8%B4%D8%B1%D9%8E%D9%83.wav
377,أصبح,ˈʔɑsˤ.bɑħ,2,1,LL-Q55633582 (ajp)-Khalil.rantissi-أصبَح.wav,https://upload.wikimedia.org/wikipedia/commons/4/47/LL-Q55633582_%28ajp%29-Khalil.rantissi-%D8%A3%D8%B5%D8%A8%D9%8E%D8%AD.wav
378,أصبع,ˈʔʊsˤ.baʕ,2,1,LL-Q55633582 (ajp)-Khalil.rantissi-اُصبَع.wav,https://upload.wikimedia.org/wikipedia/commons/1/1e/LL-Q55633582_%28ajp%29-Khalil.rantissi-%D8%A7%D9%8F%D8%B5%D8%A8%D9%8E%D8%B9.wav
379,أصفر,ˈʔɑsˤ.fɑrˤ,2,1,LL-Q55633582 (ajp)-Muhammad (AdrianAbdulBaha)-أصفر.wav,https://upload.wikimedia.org/wikipedia/commons/c/cf/LL-Q55633582_%28ajp%29-Muhammad_%28AdrianAbdulBaha%29-%D8%A3%D8%B5%D9%81%D8%B1.wav
380,أصلح,ˈʔɑsˤ.lˤɑħ,2,1,LL-Q55633582 (ajp)-Khalil.rantissi-أصلَح.wav,https://upload.wikimedia.org/wikipedia/commons/7/72/LL-Q55633582_%28ajp%29-Khalil.rantissi-%D8%A3%D8%B5%D9%84%D9%8E%D8%AD.wav
381,أضرب,ʔadˤ.rˤɑb,2,1,LL-Q55633582 (ajp)-Khalil.rantissi-اضرَب.wav,https://upload.wikimedia.org/wikipedia/commons/b/b0/LL-Q55633582_%28ajp%29-Khalil.rantissi-%D8%A7%D8%B6%D8%B1%D9%8E%D8%A8.wav
382,أضفر,ˈʔʊdˤ.fɑrˤ,2,1,LL-Q55633582 (ajp)-Khalil.rantissi-اُضفَر.wav,https://upload.wikimedia.org/wikipedia/commons/d/df/LL-Q55633582_%28ajp%29-Khalil.rantissi-%D8%A7%D9%8F%D8%B6%D9%81%D9%8E%D8%B1.wav
383,أعطى,ˈʔaʕ.tˤɑ,2,1,LL-Q55633582 (ajp)-Khalil.rantissi-أعطى.wav,https://upload.wikimedia.org/wikipedia/commons/9/93/LL-Q55633582_%28ajp%29-Khalil.rantissi-%D8%A3%D8%B9%D8%B7%D9%89.wav
384,أعلن,ˈʔaʕ.lan,2,1,LL-Q55633582 (ajp)-Khalil.rantissi-أعلَن.wav,https://upload.wikimedia.org/wikipedia/commons/3/3f/LL-Q55633582_%28ajp%29-Khalil.rantissi-%D8%A3%D8%B9%D9%84%D9%8E%D9%86.wav
385,أعلى,ˈʔaʕ.la,2,1,LL-Q55633582 (ajp)-Muhammad (AdrianAbdulBaha)-أعلى.wav,https://upload.wikimedia.org/wikipedia/commons/f/f4/LL-Q55633582_%28ajp%29-Muhammad_%28AdrianAbdulBaha%29-%D8%A3%D8%B9%D9%84%D9%89.wav
386,أعمى,ˈʔaʕ.ma,2,1,LL-Q55633582 (ajp)-Muhammad (AdrianAbdulBaha)-أعمى.wav,https://upload.wikimedia.org/wikipedia/commons/5/59/LL-Q55633582_%28ajp%29-Muhammad_%28AdrianAbdulBaha%29-%D8%A3%D8%B9%D9%85%D9%89.wav
387,أغرى,ˈʔaɣ.ra,2,1,LL-Q55633582 (ajp)-Khalil.rantissi-أغرى.wav,https://upload.wikimedia.org/wikipedia/commons/6/6a/LL-Q55633582_%28ajp%29-Khalil.rantissi-%D8%A3%D8%BA%D8%B1%D9%89.wav
388,أغلب,ˈʔaɣ.lab,2,1,LL-Q55633582 (ajp)-Muhammad (AdrianAbdulBaha)-أغلب.wav,https://upload.wikimedia.org/wikipedia/commons/4/48/LL-Q55633582_%28ajp%29-Muhammad_%28AdrianAbdulBaha%29-%D8%A3%D8%BA%D9%84%D8%A8.wav
389,أفرج,ˈʔaf.raʒ,2,1,LL-Q55633582 (ajp)-Khalil.rantissi-أفرَج.wav,https://upload.wikimedia.org/wikipedia/commons/5/5c/LL-Q55633582_%28ajp%29-Khalil.rantissi-%D8%A3%D9%81%D8%B1%D9%8E%D8%AC.wav
390,أفرح,ˈʔɑf.rˤɑħ,2,1,LL-Q55633582 (ajp)-Khalil.rantissi-أفرَح.wav,https://upload.wikimedia.org/wikipedia/commons/6/60/LL-Q55633582_%28ajp%29-Khalil.rantissi-%D8%A3%D9%81%D8%B1%D9%8E%D8%AD.wav
391,أفضل,ˈʔɑf.dˤɑl,2,1,LL-Q55633582 (ajp)-Khalil.rantissi-أفضَل.wav,https://upload.wikimedia.org/wikipedia/commons/3/3d/LL-Q55633582_%28ajp%29-Khalil.rantissi-%D8%A3%D9%81%D8%B6%D9%8E%D9%84.wav
392,أفلس,ˈʔaf.las,2,1,LL-Q55633582 (ajp)-Khalil.rantissi-أفلَس.wav,https://upload.wikimedia.org/wikipedia/commons/2/23/LL-Q55633582_%28ajp%29-Khalil.rantissi-%D8%A3%D9%81%D9%84%D9%8E%D8%B3.wav
393,أقصى,ˈʔɑq.sˤɑ,2,1,LL-Q55633582 (ajp)-Muhammad (AdrianAbdulBaha)-أقصى.wav,https://upload.wikimedia.org/wikipedia/commons/2/2b/LL-Q55633582_%28ajp%29-Muhammad_%28AdrianAbdulBaha%29-%D8%A3%D9%82%D8%B5%D9%89.wav
394,أقل,ˈʔa.ʔal,2,1,LL-Q55633582 (ajp)-Muhammad (AdrianAbdulBaha)-أقل.wav,https://upload.wikimedia.org/wikipedia/commons/4/41/LL-Q55633582_%28ajp%29-Muhammad_%28AdrianAbdulBaha%29-%D8%A3%D9%82%D9%84.wav
395,أقنع,ˈʔɑq.naʕ,2,1,LL-Q55633582 (ajp)-Khalil.rantissi-اقنَع.wav,https://upload.wikimedia.org/wikipedia/commons/1/1a/LL-Q55633582_%28ajp%29-Khalil.rantissi-%D8%A7%D9%82%D9%86%D9%8E%D8%B9.wav
396,أكتر,ˈʔak.tar,2,1,LL-Q55633582 (ajp)-Muhammad (AdrianAbdulBaha)-أكتر.wav,https://upload.wikimedia.org/wikipedia/commons/2/2c/LL-Q55633582_%28ajp%29-Muhammad_%28AdrianAbdulBaha%29-%D8%A3%D9%83%D8%AA%D8%B1.wav
397,أكد,ˈʔak.kad,2,1,LL-Q55633582 (ajp)-Khalil.rantissi-أكَّد.wav,https://upload.wikimedia.org/wikipedia/commons/8/86/LL-Q55633582_%28ajp%29-Khalil.rantissi-%D8%A3%D9%83%D9%8E%D9%91%D8%AF.wav
398,أكرم,ˈʔak.ram,2,1,LL-Q55633582 (ajp)-Khalil.rantissi-أكرَم.wav,https://upload.wikimedia.org/wikipedia/commons/8/88/LL-Q55633582_%28ajp%29-Khalil.rantissi-%D8%A3%D9%83%D8%B1%D9%8E%D9%85.wav
399,أكلة,ˈʔak.le,2,1,LL-Q55633582 (ajp)-Khalil.rantissi-أكلة.wav,https://upload.wikimedia.org/wikipedia/commons/a/a7/LL-Q55633582_%28ajp%29-Khalil.rantissi-%D8%A3%D9%83%D9%84%D8%A9.wav
400,ألف,ˈʔal.laf,2,1,LL-Q55633582 (ajp)-Muhammad (AdrianAbdulBaha)-ألف.wav,https://upload.wikimedia.org/wikipedia/commons/f/fa/LL-Q55633582_%28ajp%29-Muhammad_%28AdrianAbdulBaha%29-%D8%A3%D9%84%D9%81.wav
401,ألهى,ˈʔal.ha,2,1,LL-Q55633582 (ajp)-Khalil.rantissi-ألهى.wav,https://upload.wikimedia.org/wikipedia/commons/a/a8/LL-Q55633582_%28ajp%29-Khalil.rantissi-%D8%A3%D9%84%D9%87%D9%89.wav
402,أما,ˈʔam.ma,2,1,LL-Q55633582 (ajp)-Khalil.rantissi-أمّا.wav,https://upload.wikimedia.org/wikipedia/commons/b/b8/LL-Q55633582_%28ajp%29-Khalil.rantissi-%D8%A3%D9%85%D9%91%D8%A7.wav
403,أمر,ˈʔɑ.mɑrˤ,2,1,LL-Q55633582 (ajp)-Khalil.rantissi-أمَر.wav,https://upload.wikimedia.org/wikipedia/commons/0/07/LL-Q55633582_%28ajp%29-Khalil.rantissi-%D8%A3%D9%85%D9%8E%D8%B1.wav
404,أمل,ˈʔa.mal,2,1,LL-Q55633582 (ajp)-Mohammad-LPA-أمل.wav,https://upload.wikimedia.org/wikipedia/commons/f/f6/LL-Q55633582_%28ajp%29-Mohammad-LPA-%D8%A3%D9%85%D9%84.wav
405,أمم,ˈʔam.mam,2,1,LL-Q55633582 (ajp)-Khalil.rantissi-أمَّم.wav,https://upload.wikimedia.org/wikipedia/commons/3/31/LL-Q55633582_%28ajp%29-Khalil.rantissi-%D8%A3%D9%85%D9%8E%D9%91%D9%85.wav
406,أمن,ˈʔam.man,2,1,LL-Q55633582 (ajp)-Khalil.rantissi-أمَّن.wav,https://upload.wikimedia.org/wikipedia/commons/a/a8/LL-Q55633582_%28ajp%29-Khalil.rantissi-%D8%A3%D9%85%D9%8E%D9%91%D9%86.wav
407,أمهل,ˈʔam.hal,2,1,LL-Q55633582 (ajp)-Khalil.rantissi-أمهَل.wav,https://upload.wikimedia.org/wikipedia/commons/8/8b/LL-Q55633582_%28ajp%29-Khalil.rantissi-%D8%A3%D9%85%D9%87%D9%8E%D9%84.wav
408,أنا,ˈʔa.na,2,1,LL-Q55633582 (ajp)-MahmoudM (AdrianAbdulBaha)-انا.wav,https://upload.wikimedia.org/wikipedia/commons/d/df/LL-Q55633582_%28ajp%29-MahmoudM_%28AdrianAbdulBaha%29-%D8%A7%D9%86%D8%A7.wav
409,أنعم,ˈʔan.ʕam,2,1,LL-Q55633582 (ajp)-AdrianAbdulBaha-أنعم.wav,https://upload.wikimedia.org/wikipedia/commons/c/c8/LL-Q55633582_%28ajp%29-AdrianAbdulBaha-%D8%A3%D9%86%D8%B9%D9%85.wav
410,أنقذ,ˈʔɑn.qɑz,2,1,LL-Q55633582 (ajp)-Khalil.rantissi-أنقَذ.wav,https://upload.wikimedia.org/wikipedia/commons/4/48/LL-Q55633582_%28ajp%29-Khalil.rantissi-%D8%A3%D9%86%D9%82%D9%8E%D8%B0.wav
411,أنهى,ˈʔan.ha,2,1,LL-Q55633582 (ajp)-Khalil.rantissi-أنهى.wav,https://upload.wikimedia.org/wikipedia/commons/e/e0/LL-Q55633582_%28ajp%29-Khalil.rantissi-%D8%A3%D9%86%D9%87%D9%89.wav
412,أهان,ˈʔa.hæːn,2,1,LL-Q55633582 (ajp)-Khalil.rantissi-أهان.wav,https://upload.wikimedia.org/wikipedia/commons/d/d9/LL-Q55633582_%28ajp%29-Khalil.rantissi-%D8%A3%D9%87%D8%A7%D9%86.wav
413,أهلا,ˈʔah.la,2,1,LL-Q55633582 (ajp)-AdrianAbdulBaha-أهلا.wav,https://upload.wikimedia.org/wikipedia/commons/9/9f/LL-Q55633582_%28ajp%29-AdrianAbdulBaha-%D8%A3%D9%87%D9%84%D8%A7.wav
414,أهمل,ˈʔah.mal,2,1,LL-Q55633582 (ajp)-Khalil.rantissi-أهمَل.wav,https://upload.wikimedia.org/wikipedia/commons/7/76/LL-Q55633582_%28ajp%29-Khalil.rantissi-%D8%A3%D9%87%D9%85%D9%8E%D9%84.wav
415,أوضة,ˈʔoː.dˤɑ,2,1,LL-Q55633582 (ajp)-Khalil.rantissi-اُوضة.wav,https://upload.wikimedia.org/wikipedia/commons/5/50/LL-Q55633582_%28ajp%29-Khalil.rantissi-%D8%A7%D9%8F%D9%88%D8%B6%D8%A9.wav
416,أول,ˈʔaw.wal,2,1,LL-Q55633582 (ajp)-Muhammad (AdrianAbdulBaha)-أول.wav,https://upload.wikimedia.org/wikipedia/commons/1/1c/LL-Q55633582_%28ajp%29-Muhammad_%28AdrianAbdulBaha%29-%D8%A3%D9%88%D9%84.wav
417,أول,ˈʔuw.wel,2,1,LL-Q55633582 (ajp)-Muhammad (AdrianAbdulBaha)-أول.wav,https://upload.wikimedia.org/wikipedia/commons/1/1c/LL-Q55633582_%28ajp%29-Muhammad_%28AdrianAbdulBaha%29-%D8%A3%D9%88%D9%84.wav
418,أيد,ˈʔaj.jad,2,1,LL-Q55633582 (ajp)-Khalil.rantissi-أيَّد.wav,https://upload.wikimedia.org/wikipedia/commons/4/45/LL-Q55633582_%28ajp%29-Khalil.rantissi-%D8%A3%D9%8A%D9%8E%D9%91%D8%AF.wav
419,أير,ˈʔaj.jar,2,1,LL-Q55633582 (ajp)-Muhammad (AdrianAbdulBaha)-أيَّر.wav,https://upload.wikimedia.org/wikipedia/commons/6/6d/LL-Q55633582_%28ajp%29-Muhammad_%28AdrianAbdulBaha%29-%D8%A3%D9%8A%D9%8E%D9%91%D8%B1.wav
420,أيوى,ˈʔaj.wa,2,1,LL-Q55633582 (ajp)-Muhammad (AdrianAbdulBaha)-أيوى.wav,https://upload.wikimedia.org/wikipedia/commons/b/bd/LL-Q55633582_%28ajp%29-Muhammad_%28AdrianAbdulBaha%29-%D8%A3%D9%8A%D9%88%D9%89.wav
421,إجا,ˈʔi.ʒa,2,1,LL-Q55633582 (ajp)-Khalil.rantissi-إجا.wav,https://upload.wikimedia.org/wikipedia/commons/2/29/LL-Q55633582_%28ajp%29-Khalil.rantissi-%D8%A5%D8%AC%D8%A7.wav
422,إجر,ˈʔi.ʒ(ɪ)r,2,1,LL-Q55633582 (ajp)-Khalil.rantissi-إجر.wav,https://upload.wikimedia.org/wikipedia/commons/8/83/LL-Q55633582_%28ajp%29-Khalil.rantissi-%D8%A5%D8%AC%D8%B1.wav
423,إذا,ˈʔɪ.za,2,1,LL-Q55633582 (ajp)-AdrianAbdulBaha-إذا.wav,https://upload.wikimedia.org/wikipedia/commons/f/f3/LL-Q55633582_%28ajp%29-AdrianAbdulBaha-%D8%A5%D8%B0%D8%A7.wav
424,إذن,ˈʔɪ.z(ɪ)n,2,1,LL-Q55633582 (ajp)-Muhammad (AdrianAbdulBaha)-إذن.wav,https://upload.wikimedia.org/wikipedia/commons/4/47/LL-Q55633582_%28ajp%29-Muhammad_%28AdrianAbdulBaha%29-%D8%A5%D8%B0%D9%86.wav
425,إشي,ˈʔɪ.ʃi,2,1,LL-Q55633582 (ajp)-Muhammad (AdrianAbdulBaha)-إشي.wav,https://upload.wikimedia.org/wikipedia/commons/b/b6/LL-Q55633582_%28ajp%29-Muhammad_%28AdrianAbdulBaha%29-%D8%A5%D8%B4%D9%8A.wav
426,إلا,ˈʔɪl.la,2,1,LL-Q55633582 (ajp)-AdrianAbdulBaha-إلّا.wav,https://upload.wikimedia.org/wikipedia/commons/e/e7/LL-Q55633582_%28ajp%29-AdrianAbdulBaha-%D8%A5%D9%84%D9%91%D8%A7.wav
427,إما,ˈʔɪm.ma,2,1,LL-Q55633582 (ajp)-AdrianAbdulBaha-إمّا.wav,https://upload.wikimedia.org/wikipedia/commons/6/64/LL-Q55633582_%28ajp%29-AdrianAbdulBaha-%D8%A5%D9%85%D9%91%D8%A7.wav
428,إنه,ˈʔɪn.no,2,1,LL-Q55633582 (ajp)-AdrianAbdulBaha-إنّه.wav,https://upload.wikimedia.org/wikipedia/commons/2/26/LL-Q55633582_%28ajp%29-AdrianAbdulBaha-%D8%A5%D9%86%D9%91%D9%87.wav
429,ابن,ʔi.b(ɪ)n,2,1,LL-Q55633582 (ajp)-Khalil.rantissi-ابن.wav,https://upload.wikimedia.org/wikipedia/commons/b/bf/LL-Q55633582_%28ajp%29-Khalil.rantissi-%D8%A7%D8%A8%D9%86.wav
430,احنا,ˈʔɪħ.na,2,1,LL-Q55633582 (ajp)-MahmoudM (AdrianAbdulBaha)-احنا.wav,https://upload.wikimedia.org/wikipedia/commons/7/7b/LL-Q55633582_%28ajp%29-MahmoudM_%28AdrianAbdulBaha%29-%D8%A7%D8%AD%D9%86%D8%A7.wav
431,استرخى,star.xa,2,1,LL-Q55633582 (ajp)-AdrianAbdulBaha-استَرخى.wav,https://upload.wikimedia.org/wikipedia/commons/b/b1/LL-Q55633582_%28ajp%29-AdrianAbdulBaha-%D8%A7%D8%B3%D8%AA%D9%8E%D8%B1%D8%AE%D9%89.wav
432,استفسر,staf.sar,2,1,LL-Q55633582 (ajp)-AdrianAbdulBaha-استَفسَر.wav,https://upload.wikimedia.org/wikipedia/commons/5/5f/LL-Q55633582_%28ajp%29-AdrianAbdulBaha-%D8%A7%D8%B3%D8%AA%D9%8E%D9%81%D8%B3%D9%8E%D8%B1.wav
433,اسم,ˈʔɪ.s(ɪ)m,2,1,LL-Q55633582 (ajp)-MahmoudM (AdrianAbdulBaha)-اسم.wav,https://upload.wikimedia.org/wikipedia/commons/a/a3/LL-Q55633582_%28ajp%29-MahmoudM_%28AdrianAbdulBaha%29-%D8%A7%D8%B3%D9%85.wav
434,الله,ˈʔɑlˤ.lˤɑ,2,1,LL-Q55633582 (ajp)-AdrianAbdulBaha-الله.wav,https://upload.wikimedia.org/wikipedia/commons/6/6b/LL-Q55633582_%28ajp%29-AdrianAbdulBaha-%D8%A7%D9%84%D9%84%D9%87.wav
435,اللي,ˈ(ɪ)l.li,2,1,LL-Q55633582 (ajp)-Muhammad (AdrianAbdulBaha)-اللي.wav,https://upload.wikimedia.org/wikipedia/commons/0/04/LL-Q55633582_%28ajp%29-Muhammad_%28AdrianAbdulBaha%29-%D8%A7%D9%84%D9%84%D9%8A.wav
436,انت,ˈʔɪn.ta,2,1,LL-Q55633582 (ajp)-MahmoudM (AdrianAbdulBaha)-انتا.wav,https://upload.wikimedia.org/wikipedia/commons/8/8f/LL-Q55633582_%28ajp%29-MahmoudM_%28AdrianAbdulBaha%29-%D8%A7%D9%86%D8%AA%D8%A7.wav
437,انتو,ˈʔɪn.tu,2,1,LL-Q55633582 (ajp)-MahmoudM (AdrianAbdulBaha)-انتو.wav,https://upload.wikimedia.org/wikipedia/commons/9/9b/LL-Q55633582_%28ajp%29-MahmoudM_%28AdrianAbdulBaha%29-%D8%A7%D9%86%D8%AA%D9%88.wav
438,انتي,ˈʔɪn.ti,2,1,LL-Q55633582 (ajp)-MahmoudM (AdrianAbdulBaha)-انتي.wav,https://upload.wikimedia.org/wikipedia/commons/2/25/LL-Q55633582_%28ajp%29-MahmoudM_%28AdrianAbdulBaha%29-%D8%A7%D9%86%D8%AA%D9%8A.wav
439,انحاز,ɪn.ħæːz,2,1,LL-Q55633582 (ajp)-Khalil.rantissi-انحاز.wav,https://upload.wikimedia.org/wikipedia/commons/1/11/LL-Q55633582_%28ajp%29-Khalil.rantissi-%D8%A7%D9%86%D8%AD%D8%A7%D8%B2.wav
440,ايمتى,ˈʔeːm.ta,2,1,LL-Q55633582 (ajp)-Basil (AdrianAbdulBaha)-امتى.wav,https://upload.wikimedia.org/wikipedia/commons/7/7a/LL-Q55633582_%28ajp%29-Basil_%28AdrianAbdulBaha%29-%D8%A7%D9%85%D8%AA%D9%89.wav
441,بابا,ˈbˤɑː.bˤɑ,2,1,LL-Q55633582 (ajp)-Muhammad (AdrianAbdulBaha)-بابا.wav,https://upload.wikimedia.org/wikipedia/commons/0/0c/LL-Q55633582_%28ajp%29-Muhammad_%28AdrianAbdulBaha%29-%D8%A8%D8%A7%D8%A8%D8%A7.wav
442,بابا,ˈbˤɑː.bˤɑ,2,1,LL-Q55633582 (ajp)-Muhammad (AdrianAbdulBaha)-بابا.wav,https://upload.wikimedia.org/wikipedia/commons/0/0c/LL-Q55633582_%28ajp%29-Muhammad_%28AdrianAbdulBaha%29-%D8%A8%D8%A7%D8%A8%D8%A7.wav
443,باحث,ˈbæː.ħɪs,2,1,LL-Q55633582 (ajp)-Khalil.rantissi-باحِث.wav,https://upload.wikimedia.org/wikipedia/commons/8/88/LL-Q55633582_%28ajp%29-Khalil.rantissi-%D8%A8%D8%A7%D8%AD%D9%90%D8%AB.wav
444,بارد,ˈbæː.rɪd,2,1,LL-Q55633582 (ajp)-Muhammad (AdrianAbdulBaha)-بارد.wav,https://upload.wikimedia.org/wikipedia/commons/a/a4/LL-Q55633582_%28ajp%29-Muhammad_%28AdrianAbdulBaha%29-%D8%A8%D8%A7%D8%B1%D8%AF.wav
445,بارك,ˈbæː.rak,2,1,LL-Q55633582 (ajp)-Khalil.rantissi-بارَك.wav,https://upload.wikimedia.org/wikipedia/commons/5/5f/LL-Q55633582_%28ajp%29-Khalil.rantissi-%D8%A8%D8%A7%D8%B1%D9%8E%D9%83.wav
446,بالغ,ˈbæː.laɣ,2,1,LL-Q55633582 (ajp)-Khalil.rantissi-بالَغ.wav,https://upload.wikimedia.org/wikipedia/commons/0/0e/LL-Q55633582_%28ajp%29-Khalil.rantissi-%D8%A8%D8%A7%D9%84%D9%8E%D8%BA.wav
447,بانيو,ˈbɑːn.jo,2,1,LL-Q55633582 (ajp)-Khalil.rantissi-بانيو.wav,https://upload.wikimedia.org/wikipedia/commons/9/96/LL-Q55633582_%28ajp%29-Khalil.rantissi-%D8%A8%D8%A7%D9%86%D9%8A%D9%88.wav
448,ببتسم,ˈbɪbt.sɪm,2,1,LL-Q55633582 (ajp)-Muhammad (AdrianAbdulBaha)-ببتسم.wav,https://upload.wikimedia.org/wikipedia/commons/3/3a/LL-Q55633582_%28ajp%29-Muhammad_%28AdrianAbdulBaha%29-%D8%A8%D8%A8%D8%AA%D8%B3%D9%85.wav
449,ببو,ˈbub.bu,2,1,LL-Q55633582 (ajp)-Khalil.rantissi-بُبّو.wav,https://upload.wikimedia.org/wikipedia/commons/5/57/LL-Q55633582_%28ajp%29-Khalil.rantissi-%D8%A8%D9%8F%D8%A8%D9%91%D9%88.wav
450,بتر,ˈba.tar,2,1,LL-Q55633582 (ajp)-Khalil.rantissi-بَتَر.wav,https://upload.wikimedia.org/wikipedia/commons/9/9c/LL-Q55633582_%28ajp%29-Khalil.rantissi-%D8%A8%D9%8E%D8%AA%D9%8E%D8%B1.wav
451,بجتمع,ˈbɪʒt.mɪʕ,2,1,LL-Q55633582 (ajp)-Muhammad (AdrianAbdulBaha)-بجتمع.wav,https://upload.wikimedia.org/wikipedia/commons/f/fd/LL-Q55633582_%28ajp%29-Muhammad_%28AdrianAbdulBaha%29-%D8%A8%D8%AC%D8%AA%D9%85%D8%B9.wav
452,بحترم,ˈbɪħt.rɪm,2,1,LL-Q55633582 (ajp)-Muhammad (AdrianAbdulBaha)-بحترم.wav,https://upload.wikimedia.org/wikipedia/commons/d/dc/LL-Q55633582_%28ajp%29-Muhammad_%28AdrianAbdulBaha%29-%D8%A8%D8%AD%D8%AA%D8%B1%D9%85.wav
453,بحتفل,ˈbɪħt.fɪl,2,1,LL-Q55633582 (ajp)-Muhammad (AdrianAbdulBaha)-بحتفل.wav,https://upload.wikimedia.org/wikipedia/commons/7/7c/LL-Q55633582_%28ajp%29-Muhammad_%28AdrianAbdulBaha%29-%D8%A8%D8%AD%D8%AA%D9%81%D9%84.wav
454,بحث,ˈba.ħas,2,1,LL-Q55633582 (ajp)-Khalil.rantissi-بَحَث.wav,https://upload.wikimedia.org/wikipedia/commons/3/3f/LL-Q55633582_%28ajp%29-Khalil.rantissi-%D8%A8%D9%8E%D8%AD%D9%8E%D8%AB.wav
455,بحر,ˈbɑ.ħɑrˤ,2,1,LL-Q55633582 (ajp)-Khalil.rantissi-بَحر.wav,https://upload.wikimedia.org/wikipedia/commons/d/d9/LL-Q55633582_%28ajp%29-Khalil.rantissi-%D8%A8%D9%8E%D8%AD%D8%B1.wav
456,بخترع,ˈbɪxt.rɪʕ,2,1,LL-Q55633582 (ajp)-Muhammad (AdrianAbdulBaha)-بخترع.wav,https://upload.wikimedia.org/wikipedia/commons/2/22/LL-Q55633582_%28ajp%29-Muhammad_%28AdrianAbdulBaha%29-%D8%A8%D8%AE%D8%AA%D8%B1%D8%B9.wav
457,بختصر,ˈbɪxt.sˤɪr,2,1,LL-Q55633582 (ajp)-Muhammad (AdrianAbdulBaha)-بختصر.wav,https://upload.wikimedia.org/wikipedia/commons/1/1d/LL-Q55633582_%28ajp%29-Muhammad_%28AdrianAbdulBaha%29-%D8%A8%D8%AE%D8%AA%D8%B5%D8%B1.wav
458,بختفي,ˈbɪxt.fi,2,1,LL-Q55633582 (ajp)-Muhammad (AdrianAbdulBaha)-biḵtfi.wav,https://upload.wikimedia.org/wikipedia/commons/4/4f/LL-Q55633582_%28ajp%29-Muhammad_%28AdrianAbdulBaha%29-bi%E1%B8%B5tfi.wav
459,بختلط,ˈbɪxt.lɪtˤ,2,1,LL-Q55633582 (ajp)-Muhammad (AdrianAbdulBaha)-بختلط.wav,https://upload.wikimedia.org/wikipedia/commons/e/e4/LL-Q55633582_%28ajp%29-Muhammad_%28AdrianAbdulBaha%29-%D8%A8%D8%AE%D8%AA%D9%84%D8%B7.wav
460,بختلف,ˈbɪxt.lɪf,2,1,LL-Q55633582 (ajp)-Muhammad (AdrianAbdulBaha)-بختلف.wav,https://upload.wikimedia.org/wikipedia/commons/f/f7/LL-Q55633582_%28ajp%29-Muhammad_%28AdrianAbdulBaha%29-%D8%A8%D8%AE%D8%AA%D9%84%D9%81.wav
461,بخزي,ˈbɪx.zi,2,1,LL-Q55633582 (ajp)-Mohammad-LPA-بخزي.wav,https://upload.wikimedia.org/wikipedia/commons/5/5e/LL-Q55633582_%28ajp%29-Mohammad-LPA-%D8%A8%D8%AE%D8%B2%D9%8A.wav
462,بدا,ˈba.da,2,1,LL-Q55633582 (ajp)-Khalil.rantissi-بدأ.wav,https://upload.wikimedia.org/wikipedia/commons/f/fe/LL-Q55633582_%28ajp%29-Khalil.rantissi-%D8%A8%D8%AF%D8%A3.wav
463,بدري,ˈbad.ri,2,1,LL-Q55633582 (ajp)-AseelF (AdrianAbdulBaha)-بدري.wav,https://upload.wikimedia.org/wikipedia/commons/9/96/LL-Q55633582_%28ajp%29-AseelF_%28AdrianAbdulBaha%29-%D8%A8%D8%AF%D8%B1%D9%8A.wav
464,بدع,ˈbad.daʕ,2,1,LL-Q55633582 (ajp)-Khalil.rantissi-بَدَّع.wav,https://upload.wikimedia.org/wikipedia/commons/6/69/LL-Q55633582_%28ajp%29-Khalil.rantissi-%D8%A8%D9%8E%D8%AF%D9%8E%D9%91%D8%B9.wav
465,بدل,ˈbad.dal,2,1,LL-Q55633582 (ajp)-Muhammad (AdrianAbdulBaha)-بدل.wav,https://upload.wikimedia.org/wikipedia/commons/5/57/LL-Q55633582_%28ajp%29-Muhammad_%28AdrianAbdulBaha%29-%D8%A8%D8%AF%D9%84.wav
466,بدل,ˈba.dal,2,1,LL-Q55633582 (ajp)-Muhammad (AdrianAbdulBaha)-بدل.wav,https://upload.wikimedia.org/wikipedia/commons/5/57/LL-Q55633582_%28ajp%29-Muhammad_%28AdrianAbdulBaha%29-%D8%A8%D8%AF%D9%84.wav
467,بدو,ˈba.du,2,1,LL-Q55633582 (ajp)-AdrianAbdulBaha-بدو.wav,https://upload.wikimedia.org/wikipedia/commons/0/04/LL-Q55633582_%28ajp%29-AdrianAbdulBaha-%D8%A8%D8%AF%D9%88.wav
468,بذر,ˈbi.z(ɪ)r,2,1,LL-Q55633582 (ajp)-Khalil.rantissi-بِذر.wav,https://upload.wikimedia.org/wikipedia/commons/8/81/LL-Q55633582_%28ajp%29-Khalil.rantissi-%D8%A8%D9%90%D8%B0%D8%B1.wav
469,برا,ˈbɑrˤ.rˤɑ,2,1,LL-Q55633582 (ajp)-AdrianAbdulBaha-برّا.wav,https://upload.wikimedia.org/wikipedia/commons/1/11/LL-Q55633582_%28ajp%29-AdrianAbdulBaha-%D8%A8%D8%B1%D9%91%D8%A7.wav
470,برتكب,ˈbɪrt.kɪb,2,1,LL-Q55633582 (ajp)-Muhammad (AdrianAbdulBaha)-birtkeb.wav,https://upload.wikimedia.org/wikipedia/commons/a/a4/LL-Q55633582_%28ajp%29-Muhammad_%28AdrianAbdulBaha%29-birtkeb.wav
471,برر,ˈbar.rar,2,1,LL-Q55633582 (ajp)-Khalil.rantissi-بَرَّر.wav,https://upload.wikimedia.org/wikipedia/commons/4/4c/LL-Q55633582_%28ajp%29-Khalil.rantissi-%D8%A8%D9%8E%D8%B1%D9%8E%D9%91%D8%B1.wav
472,برضه,ˈbɑrˤ.dˤo,2,1,LL-Q55633582 (ajp)-MahmoudM (AdrianAbdulBaha)-برضه.wav,https://upload.wikimedia.org/wikipedia/commons/0/04/LL-Q55633582_%28ajp%29-MahmoudM_%28AdrianAbdulBaha%29-%D8%A8%D8%B1%D8%B6%D9%87.wav
473,برق,ˈba.raʔ,2,1,LL-Q55633582 (ajp)-Khalil.rantissi-بَرَق.wav,https://upload.wikimedia.org/wikipedia/commons/8/86/LL-Q55633582_%28ajp%29-Khalil.rantissi-%D8%A8%D9%8E%D8%B1%D9%8E%D9%82.wav
474,بروفا,ˈbroː.va,2,1,LL-Q55633582 (ajp)-Khalil.rantissi-بروفا.wav,https://upload.wikimedia.org/wikipedia/commons/3/36/LL-Q55633582_%28ajp%29-Khalil.rantissi-%D8%A8%D8%B1%D9%88%D9%81%D8%A7.wav
475,بري,ˈbar.ri,2,1,LL-Q55633582 (ajp)-Muhammad (AdrianAbdulBaha)-بري.wav,https://upload.wikimedia.org/wikipedia/commons/a/a7/LL-Q55633582_%28ajp%29-Muhammad_%28AdrianAbdulBaha%29-%D8%A8%D8%B1%D9%8A.wav
476,بستحي,ˈbɪst.ħi,2,1,LL-Q55633582 (ajp)-Muhammad (AdrianAbdulBaha)-بستحي.wav,https://upload.wikimedia.org/wikipedia/commons/5/52/LL-Q55633582_%28ajp%29-Muhammad_%28AdrianAbdulBaha%29-%D8%A8%D8%B3%D8%AA%D8%AD%D9%8A.wav
477,بستوي,ˈbɪst.wi,2,1,LL-Q55633582 (ajp)-Muhammad (AdrianAbdulBaha)-bistwi.wav,https://upload.wikimedia.org/wikipedia/commons/e/ec/LL-Q55633582_%28ajp%29-Muhammad_%28AdrianAbdulBaha%29-bistwi.wav
478,بسرعة,ˈbsʊr.ʕa,2,1,LL-Q55633582 (ajp)-AmmanM (AdrianAbdulBaha)-بسرعة.wav,https://upload.wikimedia.org/wikipedia/commons/3/34/LL-Q55633582_%28ajp%29-AmmanM_%28AdrianAbdulBaha%29-%D8%A8%D8%B3%D8%B1%D8%B9%D8%A9.wav
479,بسط,ˈbɑs.sɑtˤ,2,1,LL-Q55633582 (ajp)-Khalil.rantissi-بَسَّط.wav,https://upload.wikimedia.org/wikipedia/commons/2/28/LL-Q55633582_%28ajp%29-Khalil.rantissi-%D8%A8%D9%8E%D8%B3%D9%8E%D9%91%D8%B7.wav
480,بشترك,ˈbɪʃt.rɪk,2,1,LL-Q55633582 (ajp)-Muhammad (AdrianAbdulBaha)-bištrek.wav,https://upload.wikimedia.org/wikipedia/commons/c/c8/LL-Q55633582_%28ajp%29-Muhammad_%28AdrianAbdulBaha%29-bi%C5%A1trek.wav
481,بشتري,ˈbɪʃt.ri,2,1,LL-Q55633582 (ajp)-Muhammad (AdrianAbdulBaha)-بشتري.wav,https://upload.wikimedia.org/wikipedia/commons/1/1d/LL-Q55633582_%28ajp%29-Muhammad_%28AdrianAbdulBaha%29-%D8%A8%D8%B4%D8%AA%D8%B1%D9%8A.wav
482,بشتغل,ˈbɪʃt.ɣɪl,2,1,LL-Q55633582 (ajp)-Muhammad (AdrianAbdulBaha)-بشتغل.wav,https://upload.wikimedia.org/wikipedia/commons/5/58/LL-Q55633582_%28ajp%29-Muhammad_%28AdrianAbdulBaha%29-%D8%A8%D8%B4%D8%AA%D8%BA%D9%84.wav
483,بشع,ˈbaʃ.ʃaʕ,2,1,LL-Q55633582 (ajp)-Muhammad (AdrianAbdulBaha)-بشع.wav,https://upload.wikimedia.org/wikipedia/commons/4/4b/LL-Q55633582_%28ajp%29-Muhammad_%28AdrianAbdulBaha%29-%D8%A8%D8%B4%D8%B9.wav
484,بشع,ˈbɪ.ʃ(ɪ)ʕ,2,1,LL-Q55633582 (ajp)-Muhammad (AdrianAbdulBaha)-بشع.wav,https://upload.wikimedia.org/wikipedia/commons/4/4b/LL-Q55633582_%28ajp%29-Muhammad_%28AdrianAbdulBaha%29-%D8%A8%D8%B4%D8%B9.wav
485,بصل,ˈbɑ.sˤɑl,2,1,LL-Q55633582 (ajp)-IbrahimZ (AdrianAbdulBaha)-بصل.wav,https://upload.wikimedia.org/wikipedia/commons/a/a8/LL-Q55633582_%28ajp%29-IbrahimZ_%28AdrianAbdulBaha%29-%D8%A8%D8%B5%D9%84.wav
486,بطة,ˈbɑtˤ.tˤɑ,2,1,LL-Q55633582 (ajp)-Muhammad (AdrianAbdulBaha)-بطّة.wav,https://upload.wikimedia.org/wikipedia/commons/a/af/LL-Q55633582_%28ajp%29-Muhammad_%28AdrianAbdulBaha%29-%D8%A8%D8%B7%D9%91%D8%A9.wav
487,بطل,ˈbɑtˤ.tˤɑl,2,1,LL-Q55633582 (ajp)-Khalil.rantissi-بَطَّل.wav,https://upload.wikimedia.org/wikipedia/commons/6/6c/LL-Q55633582_%28ajp%29-Khalil.rantissi-%D8%A8%D9%8E%D8%B7%D9%8E%D9%91%D9%84.wav
488,بطن,ˈbɑ.tˤ(ɪ)n,2,1,LL-Q55633582 (ajp)-Muhammad (AdrianAbdulBaha)-بطن.wav,https://upload.wikimedia.org/wikipedia/commons/1/13/LL-Q55633582_%28ajp%29-Muhammad_%28AdrianAbdulBaha%29-%D8%A8%D8%B7%D9%86.wav
489,بعبش,ˈbaʕ.baʃ,2,1,LL-Q55633582 (ajp)-Khalil.rantissi-بَعبَش.wav,https://upload.wikimedia.org/wikipedia/commons/5/52/LL-Q55633582_%28ajp%29-Khalil.rantissi-%D8%A8%D9%8E%D8%B9%D8%A8%D9%8E%D8%B4.wav
490,بعبص,ˈbaʕ.bɑsˤ,2,1,LL-Q55633582 (ajp)-AdrianAbdulBaha-بَعبَص.wav,https://upload.wikimedia.org/wikipedia/commons/5/5e/LL-Q55633582_%28ajp%29-AdrianAbdulBaha-%D8%A8%D9%8E%D8%B9%D8%A8%D9%8E%D8%B5.wav
491,بعت,ˈba.ʕat,2,1,LL-Q55633582 (ajp)-Khalil.rantissi-بَعَت.wav,https://upload.wikimedia.org/wikipedia/commons/3/32/LL-Q55633582_%28ajp%29-Khalil.rantissi-%D8%A8%D9%8E%D8%B9%D9%8E%D8%AA.wav
492,بعتبر,ˈbɪʕt.bɪr,2,1,LL-Q55633582 (ajp)-Muhammad (AdrianAbdulBaha)-biʕtber.wav,https://upload.wikimedia.org/wikipedia/commons/8/8c/LL-Q55633582_%28ajp%29-Muhammad_%28AdrianAbdulBaha%29-bi%CA%95tber.wav
493,بعتذر,ˈbɪʕt.zɪr,2,1,LL-Q55633582 (ajp)-Muhammad (AdrianAbdulBaha)-بعتذر.wav,https://upload.wikimedia.org/wikipedia/commons/4/4d/LL-Q55633582_%28ajp%29-Muhammad_%28AdrianAbdulBaha%29-%D8%A8%D8%B9%D8%AA%D8%B0%D8%B1.wav
494,بعتر,ˈbaʕ.tar,2,1,LL-Q55633582 (ajp)-Khalil.rantissi-بَعتَر.wav,https://upload.wikimedia.org/wikipedia/commons/0/0b/LL-Q55633582_%28ajp%29-Khalil.rantissi-%D8%A8%D9%8E%D8%B9%D8%AA%D9%8E%D8%B1.wav
495,بعترض,ˈbɪʕt.rɪdˤ,2,1,LL-Q55633582 (ajp)-Muhammad (AdrianAbdulBaha)-biʕtreḍ.wav,https://upload.wikimedia.org/wikipedia/commons/1/17/LL-Q55633582_%28ajp%29-Muhammad_%28AdrianAbdulBaha%29-bi%CA%95tre%E1%B8%8D.wav
496,بعترف,ˈbɪʕt.rɪf,2,1,LL-Q55633582 (ajp)-Muhammad (AdrianAbdulBaha)-بعترف.wav,https://upload.wikimedia.org/wikipedia/commons/7/74/LL-Q55633582_%28ajp%29-Muhammad_%28AdrianAbdulBaha%29-%D8%A8%D8%B9%D8%AA%D8%B1%D9%81.wav
497,بعتزل,ˈbɪʕt.zɪl,2,1,LL-Q55633582 (ajp)-Muhammad (AdrianAbdulBaha)-بعتزل.wav,https://upload.wikimedia.org/wikipedia/commons/4/42/LL-Q55633582_%28ajp%29-Muhammad_%28AdrianAbdulBaha%29-%D8%A8%D8%B9%D8%AA%D8%B2%D9%84.wav
498,بعتقد,ˈbɪʕt.ʔɪd,2,1,LL-Q55633582 (ajp)-Muhammad (AdrianAbdulBaha)-بعتقد.wav,https://upload.wikimedia.org/wikipedia/commons/e/eb/LL-Q55633582_%28ajp%29-Muhammad_%28AdrianAbdulBaha%29-%D8%A8%D8%B9%D8%AA%D9%82%D8%AF.wav
499,بعتقل,ˈbɪʕt.ʔɪl,2,1,LL-Q55633582 (ajp)-Muhammad (AdrianAbdulBaha)-بعتقل.wav,https://upload.wikimedia.org/wikipedia/commons/3/39/LL-Q55633582_%28ajp%29-Muhammad_%28AdrianAbdulBaha%29-%D8%A8%D8%B9%D8%AA%D9%82%D9%84.wav
500,بعتمد,ˈbɪʕt.mɪd,2,1,LL-Q55633582 (ajp)-Muhammad (AdrianAbdulBaha)-بعتمد.wav,https://upload.wikimedia.org/wikipedia/commons/c/c8/LL-Q55633582_%28ajp%29-Muhammad_%28AdrianAbdulBaha%29-%D8%A8%D8%B9%D8%AA%D9%85%D8%AF.wav
501,بعد,ˈba.ʕ(ɪ)d,2,1,LL-Q55633582 (ajp)-AseelF (AdrianAbdulBaha)-بَعد.wav,https://upload.wikimedia.org/wikipedia/commons/7/7d/LL-Q55633582_%28ajp%29-AseelF_%28AdrianAbdulBaha%29-%D8%A8%D9%8E%D8%B9%D8%AF.wav
502,بعزق,ˈbaʕ.zaʔ,2,1,LL-Q55633582 (ajp)-Khalil.rantissi-بَعزَق.wav,https://upload.wikimedia.org/wikipedia/commons/6/69/LL-Q55633582_%28ajp%29-Khalil.rantissi-%D8%A8%D9%8E%D8%B9%D8%B2%D9%8E%D9%82.wav
503,بعص,ˈbɑ.ʕɑsˤ,2,1,LL-Q55633582 (ajp)-Khalil.rantissi-بَعَص.wav,https://upload.wikimedia.org/wikipedia/commons/0/08/LL-Q55633582_%28ajp%29-Khalil.rantissi-%D8%A8%D9%8E%D8%B9%D9%8E%D8%B5.wav
504,بغتصب,ˈbɪɣt.sˤɪb,2,1,LL-Q55633582 (ajp)-Muhammad (AdrianAbdulBaha)-بغتصب.wav,https://upload.wikimedia.org/wikipedia/commons/0/05/LL-Q55633582_%28ajp%29-Muhammad_%28AdrianAbdulBaha%29-%D8%A8%D8%BA%D8%AA%D8%B5%D8%A8.wav
505,بفتخر,ˈbɪft.xɪr,2,1,LL-Q55633582 (ajp)-Muhammad (AdrianAbdulBaha)-بفتخر.wav,https://upload.wikimedia.org/wikipedia/commons/3/38/LL-Q55633582_%28ajp%29-Muhammad_%28AdrianAbdulBaha%29-%D8%A8%D9%81%D8%AA%D8%AE%D8%B1.wav
506,بفترض,ˈbɪft.rɪdˤ,2,1,LL-Q55633582 (ajp)-Muhammad (AdrianAbdulBaha)-بفترض.wav,https://upload.wikimedia.org/wikipedia/commons/e/e8/LL-Q55633582_%28ajp%29-Muhammad_%28AdrianAbdulBaha%29-%D8%A8%D9%81%D8%AA%D8%B1%D8%B6.wav
507,بقتحم,ˈbɪqt.ħɪm,2,1,LL-Q55633582 (ajp)-Muhammad (AdrianAbdulBaha)-بقتحم.wav,https://upload.wikimedia.org/wikipedia/commons/0/03/LL-Q55633582_%28ajp%29-Muhammad_%28AdrianAbdulBaha%29-%D8%A8%D9%82%D8%AA%D8%AD%D9%85.wav
508,بقترح,ˈbɪqt.rɪħ,2,1,LL-Q55633582 (ajp)-Muhammad (AdrianAbdulBaha)-بقترح.wav,https://upload.wikimedia.org/wikipedia/commons/1/12/LL-Q55633582_%28ajp%29-Muhammad_%28AdrianAbdulBaha%29-%D8%A8%D9%82%D8%AA%D8%B1%D8%AD.wav
509,بقر,ˈbɑ.ʔɑrˤ,2,1,LL-Q55633582 (ajp)-Muhammad (AdrianAbdulBaha)-بقر.wav,https://upload.wikimedia.org/wikipedia/commons/e/e2/LL-Q55633582_%28ajp%29-Muhammad_%28AdrianAbdulBaha%29-%D8%A8%D9%82%D8%B1.wav
510,بقرب,ˈbɪʔ.rab,2,1,LL-Q55633582 (ajp)-AdrianAbdulBaha-قِرِب.wav,https://upload.wikimedia.org/wikipedia/commons/1/1b/LL-Q55633582_%28ajp%29-AdrianAbdulBaha-%D9%82%D9%90%D8%B1%D9%90%D8%A8.wav
511,بقي,ˈbi.ʔi,2,1,LL-Q55633582 (ajp)-Khalil.rantissi-بِقي.wav,https://upload.wikimedia.org/wikipedia/commons/d/db/LL-Q55633582_%28ajp%29-Khalil.rantissi-%D8%A8%D9%90%D9%82%D9%8A.wav
512,بكتشف,ˈbɪkt.ʃɪf,2,1,LL-Q55633582 (ajp)-Muhammad (AdrianAbdulBaha)-بكتشف.wav,https://upload.wikimedia.org/wikipedia/commons/1/11/LL-Q55633582_%28ajp%29-Muhammad_%28AdrianAbdulBaha%29-%D8%A8%D9%83%D8%AA%D8%B4%D9%81.wav
513,بكر,ˈbak.kar,2,1,LL-Q55633582 (ajp)-Khalil.rantissi-بَكَّر.wav,https://upload.wikimedia.org/wikipedia/commons/5/5e/LL-Q55633582_%28ajp%29-Khalil.rantissi-%D8%A8%D9%8E%D9%83%D9%8E%D9%91%D8%B1.wav
514,بكرة,ˈbuk.rˤɑ,2,1,LL-Q55633582 (ajp)-AseelF (AdrianAbdulBaha)-بُكرا.wav,https://upload.wikimedia.org/wikipedia/commons/4/4a/LL-Q55633582_%28ajp%29-AseelF_%28AdrianAbdulBaha%29-%D8%A8%D9%8F%D9%83%D8%B1%D8%A7.wav
515,بكى,ˈba.ka,2,1,LL-Q55633582 (ajp)-Khalil.rantissi-بَكى.wav,https://upload.wikimedia.org/wikipedia/commons/6/6c/LL-Q55633582_%28ajp%29-Khalil.rantissi-%D8%A8%D9%8E%D9%83%D9%89.wav
516,بلا,ˈba.la,2,1,LL-Q55633582 (ajp)-MahmoudM (AdrianAbdulBaha)-بلا.wav,https://upload.wikimedia.org/wikipedia/commons/3/35/LL-Q55633582_%28ajp%29-MahmoudM_%28AdrianAbdulBaha%29-%D8%A8%D9%84%D8%A7.wav
517,بلتخم,ˈbɪlt.xɪm,2,1,LL-Q55633582 (ajp)-Muhammad (AdrianAbdulBaha)-بلتخم.wav,https://upload.wikimedia.org/wikipedia/commons/b/bd/LL-Q55633582_%28ajp%29-Muhammad_%28AdrianAbdulBaha%29-%D8%A8%D9%84%D8%AA%D8%AE%D9%85.wav
518,بلتزم,ˈbɪlt.zɪm,2,1,LL-Q55633582 (ajp)-Muhammad (AdrianAbdulBaha)-بلتزم.wav,https://upload.wikimedia.org/wikipedia/commons/1/1b/LL-Q55633582_%28ajp%29-Muhammad_%28AdrianAbdulBaha%29-%D8%A8%D9%84%D8%AA%D8%B2%D9%85.wav
519,بلتغي,ˈbɪlt.ɣi,2,1,LL-Q55633582 (ajp)-Muhammad (AdrianAbdulBaha)-بلتغي.wav,https://upload.wikimedia.org/wikipedia/commons/0/09/LL-Q55633582_%28ajp%29-Muhammad_%28AdrianAbdulBaha%29-%D8%A8%D9%84%D8%AA%D8%BA%D9%8A.wav
520,بلتقي,ˈbɪlt.ʔi,2,1,LL-Q55633582 (ajp)-Muhammad (AdrianAbdulBaha)-بلتقي.wav,https://upload.wikimedia.org/wikipedia/commons/d/dc/LL-Q55633582_%28ajp%29-Muhammad_%28AdrianAbdulBaha%29-%D8%A8%D9%84%D8%AA%D9%82%D9%8A.wav
521,بلتهب,ˈbɪlt.hɪb,2,1,LL-Q55633582 (ajp)-Muhammad (AdrianAbdulBaha)-biltheb.wav,https://upload.wikimedia.org/wikipedia/commons/8/8f/LL-Q55633582_%28ajp%29-Muhammad_%28AdrianAbdulBaha%29-biltheb.wav
522,بلد,ˈba.lad,2,1,LL-Q55633582 (ajp)-Muhammad (AdrianAbdulBaha)-بلد.wav,https://upload.wikimedia.org/wikipedia/commons/e/e9/LL-Q55633582_%28ajp%29-Muhammad_%28AdrianAbdulBaha%29-%D8%A8%D9%84%D8%AF.wav
523,بلش,ˈbal.laʃ,2,1,LL-Q55633582 (ajp)-Khalil.rantissi-بلّش.wav,https://upload.wikimedia.org/wikipedia/commons/7/75/LL-Q55633582_%28ajp%29-Khalil.rantissi-%D8%A8%D9%84%D9%91%D8%B4.wav
524,بلغ,ˈbal.laɣ,2,1,LL-Q55633582 (ajp)-Khalil.rantissi-بَلَّغ.wav,https://upload.wikimedia.org/wikipedia/commons/c/c5/LL-Q55633582_%28ajp%29-Khalil.rantissi-%D8%A8%D9%8E%D9%84%D9%8E%D9%91%D8%BA.wav
525,بلكي,ˈbal.ki,2,1,LL-Q55633582 (ajp)-AdrianAbdulBaha-بلكي.wav,https://upload.wikimedia.org/wikipedia/commons/f/fd/LL-Q55633582_%28ajp%29-AdrianAbdulBaha-%D8%A8%D9%84%D9%83%D9%8A.wav
526,بلوزة,ˈbluː.ze,2,1,LL-Q55633582 (ajp)-Muhammad (AdrianAbdulBaha)-بلوزة.wav,https://upload.wikimedia.org/wikipedia/commons/5/5d/LL-Q55633582_%28ajp%29-Muhammad_%28AdrianAbdulBaha%29-%D8%A8%D9%84%D9%88%D8%B2%D8%A9.wav
527,بمتنع,ˈbɪmt.nɪʕ,2,1,LL-Q55633582 (ajp)-Muhammad (AdrianAbdulBaha)-بمتنع.wav,https://upload.wikimedia.org/wikipedia/commons/0/07/LL-Q55633582_%28ajp%29-Muhammad_%28AdrianAbdulBaha%29-%D8%A8%D9%85%D8%AA%D9%86%D8%B9.wav
528,بنتبه,ˈbɪnt.bɪh,2,1,LL-Q55633582 (ajp)-Muhammad (AdrianAbdulBaha)-بنتبه.wav,https://upload.wikimedia.org/wikipedia/commons/6/6e/LL-Q55633582_%28ajp%29-Muhammad_%28AdrianAbdulBaha%29-%D8%A8%D9%86%D8%AA%D8%A8%D9%87.wav
529,بنتحر,ˈbɪnt.ħɪr,2,1,LL-Q55633582 (ajp)-Muhammad (AdrianAbdulBaha)-بنتحر.wav,https://upload.wikimedia.org/wikipedia/commons/d/da/LL-Q55633582_%28ajp%29-Muhammad_%28AdrianAbdulBaha%29-%D8%A8%D9%86%D8%AA%D8%AD%D8%B1.wav
530,بنتخب,ˈbɪnt.xɪb,2,1,LL-Q55633582 (ajp)-Muhammad (AdrianAbdulBaha)-بنتخب.wav,https://upload.wikimedia.org/wikipedia/commons/d/df/LL-Q55633582_%28ajp%29-Muhammad_%28AdrianAbdulBaha%29-%D8%A8%D9%86%D8%AA%D8%AE%D8%A8.wav
531,بنتشر,ˈbɪnt.ʃɪr,2,1,LL-Q55633582 (ajp)-Muhammad (AdrianAbdulBaha)-بنتشر.wav,https://upload.wikimedia.org/wikipedia/commons/2/22/LL-Q55633582_%28ajp%29-Muhammad_%28AdrianAbdulBaha%29-%D8%A8%D9%86%D8%AA%D8%B4%D8%B1.wav
532,بنتصر,ˈbɪnt.sˤɪr,2,1,LL-Q55633582 (ajp)-Muhammad (AdrianAbdulBaha)-بنتصر.wav,https://upload.wikimedia.org/wikipedia/commons/e/ef/LL-Q55633582_%28ajp%29-Muhammad_%28AdrianAbdulBaha%29-%D8%A8%D9%86%D8%AA%D8%B5%D8%B1.wav
533,بنتفخ,ˈbɪnt.fɪx,2,1,LL-Q55633582 (ajp)-Muhammad (AdrianAbdulBaha)-bintfeḵ.wav,https://upload.wikimedia.org/wikipedia/commons/3/3d/LL-Q55633582_%28ajp%29-Muhammad_%28AdrianAbdulBaha%29-bintfe%E1%B8%B5.wav
534,بنتقل,ˈbɪnt.ʔɪl,2,1,LL-Q55633582 (ajp)-Muhammad (AdrianAbdulBaha)-بنتقل.wav,https://upload.wikimedia.org/wikipedia/commons/7/74/LL-Q55633582_%28ajp%29-Muhammad_%28AdrianAbdulBaha%29-%D8%A8%D9%86%D8%AA%D9%82%D9%84.wav
535,بنتمي,ˈbɪnt.mi,2,1,LL-Q55633582 (ajp)-Muhammad (AdrianAbdulBaha)-بنتمي.wav,https://upload.wikimedia.org/wikipedia/commons/3/3a/LL-Q55633582_%28ajp%29-Muhammad_%28AdrianAbdulBaha%29-%D8%A8%D9%86%D8%AA%D9%85%D9%8A.wav
536,بنصر,ˈbʊn.sˤʊr,2,1,LL-Q55633582 (ajp)-Muhammad (AdrianAbdulBaha)-بنصر.wav,https://upload.wikimedia.org/wikipedia/commons/7/72/LL-Q55633582_%28ajp%29-Muhammad_%28AdrianAbdulBaha%29-%D8%A8%D9%86%D8%B5%D8%B1.wav
537,بنى,ˈba.na,2,1,LL-Q55633582 (ajp)-Khalil.rantissi-بَنى.wav,https://upload.wikimedia.org/wikipedia/commons/d/d0/LL-Q55633582_%28ajp%29-Khalil.rantissi-%D8%A8%D9%8E%D9%86%D9%89.wav
538,بني,ˈbɪn.ni,2,1,LL-Q55633582 (ajp)-Muhammad (AdrianAbdulBaha)-بني.wav,https://upload.wikimedia.org/wikipedia/commons/5/58/LL-Q55633582_%28ajp%29-Muhammad_%28AdrianAbdulBaha%29-%D8%A8%D9%86%D9%8A.wav
539,بهدل,ˈbah.dal,2,1,LL-Q55633582 (ajp)-Khalil.rantissi-بَهدَل.wav,https://upload.wikimedia.org/wikipedia/commons/4/4b/LL-Q55633582_%28ajp%29-Khalil.rantissi-%D8%A8%D9%8E%D9%87%D8%AF%D9%8E%D9%84.wav
540,بودرة,ˈboːd.rˤɑ,2,1,LL-Q55633582 (ajp)-Muhammad (AdrianAbdulBaha)-بودرة.wav,https://upload.wikimedia.org/wikipedia/commons/2/24/LL-Q55633582_%28ajp%29-Muhammad_%28AdrianAbdulBaha%29-%D8%A8%D9%88%D8%AF%D8%B1%D8%A9.wav
541,بوظة,ˈbuː.zˤɑ,2,1,LL-Q55633582 (ajp)-Muhammad (AdrianAbdulBaha)-بوظة.wav,https://upload.wikimedia.org/wikipedia/commons/d/de/LL-Q55633582_%28ajp%29-Muhammad_%28AdrianAbdulBaha%29-%D8%A8%D9%88%D8%B8%D8%A9.wav
542,بول,ˈbaw.wal,2,1,LL-Q55633582 (ajp)-Khalil.rantissi-بَوَّل.wav,https://upload.wikimedia.org/wikipedia/commons/6/6f/LL-Q55633582_%28ajp%29-Khalil.rantissi-%D8%A8%D9%8E%D9%88%D9%8E%D9%91%D9%84.wav
543,بيبي,ˈbeː.bi,2,1,LL-Q55633582 (ajp)-Muhammad (AdrianAbdulBaha)-بيبي.wav,https://upload.wikimedia.org/wikipedia/commons/1/1e/LL-Q55633582_%28ajp%29-Muhammad_%28AdrianAbdulBaha%29-%D8%A8%D9%8A%D8%A8%D9%8A.wav
544,بيضة,ˈbeː.dˤɑ,2,1,LL-Q55633582 (ajp)-Muhammad (AdrianAbdulBaha)-بيضة.wav,https://upload.wikimedia.org/wikipedia/commons/e/e2/LL-Q55633582_%28ajp%29-Muhammad_%28AdrianAbdulBaha%29-%D8%A8%D9%8A%D8%B6%D8%A9.wav
545,بين,ˈbaj.jan,2,1,LL-Q55633582 (ajp)-MahmoudM (AdrianAbdulBaha)-بين.wav,https://upload.wikimedia.org/wikipedia/commons/c/c2/LL-Q55633582_%28ajp%29-MahmoudM_%28AdrianAbdulBaha%29-%D8%A8%D9%8A%D9%86.wav
546,تاسع,ˈtæː.sɪʕ,2,1,LL-Q55633582 (ajp)-Muhammad (AdrianAbdulBaha)-تاسع.wav,https://upload.wikimedia.org/wikipedia/commons/5/5a/LL-Q55633582_%28ajp%29-Muhammad_%28AdrianAbdulBaha%29-%D8%AA%D8%A7%D8%B3%D8%B9.wav
547,تالت,ˈtæː.lɪt,2,1,LL-Q55633582 (ajp)-Muhammad (AdrianAbdulBaha)-تالت.wav,https://upload.wikimedia.org/wikipedia/commons/3/34/LL-Q55633582_%28ajp%29-Muhammad_%28AdrianAbdulBaha%29-%D8%AA%D8%A7%D9%84%D8%AA.wav
548,تامن,ˈtæː.mɪn,2,1,LL-Q55633582 (ajp)-Muhammad (AdrianAbdulBaha)-تامن.wav,https://upload.wikimedia.org/wikipedia/commons/f/f9/LL-Q55633582_%28ajp%29-Muhammad_%28AdrianAbdulBaha%29-%D8%AA%D8%A7%D9%85%D9%86.wav
549,تاني,ˈtæː.ni,2,1,LL-Q55633582 (ajp)-Muhammad (AdrianAbdulBaha)-تاني.wav,https://upload.wikimedia.org/wikipedia/commons/b/bd/LL-Q55633582_%28ajp%29-Muhammad_%28AdrianAbdulBaha%29-%D8%AA%D8%A7%D9%86%D9%8A.wav
550,تخت,ˈta.x(ɪ)t,2,1,LL-Q55633582 (ajp)-Muhammad (AdrianAbdulBaha)-تخت.wav,https://upload.wikimedia.org/wikipedia/commons/d/d9/LL-Q55633582_%28ajp%29-Muhammad_%28AdrianAbdulBaha%29-%D8%AA%D8%AE%D8%AA.wav
551,ترجم,ˈtar.ʒam,2,1,LL-Q55633582 (ajp)-Khalil.rantissi-تَرجَم.wav,https://upload.wikimedia.org/wikipedia/commons/b/bc/LL-Q55633582_%28ajp%29-Khalil.rantissi-%D8%AA%D9%8E%D8%B1%D8%AC%D9%8E%D9%85.wav
552,ترك,ˈta.rak,2,1,LL-Q55633582 (ajp)-Khalil.rantissi-تَرَك.wav,https://upload.wikimedia.org/wikipedia/commons/2/24/LL-Q55633582_%28ajp%29-Khalil.rantissi-%D8%AA%D9%8E%D8%B1%D9%8E%D9%83.wav
553,تركي,ˈtur.ki,2,1,LL-Q55633582 (ajp)-Khalil.rantissi-تُركيّ.wav,https://upload.wikimedia.org/wikipedia/commons/1/16/LL-Q55633582_%28ajp%29-Khalil.rantissi-%D8%AA%D9%8F%D8%B1%D9%83%D9%8A%D9%91.wav
554,تسع,ˈtʊ.s(ʊ)ʕ,2,1,LL-Q55633582 (ajp)-Muhammad (AdrianAbdulBaha)-تُسع.wav,https://upload.wikimedia.org/wikipedia/commons/d/d8/LL-Q55633582_%28ajp%29-Muhammad_%28AdrianAbdulBaha%29-%D8%AA%D9%8F%D8%B3%D8%B9.wav
555,تسعة,ˈtɪs.ʕa,2,1,LL-Q55633582 (ajp)-AseelF (AdrianAbdulBaha)-9.wav,https://upload.wikimedia.org/wikipedia/commons/f/f9/LL-Q55633582_%28ajp%29-AseelF_%28AdrianAbdulBaha%29-9.wav
556,تكسي,ˈtak.si,2,1,LL-Q55633582 (ajp)-Muhammad (AdrianAbdulBaha)-تكسي.wav,https://upload.wikimedia.org/wikipedia/commons/a/ad/LL-Q55633582_%28ajp%29-Muhammad_%28AdrianAbdulBaha%29-%D8%AA%D9%83%D8%B3%D9%8A.wav
557,تلج,ˈtal.laʒ,2,1,LL-Q55633582 (ajp)-Muhammad (AdrianAbdulBaha)-تلج.wav,https://upload.wikimedia.org/wikipedia/commons/3/36/LL-Q55633582_%28ajp%29-Muhammad_%28AdrianAbdulBaha%29-%D8%AA%D9%84%D8%AC.wav
558,تلفن,ˈtal.fan,2,1,LL-Q55633582 (ajp)-Khalil.rantissi-تَلفَن.wav,https://upload.wikimedia.org/wikipedia/commons/1/14/LL-Q55633582_%28ajp%29-Khalil.rantissi-%D8%AA%D9%8E%D9%84%D9%81%D9%8E%D9%86.wav
559,تمر,ˈta.m(ɪ)r,2,1,LL-Q55633582 (ajp)-IbrahimZ (AdrianAbdulBaha)-تمر.wav,https://upload.wikimedia.org/wikipedia/commons/b/b7/LL-Q55633582_%28ajp%29-IbrahimZ_%28AdrianAbdulBaha%29-%D8%AA%D9%85%D8%B1.wav
560,تمن,ˈtʊ.m(ʊ)n,2,1,LL-Q55633582 (ajp)-Muhammad (AdrianAbdulBaha)-تُمن.wav,https://upload.wikimedia.org/wikipedia/commons/9/9c/LL-Q55633582_%28ajp%29-Muhammad_%28AdrianAbdulBaha%29-%D8%AA%D9%8F%D9%85%D9%86.wav
561,تمن,ˈta.man,2,1,LL-Q55633582 (ajp)-Muhammad (AdrianAbdulBaha)-تُمن.wav,https://upload.wikimedia.org/wikipedia/commons/9/9c/LL-Q55633582_%28ajp%29-Muhammad_%28AdrianAbdulBaha%29-%D8%AA%D9%8F%D9%85%D9%86.wav
562,تنى,ˈta.na,2,1,LL-Q55633582 (ajp)-Khalil.rantissi-ثنى.wav,https://upload.wikimedia.org/wikipedia/commons/5/50/LL-Q55633582_%28ajp%29-Khalil.rantissi-%D8%AB%D9%86%D9%89.wav
563,توبة,ˈtoː.be,2,1,LL-Q55633582 (ajp)-Muhammad (AdrianAbdulBaha)-توبة.wav,https://upload.wikimedia.org/wikipedia/commons/6/6c/LL-Q55633582_%28ajp%29-Muhammad_%28AdrianAbdulBaha%29-%D8%AA%D9%88%D8%A8%D8%A9.wav
564,توج,ˈtaw.waʒ,2,1,LL-Q55633582 (ajp)-Khalil.rantissi-تَوَّج.wav,https://upload.wikimedia.org/wikipedia/commons/b/b7/LL-Q55633582_%28ajp%29-Khalil.rantissi-%D8%AA%D9%8E%D9%88%D9%8E%D9%91%D8%AC.wav
565,توستر,ˈtoːs.tɪr,2,1,LL-Q55633582 (ajp)-Muhammad (AdrianAbdulBaha)-توستر.wav,https://upload.wikimedia.org/wikipedia/commons/4/48/LL-Q55633582_%28ajp%29-Muhammad_%28AdrianAbdulBaha%29-%D8%AA%D9%88%D8%B3%D8%AA%D8%B1.wav
566,تيتا,ˈteː.ta,2,1,LL-Q55633582 (ajp)-Muhammad (AdrianAbdulBaha)-تيتا.wav,https://upload.wikimedia.org/wikipedia/commons/d/d6/LL-Q55633582_%28ajp%29-Muhammad_%28AdrianAbdulBaha%29-%D8%AA%D9%8A%D8%AA%D8%A7.wav
567,ثانية,ˈθæːn.je,2,1,LL-Q55633582 (ajp)-AseelF (AdrianAbdulBaha)-ثانية.wav,https://upload.wikimedia.org/wikipedia/commons/9/95/LL-Q55633582_%28ajp%29-AseelF_%28AdrianAbdulBaha%29-%D8%AB%D8%A7%D9%86%D9%8A%D8%A9.wav
568,ثقف,ˈθɑq.qɑf,2,1,LL-Q55633582 (ajp)-Khalil.rantissi-ثَقَّف.wav,https://upload.wikimedia.org/wikipedia/commons/6/62/LL-Q55633582_%28ajp%29-Khalil.rantissi-%D8%AB%D9%8E%D9%82%D9%8E%D9%91%D9%81.wav
569,جاجة,ˈʒæː.ʒe,2,1,LL-Q55633582 (ajp)-Muhammad (AdrianAbdulBaha)-جاجة.wav,https://upload.wikimedia.org/wikipedia/commons/9/9a/LL-Q55633582_%28ajp%29-Muhammad_%28AdrianAbdulBaha%29-%D8%AC%D8%A7%D8%AC%D8%A9.wav
570,جامع,ˈʒæː.mɪʕ,2,1,LL-Q55633582 (ajp)-Khalil.rantissi-جامِع.wav,https://upload.wikimedia.org/wikipedia/commons/7/79/LL-Q55633582_%28ajp%29-Khalil.rantissi-%D8%AC%D8%A7%D9%85%D9%90%D8%B9.wav
571,جامعة,ˈʒæːm.ʕa,2,1,LL-Q55633582 (ajp)-Muhammad (AdrianAbdulBaha)-جامعة.wav,https://upload.wikimedia.org/wikipedia/commons/e/e0/LL-Q55633582_%28ajp%29-Muhammad_%28AdrianAbdulBaha%29-%D8%AC%D8%A7%D9%85%D8%B9%D8%A9.wav
572,جاهد,ˈʒæː.had,2,1,LL-Q55633582 (ajp)-Khalil.rantissi-جاهَد.wav,https://upload.wikimedia.org/wikipedia/commons/4/4a/LL-Q55633582_%28ajp%29-Khalil.rantissi-%D8%AC%D8%A7%D9%87%D9%8E%D8%AF.wav
573,جاوب,ˈʒæː.wab,2,1,LL-Q55633582 (ajp)-Khalil.rantissi-جاوَب.wav,https://upload.wikimedia.org/wikipedia/commons/3/3e/LL-Q55633582_%28ajp%29-Khalil.rantissi-%D8%AC%D8%A7%D9%88%D9%8E%D8%A8.wav
574,جبر,ˈʒa.bar,2,1,LL-Q55633582 (ajp)-Khalil.rantissi-جَبَر.wav,https://upload.wikimedia.org/wikipedia/commons/a/a7/LL-Q55633582_%28ajp%29-Khalil.rantissi-%D8%AC%D9%8E%D8%A8%D9%8E%D8%B1.wav
575,جبل,ˈʒa.bal,2,1,LL-Q55633582 (ajp)-Muhammad (AdrianAbdulBaha)-جبل.wav,https://upload.wikimedia.org/wikipedia/commons/e/e3/LL-Q55633582_%28ajp%29-Muhammad_%28AdrianAbdulBaha%29-%D8%AC%D8%A8%D9%84.wav
576,جبنة,ˈʒɪb.ne,2,1,LL-Q55633582 (ajp)-IbrahimZ (AdrianAbdulBaha)-جبنة.wav,https://upload.wikimedia.org/wikipedia/commons/5/5c/LL-Q55633582_%28ajp%29-IbrahimZ_%28AdrianAbdulBaha%29-%D8%AC%D8%A8%D9%86%D8%A9.wav
577,جبهة,ˈʒab.ha,2,1,LL-Q55633582 (ajp)-Muhammad (AdrianAbdulBaha)-جبهة.wav,https://upload.wikimedia.org/wikipedia/commons/b/b8/LL-Q55633582_%28ajp%29-Muhammad_%28AdrianAbdulBaha%29-%D8%AC%D8%A8%D9%87%D8%A9.wav
578,جدة,ˈʒad.de,2,1,LL-Q55633582 (ajp)-Muhammad (AdrianAbdulBaha)-جدة.wav,https://upload.wikimedia.org/wikipedia/commons/b/b4/LL-Q55633582_%28ajp%29-Muhammad_%28AdrianAbdulBaha%29-%D8%AC%D8%AF%D8%A9.wav
579,جدد,ˈʒad.dad,2,1,LL-Q55633582 (ajp)-Khalil.rantissi-جَدَّد.wav,https://upload.wikimedia.org/wikipedia/commons/a/aa/LL-Q55633582_%28ajp%29-Khalil.rantissi-%D8%AC%D9%8E%D8%AF%D9%8E%D9%91%D8%AF.wav
580,جدول,ˈʒad.wal,2,1,LL-Q55633582 (ajp)-Muhammad (AdrianAbdulBaha)-جدول.wav,https://upload.wikimedia.org/wikipedia/commons/9/9d/LL-Q55633582_%28ajp%29-Muhammad_%28AdrianAbdulBaha%29-%D8%AC%D8%AF%D9%88%D9%84.wav
581,جرب,ˈʒɑrˤ.rˤɑb,2,1,LL-Q55633582 (ajp)-Khalil.rantissi-جَرَّب.wav,https://upload.wikimedia.org/wikipedia/commons/5/51/LL-Q55633582_%28ajp%29-Khalil.rantissi-%D8%AC%D9%8E%D8%B1%D9%8E%D9%91%D8%A8.wav
582,جرة,ˈʒɑrˤ.rˤɑ,2,1,LL-Q55633582 (ajp)-Muhammad (AdrianAbdulBaha)-جرّة.wav,https://upload.wikimedia.org/wikipedia/commons/f/f7/LL-Q55633582_%28ajp%29-Muhammad_%28AdrianAbdulBaha%29-%D8%AC%D8%B1%D9%91%D8%A9.wav
583,جرح,ˈʒa.raħ,2,1,LL-Q55633582 (ajp)-Khalil.rantissi-جَرَح.wav,https://upload.wikimedia.org/wikipedia/commons/9/9f/LL-Q55633582_%28ajp%29-Khalil.rantissi-%D8%AC%D9%8E%D8%B1%D9%8E%D8%AD.wav
584,جزر,ˈʒa.zɑrˤ,2,1,LL-Q55633582 (ajp)-IbrahimZ (AdrianAbdulBaha)-جزر.wav,https://upload.wikimedia.org/wikipedia/commons/8/84/LL-Q55633582_%28ajp%29-IbrahimZ_%28AdrianAbdulBaha%29-%D8%AC%D8%B2%D8%B1.wav
585,جسر,ˈʒɪ.s(ɪ)r,2,1,LL-Q55633582 (ajp)-AmmanM (AdrianAbdulBaha)-جسر.wav,https://upload.wikimedia.org/wikipedia/commons/1/17/LL-Q55633582_%28ajp%29-AmmanM_%28AdrianAbdulBaha%29-%D8%AC%D8%B3%D8%B1.wav
586,جسم,ˈʒɪ.s(ɪ)m,2,1,LL-Q55633582 (ajp)-Muhammad (AdrianAbdulBaha)-جسم.wav,https://upload.wikimedia.org/wikipedia/commons/a/a6/LL-Q55633582_%28ajp%29-Muhammad_%28AdrianAbdulBaha%29-%D8%AC%D8%B3%D9%85.wav
587,جعلك,ˈʒaʕ.lak,2,1,LL-Q55633582 (ajp)-Mohammad-LPA-جعلك.wav,https://upload.wikimedia.org/wikipedia/commons/d/da/LL-Q55633582_%28ajp%29-Mohammad-LPA-%D8%AC%D8%B9%D9%84%D9%83.wav
588,جفن,ˈʒɪ.f(ɪ)n,2,1,LL-Q55633582 (ajp)-Muhammad (AdrianAbdulBaha)-جفن.wav,https://upload.wikimedia.org/wikipedia/commons/c/c4/LL-Q55633582_%28ajp%29-Muhammad_%28AdrianAbdulBaha%29-%D8%AC%D9%81%D9%86.wav
589,جلى,ˈʒa.la,2,1,LL-Q55633582 (ajp)-Khalil.rantissi-جَلى.wav,https://upload.wikimedia.org/wikipedia/commons/d/db/LL-Q55633582_%28ajp%29-Khalil.rantissi-%D8%AC%D9%8E%D9%84%D9%89.wav
590,جمع,ˈʒa.maʕ,2,1,LL-Q55633582 (ajp)-Khalil.rantissi-جَمَع.wav,https://upload.wikimedia.org/wikipedia/commons/7/71/LL-Q55633582_%28ajp%29-Khalil.rantissi-%D8%AC%D9%8E%D9%85%D9%8E%D8%B9.wav
591,جمع,ˈʒam.maʕ,2,1,LL-Q55633582 (ajp)-Khalil.rantissi-جَمَع.wav,https://upload.wikimedia.org/wikipedia/commons/7/71/LL-Q55633582_%28ajp%29-Khalil.rantissi-%D8%AC%D9%8E%D9%85%D9%8E%D8%B9.wav
592,جمع,ˈʒa.m(ɪ)ʕ,2,1,LL-Q55633582 (ajp)-Khalil.rantissi-جَمَع.wav,https://upload.wikimedia.org/wikipedia/commons/7/71/LL-Q55633582_%28ajp%29-Khalil.rantissi-%D8%AC%D9%8E%D9%85%D9%8E%D8%B9.wav
593,جمعة,ˈʒʊm.ʕa,2,1,LL-Q55633582 (ajp)-Muhammad (AdrianAbdulBaha)-جمعة.wav,https://upload.wikimedia.org/wikipedia/commons/f/f1/LL-Q55633582_%28ajp%29-Muhammad_%28AdrianAbdulBaha%29-%D8%AC%D9%85%D8%B9%D8%A9.wav
594,جملة,ˈʒʊm.le,2,1,LL-Q55633582 (ajp)-Muhammad (AdrianAbdulBaha)-جملة.wav,https://upload.wikimedia.org/wikipedia/commons/3/34/LL-Q55633582_%28ajp%29-Muhammad_%28AdrianAbdulBaha%29-%D8%AC%D9%85%D9%84%D8%A9.wav
595,جند,ˈʒan.nad,2,1,LL-Q55633582 (ajp)-Khalil.rantissi-جَنَّد.wav,https://upload.wikimedia.org/wikipedia/commons/5/56/LL-Q55633582_%28ajp%29-Khalil.rantissi-%D8%AC%D9%8E%D9%86%D9%8E%D9%91%D8%AF.wav
596,جندي,ˈʒʊn.di,2,1,LL-Q55633582 (ajp)-Muhammad (AdrianAbdulBaha)-جندي.wav,https://upload.wikimedia.org/wikipedia/commons/1/1d/LL-Q55633582_%28ajp%29-Muhammad_%28AdrianAbdulBaha%29-%D8%AC%D9%86%D8%AF%D9%8A.wav
597,جنن,ˈʒan.nan,2,1,LL-Q55633582 (ajp)-Khalil.rantissi-جَنَّن.wav,https://upload.wikimedia.org/wikipedia/commons/f/f5/LL-Q55633582_%28ajp%29-Khalil.rantissi-%D8%AC%D9%8E%D9%86%D9%8E%D9%91%D9%86.wav
598,جهة,ˈʒɪ.ha,2,1,LL-Q55633582 (ajp)-Muhammad (AdrianAbdulBaha)-جهة.wav,https://upload.wikimedia.org/wikipedia/commons/f/f8/LL-Q55633582_%28ajp%29-Muhammad_%28AdrianAbdulBaha%29-%D8%AC%D9%87%D8%A9.wav
599,جهز,ˈʒah.haz,2,1,LL-Q55633582 (ajp)-Khalil.rantissi-جَهَّز.wav,https://upload.wikimedia.org/wikipedia/commons/b/bc/LL-Q55633582_%28ajp%29-Khalil.rantissi-%D8%AC%D9%8E%D9%87%D9%8E%D9%91%D8%B2.wav
600,جوا,ʒuw.wa,2,1,LL-Q55633582 (ajp)-AdrianAbdulBaha-جوّا.wav,https://upload.wikimedia.org/wikipedia/commons/c/c6/LL-Q55633582_%28ajp%29-AdrianAbdulBaha-%D8%AC%D9%88%D9%91%D8%A7.wav
601,جوع,ˈʒaw.waʕ,2,1,LL-Q55633582 (ajp)-Khalil.rantissi-جَوَّع.wav,https://upload.wikimedia.org/wikipedia/commons/3/3e/LL-Q55633582_%28ajp%29-Khalil.rantissi-%D8%AC%D9%8E%D9%88%D9%8E%D9%91%D8%B9.wav
602,جولة,ˈʒaw.le,2,1,LL-Q55633582 (ajp)-Mohammad-LPA-جولة.wav,https://upload.wikimedia.org/wikipedia/commons/c/ce/LL-Q55633582_%28ajp%29-Mohammad-LPA-%D8%AC%D9%88%D9%84%D8%A9.wav
603,جيبة,ˈʒeː.be,2,1,LL-Q55633582 (ajp)-AdrianAbdulBaha-جيبة.wav,https://upload.wikimedia.org/wikipedia/commons/8/83/LL-Q55633582_%28ajp%29-AdrianAbdulBaha-%D8%AC%D9%8A%D8%A8%D8%A9.wav
604,جينة,ˈʒeː.ne,2,1,LL-Q55633582 (ajp)-Muhammad (AdrianAbdulBaha)-جينة.wav,https://upload.wikimedia.org/wikipedia/commons/5/5e/LL-Q55633582_%28ajp%29-Muhammad_%28AdrianAbdulBaha%29-%D8%AC%D9%8A%D9%86%D8%A9.wav
605,حابب,ˈħæː.bɪb,2,1,LL-Q55633582 (ajp)-Khalil.rantissi-حابب.wav,https://upload.wikimedia.org/wikipedia/commons/2/24/LL-Q55633582_%28ajp%29-Khalil.rantissi-%D8%AD%D8%A7%D8%A8%D8%A8.wav
606,حاجب,ˈħæː.ʒɪb,2,1,LL-Q55633582 (ajp)-Muhammad (AdrianAbdulBaha)-حاجب.wav,https://upload.wikimedia.org/wikipedia/commons/a/af/LL-Q55633582_%28ajp%29-Muhammad_%28AdrianAbdulBaha%29-%D8%AD%D8%A7%D8%AC%D8%A8.wav
607,حاجة,ˈħæː.ʒe,2,1,LL-Q55633582 (ajp)-Muhammad (AdrianAbdulBaha)-حاجة.wav,https://upload.wikimedia.org/wikipedia/commons/a/ae/LL-Q55633582_%28ajp%29-Muhammad_%28AdrianAbdulBaha%29-%D8%AD%D8%A7%D8%AC%D8%A9.wav
608,حارب,ˈħæː.rab,2,1,LL-Q55633582 (ajp)-Khalil.rantissi-حارَب.wav,https://upload.wikimedia.org/wikipedia/commons/2/2b/LL-Q55633582_%28ajp%29-Khalil.rantissi-%D8%AD%D8%A7%D8%B1%D9%8E%D8%A8.wav
609,حارة,ˈħɑː.rˤɑ,2,1,LL-Q55633582 (ajp)-Muhammad (AdrianAbdulBaha)-حارة.wav,https://upload.wikimedia.org/wikipedia/commons/4/46/LL-Q55633582_%28ajp%29-Muhammad_%28AdrianAbdulBaha%29-%D8%AD%D8%A7%D8%B1%D8%A9.wav
610,حاسد,ˈħæː.sɪd,2,1,LL-Q55633582 (ajp)-Muhammad (AdrianAbdulBaha)-حاسد.wav,https://upload.wikimedia.org/wikipedia/commons/d/d0/LL-Q55633582_%28ajp%29-Muhammad_%28AdrianAbdulBaha%29-%D8%AD%D8%A7%D8%B3%D8%AF.wav
611,حاسس,ˈħæː.sɪs,2,1,LL-Q55633582 (ajp)-Khalil.rantissi-حاسس.wav,https://upload.wikimedia.org/wikipedia/commons/5/5d/LL-Q55633582_%28ajp%29-Khalil.rantissi-%D8%AD%D8%A7%D8%B3%D8%B3.wav
612,حافظ,ˈħɑː.fɑzˤ,2,1,LL-Q55633582 (ajp)-Khalil.rantissi-حافَظ.wav,https://upload.wikimedia.org/wikipedia/commons/8/84/LL-Q55633582_%28ajp%29-Khalil.rantissi-%D8%AD%D8%A7%D9%81%D9%8E%D8%B8.wav
613,حاكى,ˈħæː.ka,2,1,LL-Q55633582 (ajp)-AdrianAbdulBaha-حاكى.wav,https://upload.wikimedia.org/wikipedia/commons/c/c7/LL-Q55633582_%28ajp%29-AdrianAbdulBaha-%D8%AD%D8%A7%D9%83%D9%89.wav
614,حامض,ˈħɑː.mʊdˤ,2,1,LL-Q55633582 (ajp)-Muhammad (AdrianAbdulBaha)-حامض.wav,https://upload.wikimedia.org/wikipedia/commons/4/43/LL-Q55633582_%28ajp%29-Muhammad_%28AdrianAbdulBaha%29-%D8%AD%D8%A7%D9%85%D8%B6.wav
615,حامض,ˈħɑː.mɪdˤ,2,1,LL-Q55633582 (ajp)-Muhammad (AdrianAbdulBaha)-حامض.wav,https://upload.wikimedia.org/wikipedia/commons/4/43/LL-Q55633582_%28ajp%29-Muhammad_%28AdrianAbdulBaha%29-%D8%AD%D8%A7%D9%85%D8%B6.wav
616,حامي,ˈħæː.mi,2,1,LL-Q55633582 (ajp)-Muhammad (AdrianAbdulBaha)-حامي.wav,https://upload.wikimedia.org/wikipedia/commons/0/07/LL-Q55633582_%28ajp%29-Muhammad_%28AdrianAbdulBaha%29-%D8%AD%D8%A7%D9%85%D9%8A.wav
617,حاول,ˈħæː.wal,2,1,LL-Q55633582 (ajp)-Khalil.rantissi-حاوَل.wav,https://upload.wikimedia.org/wikipedia/commons/6/67/LL-Q55633582_%28ajp%29-Khalil.rantissi-%D8%AD%D8%A7%D9%88%D9%8E%D9%84.wav
618,حبة,ˈħab.be,2,1,LL-Q55633582 (ajp)-Khalil.rantissi-حبّة.wav,https://upload.wikimedia.org/wikipedia/commons/7/79/LL-Q55633582_%28ajp%29-Khalil.rantissi-%D8%AD%D8%A8%D9%91%D8%A9.wav
619,حبس,ˈħa.bas,2,1,LL-Q55633582 (ajp)-Khalil.rantissi-حَبَس.wav,https://upload.wikimedia.org/wikipedia/commons/f/f6/LL-Q55633582_%28ajp%29-Khalil.rantissi-%D8%AD%D9%8E%D8%A8%D9%8E%D8%B3.wav
620,حتى,ˈħat.ta,2,1,LL-Q55633582 (ajp)-MahmoudM (AdrianAbdulBaha)-حتّى.wav,https://upload.wikimedia.org/wikipedia/commons/d/d3/LL-Q55633582_%28ajp%29-MahmoudM_%28AdrianAbdulBaha%29-%D8%AD%D8%AA%D9%91%D9%89.wav
621,حجز,ˈħa.ʒaz,2,1,LL-Q55633582 (ajp)-Khalil.rantissi-حَجَز.wav,https://upload.wikimedia.org/wikipedia/commons/e/e8/LL-Q55633582_%28ajp%29-Khalil.rantissi-%D8%AD%D9%8E%D8%AC%D9%8E%D8%B2.wav
622,حدا,ˈħa.da,2,1,LL-Q55633582 (ajp)-Basil (AdrianAbdulBaha)-حدا.wav,https://upload.wikimedia.org/wikipedia/commons/2/20/LL-Q55633582_%28ajp%29-Basil_%28AdrianAbdulBaha%29-%D8%AD%D8%AF%D8%A7.wav
623,حدث,ˈħad.das,2,1,LL-Q55633582 (ajp)-Khalil.rantissi-حَدَّث.wav,https://upload.wikimedia.org/wikipedia/commons/6/62/LL-Q55633582_%28ajp%29-Khalil.rantissi-%D8%AD%D9%8E%D8%AF%D9%8E%D9%91%D8%AB.wav
624,حدد,ˈħad.dad,2,1,LL-Q55633582 (ajp)-Khalil.rantissi-حَدَّد.wav,https://upload.wikimedia.org/wikipedia/commons/0/0d/LL-Q55633582_%28ajp%29-Khalil.rantissi-%D8%AD%D9%8E%D8%AF%D9%8E%D9%91%D8%AF.wav
625,حذر,ˈħað.ðar,2,1,LL-Q55633582 (ajp)-Khalil.rantissi-حَذَّر.wav,https://upload.wikimedia.org/wikipedia/commons/6/68/LL-Q55633582_%28ajp%29-Khalil.rantissi-%D8%AD%D9%8E%D8%B0%D9%8E%D9%91%D8%B1.wav
626,حذف,ˈħa.zaf,2,1,LL-Q55633582 (ajp)-Khalil.rantissi-حَذَف.wav,https://upload.wikimedia.org/wikipedia/commons/8/8d/LL-Q55633582_%28ajp%29-Khalil.rantissi-%D8%AD%D9%8E%D8%B0%D9%8E%D9%81.wav
627,حرر,ˈħar.rar,2,1,LL-Q55633582 (ajp)-Khalil.rantissi-حَرَّر.wav,https://upload.wikimedia.org/wikipedia/commons/0/0e/LL-Q55633582_%28ajp%29-Khalil.rantissi-%D8%AD%D9%8E%D8%B1%D9%8E%D9%91%D8%B1.wav
628,حرق,ˈħa.raʔ,2,1,LL-Q55633582 (ajp)-Khalil.rantissi-حَرَق.wav,https://upload.wikimedia.org/wikipedia/commons/c/c1/LL-Q55633582_%28ajp%29-Khalil.rantissi-%D8%AD%D9%8E%D8%B1%D9%8E%D9%82.wav
629,حرك,ˈħar.rak,2,1,LL-Q55633582 (ajp)-Khalil.rantissi-حَرَّك.wav,https://upload.wikimedia.org/wikipedia/commons/e/ea/LL-Q55633582_%28ajp%29-Khalil.rantissi-%D8%AD%D9%8E%D8%B1%D9%8E%D9%91%D9%83.wav
630,حرم,ˈħar.ram,2,1,LL-Q55633582 (ajp)-Khalil.rantissi-حَرَّم.wav,https://upload.wikimedia.org/wikipedia/commons/c/c3/LL-Q55633582_%28ajp%29-Khalil.rantissi-%D8%AD%D9%8E%D8%B1%D9%8E%D9%91%D9%85.wav
631,حزر,ˈħi.zɪr,2,1,LL-Q55633582 (ajp)-Khalil.rantissi-حَزَر.wav,https://upload.wikimedia.org/wikipedia/commons/d/dd/LL-Q55633582_%28ajp%29-Khalil.rantissi-%D8%AD%D9%8E%D8%B2%D9%8E%D8%B1.wav
632,حزنان,ˈħaz.næːn,2,1,LL-Q55633582 (ajp)-Khalil.rantissi-حزنان.wav,https://upload.wikimedia.org/wikipedia/commons/e/e9/LL-Q55633582_%28ajp%29-Khalil.rantissi-%D8%AD%D8%B2%D9%86%D8%A7%D9%86.wav
633,حسب,ˈħa.sab,2,1,LL-Q55633582 (ajp)-Khalil.rantissi-حَسَب.wav,https://upload.wikimedia.org/wikipedia/commons/5/50/LL-Q55633582_%28ajp%29-Khalil.rantissi-%D8%AD%D9%8E%D8%B3%D9%8E%D8%A8.wav
634,حسد,ˈħa.sad,2,1,LL-Q55633582 (ajp)-Khalil.rantissi-حَسَد.wav,https://upload.wikimedia.org/wikipedia/commons/6/6f/LL-Q55633582_%28ajp%29-Khalil.rantissi-%D8%AD%D9%8E%D8%B3%D9%8E%D8%AF.wav
635,حسس,ˈħas.sas,2,1,LL-Q55633582 (ajp)-Khalil.rantissi-حَسَّس.wav,https://upload.wikimedia.org/wikipedia/commons/8/80/LL-Q55633582_%28ajp%29-Khalil.rantissi-%D8%AD%D9%8E%D8%B3%D9%8E%D9%91%D8%B3.wav
636,حسن,ˈħas.san,2,1,LL-Q55633582 (ajp)-Khalil.rantissi-حَسَّن.wav,https://upload.wikimedia.org/wikipedia/commons/b/b9/LL-Q55633582_%28ajp%29-Khalil.rantissi-%D8%AD%D9%8E%D8%B3%D9%8E%D9%91%D9%86.wav
637,حشى,ˈħa.ʃa,2,1,LL-Q55633582 (ajp)-Khalil.rantissi-حَشى.wav,https://upload.wikimedia.org/wikipedia/commons/4/42/LL-Q55633582_%28ajp%29-Khalil.rantissi-%D8%AD%D9%8E%D8%B4%D9%89.wav
638,حفظ,ˈħɪ.fɪzˤ,2,1,LL-Q55633582 (ajp)-Khalil.rantissi-حِفِظ.wav,https://upload.wikimedia.org/wikipedia/commons/9/91/LL-Q55633582_%28ajp%29-Khalil.rantissi-%D8%AD%D9%90%D9%81%D9%90%D8%B8.wav
639,حقق,ˈħaʔ.ʔaʔ,2,1,LL-Q55633582 (ajp)-Khalil.rantissi-حَقَّق.wav,https://upload.wikimedia.org/wikipedia/commons/2/26/LL-Q55633582_%28ajp%29-Khalil.rantissi-%D8%AD%D9%8E%D9%82%D9%8E%D9%91%D9%82.wav
640,حقل,ˈħa.ʔ(ɪ)l,2,1,LL-Q55633582 (ajp)-Muhammad (AdrianAbdulBaha)-حقل.wav,https://upload.wikimedia.org/wikipedia/commons/5/55/LL-Q55633582_%28ajp%29-Muhammad_%28AdrianAbdulBaha%29-%D8%AD%D9%82%D9%84.wav
641,حكاية,ˈħkæː.je,2,1,LL-Q55633582 (ajp)-Muhammad (AdrianAbdulBaha)-حكاية.wav,https://upload.wikimedia.org/wikipedia/commons/d/d7/LL-Q55633582_%28ajp%29-Muhammad_%28AdrianAbdulBaha%29-%D8%AD%D9%83%D8%A7%D9%8A%D8%A9.wav
642,حكى,ˈħa.ka,2,1,LL-Q55633582 (ajp)-Khalil.rantissi-حكى.wav,https://upload.wikimedia.org/wikipedia/commons/a/a9/LL-Q55633582_%28ajp%29-Khalil.rantissi-%D8%AD%D9%83%D9%89.wav
643,حكي,ˈħa.ki,2,1,LL-Q55633582 (ajp)-Muhammad (AdrianAbdulBaha)-حكي.wav,https://upload.wikimedia.org/wikipedia/commons/2/2c/LL-Q55633582_%28ajp%29-Muhammad_%28AdrianAbdulBaha%29-%D8%AD%D9%83%D9%8A.wav
644,حلل,ˈħal.lal,2,1,LL-Q55633582 (ajp)-Khalil.rantissi-حَلَّل.wav,https://upload.wikimedia.org/wikipedia/commons/f/f9/LL-Q55633582_%28ajp%29-Khalil.rantissi-%D8%AD%D9%8E%D9%84%D9%8E%D9%91%D9%84.wav
645,حلم,ˈħi.lɪm,2,1,LL-Q55633582 (ajp)-Muhammad (AdrianAbdulBaha)-حلم.wav,https://upload.wikimedia.org/wikipedia/commons/d/d1/LL-Q55633582_%28ajp%29-Muhammad_%28AdrianAbdulBaha%29-%D8%AD%D9%84%D9%85.wav
646,حلم,ˈħʊ.l(ʊ)m,2,1,LL-Q55633582 (ajp)-Muhammad (AdrianAbdulBaha)-حلم.wav,https://upload.wikimedia.org/wikipedia/commons/d/d1/LL-Q55633582_%28ajp%29-Muhammad_%28AdrianAbdulBaha%29-%D8%AD%D9%84%D9%85.wav
647,حلو,ˈħɪ.lʊ,2,1,LL-Q55633582 (ajp)-MahmoudM (AdrianAbdulBaha)-حلو.wav,https://upload.wikimedia.org/wikipedia/commons/6/67/LL-Q55633582_%28ajp%29-MahmoudM_%28AdrianAbdulBaha%29-%D8%AD%D9%84%D9%88.wav
648,حلى,ˈħal.la,2,1,LL-Q55633582 (ajp)-Khalil.rantissi-حَلّى.wav,https://upload.wikimedia.org/wikipedia/commons/c/c4/LL-Q55633582_%28ajp%29-Khalil.rantissi-%D8%AD%D9%8E%D9%84%D9%91%D9%89.wav
649,حليوة,ˈħleː.wa,2,1,LL-Q55633582 (ajp)-Muhammad (AdrianAbdulBaha)-حليوة.wav,https://upload.wikimedia.org/wikipedia/commons/2/2b/LL-Q55633582_%28ajp%29-Muhammad_%28AdrianAbdulBaha%29-%D8%AD%D9%84%D9%8A%D9%88%D8%A9.wav
650,حما,ˈħa.ma,2,1,LL-Q55633582 (ajp)-Muhammad (AdrianAbdulBaha)-حما.wav,https://upload.wikimedia.org/wikipedia/commons/9/95/LL-Q55633582_%28ajp%29-Muhammad_%28AdrianAbdulBaha%29-%D8%AD%D9%85%D8%A7.wav
651,حمرة,ˈħʊm.rˤɑ,2,1,LL-Q55633582 (ajp)-Muhammad (AdrianAbdulBaha)-حمرة.wav,https://upload.wikimedia.org/wikipedia/commons/2/22/LL-Q55633582_%28ajp%29-Muhammad_%28AdrianAbdulBaha%29-%D8%AD%D9%85%D8%B1%D8%A9.wav
652,حمس,ˈħam.mas,2,1,LL-Q55633582 (ajp)-Khalil.rantissi-حَمَّس.wav,https://upload.wikimedia.org/wikipedia/commons/1/16/LL-Q55633582_%28ajp%29-Khalil.rantissi-%D8%AD%D9%8E%D9%85%D9%8E%D9%91%D8%B3.wav
653,حمق,ˈħi.mɪʔ,2,1,LL-Q55633582 (ajp)-Khalil.rantissi-حِمِق.wav,https://upload.wikimedia.org/wikipedia/commons/4/4d/LL-Q55633582_%28ajp%29-Khalil.rantissi-%D8%AD%D9%90%D9%85%D9%90%D9%82.wav
654,حمم,ˈħam.mam,2,1,LL-Q55633582 (ajp)-Khalil.rantissi-حَمَّم.wav,https://upload.wikimedia.org/wikipedia/commons/3/32/LL-Q55633582_%28ajp%29-Khalil.rantissi-%D8%AD%D9%8E%D9%85%D9%8E%D9%91%D9%85.wav
655,حمى,ˈħa.ma,2,1,LL-Q55633582 (ajp)-Khalil.rantissi-حَمى.wav,https://upload.wikimedia.org/wikipedia/commons/b/bb/LL-Q55633582_%28ajp%29-Khalil.rantissi-%D8%AD%D9%8E%D9%85%D9%89.wav
656,حمي,ˈħi.mi,2,1,LL-Q55633582 (ajp)-Khalil.rantissi-حِمي.wav,https://upload.wikimedia.org/wikipedia/commons/b/b0/LL-Q55633582_%28ajp%29-Khalil.rantissi-%D8%AD%D9%90%D9%85%D9%8A.wav
657,حوش,ˈħaw.waʃ,2,1,LL-Q55633582 (ajp)-AdrianAbdulBaha-حَوَّش.wav,https://upload.wikimedia.org/wikipedia/commons/a/ae/LL-Q55633582_%28ajp%29-AdrianAbdulBaha-%D8%AD%D9%8E%D9%88%D9%8E%D9%91%D8%B4.wav
658,حول,ˈħaw.wal,2,1,LL-Q55633582 (ajp)-Khalil.rantissi-حَوَّل.wav,https://upload.wikimedia.org/wikipedia/commons/7/7e/LL-Q55633582_%28ajp%29-Khalil.rantissi-%D8%AD%D9%8E%D9%88%D9%8E%D9%91%D9%84.wav
659,حية,ˈħaj.je,2,1,LL-Q55633582 (ajp)-Muhammad (AdrianAbdulBaha)-حيّة.wav,https://upload.wikimedia.org/wikipedia/commons/8/86/LL-Q55633582_%28ajp%29-Muhammad_%28AdrianAbdulBaha%29-%D8%AD%D9%8A%D9%91%D8%A9.wav
660,حير,ħaj.jar,2,1,LL-Q55633582 (ajp)-Muhammad (AdrianAbdulBaha)-حَيَّر.wav,https://upload.wikimedia.org/wikipedia/commons/2/24/LL-Q55633582_%28ajp%29-Muhammad_%28AdrianAbdulBaha%29-%D8%AD%D9%8E%D9%8A%D9%8E%D9%91%D8%B1.wav
661,حيفا,ˈħeː.fa,2,1,LL-Q55633582 (ajp)-Khalil.rantissi-حيفا.wav,https://upload.wikimedia.org/wikipedia/commons/9/9a/LL-Q55633582_%28ajp%29-Khalil.rantissi-%D8%AD%D9%8A%D9%81%D8%A7.wav
662,خارج,ˈxæː.rɪʒ,2,1,LL-Q55633582 (ajp)-Muhammad (AdrianAbdulBaha)-خارج.wav,https://upload.wikimedia.org/wikipedia/commons/7/79/LL-Q55633582_%28ajp%29-Muhammad_%28AdrianAbdulBaha%29-%D8%AE%D8%A7%D8%B1%D8%AC.wav
663,خاطب,ˈxɑː.tˤɪb,2,1,LL-Q55633582 (ajp)-Muhammad (AdrianAbdulBaha)-خاطب.wav,https://upload.wikimedia.org/wikipedia/commons/7/73/LL-Q55633582_%28ajp%29-Muhammad_%28AdrianAbdulBaha%29-%D8%AE%D8%A7%D8%B7%D8%A8.wav
664,خالة,ˈxæː.le,2,1,LL-Q55633582 (ajp)-Muhammad (AdrianAbdulBaha)-خالة.wav,https://upload.wikimedia.org/wikipedia/commons/f/fb/LL-Q55633582_%28ajp%29-Muhammad_%28AdrianAbdulBaha%29-%D8%AE%D8%A7%D9%84%D8%A9.wav
665,خالتو,ˈxæːl.to,2,1,LL-Q55633582 (ajp)-Muhammad (AdrianAbdulBaha)-خالتو.wav,https://upload.wikimedia.org/wikipedia/commons/8/88/LL-Q55633582_%28ajp%29-Muhammad_%28AdrianAbdulBaha%29-%D8%AE%D8%A7%D9%84%D8%AA%D9%88.wav
666,خالص,ˈxɑː.lɪsˤ,2,1,LL-Q55633582 (ajp)-Muhammad (AdrianAbdulBaha)-خالص.wav,https://upload.wikimedia.org/wikipedia/commons/d/d8/LL-Q55633582_%28ajp%29-Muhammad_%28AdrianAbdulBaha%29-%D8%AE%D8%A7%D9%84%D8%B5.wav
667,خالف,ˈxæː.laf,2,1,LL-Q55633582 (ajp)-Khalil.rantissi-خالَف.wav,https://upload.wikimedia.org/wikipedia/commons/b/be/LL-Q55633582_%28ajp%29-Khalil.rantissi-%D8%AE%D8%A7%D9%84%D9%8E%D9%81.wav
668,خالو,ˈxæː.lo,2,1,LL-Q55633582 (ajp)-Muhammad (AdrianAbdulBaha)-خالو.wav,https://upload.wikimedia.org/wikipedia/commons/9/98/LL-Q55633582_%28ajp%29-Muhammad_%28AdrianAbdulBaha%29-%D8%AE%D8%A7%D9%84%D9%88.wav
669,خالي,ˈxæː.li,2,1,LL-Q55633582 (ajp)-Muhammad (AdrianAbdulBaha)-خالي.wav,https://upload.wikimedia.org/wikipedia/commons/2/27/LL-Q55633582_%28ajp%29-Muhammad_%28AdrianAbdulBaha%29-%D8%AE%D8%A7%D9%84%D9%8A.wav
670,خامس,ˈxæː.mɪs,2,1,LL-Q55633582 (ajp)-Muhammad (AdrianAbdulBaha)-خامس.wav,https://upload.wikimedia.org/wikipedia/commons/b/b1/LL-Q55633582_%28ajp%29-Muhammad_%28AdrianAbdulBaha%29-%D8%AE%D8%A7%D9%85%D8%B3.wav
671,خامل,ˈxæː.mɪl,2,1,LL-Q55633582 (ajp)-Muhammad (AdrianAbdulBaha)-خامل.wav,https://upload.wikimedia.org/wikipedia/commons/6/69/LL-Q55633582_%28ajp%29-Muhammad_%28AdrianAbdulBaha%29-%D8%AE%D8%A7%D9%85%D9%84.wav
672,خايف,ˈxæː.jɪf,2,1,LL-Q55633582 (ajp)-Muhammad (AdrianAbdulBaha)-خايف.wav,https://upload.wikimedia.org/wikipedia/commons/9/93/LL-Q55633582_%28ajp%29-Muhammad_%28AdrianAbdulBaha%29-%D8%AE%D8%A7%D9%8A%D9%81.wav
673,خبر,ˈxab.bar,2,1,LL-Q55633582 (ajp)-Khalil.rantissi-خَبَّر.wav,https://upload.wikimedia.org/wikipedia/commons/0/0e/LL-Q55633582_%28ajp%29-Khalil.rantissi-%D8%AE%D9%8E%D8%A8%D9%8E%D9%91%D8%B1.wav
674,خبط,ˈxɑ.bɑtˤ,2,1,LL-Q55633582 (ajp)-Khalil.rantissi-خَبَط.wav,https://upload.wikimedia.org/wikipedia/commons/5/53/LL-Q55633582_%28ajp%29-Khalil.rantissi-%D8%AE%D9%8E%D8%A8%D9%8E%D8%B7.wav
675,خبى,ˈxab.ba,2,1,LL-Q55633582 (ajp)-Khalil.rantissi-خَبّى.wav,https://upload.wikimedia.org/wikipedia/commons/8/83/LL-Q55633582_%28ajp%29-Khalil.rantissi-%D8%AE%D9%8E%D8%A8%D9%91%D9%89.wav
676,خجل,ˈxɪ.ʒɪl,2,1,LL-Q55633582 (ajp)-AdrianAbdulBaha-خجل.wav,https://upload.wikimedia.org/wikipedia/commons/c/c3/LL-Q55633582_%28ajp%29-AdrianAbdulBaha-%D8%AE%D8%AC%D9%84.wav
677,خجل,ˈxaʒ.ʒal,2,1,LL-Q55633582 (ajp)-AdrianAbdulBaha-خجل.wav,https://upload.wikimedia.org/wikipedia/commons/c/c3/LL-Q55633582_%28ajp%29-AdrianAbdulBaha-%D8%AE%D8%AC%D9%84.wav
678,خدع,ˈxa.daʕ,2,1,LL-Q55633582 (ajp)-AdrianAbdulBaha-خَدَع.wav,https://upload.wikimedia.org/wikipedia/commons/d/dd/LL-Q55633582_%28ajp%29-AdrianAbdulBaha-%D8%AE%D9%8E%D8%AF%D9%8E%D8%B9.wav
679,خدم,ˈxa.dam,2,1,LL-Q55633582 (ajp)-Khalil.rantissi-خَدَم.wav,https://upload.wikimedia.org/wikipedia/commons/f/f9/LL-Q55633582_%28ajp%29-Khalil.rantissi-%D8%AE%D9%8E%D8%AF%D9%8E%D9%85.wav
680,خدمة,ˈxɪd.me,2,1,LL-Q55633582 (ajp)-Muhammad (AdrianAbdulBaha)-خدمة.wav,https://upload.wikimedia.org/wikipedia/commons/c/ca/LL-Q55633582_%28ajp%29-Muhammad_%28AdrianAbdulBaha%29-%D8%AE%D8%AF%D9%85%D8%A9.wav
681,خربش,ˈxar.baʃ,2,1,LL-Q55633582 (ajp)-Khalil.rantissi-خَربَش.wav,https://upload.wikimedia.org/wikipedia/commons/f/f9/LL-Q55633582_%28ajp%29-Khalil.rantissi-%D8%AE%D9%8E%D8%B1%D8%A8%D9%8E%D8%B4.wav
682,خربط,ˈxɑrˤ.bɑtˤ,2,1,LL-Q55633582 (ajp)-Khalil.rantissi-خَربَط.wav,https://upload.wikimedia.org/wikipedia/commons/e/e6/LL-Q55633582_%28ajp%29-Khalil.rantissi-%D8%AE%D9%8E%D8%B1%D8%A8%D9%8E%D8%B7.wav
683,خرس,ˈxi.rɪs,2,1,LL-Q55633582 (ajp)-Khalil.rantissi-خَرَس.wav,https://upload.wikimedia.org/wikipedia/commons/1/1b/LL-Q55633582_%28ajp%29-Khalil.rantissi-%D8%AE%D9%8E%D8%B1%D9%8E%D8%B3.wav
684,خرف,ˈxar.raf,2,1,LL-Q55633582 (ajp)-Khalil.rantissi-خَرَّف.wav,https://upload.wikimedia.org/wikipedia/commons/f/f7/LL-Q55633582_%28ajp%29-Khalil.rantissi-%D8%AE%D9%8E%D8%B1%D9%8E%D9%91%D9%81.wav
685,خري,ˈxi.ri,2,1,LL-Q55633582 (ajp)-Khalil.rantissi-خِري.wav,https://upload.wikimedia.org/wikipedia/commons/a/a0/LL-Q55633582_%28ajp%29-Khalil.rantissi-%D8%AE%D9%90%D8%B1%D9%8A.wav
686,خشب,ˈxa.ʃab,2,1,LL-Q55633582 (ajp)-Muhammad (AdrianAbdulBaha)-خشب.wav,https://upload.wikimedia.org/wikipedia/commons/3/32/LL-Q55633582_%28ajp%29-Muhammad_%28AdrianAbdulBaha%29-%D8%AE%D8%B4%D8%A8.wav
687,خصص,ˈxɑsˤ.sˤɑsˤ,2,1,LL-Q55633582 (ajp)-Khalil.rantissi-خَصَّص.wav,https://upload.wikimedia.org/wikipedia/commons/f/fb/LL-Q55633582_%28ajp%29-Khalil.rantissi-%D8%AE%D9%8E%D8%B5%D9%8E%D9%91%D8%B5.wav
688,خضرة,ˈxʊdˤ.rɑ,2,1,LL-Q55633582 (ajp)-Khalil.rantissi-خضرة.wav,https://upload.wikimedia.org/wikipedia/commons/4/46/LL-Q55633582_%28ajp%29-Khalil.rantissi-%D8%AE%D8%B6%D8%B1%D8%A9.wav
689,خطب,ˈxɑ.tˤɑb,2,1,LL-Q55633582 (ajp)-Khalil.rantissi-خَطَب.wav,https://upload.wikimedia.org/wikipedia/commons/1/1b/LL-Q55633582_%28ajp%29-Khalil.rantissi-%D8%AE%D9%8E%D8%B7%D9%8E%D8%A8.wav
690,خطط,ˈxɑtˤ.tˤɑtˤ,2,1,LL-Q55633582 (ajp)-Khalil.rantissi-خَطَّط.wav,https://upload.wikimedia.org/wikipedia/commons/5/5d/LL-Q55633582_%28ajp%29-Khalil.rantissi-%D8%AE%D9%8E%D8%B7%D9%8E%D9%91%D8%B7.wav
691,خطف,ˈxɑ.tˤɑf,2,1,LL-Q55633582 (ajp)-Khalil.rantissi-خَطَف.wav,https://upload.wikimedia.org/wikipedia/commons/f/f3/LL-Q55633582_%28ajp%29-Khalil.rantissi-%D8%AE%D9%8E%D8%B7%D9%8E%D9%81.wav
692,خفف,ˈxaf.faf,2,1,LL-Q55633582 (ajp)-Khalil.rantissi-خَفَّف.wav,https://upload.wikimedia.org/wikipedia/commons/0/0b/LL-Q55633582_%28ajp%29-Khalil.rantissi-%D8%AE%D9%8E%D9%81%D9%8E%D9%91%D9%81.wav
693,خلاص,ˈxɑ.lɑsˤ,2,1,LL-Q55633582 (ajp)-Khalil.rantissi-خَلص.wav,https://upload.wikimedia.org/wikipedia/commons/8/87/LL-Q55633582_%28ajp%29-Khalil.rantissi-%D8%AE%D9%8E%D9%84%D8%B5.wav
694,خلع,ˈxa.laʕ,2,1,LL-Q55633582 (ajp)-Khalil.rantissi-خَلَع.wav,https://upload.wikimedia.org/wikipedia/commons/3/37/LL-Q55633582_%28ajp%29-Khalil.rantissi-%D8%AE%D9%8E%D9%84%D9%8E%D8%B9.wav
695,خلى,ˈxal.la,2,1,LL-Q55633582 (ajp)-Khalil.rantissi-خلّى.wav,https://upload.wikimedia.org/wikipedia/commons/5/58/LL-Q55633582_%28ajp%29-Khalil.rantissi-%D8%AE%D9%84%D9%91%D9%89.wav
696,خمر,ˈxa.m(ɪ)r,2,1,LL-Q55633582 (ajp)-Muhammad (AdrianAbdulBaha)-خمر.wav,https://upload.wikimedia.org/wikipedia/commons/9/98/LL-Q55633582_%28ajp%29-Muhammad_%28AdrianAbdulBaha%29-%D8%AE%D9%85%D8%B1.wav
697,خمري,ˈxam.ri,2,1,LL-Q55633582 (ajp)-Muhammad (AdrianAbdulBaha)-خمري.wav,https://upload.wikimedia.org/wikipedia/commons/5/57/LL-Q55633582_%28ajp%29-Muhammad_%28AdrianAbdulBaha%29-%D8%AE%D9%85%D8%B1%D9%8A.wav
698,خمسة,ˈxam.se,2,1,LL-Q55633582 (ajp)-AseelF (AdrianAbdulBaha)-5.wav,https://upload.wikimedia.org/wikipedia/commons/4/48/LL-Q55633582_%28ajp%29-AseelF_%28AdrianAbdulBaha%29-5.wav
699,خنصر,ˈxʊn.sˤʊr,2,1,LL-Q55633582 (ajp)-Muhammad (AdrianAbdulBaha)-خنصر.wav,https://upload.wikimedia.org/wikipedia/commons/2/25/LL-Q55633582_%28ajp%29-Muhammad_%28AdrianAbdulBaha%29-%D8%AE%D9%86%D8%B5%D8%B1.wav
700,خنق,ˈxa.naʔ,2,1,LL-Q55633582 (ajp)-Khalil.rantissi-خَنَق.wav,https://upload.wikimedia.org/wikipedia/commons/4/41/LL-Q55633582_%28ajp%29-Khalil.rantissi-%D8%AE%D9%8E%D9%86%D9%8E%D9%82.wav
701,خوف,ˈxaw.waf,2,1,LL-Q55633582 (ajp)-Khalil.rantissi-خَوَّف.wav,https://upload.wikimedia.org/wikipedia/commons/f/f8/LL-Q55633582_%28ajp%29-Khalil.rantissi-%D8%AE%D9%8E%D9%88%D9%8E%D9%91%D9%81.wav
702,خير,ˈxaj.jar,2,1,LL-Q55633582 (ajp)-Muhammad (AdrianAbdulBaha)-خير.wav,https://upload.wikimedia.org/wikipedia/commons/6/69/LL-Q55633582_%28ajp%29-Muhammad_%28AdrianAbdulBaha%29-%D8%AE%D9%8A%D8%B1.wav
703,داخل,ˈdæː.xɪl,2,1,LL-Q55633582 (ajp)-Muhammad (AdrianAbdulBaha)-داخل.wav,https://upload.wikimedia.org/wikipedia/commons/0/00/LL-Q55633582_%28ajp%29-Muhammad_%28AdrianAbdulBaha%29-%D8%AF%D8%A7%D8%AE%D9%84.wav
704,دارباله,dɑːr ˈbæː.lo,2,1,LL-Q55633582 (ajp)-Muhammad (AdrianAbdulBaha)-دار باله.wav,https://upload.wikimedia.org/wikipedia/commons/5/54/LL-Q55633582_%28ajp%29-Muhammad_%28AdrianAbdulBaha%29-%D8%AF%D8%A7%D8%B1_%D8%A8%D8%A7%D9%84%D9%87.wav
705,دافع,ˈdæː.faʕ,2,1,LL-Q55633582 (ajp)-Khalil.rantissi-دافَع.wav,https://upload.wikimedia.org/wikipedia/commons/1/1b/LL-Q55633582_%28ajp%29-Khalil.rantissi-%D8%AF%D8%A7%D9%81%D9%8E%D8%B9.wav
706,دافي,ˈdæː.fi,2,1,LL-Q55633582 (ajp)-Muhammad (AdrianAbdulBaha)-دافي.wav,https://upload.wikimedia.org/wikipedia/commons/4/48/LL-Q55633582_%28ajp%29-Muhammad_%28AdrianAbdulBaha%29-%D8%AF%D8%A7%D9%81%D9%8A.wav
707,داوم,ˈdæː.wam,2,1,LL-Q55633582 (ajp)-AdrianAbdulBaha-داوَم.wav,https://upload.wikimedia.org/wikipedia/commons/5/52/LL-Q55633582_%28ajp%29-AdrianAbdulBaha-%D8%AF%D8%A7%D9%88%D9%8E%D9%85.wav
708,دايخ,ˈdæː.jɪx,2,1,LL-Q55633582 (ajp)-Muhammad (AdrianAbdulBaha)-دايخ.wav,https://upload.wikimedia.org/wikipedia/commons/b/b9/LL-Q55633582_%28ajp%29-Muhammad_%28AdrianAbdulBaha%29-%D8%AF%D8%A7%D9%8A%D8%AE.wav
709,دايما,ˈdæːj.man,2,1,LL-Q55633582 (ajp)-AseelF (AdrianAbdulBaha)-دايمًا.wav,https://upload.wikimedia.org/wikipedia/commons/d/d9/LL-Q55633582_%28ajp%29-AseelF_%28AdrianAbdulBaha%29-%D8%AF%D8%A7%D9%8A%D9%85%D9%8B%D8%A7.wav
710,دبح,ˈda.baħ,2,1,LL-Q55633582 (ajp)-Khalil.rantissi-دَبَح.wav,https://upload.wikimedia.org/wikipedia/commons/c/cf/LL-Q55633582_%28ajp%29-Khalil.rantissi-%D8%AF%D9%8E%D8%A8%D9%8E%D8%AD.wav
711,دبر,ˈdab.bar,2,1,LL-Q55633582 (ajp)-Khalil.rantissi-دَبَّر.wav,https://upload.wikimedia.org/wikipedia/commons/1/14/LL-Q55633582_%28ajp%29-Khalil.rantissi-%D8%AF%D9%8E%D8%A8%D9%8E%D9%91%D8%B1.wav
712,دخل,ˈda.xal,2,1,LL-Q55633582 (ajp)-Khalil.rantissi-دخل.wav,https://upload.wikimedia.org/wikipedia/commons/e/ec/LL-Q55633582_%28ajp%29-Khalil.rantissi-%D8%AF%D8%AE%D9%84.wav
713,دخل,ˈdax.xal,2,1,LL-Q55633582 (ajp)-Khalil.rantissi-دخل.wav,https://upload.wikimedia.org/wikipedia/commons/e/ec/LL-Q55633582_%28ajp%29-Khalil.rantissi-%D8%AF%D8%AE%D9%84.wav
714,دخن,ˈdax.xan,2,1,LL-Q55633582 (ajp)-Khalil.rantissi-دَخَّن.wav,https://upload.wikimedia.org/wikipedia/commons/1/13/LL-Q55633582_%28ajp%29-Khalil.rantissi-%D8%AF%D9%8E%D8%AE%D9%8E%D9%91%D9%86.wav
715,درب,ˈdar.rab,2,1,LL-Q55633582 (ajp)-Khalil.rantissi-دَرَّب.wav,https://upload.wikimedia.org/wikipedia/commons/4/4a/LL-Q55633582_%28ajp%29-Khalil.rantissi-%D8%AF%D9%8E%D8%B1%D9%8E%D9%91%D8%A8.wav
716,دربس,ˈdar.bas,2,1,LL-Q55633582 (ajp)-Khalil.rantissi-تَرجَم.wav,https://upload.wikimedia.org/wikipedia/commons/b/bc/LL-Q55633582_%28ajp%29-Khalil.rantissi-%D8%AA%D9%8E%D8%B1%D8%AC%D9%8E%D9%85.wav
717,درة,ˈdʊ.rˤɑ,2,1,LL-Q55633582 (ajp)-Muhammad (AdrianAbdulBaha)-درة.wav,https://upload.wikimedia.org/wikipedia/commons/8/82/LL-Q55633582_%28ajp%29-Muhammad_%28AdrianAbdulBaha%29-%D8%AF%D8%B1%D8%A9.wav
718,درج,ˈda.raʒ,2,1,LL-Q55633582 (ajp)-Muhammad (AdrianAbdulBaha)-درج.wav,https://upload.wikimedia.org/wikipedia/commons/b/b8/LL-Q55633582_%28ajp%29-Muhammad_%28AdrianAbdulBaha%29-%D8%AF%D8%B1%D8%AC.wav
719,دردش,ˈdar.daʃ,2,1,LL-Q55633582 (ajp)-Khalil.rantissi-دَردَش.wav,https://upload.wikimedia.org/wikipedia/commons/a/a2/LL-Q55633582_%28ajp%29-Khalil.rantissi-%D8%AF%D9%8E%D8%B1%D8%AF%D9%8E%D8%B4.wav
720,درزي,ˈdur.zi,2,1,LL-Q55633582 (ajp)-Khalil.rantissi-دَرزيّ.wav,https://upload.wikimedia.org/wikipedia/commons/6/64/LL-Q55633582_%28ajp%29-Khalil.rantissi-%D8%AF%D9%8E%D8%B1%D8%B2%D9%8A%D9%91.wav
721,درس,ˈda.ras,2,1,LL-Q55633582 (ajp)-Muhammad (AdrianAbdulBaha)-درس.wav,https://upload.wikimedia.org/wikipedia/commons/b/b6/LL-Q55633582_%28ajp%29-Muhammad_%28AdrianAbdulBaha%29-%D8%AF%D8%B1%D8%B3.wav
722,دعس,ˈda.ʕas,2,1,LL-Q55633582 (ajp)-AdrianAbdulBaha-دَعَس.wav,https://upload.wikimedia.org/wikipedia/commons/6/6d/LL-Q55633582_%28ajp%29-AdrianAbdulBaha-%D8%AF%D9%8E%D8%B9%D9%8E%D8%B3.wav
723,دعم,ˈda.ʕam,2,1,LL-Q55633582 (ajp)-Khalil.rantissi-دَعَم.wav,https://upload.wikimedia.org/wikipedia/commons/1/11/LL-Q55633582_%28ajp%29-Khalil.rantissi-%D8%AF%D9%8E%D8%B9%D9%8E%D9%85.wav
724,دعى,ˈda.ʕa,2,1,LL-Q55633582 (ajp)-Khalil.rantissi-دَعى.wav,https://upload.wikimedia.org/wikipedia/commons/3/3e/LL-Q55633582_%28ajp%29-Khalil.rantissi-%D8%AF%D9%8E%D8%B9%D9%89.wav
725,دغري,ˈdʊɣ.ri,2,1,LL-Q55633582 (ajp)-MahmoudM (AdrianAbdulBaha)-دغري.wav,https://upload.wikimedia.org/wikipedia/commons/c/c5/LL-Q55633582_%28ajp%29-MahmoudM_%28AdrianAbdulBaha%29-%D8%AF%D8%BA%D8%B1%D9%8A.wav
726,دفا,ˈda.fa,2,1,LL-Q55633582 (ajp)-Muhammad (AdrianAbdulBaha)-دفا.wav,https://upload.wikimedia.org/wikipedia/commons/3/3b/LL-Q55633582_%28ajp%29-Muhammad_%28AdrianAbdulBaha%29-%D8%AF%D9%81%D8%A7.wav
727,دفش,ˈda.faʃ,2,1,LL-Q55633582 (ajp)-Khalil.rantissi-دَفَش.wav,https://upload.wikimedia.org/wikipedia/commons/a/a2/LL-Q55633582_%28ajp%29-Khalil.rantissi-%D8%AF%D9%8E%D9%81%D9%8E%D8%B4.wav
728,دفع,ˈda.faʕ,2,1,LL-Q55633582 (ajp)-Khalil.rantissi-دَفَع.wav,https://upload.wikimedia.org/wikipedia/commons/6/65/LL-Q55633582_%28ajp%29-Khalil.rantissi-%D8%AF%D9%8E%D9%81%D9%8E%D8%B9.wav
729,دفن,ˈda.fan,2,1,LL-Q55633582 (ajp)-Khalil.rantissi-دَفَن.wav,https://upload.wikimedia.org/wikipedia/commons/3/3c/LL-Q55633582_%28ajp%29-Khalil.rantissi-%D8%AF%D9%8E%D9%81%D9%8E%D9%86.wav
730,دفى,ˈdaf.fa,2,1,LL-Q55633582 (ajp)-Khalil.rantissi-دَفّى.wav,https://upload.wikimedia.org/wikipedia/commons/7/79/LL-Q55633582_%28ajp%29-Khalil.rantissi-%D8%AF%D9%8E%D9%81%D9%91%D9%89.wav
731,دفي,ˈdi.fi,2,1,LL-Q55633582 (ajp)-Khalil.rantissi-دِفي.wav,https://upload.wikimedia.org/wikipedia/commons/c/c0/LL-Q55633582_%28ajp%29-Khalil.rantissi-%D8%AF%D9%90%D9%81%D9%8A.wav
732,دقق,ˈdaʔ.ʔaʔ,2,1,LL-Q55633582 (ajp)-Khalil.rantissi-دَقَّق.wav,https://upload.wikimedia.org/wikipedia/commons/a/ae/LL-Q55633582_%28ajp%29-Khalil.rantissi-%D8%AF%D9%8E%D9%82%D9%8E%D9%91%D9%82.wav
733,دقن,ˈda.ʔ(ɪ)n,2,1,LL-Q55633582 (ajp)-Muhammad (AdrianAbdulBaha)-دقن.wav,https://upload.wikimedia.org/wikipedia/commons/b/bb/LL-Q55633582_%28ajp%29-Muhammad_%28AdrianAbdulBaha%29-%D8%AF%D9%82%D9%86.wav
734,دلل,ˈdal.lal,2,1,LL-Q55633582 (ajp)-Khalil.rantissi-دلَّل.wav,https://upload.wikimedia.org/wikipedia/commons/3/3c/LL-Q55633582_%28ajp%29-Khalil.rantissi-%D8%AF%D9%84%D9%8E%D9%91%D9%84.wav
735,دمر,ˈdam.mar,2,1,LL-Q55633582 (ajp)-Khalil.rantissi-دَمَّر.wav,https://upload.wikimedia.org/wikipedia/commons/3/38/LL-Q55633582_%28ajp%29-Khalil.rantissi-%D8%AF%D9%8E%D9%85%D9%8E%D9%91%D8%B1.wav
736,دنيا,ˈdɪn.ja,2,1,LL-Q55633582 (ajp)-Muhammad (AdrianAbdulBaha)-دنيا.wav,https://upload.wikimedia.org/wikipedia/commons/c/c2/LL-Q55633582_%28ajp%29-Muhammad_%28AdrianAbdulBaha%29-%D8%AF%D9%86%D9%8A%D8%A7.wav
737,دهب,ˈda.hab,2,1,LL-Q55633582 (ajp)-Muhammad (AdrianAbdulBaha)-دهب.wav,https://upload.wikimedia.org/wikipedia/commons/c/c2/LL-Q55633582_%28ajp%29-Muhammad_%28AdrianAbdulBaha%29-%D8%AF%D9%87%D8%A8.wav
738,دهن,ˈda.han,2,1,LL-Q55633582 (ajp)-Muhammad (AdrianAbdulBaha)-دَهَن.wav,https://upload.wikimedia.org/wikipedia/commons/e/e0/LL-Q55633582_%28ajp%29-Muhammad_%28AdrianAbdulBaha%29-%D8%AF%D9%8E%D9%87%D9%8E%D9%86.wav
739,دوا,ˈda.wa,2,1,LL-Q55633582 (ajp)-Muhammad (AdrianAbdulBaha)-دوا.wav,https://upload.wikimedia.org/wikipedia/commons/b/bf/LL-Q55633582_%28ajp%29-Muhammad_%28AdrianAbdulBaha%29-%D8%AF%D9%88%D8%A7.wav
740,دوب,ˈdaw.wab,2,1,LL-Q55633582 (ajp)-Khalil.rantissi-دَوَّب.wav,https://upload.wikimedia.org/wikipedia/commons/a/a5/LL-Q55633582_%28ajp%29-Khalil.rantissi-%D8%AF%D9%8E%D9%88%D9%8E%D9%91%D8%A8.wav
741,دور,ˈdaw.war,2,1,LL-Q55633582 (ajp)-Muhammad (AdrianAbdulBaha)-دور.wav,https://upload.wikimedia.org/wikipedia/commons/b/b2/LL-Q55633582_%28ajp%29-Muhammad_%28AdrianAbdulBaha%29-%D8%AF%D9%88%D8%B1.wav
742,دوزن,ˈdoː.zan,2,1,LL-Q55633582 (ajp)-Khalil.rantissi-دوزن.wav,https://upload.wikimedia.org/wikipedia/commons/5/53/LL-Q55633582_%28ajp%29-Khalil.rantissi-%D8%AF%D9%88%D8%B2%D9%86.wav
743,دوشك,ˈdoː.ʃak,2,1,LL-Q55633582 (ajp)-Muhammad (AdrianAbdulBaha)-دوشك.wav,https://upload.wikimedia.org/wikipedia/commons/d/dd/LL-Q55633582_%28ajp%29-Muhammad_%28AdrianAbdulBaha%29-%D8%AF%D9%88%D8%B4%D9%83.wav
744,دولة,ˈdaw.le,2,1,LL-Q55633582 (ajp)-Muhammad (AdrianAbdulBaha)-دولة.wav,https://upload.wikimedia.org/wikipedia/commons/0/03/LL-Q55633582_%28ajp%29-Muhammad_%28AdrianAbdulBaha%29-%D8%AF%D9%88%D9%84%D8%A9.wav
745,دولة,ˈdoː.le,2,1,LL-Q55633582 (ajp)-Muhammad (AdrianAbdulBaha)-دولة.wav,https://upload.wikimedia.org/wikipedia/commons/0/03/LL-Q55633582_%28ajp%29-Muhammad_%28AdrianAbdulBaha%29-%D8%AF%D9%88%D9%84%D8%A9.wav
746,ديكالحبش,diːk ˈħa.baʃ,2,1,LL-Q55633582 (ajp)-Muhammad (AdrianAbdulBaha)-ديك الحبش.wav,https://upload.wikimedia.org/wikipedia/commons/7/74/LL-Q55633582_%28ajp%29-Muhammad_%28AdrianAbdulBaha%29-%D8%AF%D9%8A%D9%83_%D8%A7%D9%84%D8%AD%D8%A8%D8%B4.wav
747,ذهب,ˈda.hab,2,1,LL-Q55633582 (ajp)-Muhammad (AdrianAbdulBaha)-دهب.wav,https://upload.wikimedia.org/wikipedia/commons/c/c2/LL-Q55633582_%28ajp%29-Muhammad_%28AdrianAbdulBaha%29-%D8%AF%D9%87%D8%A8.wav
748,رأي,ˈrˤɑ.ʔi,2,1,LL-Q55633582 (ajp)-Muhammad (AdrianAbdulBaha)-راي.wav,https://upload.wikimedia.org/wikipedia/commons/a/ad/LL-Q55633582_%28ajp%29-Muhammad_%28AdrianAbdulBaha%29-%D8%B1%D8%A7%D9%8A.wav
749,رئة,ˈrɪ.ʔa,2,1,LL-Q55633582 (ajp)-Muhammad (AdrianAbdulBaha)-رئة.wav,https://upload.wikimedia.org/wikipedia/commons/1/1d/LL-Q55633582_%28ajp%29-Muhammad_%28AdrianAbdulBaha%29-%D8%B1%D8%A6%D8%A9.wav
750,رابع,ˈrɑː.bɪʕ,2,1,LL-Q55633582 (ajp)-Muhammad (AdrianAbdulBaha)-رابع.wav,https://upload.wikimedia.org/wikipedia/commons/d/d0/LL-Q55633582_%28ajp%29-Muhammad_%28AdrianAbdulBaha%29-%D8%B1%D8%A7%D8%A8%D8%B9.wav
751,راتب,ˈræː.tɪb,2,1,LL-Q55633582 (ajp)-AmmanM (AdrianAbdulBaha)-راتب.wav,https://upload.wikimedia.org/wikipedia/commons/c/cf/LL-Q55633582_%28ajp%29-AmmanM_%28AdrianAbdulBaha%29-%D8%B1%D8%A7%D8%AA%D8%A8.wav
752,راجع,ˈræː.ʒaʕ,2,1,LL-Q55633582 (ajp)-Khalil.rantissi-راجع.wav,https://upload.wikimedia.org/wikipedia/commons/2/26/LL-Q55633582_%28ajp%29-Khalil.rantissi-%D8%B1%D8%A7%D8%AC%D8%B9.wav
753,راجع,ˈræː.ʒɪʕ,2,1,LL-Q55633582 (ajp)-Khalil.rantissi-راجع.wav,https://upload.wikimedia.org/wikipedia/commons/2/26/LL-Q55633582_%28ajp%29-Khalil.rantissi-%D8%B1%D8%A7%D8%AC%D8%B9.wav
754,راحة,ˈrˤɑː.ħɑ,2,1,LL-Q55633582 (ajp)-Muhammad (AdrianAbdulBaha)-راحة.wav,https://upload.wikimedia.org/wikipedia/commons/9/9f/LL-Q55633582_%28ajp%29-Muhammad_%28AdrianAbdulBaha%29-%D8%B1%D8%A7%D8%AD%D8%A9.wav
755,راديو,ˈræːd.jo,2,1,LL-Q55633582 (ajp)-Muhammad (AdrianAbdulBaha)-راديو.wav,https://upload.wikimedia.org/wikipedia/commons/a/a8/LL-Q55633582_%28ajp%29-Muhammad_%28AdrianAbdulBaha%29-%D8%B1%D8%A7%D8%AF%D9%8A%D9%88.wav
756,راضى,ˈrˤɑː.dˤɑ,2,1,LL-Q55633582 (ajp)-Khalil.rantissi-راضى.wav,https://upload.wikimedia.org/wikipedia/commons/0/0a/LL-Q55633582_%28ajp%29-Khalil.rantissi-%D8%B1%D8%A7%D8%B6%D9%89.wav
757,راي,ˈrˤɑ.ʔi,2,1,LL-Q55633582 (ajp)-Muhammad (AdrianAbdulBaha)-راي.wav,https://upload.wikimedia.org/wikipedia/commons/a/ad/LL-Q55633582_%28ajp%29-Muhammad_%28AdrianAbdulBaha%29-%D8%B1%D8%A7%D9%8A.wav
758,رايح,ˈrˤɑː.jɪħ,2,1,LL-Q55633582 (ajp)-Khalil.rantissi-رايح.wav,https://upload.wikimedia.org/wikipedia/commons/6/62/LL-Q55633582_%28ajp%29-Khalil.rantissi-%D8%B1%D8%A7%D9%8A%D8%AD.wav
759,ربح,ˈri.bɪħ,2,1,LL-Q55633582 (ajp)-Khalil.rantissi-رِبِح.wav,https://upload.wikimedia.org/wikipedia/commons/d/df/LL-Q55633582_%28ajp%29-Khalil.rantissi-%D8%B1%D9%90%D8%A8%D9%90%D8%AD.wav
760,ربط,ˈrˤɑ.bɑtˤ,2,1,LL-Q55633582 (ajp)-Khalil.rantissi-رَبَط.wav,https://upload.wikimedia.org/wikipedia/commons/d/d1/LL-Q55633582_%28ajp%29-Khalil.rantissi-%D8%B1%D9%8E%D8%A8%D9%8E%D8%B7.wav
761,ربع,ˈrʊ.b(ʊ)ʕ,2,1,LL-Q55633582 (ajp)-Muhammad (AdrianAbdulBaha)-رُبع.wav,https://upload.wikimedia.org/wikipedia/commons/d/da/LL-Q55633582_%28ajp%29-Muhammad_%28AdrianAbdulBaha%29-%D8%B1%D9%8F%D8%A8%D8%B9.wav
762,ربى,ˈrˤɑb.bɑ,2,1,LL-Q55633582 (ajp)-Khalil.rantissi-رَبّى.wav,https://upload.wikimedia.org/wikipedia/commons/3/32/LL-Q55633582_%28ajp%29-Khalil.rantissi-%D8%B1%D9%8E%D8%A8%D9%91%D9%89.wav
763,رتب,ˈrat.tab,2,1,LL-Q55633582 (ajp)-Khalil.rantissi-رَتَّب.wav,https://upload.wikimedia.org/wikipedia/commons/a/a1/LL-Q55633582_%28ajp%29-Khalil.rantissi-%D8%B1%D9%8E%D8%AA%D9%8E%D9%91%D8%A8.wav
764,رجعة,ˈraʒ.ʕa,2,1,LL-Q55633582 (ajp)-Muhammad (AdrianAbdulBaha)-رجعة.wav,https://upload.wikimedia.org/wikipedia/commons/e/e7/LL-Q55633582_%28ajp%29-Muhammad_%28AdrianAbdulBaha%29-%D8%B1%D8%AC%D8%B9%D8%A9.wav
765,رجل,ˈrɪ.ʒ(ɪ)l,2,1,LL-Q55633582 (ajp)-Muhammad (AdrianAbdulBaha)-رِجل.wav,https://upload.wikimedia.org/wikipedia/commons/7/76/LL-Q55633582_%28ajp%29-Muhammad_%28AdrianAbdulBaha%29-%D8%B1%D9%90%D8%AC%D9%84.wav
766,رحل,ˈra.ħal,2,1,LL-Q55633582 (ajp)-Khalil.rantissi-رَحَل.wav,https://upload.wikimedia.org/wikipedia/commons/1/11/LL-Q55633582_%28ajp%29-Khalil.rantissi-%D8%B1%D9%8E%D8%AD%D9%8E%D9%84.wav
767,رحلة,ˈrɪħ.le,2,1,LL-Q55633582 (ajp)-AmmanM (AdrianAbdulBaha)-رحلة.wav,https://upload.wikimedia.org/wikipedia/commons/e/e5/LL-Q55633582_%28ajp%29-AmmanM_%28AdrianAbdulBaha%29-%D8%B1%D8%AD%D9%84%D8%A9.wav
768,رخص,ˈrɑx.xɑsˤ,2,1,LL-Q55633582 (ajp)-Khalil.rantissi-رَخَّص.wav,https://upload.wikimedia.org/wikipedia/commons/2/2d/LL-Q55633582_%28ajp%29-Khalil.rantissi-%D8%B1%D9%8E%D8%AE%D9%8E%D9%91%D8%B5.wav
769,رسم,ˈra.sam,2,1,LL-Q55633582 (ajp)-Muhammad (AdrianAbdulBaha)-فرشاية الرسم.wav,https://upload.wikimedia.org/wikipedia/commons/e/e5/LL-Q55633582_%28ajp%29-Muhammad_%28AdrianAbdulBaha%29-%D9%81%D8%B1%D8%B4%D8%A7%D9%8A%D8%A9_%D8%A7%D9%84%D8%B1%D8%B3%D9%85.wav
770,رسم,ˈra.s(ɪ)m,2,1,LL-Q55633582 (ajp)-Muhammad (AdrianAbdulBaha)-فرشاية الرسم.wav,https://upload.wikimedia.org/wikipedia/commons/e/e5/LL-Q55633582_%28ajp%29-Muhammad_%28AdrianAbdulBaha%29-%D9%81%D8%B1%D8%B4%D8%A7%D9%8A%D8%A9_%D8%A7%D9%84%D8%B1%D8%B3%D9%85.wav
771,رشح,ˈra.ʃaħ,2,1,LL-Q55633582 (ajp)-Muhammad (AdrianAbdulBaha)-رشح.wav,https://upload.wikimedia.org/wikipedia/commons/5/50/LL-Q55633582_%28ajp%29-Muhammad_%28AdrianAbdulBaha%29-%D8%B1%D8%B4%D8%AD.wav
772,رشح,ˈraʃ.ʃaħ,2,1,LL-Q55633582 (ajp)-Muhammad (AdrianAbdulBaha)-رشح.wav,https://upload.wikimedia.org/wikipedia/commons/5/50/LL-Q55633582_%28ajp%29-Muhammad_%28AdrianAbdulBaha%29-%D8%B1%D8%B4%D8%AD.wav
773,رشح,ˈra.ʃ(ɪ)ħ,2,1,LL-Q55633582 (ajp)-Muhammad (AdrianAbdulBaha)-رشح.wav,https://upload.wikimedia.org/wikipedia/commons/5/50/LL-Q55633582_%28ajp%29-Muhammad_%28AdrianAbdulBaha%29-%D8%B1%D8%B4%D8%AD.wav
774,رفض,ˈrˤɑ.fɑdˤ,2,1,LL-Q55633582 (ajp)-Khalil.rantissi-رَفَض.wav,https://upload.wikimedia.org/wikipedia/commons/f/f6/LL-Q55633582_%28ajp%29-Khalil.rantissi-%D8%B1%D9%8E%D9%81%D9%8E%D8%B6.wav
775,رفع,ˈrˤɑ.fɑʕ,2,1,LL-Q55633582 (ajp)-Khalil.rantissi-رَفَع.wav,https://upload.wikimedia.org/wikipedia/commons/a/a4/LL-Q55633582_%28ajp%29-Khalil.rantissi-%D8%B1%D9%8E%D9%81%D9%8E%D8%B9.wav
776,رقص,ˈrˤɑ.ʔɑsˤ,2,1,LL-Q55633582 (ajp)-Khalil.rantissi-رَقَص.wav,https://upload.wikimedia.org/wikipedia/commons/7/74/LL-Q55633582_%28ajp%29-Khalil.rantissi-%D8%B1%D9%8E%D9%82%D9%8E%D8%B5.wav
777,ركبة,rʊk.be,2,1,LL-Q55633582 (ajp)-Muhammad (AdrianAbdulBaha)-ركبة.wav,https://upload.wikimedia.org/wikipedia/commons/b/b4/LL-Q55633582_%28ajp%29-Muhammad_%28AdrianAbdulBaha%29-%D8%B1%D9%83%D8%A8%D8%A9.wav
778,ركز,ˈrak.kaz,2,1,LL-Q55633582 (ajp)-Khalil.rantissi-رَكَّز.wav,https://upload.wikimedia.org/wikipedia/commons/4/46/LL-Q55633582_%28ajp%29-Khalil.rantissi-%D8%B1%D9%8E%D9%83%D9%8E%D9%91%D8%B2.wav
779,ركض,ˈra.kad,2,1,LL-Q55633582 (ajp)-Khalil.rantissi-رَكَض.wav,https://upload.wikimedia.org/wikipedia/commons/d/d7/LL-Q55633582_%28ajp%29-Khalil.rantissi-%D8%B1%D9%8E%D9%83%D9%8E%D8%B6.wav
780,ركع,ˈra.kaʕ,2,1,LL-Q55633582 (ajp)-Khalil.rantissi-رَكَع.wav,https://upload.wikimedia.org/wikipedia/commons/3/3d/LL-Q55633582_%28ajp%29-Khalil.rantissi-%D8%B1%D9%8E%D9%83%D9%8E%D8%B9.wav
781,ركن,ˈra.kan,2,1,LL-Q55633582 (ajp)-Khalil.rantissi-رَكَن.wav,https://upload.wikimedia.org/wikipedia/commons/5/52/LL-Q55633582_%28ajp%29-Khalil.rantissi-%D8%B1%D9%8E%D9%83%D9%8E%D9%86.wav
782,رمش,ˈra.maʃ,2,1,LL-Q55633582 (ajp)-Muhammad (AdrianAbdulBaha)-رمش.wav,https://upload.wikimedia.org/wikipedia/commons/a/a9/LL-Q55633582_%28ajp%29-Muhammad_%28AdrianAbdulBaha%29-%D8%B1%D9%85%D8%B4.wav
783,رمش,ˈram.maʃ,2,1,LL-Q55633582 (ajp)-Muhammad (AdrianAbdulBaha)-رمش.wav,https://upload.wikimedia.org/wikipedia/commons/a/a9/LL-Q55633582_%28ajp%29-Muhammad_%28AdrianAbdulBaha%29-%D8%B1%D9%85%D8%B4.wav
784,رمل,ˈra.m(ɪ)l,2,1,LL-Q55633582 (ajp)-Muhammad (AdrianAbdulBaha)-رمل.wav,https://upload.wikimedia.org/wikipedia/commons/e/e3/LL-Q55633582_%28ajp%29-Muhammad_%28AdrianAbdulBaha%29-%D8%B1%D9%85%D9%84.wav
785,رمم,ˈram.mam,2,1,LL-Q55633582 (ajp)-Khalil.rantissi-رَمَّم.wav,https://upload.wikimedia.org/wikipedia/commons/3/37/LL-Q55633582_%28ajp%29-Khalil.rantissi-%D8%B1%D9%8E%D9%85%D9%8E%D9%91%D9%85.wav
786,رمى,ˈra.ma,2,1,LL-Q55633582 (ajp)-Khalil.rantissi-رَمى.wav,https://upload.wikimedia.org/wikipedia/commons/d/d0/LL-Q55633582_%28ajp%29-Khalil.rantissi-%D8%B1%D9%8E%D9%85%D9%89.wav
787,روج,ˈraw.waʒ,2,1,LL-Q55633582 (ajp)-Khalil.rantissi-رَوَّج.wav,https://upload.wikimedia.org/wikipedia/commons/6/6b/LL-Q55633582_%28ajp%29-Khalil.rantissi-%D8%B1%D9%8E%D9%88%D9%8E%D9%91%D8%AC.wav
788,روح,ˈraw.wɑħ,2,1,LL-Q55633582 (ajp)-Muhammad (AdrianAbdulBaha)-روح.wav,https://upload.wikimedia.org/wikipedia/commons/f/ff/LL-Q55633582_%28ajp%29-Muhammad_%28AdrianAbdulBaha%29-%D8%B1%D9%88%D8%AD.wav
789,روحة,ˈroː.ħa,2,1,LL-Q55633582 (ajp)-Muhammad (AdrianAbdulBaha)-روحة.wav,https://upload.wikimedia.org/wikipedia/commons/d/d0/LL-Q55633582_%28ajp%29-Muhammad_%28AdrianAbdulBaha%29-%D8%B1%D9%88%D8%AD%D8%A9.wav
790,روق,ˈraw.waʔ,2,1,LL-Q55633582 (ajp)-Muhammad (AdrianAbdulBaha)-رَوَّق.wav,https://upload.wikimedia.org/wikipedia/commons/3/34/LL-Q55633582_%28ajp%29-Muhammad_%28AdrianAbdulBaha%29-%D8%B1%D9%8E%D9%88%D9%8E%D9%91%D9%82.wav
791,ريح,raj.jaħ,2,1,LL-Q55633582 (ajp)-Muhammad (AdrianAbdulBaha)-ريح.wav,https://upload.wikimedia.org/wikipedia/commons/8/81/LL-Q55633582_%28ajp%29-Muhammad_%28AdrianAbdulBaha%29-%D8%B1%D9%8A%D8%AD.wav
792,ريحا,ˈriː.ħa,2,1,LL-Q55633582 (ajp)-Khalil.rantissi-ريحا.wav,https://upload.wikimedia.org/wikipedia/commons/a/a7/LL-Q55633582_%28ajp%29-Khalil.rantissi-%D8%B1%D9%8A%D8%AD%D8%A7.wav
793,ريحة,ˈriː.ħa,2,1,LL-Q55633582 (ajp)-Muhammad (AdrianAbdulBaha)-ريحة.wav,https://upload.wikimedia.org/wikipedia/commons/0/0e/LL-Q55633582_%28ajp%29-Muhammad_%28AdrianAbdulBaha%29-%D8%B1%D9%8A%D8%AD%D8%A9.wav
794,زبدة,ˈzɪb.de,2,1,LL-Q55633582 (ajp)-IbrahimZ (AdrianAbdulBaha)-زبدة.wav,https://upload.wikimedia.org/wikipedia/commons/1/14/LL-Q55633582_%28ajp%29-IbrahimZ_%28AdrianAbdulBaha%29-%D8%B2%D8%A8%D8%AF%D8%A9.wav
795,زحمة,ˈzaħ.me,2,1,LL-Q55633582 (ajp)-Muhammad (AdrianAbdulBaha)-زحمة.wav,https://upload.wikimedia.org/wikipedia/commons/0/09/LL-Q55633582_%28ajp%29-Muhammad_%28AdrianAbdulBaha%29-%D8%B2%D8%AD%D9%85%D8%A9.wav
796,زرع,ˈza.raʕ,2,1,LL-Q55633582 (ajp)-Khalil.rantissi-زَرَع.wav,https://upload.wikimedia.org/wikipedia/commons/2/2e/LL-Q55633582_%28ajp%29-Khalil.rantissi-%D8%B2%D9%8E%D8%B1%D9%8E%D8%B9.wav
797,زعتر,ˈzaʕ.tˤɑrˤ,2,1,LL-Q55633582 (ajp)-Khalil.rantissi-زعتر.wav,https://upload.wikimedia.org/wikipedia/commons/2/2a/LL-Q55633582_%28ajp%29-Khalil.rantissi-%D8%B2%D8%B9%D8%AA%D8%B1.wav
798,زعج,ˈza.ʕaʒ,2,1,LL-Q55633582 (ajp)-Khalil.rantissi-زَعَج.wav,https://upload.wikimedia.org/wikipedia/commons/6/66/LL-Q55633582_%28ajp%29-Khalil.rantissi-%D8%B2%D9%8E%D8%B9%D9%8E%D8%AC.wav
799,زفت,ˈzaf.fat,2,1,LL-Q55633582 (ajp)-Khalil.rantissi-زَفَّت.wav,https://upload.wikimedia.org/wikipedia/commons/d/d6/LL-Q55633582_%28ajp%29-Khalil.rantissi-%D8%B2%D9%8E%D9%81%D9%8E%D9%91%D8%AA.wav
800,زقف,ˈzaʔ.ʔaf,2,1,LL-Q55633582 (ajp)-Khalil.rantissi-زَقَّف.wav,https://upload.wikimedia.org/wikipedia/commons/2/20/LL-Q55633582_%28ajp%29-Khalil.rantissi-%D8%B2%D9%8E%D9%82%D9%8E%D9%91%D9%81.wav
801,زمر,ˈzam.mar,2,1,LL-Q55633582 (ajp)-Muhammad (AdrianAbdulBaha)-زَمَّر.wav,https://upload.wikimedia.org/wikipedia/commons/e/e9/LL-Q55633582_%28ajp%29-Muhammad_%28AdrianAbdulBaha%29-%D8%B2%D9%8E%D9%85%D9%8E%D9%91%D8%B1.wav
802,زنخ,ˈzɪ.nɪx,2,1,LL-Q55633582 (ajp)-Mohammad-LPA-زنخ.wav,https://upload.wikimedia.org/wikipedia/commons/e/e8/LL-Q55633582_%28ajp%29-Mohammad-LPA-%D8%B2%D9%86%D8%AE.wav
803,زهر,ˈza.h(ɪ)rˤ,2,1,LL-Q55633582 (ajp)-Muhammad (AdrianAbdulBaha)-زهر.wav,https://upload.wikimedia.org/wikipedia/commons/8/82/LL-Q55633582_%28ajp%29-Muhammad_%28AdrianAbdulBaha%29-%D8%B2%D9%87%D8%B1.wav
804,زهرة,ˈzah.rˤɑ,2,1,LL-Q55633582 (ajp)-Muhammad (AdrianAbdulBaha)-زهرة.wav,https://upload.wikimedia.org/wikipedia/commons/d/d3/LL-Q55633582_%28ajp%29-Muhammad_%28AdrianAbdulBaha%29-%D8%B2%D9%87%D8%B1%D8%A9.wav
805,زهري,ˈzah.ri,2,1,LL-Q55633582 (ajp)-Muhammad (AdrianAbdulBaha)-زهري.wav,https://upload.wikimedia.org/wikipedia/commons/0/06/LL-Q55633582_%28ajp%29-Muhammad_%28AdrianAbdulBaha%29-%D8%B2%D9%87%D8%B1%D9%8A.wav
806,زوج,ˈzaw.waʒ,2,1,LL-Q55633582 (ajp)-Muhammad (AdrianAbdulBaha)-زوج.wav,https://upload.wikimedia.org/wikipedia/commons/3/33/LL-Q55633582_%28ajp%29-Muhammad_%28AdrianAbdulBaha%29-%D8%B2%D9%88%D8%AC.wav
807,زوجة,ˈzoː.ʒe,2,1,LL-Q55633582 (ajp)-Muhammad (AdrianAbdulBaha)-زوجة.wav,https://upload.wikimedia.org/wikipedia/commons/c/c5/LL-Q55633582_%28ajp%29-Muhammad_%28AdrianAbdulBaha%29-%D8%B2%D9%88%D8%AC%D8%A9.wav
808,زيبق,ˈzeː.baʔ,2,1,LL-Q55633582 (ajp)-Muhammad (AdrianAbdulBaha)-زيبق.wav,https://upload.wikimedia.org/wikipedia/commons/6/6d/LL-Q55633582_%28ajp%29-Muhammad_%28AdrianAbdulBaha%29-%D8%B2%D9%8A%D8%A8%D9%82.wav
809,زين,ˈzej.jan,2,1,LL-Q55633582 (ajp)-AdrianAbdulBaha-زَيَّن.wav,https://upload.wikimedia.org/wikipedia/commons/d/d3/LL-Q55633582_%28ajp%29-AdrianAbdulBaha-%D8%B2%D9%8E%D9%8A%D9%8E%D9%91%D9%86.wav
810,سأل,ˈsa.ʔal,2,1,LL-Q55633582 (ajp)-Khalil.rantissi-سَأل.wav,https://upload.wikimedia.org/wikipedia/commons/e/e8/LL-Q55633582_%28ajp%29-Khalil.rantissi-%D8%B3%D9%8E%D8%A3%D9%84.wav
811,سابع,ˈsæː.bɪʕ,2,1,LL-Q55633582 (ajp)-Muhammad (AdrianAbdulBaha)-سابع.wav,https://upload.wikimedia.org/wikipedia/commons/f/fb/LL-Q55633582_%28ajp%29-Muhammad_%28AdrianAbdulBaha%29-%D8%B3%D8%A7%D8%A8%D8%B9.wav
812,سابق,ˈsæː.baʔ,2,1,LL-Q55633582 (ajp)-Khalil.rantissi-سابَق.wav,https://upload.wikimedia.org/wikipedia/commons/b/bd/LL-Q55633582_%28ajp%29-Khalil.rantissi-%D8%B3%D8%A7%D8%A8%D9%8E%D9%82.wav
813,سادة,sæː.da,2,1,LL-Q55633582 (ajp)-Muhammad (AdrianAbdulBaha)-سادة.wav,https://upload.wikimedia.org/wikipedia/commons/a/a2/LL-Q55633582_%28ajp%29-Muhammad_%28AdrianAbdulBaha%29-%D8%B3%D8%A7%D8%AF%D8%A9.wav
814,سادس,ˈsæː.dɪs,2,1,LL-Q55633582 (ajp)-Muhammad (AdrianAbdulBaha)-سادس.wav,https://upload.wikimedia.org/wikipedia/commons/9/96/LL-Q55633582_%28ajp%29-Muhammad_%28AdrianAbdulBaha%29-%D8%B3%D8%A7%D8%AF%D8%B3.wav
815,ساعد,ˈsæː.ʕad,2,1,LL-Q55633582 (ajp)-Khalil.rantissi-ساعَد.wav,https://upload.wikimedia.org/wikipedia/commons/a/ad/LL-Q55633582_%28ajp%29-Khalil.rantissi-%D8%B3%D8%A7%D8%B9%D9%8E%D8%AF.wav
816,سافر,ˈsæː.far,2,1,LL-Q55633582 (ajp)-Khalil.rantissi-سافَر.wav,https://upload.wikimedia.org/wikipedia/commons/6/62/LL-Q55633582_%28ajp%29-Khalil.rantissi-%D8%B3%D8%A7%D9%81%D9%8E%D8%B1.wav
817,ساكت,ˈsæː.kɪt,2,1,LL-Q55633582 (ajp)-Muhammad (AdrianAbdulBaha)-ساكت.wav,https://upload.wikimedia.org/wikipedia/commons/7/7b/LL-Q55633582_%28ajp%29-Muhammad_%28AdrianAbdulBaha%29-%D8%B3%D8%A7%D9%83%D8%AA.wav
818,ساكن,ˈsæː.kɪn,2,1,LL-Q55633582 (ajp)-Khalil.rantissi-ساكن.wav,https://upload.wikimedia.org/wikipedia/commons/0/0a/LL-Q55633582_%28ajp%29-Khalil.rantissi-%D8%B3%D8%A7%D9%83%D9%86.wav
819,سامح,ˈsæː.maħ,2,1,LL-Q55633582 (ajp)-Khalil.rantissi-سامَح.wav,https://upload.wikimedia.org/wikipedia/commons/9/9c/LL-Q55633582_%28ajp%29-Khalil.rantissi-%D8%B3%D8%A7%D9%85%D9%8E%D8%AD.wav
820,سامع,ˈsæː.mɪʕ,2,1,LL-Q55633582 (ajp)-Khalil.rantissi-سامع.wav,https://upload.wikimedia.org/wikipedia/commons/1/1b/LL-Q55633582_%28ajp%29-Khalil.rantissi-%D8%B3%D8%A7%D9%85%D8%B9.wav
821,سباتي,ˈsbæː.ti,2,1,LL-Q55633582 (ajp)-Muhammad (AdrianAbdulBaha)-سباتي.wav,https://upload.wikimedia.org/wikipedia/commons/4/48/LL-Q55633582_%28ajp%29-Muhammad_%28AdrianAbdulBaha%29-%D8%B3%D8%A8%D8%A7%D8%AA%D9%8A.wav
822,سبب,ˈsab.bab,2,1,LL-Q55633582 (ajp)-Khalil.rantissi-سَبَّب.wav,https://upload.wikimedia.org/wikipedia/commons/3/37/LL-Q55633582_%28ajp%29-Khalil.rantissi-%D8%B3%D9%8E%D8%A8%D9%8E%D9%91%D8%A8.wav
823,سبح,ˈsa.baħ,2,1,LL-Q55633582 (ajp)-Khalil.rantissi-سَبَح.wav,https://upload.wikimedia.org/wikipedia/commons/7/7b/LL-Q55633582_%28ajp%29-Khalil.rantissi-%D8%B3%D9%8E%D8%A8%D9%8E%D8%AD.wav
824,سبسب,ˈsab.sab,2,1,LL-Q55633582 (ajp)-Khalil.rantissi-سَبسَب.wav,https://upload.wikimedia.org/wikipedia/commons/b/ba/LL-Q55633582_%28ajp%29-Khalil.rantissi-%D8%B3%D9%8E%D8%A8%D8%B3%D9%8E%D8%A8.wav
825,سبع,ˈsʊ.b(ʊ)ʕ,2,1,LL-Q55633582 (ajp)-Muhammad (AdrianAbdulBaha)-سُبع.wav,https://upload.wikimedia.org/wikipedia/commons/5/5f/LL-Q55633582_%28ajp%29-Muhammad_%28AdrianAbdulBaha%29-%D8%B3%D9%8F%D8%A8%D8%B9.wav
826,سبعة,ˈsab.ʕa,2,1,LL-Q55633582 (ajp)-AseelF (AdrianAbdulBaha)-7.wav,https://upload.wikimedia.org/wikipedia/commons/4/4b/LL-Q55633582_%28ajp%29-AseelF_%28AdrianAbdulBaha%29-7.wav
827,سبق,ˈsa.baʔ,2,1,LL-Q55633582 (ajp)-Khalil.rantissi-سَبَق.wav,https://upload.wikimedia.org/wikipedia/commons/1/18/LL-Q55633582_%28ajp%29-Khalil.rantissi-%D8%B3%D9%8E%D8%A8%D9%8E%D9%82.wav
828,ستة,ˈsɪt.te,2,1,LL-Q55633582 (ajp)-AseelF (AdrianAbdulBaha)-6.wav,https://upload.wikimedia.org/wikipedia/commons/9/96/LL-Q55633582_%28ajp%29-AseelF_%28AdrianAbdulBaha%29-6.wav
829,سجل,ˈsaʒ.ʒal,2,1,LL-Q55633582 (ajp)-Khalil.rantissi-سَجَّل.wav,https://upload.wikimedia.org/wikipedia/commons/a/a1/LL-Q55633582_%28ajp%29-Khalil.rantissi-%D8%B3%D9%8E%D8%AC%D9%8E%D9%91%D9%84.wav
830,سجن,ˈsa.ʒan,2,1,LL-Q55633582 (ajp)-Khalil.rantissi-سَجَن.wav,https://upload.wikimedia.org/wikipedia/commons/4/4b/LL-Q55633582_%28ajp%29-Khalil.rantissi-%D8%B3%D9%8E%D8%AC%D9%8E%D9%86.wav
831,سحب,ˈsa.ħab,2,1,LL-Q55633582 (ajp)-Khalil.rantissi-سَحَب.wav,https://upload.wikimedia.org/wikipedia/commons/e/e0/LL-Q55633582_%28ajp%29-Khalil.rantissi-%D8%B3%D9%8E%D8%AD%D9%8E%D8%A8.wav
832,سحل,ˈsa.ħal,2,1,LL-Q55633582 (ajp)-Khalil.rantissi-سحل.wav,https://upload.wikimedia.org/wikipedia/commons/5/5c/LL-Q55633582_%28ajp%29-Khalil.rantissi-%D8%B3%D8%AD%D9%84.wav
833,سحل,ˈsaħ.ħal,2,1,LL-Q55633582 (ajp)-Khalil.rantissi-سحل.wav,https://upload.wikimedia.org/wikipedia/commons/5/5c/LL-Q55633582_%28ajp%29-Khalil.rantissi-%D8%B3%D8%AD%D9%84.wav
834,سخونة,ˈsxuː.ne,2,1,LL-Q55633582 (ajp)-Muhammad (AdrianAbdulBaha)-سخونة.wav,https://upload.wikimedia.org/wikipedia/commons/f/fa/LL-Q55633582_%28ajp%29-Muhammad_%28AdrianAbdulBaha%29-%D8%B3%D8%AE%D9%88%D9%86%D8%A9.wav
835,سرعة,ˈsʊr.ʕa,2,1,LL-Q55633582 (ajp)-Muhammad (AdrianAbdulBaha)-سرعة.wav,https://upload.wikimedia.org/wikipedia/commons/3/3f/LL-Q55633582_%28ajp%29-Muhammad_%28AdrianAbdulBaha%29-%D8%B3%D8%B1%D8%B9%D8%A9.wav
836,سرق,ˈsa.raʔ,2,1,LL-Q55633582 (ajp)-Khalil.rantissi-سَرَق.wav,https://upload.wikimedia.org/wikipedia/commons/d/d7/LL-Q55633582_%28ajp%29-Khalil.rantissi-%D8%B3%D9%8E%D8%B1%D9%8E%D9%82.wav
837,سري,ˈsɪr.ri,2,1,LL-Q55633582 (ajp)-Muhammad (AdrianAbdulBaha)-سرّي.wav,https://upload.wikimedia.org/wikipedia/commons/2/2e/LL-Q55633582_%28ajp%29-Muhammad_%28AdrianAbdulBaha%29-%D8%B3%D8%B1%D9%91%D9%8A.wav
838,سطح,ˈsˤɑtˤ.tˤɑħ,2,1,LL-Q55633582 (ajp)-Muhammad (AdrianAbdulBaha)-سطح.wav,https://upload.wikimedia.org/wikipedia/commons/a/a7/LL-Q55633582_%28ajp%29-Muhammad_%28AdrianAbdulBaha%29-%D8%B3%D8%B7%D8%AD.wav
839,سطح,ˈsˤɑ.tˤ(ɪ)ħ,2,1,LL-Q55633582 (ajp)-Muhammad (AdrianAbdulBaha)-سطح.wav,https://upload.wikimedia.org/wikipedia/commons/a/a7/LL-Q55633582_%28ajp%29-Muhammad_%28AdrianAbdulBaha%29-%D8%B3%D8%B7%D8%AD.wav
840,سعر,ˈsɪ.ʕ(ɪ)r,2,1,LL-Q55633582 (ajp)-Muhammad (AdrianAbdulBaha)-سعر.wav,https://upload.wikimedia.org/wikipedia/commons/5/55/LL-Q55633582_%28ajp%29-Muhammad_%28AdrianAbdulBaha%29-%D8%B3%D8%B9%D8%B1.wav
841,سقف,ˈsa.ʔ(ɪ)f,2,1,LL-Q55633582 (ajp)-Muhammad (AdrianAbdulBaha)-سقف.wav,https://upload.wikimedia.org/wikipedia/commons/0/0c/LL-Q55633582_%28ajp%29-Muhammad_%28AdrianAbdulBaha%29-%D8%B3%D9%82%D9%81.wav
842,سكت,ˈsa.kat,2,1,LL-Q55633582 (ajp)-Khalil.rantissi-سَكَت.wav,https://upload.wikimedia.org/wikipedia/commons/a/ac/LL-Q55633582_%28ajp%29-Khalil.rantissi-%D8%B3%D9%8E%D9%83%D9%8E%D8%AA.wav
843,سكس,ˈsak.kas,2,1,LL-Q55633582 (ajp)-AdrianAbdulBaha-سَكَّس.wav,https://upload.wikimedia.org/wikipedia/commons/7/7e/LL-Q55633582_%28ajp%29-AdrianAbdulBaha-%D8%B3%D9%8E%D9%83%D9%8E%D9%91%D8%B3.wav
844,سكملة,ˈskam.le,2,1,LL-Q55633582 (ajp)-Muhammad (AdrianAbdulBaha)-سكملة.wav,https://upload.wikimedia.org/wikipedia/commons/2/28/LL-Q55633582_%28ajp%29-Muhammad_%28AdrianAbdulBaha%29-%D8%B3%D9%83%D9%85%D9%84%D8%A9.wav
845,سكن,ˈsa.kan,2,1,LL-Q55633582 (ajp)-Khalil.rantissi-سكن.wav,https://upload.wikimedia.org/wikipedia/commons/b/b8/LL-Q55633582_%28ajp%29-Khalil.rantissi-%D8%B3%D9%83%D9%86.wav
846,سلخ,ˈsa.lax,2,1,LL-Q55633582 (ajp)-Khalil.rantissi-سَلَخ.wav,https://upload.wikimedia.org/wikipedia/commons/2/2b/LL-Q55633582_%28ajp%29-Khalil.rantissi-%D8%B3%D9%8E%D9%84%D9%8E%D8%AE.wav
847,سلفة,ˈsɪl.fe,2,1,LL-Q55633582 (ajp)-Muhammad (AdrianAbdulBaha)-سلفة.wav,https://upload.wikimedia.org/wikipedia/commons/e/e8/LL-Q55633582_%28ajp%29-Muhammad_%28AdrianAbdulBaha%29-%D8%B3%D9%84%D9%81%D8%A9.wav
848,سلق,ˈsa.laʔ,2,1,LL-Q55633582 (ajp)-Khalil.rantissi-سَلَق.wav,https://upload.wikimedia.org/wikipedia/commons/7/75/LL-Q55633582_%28ajp%29-Khalil.rantissi-%D8%B3%D9%8E%D9%84%D9%8E%D9%82.wav
849,سلك,ˈsa.lak,2,1,LL-Q55633582 (ajp)-Khalil.rantissi-سَلَك.wav,https://upload.wikimedia.org/wikipedia/commons/0/00/LL-Q55633582_%28ajp%29-Khalil.rantissi-%D8%B3%D9%8E%D9%84%D9%8E%D9%83.wav
850,سلم,ˈsal.lam,2,1,LL-Q55633582 (ajp)-Khalil.rantissi-سَلَّم.wav,https://upload.wikimedia.org/wikipedia/commons/d/d7/LL-Q55633582_%28ajp%29-Khalil.rantissi-%D8%B3%D9%8E%D9%84%D9%8E%D9%91%D9%85.wav
851,سلى,ˈsal.la,2,1,LL-Q55633582 (ajp)-Khalil.rantissi-سَلّى.wav,https://upload.wikimedia.org/wikipedia/commons/5/53/LL-Q55633582_%28ajp%29-Khalil.rantissi-%D8%B3%D9%8E%D9%84%D9%91%D9%89.wav
852,سما,ˈsa.ma,2,1,LL-Q55633582 (ajp)-Muhammad (AdrianAbdulBaha)-سما.wav,https://upload.wikimedia.org/wikipedia/commons/e/e9/LL-Q55633582_%28ajp%29-Muhammad_%28AdrianAbdulBaha%29-%D8%B3%D9%85%D8%A7.wav
853,سمح,ˈsa.maħ,2,1,LL-Q55633582 (ajp)-Khalil.rantissi-سَمَح.wav,https://upload.wikimedia.org/wikipedia/commons/c/c0/LL-Q55633582_%28ajp%29-Khalil.rantissi-%D8%B3%D9%8E%D9%85%D9%8E%D8%AD.wav
854,سمع,ˈsi.mɪʕ,2,1,LL-Q55633582 (ajp)-Khalil.rantissi-سِمِع.wav,https://upload.wikimedia.org/wikipedia/commons/1/1b/LL-Q55633582_%28ajp%29-Khalil.rantissi-%D8%B3%D9%90%D9%85%D9%90%D8%B9.wav
855,سمك,ˈsa.mak,2,1,LL-Q55633582 (ajp)-Muhammad (AdrianAbdulBaha)-سمك.wav,https://upload.wikimedia.org/wikipedia/commons/1/18/LL-Q55633582_%28ajp%29-Muhammad_%28AdrianAbdulBaha%29-%D8%B3%D9%85%D9%83.wav
856,سمى,ˈsam.ma,2,1,LL-Q55633582 (ajp)-Khalil.rantissi-سَمّى.wav,https://upload.wikimedia.org/wikipedia/commons/a/af/LL-Q55633582_%28ajp%29-Khalil.rantissi-%D8%B3%D9%8E%D9%85%D9%91%D9%89.wav
857,سنة,ˈsa.ne,2,1,LL-Q55633582 (ajp)-AseelF (AdrianAbdulBaha)-سَنة.wav,https://upload.wikimedia.org/wikipedia/commons/b/b7/LL-Q55633582_%28ajp%29-AseelF_%28AdrianAbdulBaha%29-%D8%B3%D9%8E%D9%86%D8%A9.wav
858,سنطي,ˈsˤɑn.tˤi,2,1,LL-Q55633582 (ajp)-Muhammad (AdrianAbdulBaha)-سنطي.wav,https://upload.wikimedia.org/wikipedia/commons/3/3f/LL-Q55633582_%28ajp%29-Muhammad_%28AdrianAbdulBaha%29-%D8%B3%D9%86%D8%B7%D9%8A.wav
859,سوا,ˈsa.wa,2,1,LL-Q55633582 (ajp)-AdrianAbdulBaha-سوا.wav,https://upload.wikimedia.org/wikipedia/commons/9/9d/LL-Q55633582_%28ajp%29-AdrianAbdulBaha-%D8%B3%D9%88%D8%A7.wav
860,سوريا,ˈsuːr.ja,2,1,LL-Q55633582 (ajp)-AdrianAbdulBaha-سوريا.wav,https://upload.wikimedia.org/wikipedia/commons/f/f2/LL-Q55633582_%28ajp%29-AdrianAbdulBaha-%D8%B3%D9%88%D8%B1%D9%8A%D8%A7.wav
861,سوق,ˈsaw.waʔ,2,1,LL-Q55633582 (ajp)-Muhammad (AdrianAbdulBaha)-سوق.wav,https://upload.wikimedia.org/wikipedia/commons/2/2a/LL-Q55633582_%28ajp%29-Muhammad_%28AdrianAbdulBaha%29-%D8%B3%D9%88%D9%82.wav
862,سوقي,ˈsuː.ʔi,2,1,LL-Q55633582 (ajp)-Khalil.rantissi-سوقي.wav,https://upload.wikimedia.org/wikipedia/commons/2/2a/LL-Q55633582_%28ajp%29-Khalil.rantissi-%D8%B3%D9%88%D9%82%D9%8A.wav
863,سوى,ˈsaw.wa,2,1,LL-Q55633582 (ajp)-Khalil.rantissi-سوّى.wav,https://upload.wikimedia.org/wikipedia/commons/a/a6/LL-Q55633582_%28ajp%29-Khalil.rantissi-%D8%B3%D9%88%D9%91%D9%89.wav
864,سيرة,ˈsiː.re,2,1,LL-Q55633582 (ajp)-Muhammad (AdrianAbdulBaha)-سيرة.wav,https://upload.wikimedia.org/wikipedia/commons/2/26/LL-Q55633582_%28ajp%29-Muhammad_%28AdrianAbdulBaha%29-%D8%B3%D9%8A%D8%B1%D8%A9.wav
865,شاحن,ˈʃæː.ħɪn,2,1,LL-Q55633582 (ajp)-Muhammad (AdrianAbdulBaha)-شاحن.wav,https://upload.wikimedia.org/wikipedia/commons/7/78/LL-Q55633582_%28ajp%29-Muhammad_%28AdrianAbdulBaha%29-%D8%B4%D8%A7%D8%AD%D9%86.wav
866,شارع,ˈʃæː.rɪʕ,2,1,LL-Q55633582 (ajp)-AmmanM (AdrianAbdulBaha)-شارع.wav,https://upload.wikimedia.org/wikipedia/commons/f/fc/LL-Q55633582_%28ajp%29-AmmanM_%28AdrianAbdulBaha%29-%D8%B4%D8%A7%D8%B1%D8%B9.wav
867,شارك,ˈʃæː.rak,2,1,LL-Q55633582 (ajp)-Khalil.rantissi-شارَك.wav,https://upload.wikimedia.org/wikipedia/commons/6/68/LL-Q55633582_%28ajp%29-Khalil.rantissi-%D8%B4%D8%A7%D8%B1%D9%8E%D9%83.wav
868,شاطر,ˈʃɑː.tˤɪr,2,1,LL-Q55633582 (ajp)-MahmoudM (AdrianAbdulBaha)-شاطر.wav,https://upload.wikimedia.org/wikipedia/commons/4/4a/LL-Q55633582_%28ajp%29-MahmoudM_%28AdrianAbdulBaha%29-%D8%B4%D8%A7%D8%B7%D8%B1.wav
869,شايف,ˈʃæː.jɪf,2,1,LL-Q55633582 (ajp)-Khalil.rantissi-شايف.wav,https://upload.wikimedia.org/wikipedia/commons/7/7c/LL-Q55633582_%28ajp%29-Khalil.rantissi-%D8%B4%D8%A7%D9%8A%D9%81.wav
870,شبع,ˈʃi.bɪʕ,2,1,LL-Q55633582 (ajp)-Khalil.rantissi-شِبِع.wav,https://upload.wikimedia.org/wikipedia/commons/a/a7/LL-Q55633582_%28ajp%29-Khalil.rantissi-%D8%B4%D9%90%D8%A8%D9%90%D8%B9.wav
871,شبك,ˈʃa.bak,2,1,LL-Q55633582 (ajp)-AdrianAbdulBaha-شَبَك.wav,https://upload.wikimedia.org/wikipedia/commons/c/c0/LL-Q55633582_%28ajp%29-AdrianAbdulBaha-%D8%B4%D9%8E%D8%A8%D9%8E%D9%83.wav
872,شبه,ˈʃa.bah,2,1,LL-Q55633582 (ajp)-Khalil.rantissi-شَبَه.wav,https://upload.wikimedia.org/wikipedia/commons/e/e8/LL-Q55633582_%28ajp%29-Khalil.rantissi-%D8%B4%D9%8E%D8%A8%D9%8E%D9%87.wav
873,شتا,ˈʃi.ta,2,1,LL-Q55633582 (ajp)-Muhammad (AdrianAbdulBaha)-شتا.wav,https://upload.wikimedia.org/wikipedia/commons/3/3f/LL-Q55633582_%28ajp%29-Muhammad_%28AdrianAbdulBaha%29-%D8%B4%D8%AA%D8%A7.wav
874,شتت,ˈʃat.tat,2,1,LL-Q55633582 (ajp)-Khalil.rantissi-شَتَّت.wav,https://upload.wikimedia.org/wikipedia/commons/4/4d/LL-Q55633582_%28ajp%29-Khalil.rantissi-%D8%B4%D9%8E%D8%AA%D9%8E%D9%91%D8%AA.wav
875,شتل,ˈʃat.tal,2,1,LL-Q55633582 (ajp)-Muhammad (AdrianAbdulBaha)-شَتَّل.wav,https://upload.wikimedia.org/wikipedia/commons/1/1c/LL-Q55633582_%28ajp%29-Muhammad_%28AdrianAbdulBaha%29-%D8%B4%D9%8E%D8%AA%D9%8E%D9%91%D9%84.wav
876,شتى,ˈʃat.ta,2,1,LL-Q55633582 (ajp)-Khalil.rantissi-شَتَّى.wav,https://upload.wikimedia.org/wikipedia/commons/5/5d/LL-Q55633582_%28ajp%29-Khalil.rantissi-%D8%B4%D9%8E%D8%AA%D9%8E%D9%91%D9%89.wav
877,شجر,ˈʃa.ʒɑrˤ,2,1,LL-Q55633582 (ajp)-Muhammad (AdrianAbdulBaha)-شجر.wav,https://upload.wikimedia.org/wikipedia/commons/7/78/LL-Q55633582_%28ajp%29-Muhammad_%28AdrianAbdulBaha%29-%D8%B4%D8%AC%D8%B1.wav
878,شجع,ʃaʒ.ʒaʕ,2,1,LL-Q55633582 (ajp)-Khalil.rantissi-شَجَّع.wav,https://upload.wikimedia.org/wikipedia/commons/7/7f/LL-Q55633582_%28ajp%29-Khalil.rantissi-%D8%B4%D9%8E%D8%AC%D9%8E%D9%91%D8%B9.wav
879,شحن,ˈʃa.ħan,2,1,LL-Q55633582 (ajp)-Khalil.rantissi-شَحَن.wav,https://upload.wikimedia.org/wikipedia/commons/c/cc/LL-Q55633582_%28ajp%29-Khalil.rantissi-%D8%B4%D9%8E%D8%AD%D9%8E%D9%86.wav
880,شخر,ˈʃax.xɑrˤ,2,1,LL-Q55633582 (ajp)-AdrianAbdulBaha-شَخَّر.wav,https://upload.wikimedia.org/wikipedia/commons/a/a7/LL-Q55633582_%28ajp%29-AdrianAbdulBaha-%D8%B4%D9%8E%D8%AE%D9%8E%D9%91%D8%B1.wav
881,شخور,ˈʃax.wɑrˤ,2,1,LL-Q55633582 (ajp)-AdrianAbdulBaha-شَخوَر.wav,https://upload.wikimedia.org/wikipedia/commons/3/35/LL-Q55633582_%28ajp%29-AdrianAbdulBaha-%D8%B4%D9%8E%D8%AE%D9%88%D9%8E%D8%B1.wav
882,شدد,ˈʃad.dad,2,1,LL-Q55633582 (ajp)-Khalil.rantissi-شَدَّد.wav,https://upload.wikimedia.org/wikipedia/commons/2/2b/LL-Q55633582_%28ajp%29-Khalil.rantissi-%D8%B4%D9%8E%D8%AF%D9%8E%D9%91%D8%AF.wav
883,شرب,ˈʃi.rɪb,2,1,LL-Q55633582 (ajp)-Khalil.rantissi-شرب.wav,https://upload.wikimedia.org/wikipedia/commons/e/ed/LL-Q55633582_%28ajp%29-Khalil.rantissi-%D8%B4%D8%B1%D8%A8.wav
884,شرح,ˈʃʌ.rˤʌħ,2,1,LL-Q55633582 (ajp)-Khalil.rantissi-شَرَح.wav,https://upload.wikimedia.org/wikipedia/commons/9/9e/LL-Q55633582_%28ajp%29-Khalil.rantissi-%D8%B4%D9%8E%D8%B1%D9%8E%D8%AD.wav
885,شرد,ˈʃa.rad,2,1,LL-Q55633582 (ajp)-Muhammad (AdrianAbdulBaha)-شَرَد.wav,https://upload.wikimedia.org/wikipedia/commons/5/5b/LL-Q55633582_%28ajp%29-Muhammad_%28AdrianAbdulBaha%29-%D8%B4%D9%8E%D8%B1%D9%8E%D8%AF.wav
886,شرشف,ʃar.ʃaf,2,1,LL-Q55633582 (ajp)-Muhammad (AdrianAbdulBaha)-شرشف.wav,https://upload.wikimedia.org/wikipedia/commons/b/b7/LL-Q55633582_%28ajp%29-Muhammad_%28AdrianAbdulBaha%29-%D8%B4%D8%B1%D8%B4%D9%81.wav
887,شرطة,ʃʊrˤ.tˤɑ,2,1,LL-Q55633582 (ajp)-Muhammad (AdrianAbdulBaha)-شرطة.wav,https://upload.wikimedia.org/wikipedia/commons/4/46/LL-Q55633582_%28ajp%29-Muhammad_%28AdrianAbdulBaha%29-%D8%B4%D8%B1%D8%B7%D8%A9.wav
888,شرطي,ʃʊrˤ.tˤi,2,1,LL-Q55633582 (ajp)-Muhammad (AdrianAbdulBaha)-شرطي.wav,https://upload.wikimedia.org/wikipedia/commons/2/29/LL-Q55633582_%28ajp%29-Muhammad_%28AdrianAbdulBaha%29-%D8%B4%D8%B1%D8%B7%D9%8A.wav
889,شرعي,ˈʃar.ʕi,2,1,LL-Q55633582 (ajp)-Muhammad (AdrianAbdulBaha)-شرعي.wav,https://upload.wikimedia.org/wikipedia/commons/6/63/LL-Q55633582_%28ajp%29-Muhammad_%28AdrianAbdulBaha%29-%D8%B4%D8%B1%D8%B9%D9%8A.wav
890,شركة,ˈʃɪr.ke,2,1,LL-Q55633582 (ajp)-AmmanM (AdrianAbdulBaha)-شِركة.wav,https://upload.wikimedia.org/wikipedia/commons/a/a5/LL-Q55633582_%28ajp%29-AmmanM_%28AdrianAbdulBaha%29-%D8%B4%D9%90%D8%B1%D9%83%D8%A9.wav
891,شركس,ˈʃar.kas,2,1,LL-Q55633582 (ajp)-AdrianAbdulBaha-شركس.wav,https://upload.wikimedia.org/wikipedia/commons/3/3d/LL-Q55633582_%28ajp%29-AdrianAbdulBaha-%D8%B4%D8%B1%D9%83%D8%B3.wav
892,شرى,ˈʃa.ra,2,1,LL-Q55633582 (ajp)-Khalil.rantissi-شَرى.wav,https://upload.wikimedia.org/wikipedia/commons/0/02/LL-Q55633582_%28ajp%29-Khalil.rantissi-%D8%B4%D9%8E%D8%B1%D9%89.wav
893,شعر,ˈʃa.ʕ(ɪ)r,2,1,LL-Q55633582 (ajp)-Muhammad (AdrianAbdulBaha)-شَعر.wav,https://upload.wikimedia.org/wikipedia/commons/c/c5/LL-Q55633582_%28ajp%29-Muhammad_%28AdrianAbdulBaha%29-%D8%B4%D9%8E%D8%B9%D8%B1.wav
894,شعل,ˈʃaʕ.ʕal,2,1,LL-Q55633582 (ajp)-Khalil.rantissi-شَعَّل.wav,https://upload.wikimedia.org/wikipedia/commons/c/c6/LL-Q55633582_%28ajp%29-Khalil.rantissi-%D8%B4%D9%8E%D8%B9%D9%8E%D9%91%D9%84.wav
895,شغلة,ˈʃaɣ.le,2,1,LL-Q55633582 (ajp)-Muhammad (AdrianAbdulBaha)-شغلة.wav,https://upload.wikimedia.org/wikipedia/commons/a/a3/LL-Q55633582_%28ajp%29-Muhammad_%28AdrianAbdulBaha%29-%D8%B4%D8%BA%D9%84%D8%A9.wav
896,شفة,ˈʃɪf.fe,2,1,LL-Q55633582 (ajp)-Muhammad (AdrianAbdulBaha)-شفّة.wav,https://upload.wikimedia.org/wikipedia/commons/f/fa/LL-Q55633582_%28ajp%29-Muhammad_%28AdrianAbdulBaha%29-%D8%B4%D9%81%D9%91%D8%A9.wav
897,شفى,ˈʃa.fa,2,1,LL-Q55633582 (ajp)-Khalil.rantissi-شفى.wav,https://upload.wikimedia.org/wikipedia/commons/3/3f/LL-Q55633582_%28ajp%29-Khalil.rantissi-%D8%B4%D9%81%D9%89.wav
898,شفي,ˈʃi.fi,2,1,LL-Q55633582 (ajp)-Khalil.rantissi-شفي.wav,https://upload.wikimedia.org/wikipedia/commons/f/f0/LL-Q55633582_%28ajp%29-Khalil.rantissi-%D8%B4%D9%81%D9%8A.wav
899,شقة,ˈʃaʔ.ʔa,2,1,LL-Q55633582 (ajp)-Muhammad (AdrianAbdulBaha)-شقّة.wav,https://upload.wikimedia.org/wikipedia/commons/7/70/LL-Q55633582_%28ajp%29-Muhammad_%28AdrianAbdulBaha%29-%D8%B4%D9%82%D9%91%D8%A9.wav
900,شكر,ˈʃa.kar,2,1,LL-Q55633582 (ajp)-Khalil.rantissi-شَكَر.wav,https://upload.wikimedia.org/wikipedia/commons/8/8a/LL-Q55633582_%28ajp%29-Khalil.rantissi-%D8%B4%D9%8E%D9%83%D9%8E%D8%B1.wav
901,شكرا,ˈʃʊk.ran,2,1,LL-Q55633582 (ajp)-MahmoudM (AdrianAbdulBaha)-شكرًا.wav,https://upload.wikimedia.org/wikipedia/commons/7/7c/LL-Q55633582_%28ajp%29-MahmoudM_%28AdrianAbdulBaha%29-%D8%B4%D9%83%D8%B1%D9%8B%D8%A7.wav
902,شكل,ˈʃak.kal,2,1,LL-Q55633582 (ajp)-Muhammad (AdrianAbdulBaha)-شكل.wav,https://upload.wikimedia.org/wikipedia/commons/c/c6/LL-Q55633582_%28ajp%29-Muhammad_%28AdrianAbdulBaha%29-%D8%B4%D9%83%D9%84.wav
903,شكل,ˈʃɪ.k(ɪ)l,2,1,LL-Q55633582 (ajp)-Muhammad (AdrianAbdulBaha)-شكل.wav,https://upload.wikimedia.org/wikipedia/commons/c/c6/LL-Q55633582_%28ajp%29-Muhammad_%28AdrianAbdulBaha%29-%D8%B4%D9%83%D9%84.wav
904,شكى,ˈʃa.ka,2,1,LL-Q55633582 (ajp)-Khalil.rantissi-شَكى.wav,https://upload.wikimedia.org/wikipedia/commons/e/ee/LL-Q55633582_%28ajp%29-Khalil.rantissi-%D8%B4%D9%8E%D9%83%D9%89.wav
905,شلة,ʃɪl.le,2,1,LL-Q55633582 (ajp)-Muhammad (AdrianAbdulBaha)-شلّة.wav,https://upload.wikimedia.org/wikipedia/commons/0/0d/LL-Q55633582_%28ajp%29-Muhammad_%28AdrianAbdulBaha%29-%D8%B4%D9%84%D9%91%D8%A9.wav
906,شلح,ˈʃa.laħ,2,1,LL-Q55633582 (ajp)-Khalil.rantissi-شَلَح.wav,https://upload.wikimedia.org/wikipedia/commons/9/90/LL-Q55633582_%28ajp%29-Khalil.rantissi-%D8%B4%D9%8E%D9%84%D9%8E%D8%AD.wav
907,شلح,ˈʃa.laħ,2,1,LL-Q55633582 (ajp)-Khalil.rantissi-شَلَح.wav,https://upload.wikimedia.org/wikipedia/commons/9/90/LL-Q55633582_%28ajp%29-Khalil.rantissi-%D8%B4%D9%8E%D9%84%D9%8E%D8%AD.wav
908,شلفق,ˈʃal.faʔ,2,1,LL-Q55633582 (ajp)-Khalil.rantissi-شَلفَق.wav,https://upload.wikimedia.org/wikipedia/commons/5/5b/LL-Q55633582_%28ajp%29-Khalil.rantissi-%D8%B4%D9%8E%D9%84%D9%81%D9%8E%D9%82.wav
909,شمس,ˈʃam.mas,2,1,LL-Q55633582 (ajp)-Muhammad (AdrianAbdulBaha)-شمس.wav,https://upload.wikimedia.org/wikipedia/commons/2/29/LL-Q55633582_%28ajp%29-Muhammad_%28AdrianAbdulBaha%29-%D8%B4%D9%85%D8%B3.wav
910,شمع,ˈʃa.m(ɪ)ʕ,2,1,LL-Q55633582 (ajp)-Muhammad (AdrianAbdulBaha)-شمع.wav,https://upload.wikimedia.org/wikipedia/commons/0/05/LL-Q55633582_%28ajp%29-Muhammad_%28AdrianAbdulBaha%29-%D8%B4%D9%85%D8%B9.wav
911,شمعة,ˈʃam.ʕa,2,1,LL-Q55633582 (ajp)-Muhammad (AdrianAbdulBaha)-شمعة.wav,https://upload.wikimedia.org/wikipedia/commons/f/f1/LL-Q55633582_%28ajp%29-Muhammad_%28AdrianAbdulBaha%29-%D8%B4%D9%85%D8%B9%D8%A9.wav
912,شنطة,ˈʃɑn.tˤɑ,2,1,LL-Q55633582 (ajp)-Muhammad (AdrianAbdulBaha)-شنطة.wav,https://upload.wikimedia.org/wikipedia/commons/9/99/LL-Q55633582_%28ajp%29-Muhammad_%28AdrianAbdulBaha%29-%D8%B4%D9%86%D8%B7%D8%A9.wav
913,شهر,ˈʃa.h(ɪ)r,2,1,LL-Q55633582 (ajp)-AseelF (AdrianAbdulBaha)-شَهر.wav,https://upload.wikimedia.org/wikipedia/commons/7/74/LL-Q55633582_%28ajp%29-AseelF_%28AdrianAbdulBaha%29-%D8%B4%D9%8E%D9%87%D8%B1.wav
914,شهى,ˈʃah.ha,2,1,LL-Q55633582 (ajp)-Khalil.rantissi-شَهّى.wav,https://upload.wikimedia.org/wikipedia/commons/f/f8/LL-Q55633582_%28ajp%29-Khalil.rantissi-%D8%B4%D9%8E%D9%87%D9%91%D9%89.wav
915,شوب,ˈʃaw.wab,2,1,LL-Q55633582 (ajp)-Muhammad (AdrianAbdulBaha)-شوب.wav,https://upload.wikimedia.org/wikipedia/commons/1/10/LL-Q55633582_%28ajp%29-Muhammad_%28AdrianAbdulBaha%29-%D8%B4%D9%88%D8%A8.wav
916,شوفة,ˈʃoː.fe,2,1,LL-Q55633582 (ajp)-Muhammad (AdrianAbdulBaha)-شوفة.wav,https://upload.wikimedia.org/wikipedia/commons/4/45/LL-Q55633582_%28ajp%29-Muhammad_%28AdrianAbdulBaha%29-%D8%B4%D9%88%D9%81%D8%A9.wav
917,شوكة,ˈʃoː.ke,2,1,LL-Q55633582 (ajp)-IbrahimZ (AdrianAbdulBaha)-شوكة.wav,https://upload.wikimedia.org/wikipedia/commons/8/8e/LL-Q55633582_%28ajp%29-IbrahimZ_%28AdrianAbdulBaha%29-%D8%B4%D9%88%D9%83%D8%A9.wav
918,شوية,ˈʃwaj.je,2,1,LL-Q55633582 (ajp)-Muhammad (AdrianAbdulBaha)-شويّة.wav,https://upload.wikimedia.org/wikipedia/commons/7/7f/LL-Q55633582_%28ajp%29-Muhammad_%28AdrianAbdulBaha%29-%D8%B4%D9%88%D9%8A%D9%91%D8%A9.wav
919,شيش,ˈʃaj.jaʃ,2,1,LL-Q55633582 (ajp)-Khalil.rantissi-شَيَّش.wav,https://upload.wikimedia.org/wikipedia/commons/b/b5/LL-Q55633582_%28ajp%29-Khalil.rantissi-%D8%B4%D9%8E%D9%8A%D9%8E%D9%91%D8%B4.wav
920,شيك,ˈʃaj.jak,2,1,LL-Q55633582 (ajp)-Khalil.rantissi-شَيَّك.wav,https://upload.wikimedia.org/wikipedia/commons/7/71/LL-Q55633582_%28ajp%29-Khalil.rantissi-%D8%B4%D9%8E%D9%8A%D9%8E%D9%91%D9%83.wav
921,شيكل,ˈʃeː.kɪl,2,1,LL-Q55633582 (ajp)-Muhammad (AdrianAbdulBaha)-شيكل.wav,https://upload.wikimedia.org/wikipedia/commons/5/5a/LL-Q55633582_%28ajp%29-Muhammad_%28AdrianAbdulBaha%29-%D8%B4%D9%8A%D9%83%D9%84.wav
922,صاحبة,ˈsˤɑːħ.be,2,1,LL-Q55633582 (ajp)-Muhammad (AdrianAbdulBaha)-صاحبة.wav,https://upload.wikimedia.org/wikipedia/commons/8/87/LL-Q55633582_%28ajp%29-Muhammad_%28AdrianAbdulBaha%29-%D8%B5%D8%A7%D8%AD%D8%A8%D8%A9.wav
923,صاحي,ˈsˤɑː.ħi,2,1,LL-Q55633582 (ajp)-Muhammad (AdrianAbdulBaha)-صاحي.wav,https://upload.wikimedia.org/wikipedia/commons/e/e8/LL-Q55633582_%28ajp%29-Muhammad_%28AdrianAbdulBaha%29-%D8%B5%D8%A7%D8%AD%D9%8A.wav
924,صارع,sˤɑː.rɑʕ,2,1,LL-Q55633582 (ajp)-AdrianAbdulBaha-صارَع.wav,https://upload.wikimedia.org/wikipedia/commons/c/cb/LL-Q55633582_%28ajp%29-AdrianAbdulBaha-%D8%B5%D8%A7%D8%B1%D9%8E%D8%B9.wav
925,صالة,ˈsˤɑː.le,2,1,LL-Q55633582 (ajp)-Muhammad (AdrianAbdulBaha)-صالة.wav,https://upload.wikimedia.org/wikipedia/commons/4/4b/LL-Q55633582_%28ajp%29-Muhammad_%28AdrianAbdulBaha%29-%D8%B5%D8%A7%D9%84%D8%A9.wav
926,صاير,ˈsˤɑː.jɪr,2,1,LL-Q55633582 (ajp)-Khalil.rantissi-صاير.wav,https://upload.wikimedia.org/wikipedia/commons/b/b2/LL-Q55633582_%28ajp%29-Khalil.rantissi-%D8%B5%D8%A7%D9%8A%D8%B1.wav
927,صبح,ˈsˤʊ.b(o)ħ,2,1,LL-Q55633582 (ajp)-AseelF (AdrianAbdulBaha)-صُبُح.wav,https://upload.wikimedia.org/wikipedia/commons/4/4f/LL-Q55633582_%28ajp%29-AseelF_%28AdrianAbdulBaha%29-%D8%B5%D9%8F%D8%A8%D9%8F%D8%AD.wav
928,صبي,ˈsˤɑ.bi,2,1,LL-Q55633582 (ajp)-Muhammad (AdrianAbdulBaha)-صبي.wav,https://upload.wikimedia.org/wikipedia/commons/0/08/LL-Q55633582_%28ajp%29-Muhammad_%28AdrianAbdulBaha%29-%D8%B5%D8%A8%D9%8A.wav
929,صحرا,ˈsˤɑħ.rˤɑ,2,1,LL-Q55633582 (ajp)-Muhammad (AdrianAbdulBaha)-صحرا.wav,https://upload.wikimedia.org/wikipedia/commons/5/5b/LL-Q55633582_%28ajp%29-Muhammad_%28AdrianAbdulBaha%29-%D8%B5%D8%AD%D8%B1%D8%A7.wav
930,صحن,ˈsˤɑ.ħ(ɪ)n,2,1,LL-Q55633582 (ajp)-IbrahimZ (AdrianAbdulBaha)-صحن.wav,https://upload.wikimedia.org/wikipedia/commons/d/d3/LL-Q55633582_%28ajp%29-IbrahimZ_%28AdrianAbdulBaha%29-%D8%B5%D8%AD%D9%86.wav
931,صحى,ˈsˤɑħ.ħɑ,2,1,LL-Q55633582 (ajp)-Khalil.rantissi-صَحّى.wav,https://upload.wikimedia.org/wikipedia/commons/b/bb/LL-Q55633582_%28ajp%29-Khalil.rantissi-%D8%B5%D9%8E%D8%AD%D9%91%D9%89.wav
932,صحي,ˈsˤi.ħi,2,1,LL-Q55633582 (ajp)-Khalil.rantissi-صِحي.wav,https://upload.wikimedia.org/wikipedia/commons/1/1e/LL-Q55633582_%28ajp%29-Khalil.rantissi-%D8%B5%D9%90%D8%AD%D9%8A.wav
933,صدفة,ˈsˤʊdˤ.fe,2,1,LL-Q55633582 (ajp)-Muhammad (AdrianAbdulBaha)-صدفة.wav,https://upload.wikimedia.org/wikipedia/commons/a/a1/LL-Q55633582_%28ajp%29-Muhammad_%28AdrianAbdulBaha%29-%D8%B5%D8%AF%D9%81%D8%A9.wav
934,صدق,ˈsad.daʔ,2,1,LL-Q55633582 (ajp)-Khalil.rantissi-صَدَّق.wav,https://upload.wikimedia.org/wikipedia/commons/8/82/LL-Q55633582_%28ajp%29-Khalil.rantissi-%D8%B5%D9%8E%D8%AF%D9%8E%D9%91%D9%82.wav
935,صدم,ˈsˤɑ.dˤɑm,2,1,LL-Q55633582 (ajp)-AdrianAbdulBaha-صَدَم.wav,https://upload.wikimedia.org/wikipedia/commons/0/03/LL-Q55633582_%28ajp%29-AdrianAbdulBaha-%D8%B5%D9%8E%D8%AF%D9%8E%D9%85.wav
936,صدى,ˈsˤɑdˤ.dˤɑ,2,1,LL-Q55633582 (ajp)-Muhammad (AdrianAbdulBaha)-صَدّى.wav,https://upload.wikimedia.org/wikipedia/commons/7/77/LL-Q55633582_%28ajp%29-Muhammad_%28AdrianAbdulBaha%29-%D8%B5%D9%8E%D8%AF%D9%91%D9%89.wav
937,صرة,ˈsˤʊrˤ.rˤɑ,2,1,LL-Q55633582 (ajp)-Muhammad (AdrianAbdulBaha)-صرّة.wav,https://upload.wikimedia.org/wikipedia/commons/6/68/LL-Q55633582_%28ajp%29-Muhammad_%28AdrianAbdulBaha%29-%D8%B5%D8%B1%D9%91%D8%A9.wav
938,صرخ,ˈsˤɑ.rˤɑx,2,1,LL-Q55633582 (ajp)-Khalil.rantissi-صَرَخ.wav,https://upload.wikimedia.org/wikipedia/commons/1/1e/LL-Q55633582_%28ajp%29-Khalil.rantissi-%D8%B5%D9%8E%D8%B1%D9%8E%D8%AE.wav
939,صرف,ˈsˤɑ.rˤɑf,2,1,LL-Q55633582 (ajp)-Khalil.rantissi-صَرَف.wav,https://upload.wikimedia.org/wikipedia/commons/3/3a/LL-Q55633582_%28ajp%29-Khalil.rantissi-%D8%B5%D9%8E%D8%B1%D9%8E%D9%81.wav
940,صعب,ˈsˤɑ.ʕ(ɪ)b,2,1,LL-Q55633582 (ajp)-Muhammad (AdrianAbdulBaha)-صعب.wav,https://upload.wikimedia.org/wikipedia/commons/f/f0/LL-Q55633582_%28ajp%29-Muhammad_%28AdrianAbdulBaha%29-%D8%B5%D8%B9%D8%A8.wav
941,صفطة,ˈsˤɑf.tˤɑ,2,1,LL-Q55633582 (ajp)-Muhammad (AdrianAbdulBaha)-صفطة.wav,https://upload.wikimedia.org/wikipedia/commons/1/18/LL-Q55633582_%28ajp%29-Muhammad_%28AdrianAbdulBaha%29-%D8%B5%D9%81%D8%B7%D8%A9.wav
942,صلب,ˈsˤɑl.lɑb,2,1,LL-Q55633582 (ajp)-Muhammad (AdrianAbdulBaha)-صَلَّب.wav,https://upload.wikimedia.org/wikipedia/commons/f/f9/LL-Q55633582_%28ajp%29-Muhammad_%28AdrianAbdulBaha%29-%D8%B5%D9%8E%D9%84%D9%8E%D9%91%D8%A8.wav
943,صلح,ˈsˤɑlˤ.lˤɑħ,2,1,LL-Q55633582 (ajp)-Khalil.rantissi-صَلَّح.wav,https://upload.wikimedia.org/wikipedia/commons/8/8e/LL-Q55633582_%28ajp%29-Khalil.rantissi-%D8%B5%D9%8E%D9%84%D9%8E%D9%91%D8%AD.wav
944,صلى,ˈsˤɑlˤ.lˤɑ,2,1,LL-Q55633582 (ajp)-Khalil.rantissi-صَلّى.wav,https://upload.wikimedia.org/wikipedia/commons/e/e8/LL-Q55633582_%28ajp%29-Khalil.rantissi-%D8%B5%D9%8E%D9%84%D9%91%D9%89.wav
945,صمم,ˈsˤɑm.mɑm,2,1,LL-Q55633582 (ajp)-Khalil.rantissi-صَمَّم.wav,https://upload.wikimedia.org/wikipedia/commons/b/bd/LL-Q55633582_%28ajp%29-Khalil.rantissi-%D8%B5%D9%8E%D9%85%D9%8E%D9%91%D9%85.wav
946,صهر,ˈsˤɪ.h(ɪ)r,2,1,LL-Q55633582 (ajp)-Muhammad (AdrianAbdulBaha)-صهر.wav,https://upload.wikimedia.org/wikipedia/commons/e/eb/LL-Q55633582_%28ajp%29-Muhammad_%28AdrianAbdulBaha%29-%D8%B5%D9%87%D8%B1.wav
947,صور,ˈsˤɑw.wɑrˤ,2,1,LL-Q55633582 (ajp)-Khalil.rantissi-صَوَّر.wav,https://upload.wikimedia.org/wikipedia/commons/1/19/LL-Q55633582_%28ajp%29-Khalil.rantissi-%D8%B5%D9%8E%D9%88%D9%8E%D9%91%D8%B1.wav
948,صورة,ˈsˤuː.rˤɑ,2,1,LL-Q55633582 (ajp)-Muhammad (AdrianAbdulBaha)-صورة.wav,https://upload.wikimedia.org/wikipedia/commons/8/82/LL-Q55633582_%28ajp%29-Muhammad_%28AdrianAbdulBaha%29-%D8%B5%D9%88%D8%B1%D8%A9.wav
949,صوفا,ˈsˤoː.fɑ,2,1,LL-Q55633582 (ajp)-Muhammad (AdrianAbdulBaha)-صوفا.wav,https://upload.wikimedia.org/wikipedia/commons/6/6c/LL-Q55633582_%28ajp%29-Muhammad_%28AdrianAbdulBaha%29-%D8%B5%D9%88%D9%81%D8%A7.wav
950,ضايق,ˈdæː.jaʔ,2,1,LL-Q55633582 (ajp)-Khalil.rantissi-ضايَق.wav,https://upload.wikimedia.org/wikipedia/commons/1/1a/LL-Q55633582_%28ajp%29-Khalil.rantissi-%D8%B6%D8%A7%D9%8A%D9%8E%D9%82.wav
951,ضرب,ˈdˤɑ.rˤɑb,2,1,LL-Q55633582 (ajp)-Khalil.rantissi-ضَرب.wav,https://upload.wikimedia.org/wikipedia/commons/5/5f/LL-Q55633582_%28ajp%29-Khalil.rantissi-%D8%B6%D9%8E%D8%B1%D8%A8.wav
952,ضغط,ˈdˤɑ.ɣɑtˤ,2,1,LL-Q55633582 (ajp)-Khalil.rantissi-ضَغَط.wav,https://upload.wikimedia.org/wikipedia/commons/2/2b/LL-Q55633582_%28ajp%29-Khalil.rantissi-%D8%B6%D9%8E%D8%BA%D9%8E%D8%B7.wav
953,ضفة,ˈdˤɪf.fe,2,1,LL-Q55633582 (ajp)-Khalil.rantissi-ضفّة.wav,https://upload.wikimedia.org/wikipedia/commons/4/41/LL-Q55633582_%28ajp%29-Khalil.rantissi-%D8%B6%D9%81%D9%91%D8%A9.wav
954,ضمن,ˈdˤɑ.mɑn,2,1,LL-Q55633582 (ajp)-AdrianAbdulBaha-ضَمَن.wav,https://upload.wikimedia.org/wikipedia/commons/5/5e/LL-Q55633582_%28ajp%29-AdrianAbdulBaha-%D8%B6%D9%8E%D9%85%D9%8E%D9%86.wav
955,ضوى,ˈdˤɑ.wɑ,2,1,LL-Q55633582 (ajp)-Khalil.rantissi-ضَوى.wav,https://upload.wikimedia.org/wikipedia/commons/1/10/LL-Q55633582_%28ajp%29-Khalil.rantissi-%D8%B6%D9%8E%D9%88%D9%89.wav
956,ضيع,ˈdˤɑj.jɑʕ,2,1,LL-Q55633582 (ajp)-Khalil.rantissi-ضَيَّع.wav,https://upload.wikimedia.org/wikipedia/commons/f/f0/LL-Q55633582_%28ajp%29-Khalil.rantissi-%D8%B6%D9%8E%D9%8A%D9%8E%D9%91%D8%B9.wav
957,ضيق,ˈdˤij.jɪʔ,2,1,LL-Q55633582 (ajp)-Muhammad (AdrianAbdulBaha)-ضيّق.wav,https://upload.wikimedia.org/wikipedia/commons/1/18/LL-Q55633582_%28ajp%29-Muhammad_%28AdrianAbdulBaha%29-%D8%B6%D9%8A%D9%91%D9%82.wav
958,طارئ,ˈtˤɑː.rɪʔ,2,1,LL-Q55633582 (ajp)-Muhammad (AdrianAbdulBaha)-طارئ.wav,https://upload.wikimedia.org/wikipedia/commons/a/a3/LL-Q55633582_%28ajp%29-Muhammad_%28AdrianAbdulBaha%29-%D8%B7%D8%A7%D8%B1%D8%A6.wav
959,طاسة,ˈtˤɑː.sˤe,2,1,LL-Q55633582 (ajp)-Muhammad (AdrianAbdulBaha)-طاسة.wav,https://upload.wikimedia.org/wikipedia/commons/6/68/LL-Q55633582_%28ajp%29-Muhammad_%28AdrianAbdulBaha%29-%D8%B7%D8%A7%D8%B3%D8%A9.wav
960,طاقة,ˈtˤɑː.qɑ,2,1,LL-Q55633582 (ajp)-Mohammad-LPA-طاقة.wav,https://upload.wikimedia.org/wikipedia/commons/5/5b/LL-Q55633582_%28ajp%29-Mohammad-LPA-%D8%B7%D8%A7%D9%82%D8%A9.wav
961,طالب,ˈtˤɑː.lɪb,2,1,LL-Q55633582 (ajp)-Muhammad (AdrianAbdulBaha)-طالب.wav,https://upload.wikimedia.org/wikipedia/commons/6/6c/LL-Q55633582_%28ajp%29-Muhammad_%28AdrianAbdulBaha%29-%D8%B7%D8%A7%D9%84%D8%A8.wav
962,طالع,ˈtˤɑː.lɪʕ,2,1,LL-Q55633582 (ajp)-Khalil.rantissi-طالع.wav,https://upload.wikimedia.org/wikipedia/commons/4/43/LL-Q55633582_%28ajp%29-Khalil.rantissi-%D8%B7%D8%A7%D9%84%D8%B9.wav
963,طاولة,ˈtˤɑːw.le,2,1,LL-Q55633582 (ajp)-Muhammad (AdrianAbdulBaha)-طاولة.wav,https://upload.wikimedia.org/wikipedia/commons/d/d2/LL-Q55633582_%28ajp%29-Muhammad_%28AdrianAbdulBaha%29-%D8%B7%D8%A7%D9%88%D9%84%D8%A9.wav
964,طايش,ˈtˤɑː.jɪʃ,2,1,LL-Q55633582 (ajp)-Muhammad (AdrianAbdulBaha)-طايش.wav,https://upload.wikimedia.org/wikipedia/commons/c/c9/LL-Q55633582_%28ajp%29-Muhammad_%28AdrianAbdulBaha%29-%D8%B7%D8%A7%D9%8A%D8%B4.wav
965,طبخ,ˈtˤʌ.bʌx,2,1,LL-Q55633582 (ajp)-Khalil.rantissi-طَبَخ.wav,https://upload.wikimedia.org/wikipedia/commons/c/c1/LL-Q55633582_%28ajp%29-Khalil.rantissi-%D8%B7%D9%8E%D8%A8%D9%8E%D8%AE.wav
966,طبخة,ˈtˤɑb.xɑ,2,1,LL-Q55633582 (ajp)-Khalil.rantissi-طَبخة.wav,https://upload.wikimedia.org/wikipedia/commons/1/17/LL-Q55633582_%28ajp%29-Khalil.rantissi-%D8%B7%D9%8E%D8%A8%D8%AE%D8%A9.wav
967,طبع,ˈtˤɑb.bɑʕ,2,1,LL-Q55633582 (ajp)-Khalil.rantissi-طَبَّع.wav,https://upload.wikimedia.org/wikipedia/commons/5/53/LL-Q55633582_%28ajp%29-Khalil.rantissi-%D8%B7%D9%8E%D8%A8%D9%8E%D9%91%D8%B9.wav
968,طبعا,ˈtˤɑb.ʕɑn,2,1,LL-Q55633582 (ajp)-AdrianAbdulBaha-طبعا.wav,https://upload.wikimedia.org/wikipedia/commons/e/e8/LL-Q55633582_%28ajp%29-AdrianAbdulBaha-%D8%B7%D8%A8%D8%B9%D8%A7.wav
969,طرد,ˈtˤɑ.rˤɑdˤ,2,1,LL-Q55633582 (ajp)-Muhammad (AdrianAbdulBaha)-طرد.wav,https://upload.wikimedia.org/wikipedia/commons/4/49/LL-Q55633582_%28ajp%29-Muhammad_%28AdrianAbdulBaha%29-%D8%B7%D8%B1%D8%AF.wav
970,طرطش,ˈtˤɑr.tˤɑʃ,2,1,LL-Q55633582 (ajp)-Mohammad-LPA-طرطش.wav,https://upload.wikimedia.org/wikipedia/commons/a/a5/LL-Q55633582_%28ajp%29-Mohammad-LPA-%D8%B7%D8%B1%D8%B7%D8%B4.wav
971,طعمى,ˈtˤɑʕ.mɑ,2,1,LL-Q55633582 (ajp)-Khalil.rantissi-طَعمى.wav,https://upload.wikimedia.org/wikipedia/commons/1/1a/LL-Q55633582_%28ajp%29-Khalil.rantissi-%D8%B7%D9%8E%D8%B9%D9%85%D9%89.wav
972,طعن,ˈtˤɑ.ʕɑn,2,1,LL-Q55633582 (ajp)-AdrianAbdulBaha-طَعَن.wav,https://upload.wikimedia.org/wikipedia/commons/c/cd/LL-Q55633582_%28ajp%29-AdrianAbdulBaha-%D8%B7%D9%8E%D8%B9%D9%8E%D9%86.wav
973,طفل,ˈtˤɪ.f(ɪ)l,2,1,LL-Q55633582 (ajp)-Muhammad (AdrianAbdulBaha)-طفل.wav,https://upload.wikimedia.org/wikipedia/commons/c/c7/LL-Q55633582_%28ajp%29-Muhammad_%28AdrianAbdulBaha%29-%D8%B7%D9%81%D9%84.wav
974,طفى,ˈtˤɑ.fɑ,2,1,LL-Q55633582 (ajp)-Khalil.rantissi-طَفى.wav,https://upload.wikimedia.org/wikipedia/commons/3/32/LL-Q55633582_%28ajp%29-Khalil.rantissi-%D8%B7%D9%8E%D9%81%D9%89.wav
975,طلب,ˈtˤɑ.lɑb,2,1,LL-Q55633582 (ajp)-Khalil.rantissi-طَلَب.wav,https://upload.wikimedia.org/wikipedia/commons/b/b3/LL-Q55633582_%28ajp%29-Khalil.rantissi-%D8%B7%D9%8E%D9%84%D9%8E%D8%A8.wav
976,طلعة,tˤɑl.ʕa,2,1,LL-Q55633582 (ajp)-Muhammad (AdrianAbdulBaha)-طلعة.wav,https://upload.wikimedia.org/wikipedia/commons/0/0a/LL-Q55633582_%28ajp%29-Muhammad_%28AdrianAbdulBaha%29-%D8%B7%D9%84%D8%B9%D8%A9.wav
977,طلق,ˈtˤɑlˤ.lˤɑʔ,2,1,LL-Q55633582 (ajp)-Khalil.rantissi-طَلَّق.wav,https://upload.wikimedia.org/wikipedia/commons/d/dc/LL-Q55633582_%28ajp%29-Khalil.rantissi-%D8%B7%D9%8E%D9%84%D9%8E%D9%91%D9%82.wav
978,طمن,ˈtˤɑm.mɑn,2,1,LL-Q55633582 (ajp)-Khalil.rantissi-طَمَّن.wav,https://upload.wikimedia.org/wikipedia/commons/d/d5/LL-Q55633582_%28ajp%29-Khalil.rantissi-%D8%B7%D9%8E%D9%85%D9%8E%D9%91%D9%86.wav
979,طنش,tˤɑn.nɑʃ,2,1,LL-Q55633582 (ajp)-AdrianAbdulBaha-طَنَّش.wav,https://upload.wikimedia.org/wikipedia/commons/d/d9/LL-Q55633582_%28ajp%29-AdrianAbdulBaha-%D8%B7%D9%8E%D9%86%D9%8E%D9%91%D8%B4.wav
980,طور,ˈtˤʌw.wʌr,2,1,LL-Q55633582 (ajp)-Khalil.rantissi-طَوَّر.wav,https://upload.wikimedia.org/wikipedia/commons/5/58/LL-Q55633582_%28ajp%29-Khalil.rantissi-%D8%B7%D9%8E%D9%88%D9%8E%D9%91%D8%B1.wav
981,ظلم,ˈzˤɑ.lɑm,2,1,LL-Q55633582 (ajp)-Khalil.rantissi-ظَلَم.wav,https://upload.wikimedia.org/wikipedia/commons/2/28/LL-Q55633582_%28ajp%29-Khalil.rantissi-%D8%B8%D9%8E%D9%84%D9%8E%D9%85.wav
982,عادي,ˈʕæː.di,2,1,LL-Q55633582 (ajp)-MahmoudM (AdrianAbdulBaha)-عادي.wav,https://upload.wikimedia.org/wikipedia/commons/8/85/LL-Q55633582_%28ajp%29-MahmoudM_%28AdrianAbdulBaha%29-%D8%B9%D8%A7%D8%AF%D9%8A.wav
983,عارض,ˈʕɑː.rˤɑdˤ,2,1,LL-Q55633582 (ajp)-Khalil.rantissi-عارَض.wav,https://upload.wikimedia.org/wikipedia/commons/4/40/LL-Q55633582_%28ajp%29-Khalil.rantissi-%D8%B9%D8%A7%D8%B1%D9%8E%D8%B6.wav
984,عارف,ˈʕæː.rɪf,2,1,LL-Q55633582 (ajp)-Khalil.rantissi-عارف.wav,https://upload.wikimedia.org/wikipedia/commons/b/b3/LL-Q55633582_%28ajp%29-Khalil.rantissi-%D8%B9%D8%A7%D8%B1%D9%81.wav
985,عاشر,ˈʕæː.ʃɪr,2,1,LL-Q55633582 (ajp)-Muhammad (AdrianAbdulBaha)-عاشر.wav,https://upload.wikimedia.org/wikipedia/commons/2/2f/LL-Q55633582_%28ajp%29-Muhammad_%28AdrianAbdulBaha%29-%D8%B9%D8%A7%D8%B4%D8%B1.wav
986,عاصفة,ˈʕɑːsˤ.fe,2,1,LL-Q55633582 (ajp)-Muhammad (AdrianAbdulBaha)-عاصفة.wav,https://upload.wikimedia.org/wikipedia/commons/a/a7/LL-Q55633582_%28ajp%29-Muhammad_%28AdrianAbdulBaha%29-%D8%B9%D8%A7%D8%B5%D9%81%D8%A9.wav
987,عاقب,ˈʕɑː.qɑb,2,1,LL-Q55633582 (ajp)-Khalil.rantissi-عاقَب.wav,https://upload.wikimedia.org/wikipedia/commons/e/ef/LL-Q55633582_%28ajp%29-Khalil.rantissi-%D8%B9%D8%A7%D9%82%D9%8E%D8%A8.wav
988,عالج,ˈʕæː.laʒ,2,1,LL-Q55633582 (ajp)-Khalil.rantissi-عالَج.wav,https://upload.wikimedia.org/wikipedia/commons/1/1b/LL-Q55633582_%28ajp%29-Khalil.rantissi-%D8%B9%D8%A7%D9%84%D9%8E%D8%AC.wav
989,عالي,ˈʕæː.li,2,1,LL-Q55633582 (ajp)-Muhammad (AdrianAbdulBaha)-عالي.wav,https://upload.wikimedia.org/wikipedia/commons/4/4f/LL-Q55633582_%28ajp%29-Muhammad_%28AdrianAbdulBaha%29-%D8%B9%D8%A7%D9%84%D9%8A.wav
990,عامل,ˈʕæː.mal,2,1,LL-Q55633582 (ajp)-Khalil.rantissi-عامل.wav,https://upload.wikimedia.org/wikipedia/commons/a/ac/LL-Q55633582_%28ajp%29-Khalil.rantissi-%D8%B9%D8%A7%D9%85%D9%84.wav
991,عامل,ˈʕæː.mɪl,2,1,LL-Q55633582 (ajp)-Khalil.rantissi-عامل.wav,https://upload.wikimedia.org/wikipedia/commons/a/ac/LL-Q55633582_%28ajp%29-Khalil.rantissi-%D8%B9%D8%A7%D9%85%D9%84.wav
992,عاند,ˈʕæː.nad,2,1,LL-Q55633582 (ajp)-Khalil.rantissi-عانَد.wav,https://upload.wikimedia.org/wikipedia/commons/2/2c/LL-Q55633582_%28ajp%29-Khalil.rantissi-%D8%B9%D8%A7%D9%86%D9%8E%D8%AF.wav
993,عاون,ˈʕæː.wan,2,1,LL-Q55633582 (ajp)-AdrianAbdulBaha-عاون.wav,https://upload.wikimedia.org/wikipedia/commons/0/0d/LL-Q55633582_%28ajp%29-AdrianAbdulBaha-%D8%B9%D8%A7%D9%88%D9%86.wav
994,عايش,ˈʕæː.jɪʃ,2,1,LL-Q55633582 (ajp)-Khalil.rantissi-عايش.wav,https://upload.wikimedia.org/wikipedia/commons/1/1c/LL-Q55633582_%28ajp%29-Khalil.rantissi-%D8%B9%D8%A7%D9%8A%D8%B4.wav
995,عبر,ˈʕab.bar,2,1,LL-Q55633582 (ajp)-Khalil.rantissi-عَبَّر.wav,https://upload.wikimedia.org/wikipedia/commons/2/2d/LL-Q55633582_%28ajp%29-Khalil.rantissi-%D8%B9%D9%8E%D8%A8%D9%8E%D9%91%D8%B1.wav
996,عبط,ˈʕɑ.bɑtˤ,2,1,LL-Q55633582 (ajp)-Khalil.rantissi-عَبَط.wav,https://upload.wikimedia.org/wikipedia/commons/1/1b/LL-Q55633582_%28ajp%29-Khalil.rantissi-%D8%B9%D9%8E%D8%A8%D9%8E%D8%B7.wav
997,عبى,ˈʕab.ba,2,1,LL-Q55633582 (ajp)-Khalil.rantissi-عَبّى.wav,https://upload.wikimedia.org/wikipedia/commons/e/ee/LL-Q55633582_%28ajp%29-Khalil.rantissi-%D8%B9%D9%8E%D8%A8%D9%91%D9%89.wav
998,عجل,ˈʕaʒ.ʒal,2,1,LL-Q55633582 (ajp)-Khalil.rantissi-عَجَّل.wav,https://upload.wikimedia.org/wikipedia/commons/7/7a/LL-Q55633582_%28ajp%29-Khalil.rantissi-%D8%B9%D9%8E%D8%AC%D9%8E%D9%91%D9%84.wav
999,عدة,ˈʕɪd.de,2,1,LL-Q55633582 (ajp)-Muhammad (AdrianAbdulBaha)-عدّة.wav,https://upload.wikimedia.org/wikipedia/commons/0/07/LL-Q55633582_%28ajp%29-Muhammad_%28AdrianAbdulBaha%29-%D8%B9%D8%AF%D9%91%D8%A9.wav
1000,عدس,ˈʕa.das,2,1,LL-Q55633582 (ajp)-Khalil.rantissi-عدس.wav,https://upload.wikimedia.org/wikipedia/commons/8/84/LL-Q55633582_%28ajp%29-Khalil.rantissi-%D8%B9%D8%AF%D8%B3.wav
1001,عدل,ˈʕad.dal,2,1,LL-Q55633582 (ajp)-Khalil.rantissi-عَدَّل.wav,https://upload.wikimedia.org/wikipedia/commons/8/8d/LL-Q55633582_%28ajp%29-Khalil.rantissi-%D8%B9%D9%8E%D8%AF%D9%8E%D9%91%D9%84.wav
1002,عدوى,ˈʕad.wa,2,1,LL-Q55633582 (ajp)-Muhammad (AdrianAbdulBaha)-عدوى.wav,https://upload.wikimedia.org/wikipedia/commons/3/32/LL-Q55633582_%28ajp%29-Muhammad_%28AdrianAbdulBaha%29-%D8%B9%D8%AF%D9%88%D9%89.wav
1003,عدى,ˈʕa.da,2,1,LL-Q55633582 (ajp)-Khalil.rantissi-عَدى.wav,https://upload.wikimedia.org/wikipedia/commons/c/c2/LL-Q55633582_%28ajp%29-Khalil.rantissi-%D8%B9%D9%8E%D8%AF%D9%89.wav
1004,عذب,ˈʕaz.zab,2,1,LL-Q55633582 (ajp)-Khalil.rantissi-عَذَّب.wav,https://upload.wikimedia.org/wikipedia/commons/9/99/LL-Q55633582_%28ajp%29-Khalil.rantissi-%D8%B9%D9%8E%D8%B0%D9%8E%D9%91%D8%A8.wav
1005,عذر,ˈʕa.ðarˤ,2,1,LL-Q55633582 (ajp)-Khalil.rantissi-عَذَر.wav,https://upload.wikimedia.org/wikipedia/commons/a/ac/LL-Q55633582_%28ajp%29-Khalil.rantissi-%D8%B9%D9%8E%D8%B0%D9%8E%D8%B1.wav
1006,عرب,ˈʕa.rab,2,1,LL-Q55633582 (ajp)-AdrianAbdulBaha-عرب.wav,https://upload.wikimedia.org/wikipedia/commons/5/5e/LL-Q55633582_%28ajp%29-AdrianAbdulBaha-%D8%B9%D8%B1%D8%A8.wav
1007,عرج,ˈʕa.raʒ,2,1,LL-Q55633582 (ajp)-Khalil.rantissi-عَرَج.wav,https://upload.wikimedia.org/wikipedia/commons/f/f0/LL-Q55633582_%28ajp%29-Khalil.rantissi-%D8%B9%D9%8E%D8%B1%D9%8E%D8%AC.wav
1008,عرس,ˈʕo.r(o)s,2,1,LL-Q55633582 (ajp)-MahmoudM (AdrianAbdulBaha)-عُرس.wav,https://upload.wikimedia.org/wikipedia/commons/4/4f/LL-Q55633582_%28ajp%29-MahmoudM_%28AdrianAbdulBaha%29-%D8%B9%D9%8F%D8%B1%D8%B3.wav
1009,عرق,ˈʕi.rɪʔ,2,1,LL-Q55633582 (ajp)-Khalil.rantissi-عِرِق.wav,https://upload.wikimedia.org/wikipedia/commons/d/dc/LL-Q55633582_%28ajp%29-Khalil.rantissi-%D8%B9%D9%90%D8%B1%D9%90%D9%82.wav
1010,عزف,ˈʕa.zaf,2,1,LL-Q55633582 (ajp)-Khalil.rantissi-عَزَف.wav,https://upload.wikimedia.org/wikipedia/commons/2/25/LL-Q55633582_%28ajp%29-Khalil.rantissi-%D8%B9%D9%8E%D8%B2%D9%8E%D9%81.wav
1011,عزم,ˈʕa.zam,2,1,LL-Q55633582 (ajp)-Khalil.rantissi-عَزَم.wav,https://upload.wikimedia.org/wikipedia/commons/a/a9/LL-Q55633582_%28ajp%29-Khalil.rantissi-%D8%B9%D9%8E%D8%B2%D9%8E%D9%85.wav
1012,عسل,ˈʕa.sal,2,1,LL-Q55633582 (ajp)-IbrahimZ (AdrianAbdulBaha)-عسل.wav,https://upload.wikimedia.org/wikipedia/commons/c/c8/LL-Q55633582_%28ajp%29-IbrahimZ_%28AdrianAbdulBaha%29-%D8%B9%D8%B3%D9%84.wav
1013,عشا,ˈʕa.ʃa,2,1,LL-Q55633582 (ajp)-IbrahimZ (AdrianAbdulBaha)-عشا.wav,https://upload.wikimedia.org/wikipedia/commons/5/56/LL-Q55633582_%28ajp%29-IbrahimZ_%28AdrianAbdulBaha%29-%D8%B9%D8%B4%D8%A7.wav
1014,عشر,ˈʕʊ.ʃ(o)r,2,1,LL-Q55633582 (ajp)-Muhammad (AdrianAbdulBaha)-عُشر.wav,https://upload.wikimedia.org/wikipedia/commons/c/c2/LL-Q55633582_%28ajp%29-Muhammad_%28AdrianAbdulBaha%29-%D8%B9%D9%8F%D8%B4%D8%B1.wav
1015,عشق,ˈʕi.ʃɪʔ,2,1,LL-Q55633582 (ajp)-Muhammad (AdrianAbdulBaha)-عشق.wav,https://upload.wikimedia.org/wikipedia/commons/6/6f/LL-Q55633582_%28ajp%29-Muhammad_%28AdrianAbdulBaha%29-%D8%B9%D8%B4%D9%82.wav
1016,عصب,ˈʕɑ.sˤɑb,2,1,LL-Q55633582 (ajp)-Muhammad (AdrianAbdulBaha)-عصب.wav,https://upload.wikimedia.org/wikipedia/commons/1/19/LL-Q55633582_%28ajp%29-Muhammad_%28AdrianAbdulBaha%29-%D8%B9%D8%B5%D8%A8.wav
1017,عصب,ˈʕɑsˤ.sˤɑb,2,1,LL-Q55633582 (ajp)-Muhammad (AdrianAbdulBaha)-عصب.wav,https://upload.wikimedia.org/wikipedia/commons/1/19/LL-Q55633582_%28ajp%29-Muhammad_%28AdrianAbdulBaha%29-%D8%B9%D8%B5%D8%A8.wav
1018,عصر,ˈʕa.sˤɑrˤ,2,1,LL-Q55633582 (ajp)-Muhammad (AdrianAbdulBaha)-عصر.wav,https://upload.wikimedia.org/wikipedia/commons/1/15/LL-Q55633582_%28ajp%29-Muhammad_%28AdrianAbdulBaha%29-%D8%B9%D8%B5%D8%B1.wav
1019,عصر,ˈʕɑ.sˤ(ɪ)rˤ,2,1,LL-Q55633582 (ajp)-Muhammad (AdrianAbdulBaha)-عصر.wav,https://upload.wikimedia.org/wikipedia/commons/1/15/LL-Q55633582_%28ajp%29-Muhammad_%28AdrianAbdulBaha%29-%D8%B9%D8%B5%D8%B1.wav
1020,عضم,ˈʕɑ.dˤ(ɪ)m,2,1,LL-Q55633582 (ajp)-Muhammad (AdrianAbdulBaha)-عضم.wav,https://upload.wikimedia.org/wikipedia/commons/f/fc/LL-Q55633582_%28ajp%29-Muhammad_%28AdrianAbdulBaha%29-%D8%B9%D8%B6%D9%85.wav
1021,عضمة,ˈʕɑdˤ.me,2,1,LL-Q55633582 (ajp)-Muhammad (AdrianAbdulBaha)-عضمة.wav,https://upload.wikimedia.org/wikipedia/commons/1/1b/LL-Q55633582_%28ajp%29-Muhammad_%28AdrianAbdulBaha%29-%D8%B9%D8%B6%D9%85%D8%A9.wav
1022,عطس,ˈʕɑ.tˤɑsˤ,2,1,LL-Q55633582 (ajp)-Khalil.rantissi-عَطَس.wav,https://upload.wikimedia.org/wikipedia/commons/4/47/LL-Q55633582_%28ajp%29-Khalil.rantissi-%D8%B9%D9%8E%D8%B7%D9%8E%D8%B3.wav
1023,عطش,ˈʕi.tˤɪʃ,2,1,LL-Q55633582 (ajp)-Khalil.rantissi-عِطِش.wav,https://upload.wikimedia.org/wikipedia/commons/5/57/LL-Q55633582_%28ajp%29-Khalil.rantissi-%D8%B9%D9%90%D8%B7%D9%90%D8%B4.wav
1024,عطل,ˈʕɑtˤ.tˤɑl,2,1,LL-Q55633582 (ajp)-Khalil.rantissi-عَطَّل.wav,https://upload.wikimedia.org/wikipedia/commons/b/bf/LL-Q55633582_%28ajp%29-Khalil.rantissi-%D8%B9%D9%8E%D8%B7%D9%8E%D9%91%D9%84.wav
1025,عطلة,ˈʕotˤ.le,2,1,LL-Q55633582 (ajp)-AmmanM (AdrianAbdulBaha)-عطلة.wav,https://upload.wikimedia.org/wikipedia/commons/0/0f/LL-Q55633582_%28ajp%29-AmmanM_%28AdrianAbdulBaha%29-%D8%B9%D8%B7%D9%84%D8%A9.wav
1026,عفش,ˈʕa.f(ɪ)ʃ,2,1,LL-Q55633582 (ajp)-Khalil.rantissi-عَفش.wav,https://upload.wikimedia.org/wikipedia/commons/6/6d/LL-Q55633582_%28ajp%29-Khalil.rantissi-%D8%B9%D9%8E%D9%81%D8%B4.wav
1027,عفن,ˈʕaf.fan,2,1,LL-Q55633582 (ajp)-AdrianAbdulBaha-عَفَّن.wav,https://upload.wikimedia.org/wikipedia/commons/5/5a/LL-Q55633582_%28ajp%29-AdrianAbdulBaha-%D8%B9%D9%8E%D9%81%D9%8E%D9%91%D9%86.wav
1028,عفوا,ˈʕaf.wan,2,1,LL-Q55633582 (ajp)-MahmoudM (AdrianAbdulBaha)-عفوًا.wav,https://upload.wikimedia.org/wikipedia/commons/4/4e/LL-Q55633582_%28ajp%29-MahmoudM_%28AdrianAbdulBaha%29-%D8%B9%D9%81%D9%88%D9%8B%D8%A7.wav
1029,عفى,ˈʕa.fa,2,1,LL-Q55633582 (ajp)-Khalil.rantissi-عَفى.wav,https://upload.wikimedia.org/wikipedia/commons/3/3b/LL-Q55633582_%28ajp%29-Khalil.rantissi-%D8%B9%D9%8E%D9%81%D9%89.wav
1030,عقم,ˈʕɑq.qɑm,2,1,LL-Q55633582 (ajp)-Khalil.rantissi-عَقَّم.wav,https://upload.wikimedia.org/wikipedia/commons/c/c0/LL-Q55633582_%28ajp%29-Khalil.rantissi-%D8%B9%D9%8E%D9%82%D9%8E%D9%91%D9%85.wav
1031,عكا,ˈʕak.ka,2,1,LL-Q55633582 (ajp)-Khalil.rantissi-عكا.wav,https://upload.wikimedia.org/wikipedia/commons/d/d1/LL-Q55633582_%28ajp%29-Khalil.rantissi-%D8%B9%D9%83%D8%A7.wav
1032,عكر,ˈʕa.kar,2,1,LL-Q55633582 (ajp)-Khalil.rantissi-عَكَر.wav,https://upload.wikimedia.org/wikipedia/commons/b/ba/LL-Q55633582_%28ajp%29-Khalil.rantissi-%D8%B9%D9%8E%D9%83%D9%8E%D8%B1.wav
1033,عكس,ˈʕa.kas,2,1,LL-Q55633582 (ajp)-Khalil.rantissi-عَكَس.wav,https://upload.wikimedia.org/wikipedia/commons/b/b3/LL-Q55633582_%28ajp%29-Khalil.rantissi-%D8%B9%D9%8E%D9%83%D9%8E%D8%B3.wav
1034,علبة,ˈʕʊl.be,2,1,LL-Q55633582 (ajp)-Muhammad (AdrianAbdulBaha)-علبة.wav,https://upload.wikimedia.org/wikipedia/commons/f/f5/LL-Q55633582_%28ajp%29-Muhammad_%28AdrianAbdulBaha%29-%D8%B9%D9%84%D8%A8%D8%A9.wav
1035,على,ˈʕa.la,2,1,LL-Q55633582 (ajp)-Muhammad (AdrianAbdulBaha)-على.wav,https://upload.wikimedia.org/wikipedia/commons/0/09/LL-Q55633582_%28ajp%29-Muhammad_%28AdrianAbdulBaha%29-%D8%B9%D9%84%D9%89.wav
1036,على,ˈʕal.la,2,1,LL-Q55633582 (ajp)-Muhammad (AdrianAbdulBaha)-على.wav,https://upload.wikimedia.org/wikipedia/commons/0/09/LL-Q55633582_%28ajp%29-Muhammad_%28AdrianAbdulBaha%29-%D8%B9%D9%84%D9%89.wav
1037,علىطول,ˈʕɑ.lɑ tˤuːl,2,1,LL-Q55633582 (ajp)-AdrianAbdulBaha-ع طول.wav,https://upload.wikimedia.org/wikipedia/commons/9/98/LL-Q55633582_%28ajp%29-AdrianAbdulBaha-%D8%B9_%D8%B7%D9%88%D9%84.wav
1038,علي,ˈʕi.li,2,1,LL-Q55633582 (ajp)-Khalil.rantissi-عِلي.wav,https://upload.wikimedia.org/wikipedia/commons/6/6e/LL-Q55633582_%28ajp%29-Khalil.rantissi-%D8%B9%D9%90%D9%84%D9%8A.wav
1039,عمة,ˈʕam.me,2,1,LL-Q55633582 (ajp)-Muhammad (AdrianAbdulBaha)-عمّة.wav,https://upload.wikimedia.org/wikipedia/commons/c/c4/LL-Q55633582_%28ajp%29-Muhammad_%28AdrianAbdulBaha%29-%D8%B9%D9%85%D9%91%D8%A9.wav
1040,عمتو,ˈʕam.to,2,1,LL-Q55633582 (ajp)-Muhammad (AdrianAbdulBaha)-عمّتو.wav,https://upload.wikimedia.org/wikipedia/commons/a/a4/LL-Q55633582_%28ajp%29-Muhammad_%28AdrianAbdulBaha%29-%D8%B9%D9%85%D9%91%D8%AA%D9%88.wav
1041,عمد,ˈʕam.mad,2,1,LL-Q55633582 (ajp)-Khalil.rantissi-عَمَّد.wav,https://upload.wikimedia.org/wikipedia/commons/4/4b/LL-Q55633582_%28ajp%29-Khalil.rantissi-%D8%B9%D9%8E%D9%85%D9%8E%D9%91%D8%AF.wav
1042,عمل,ˈʕɛ.mɪl,2,1,LL-Q55633582 (ajp)-Khalil.rantissi-عِمِل.wav,https://upload.wikimedia.org/wikipedia/commons/6/6a/LL-Q55633582_%28ajp%29-Khalil.rantissi-%D8%B9%D9%90%D9%85%D9%90%D9%84.wav
1043,عمو,ˈʕam.mo,2,1,LL-Q55633582 (ajp)-Muhammad (AdrianAbdulBaha)-عمّو.wav,https://upload.wikimedia.org/wikipedia/commons/0/06/LL-Q55633582_%28ajp%29-Muhammad_%28AdrianAbdulBaha%29-%D8%B9%D9%85%D9%91%D9%88.wav
1044,عمى,ˈʕa.ma,2,1,LL-Q55633582 (ajp)-Khalil.rantissi-عَمى.wav,https://upload.wikimedia.org/wikipedia/commons/1/10/LL-Q55633582_%28ajp%29-Khalil.rantissi-%D8%B9%D9%8E%D9%85%D9%89.wav
1045,عنب,ˈʕɪ.neb,2,1,LL-Q55633582 (ajp)-IbrahimZ (AdrianAbdulBaha)-عنب.wav,https://upload.wikimedia.org/wikipedia/commons/4/4e/LL-Q55633582_%28ajp%29-IbrahimZ_%28AdrianAbdulBaha%29-%D8%B9%D9%86%D8%A8.wav
1046,عنى,ˈʕa.na,2,1,LL-Q55633582 (ajp)-Khalil.rantissi-عَنى.wav,https://upload.wikimedia.org/wikipedia/commons/1/1b/LL-Q55633582_%28ajp%29-Khalil.rantissi-%D8%B9%D9%8E%D9%86%D9%89.wav
1047,عود,ˈʕaw.wad,2,1,LL-Q55633582 (ajp)-Muhammad (AdrianAbdulBaha)-عود.wav,https://upload.wikimedia.org/wikipedia/commons/e/e1/LL-Q55633582_%28ajp%29-Muhammad_%28AdrianAbdulBaha%29-%D8%B9%D9%88%D8%AF.wav
1048,عودة,ˈʕoː.de,2,1,LL-Q55633582 (ajp)-Muhammad (AdrianAbdulBaha)-عودة.wav,https://upload.wikimedia.org/wikipedia/commons/3/38/LL-Q55633582_%28ajp%29-Muhammad_%28AdrianAbdulBaha%29-%D8%B9%D9%88%D8%AF%D8%A9.wav
1049,عودة,ˈʕuː.de,2,1,LL-Q55633582 (ajp)-Muhammad (AdrianAbdulBaha)-عودة.wav,https://upload.wikimedia.org/wikipedia/commons/3/38/LL-Q55633582_%28ajp%29-Muhammad_%28AdrianAbdulBaha%29-%D8%B9%D9%88%D8%AF%D8%A9.wav
1050,عوض,ˈʕaw.wɑdˤ,2,1,LL-Q55633582 (ajp)-Khalil.rantissi-عَوَّض.wav,https://upload.wikimedia.org/wikipedia/commons/0/0c/LL-Q55633582_%28ajp%29-Khalil.rantissi-%D8%B9%D9%8E%D9%88%D9%8E%D9%91%D8%B6.wav
1051,عوق,ˈʕaw.waʔ,2,1,LL-Q55633582 (ajp)-Khalil.rantissi-عَوَّق.wav,https://upload.wikimedia.org/wikipedia/commons/c/c0/LL-Q55633582_%28ajp%29-Khalil.rantissi-%D8%B9%D9%8E%D9%88%D9%8E%D9%91%D9%82.wav
1052,عوى,ˈʕaw.wa,2,1,LL-Q55633582 (ajp)-Khalil.rantissi-عَوّى.wav,https://upload.wikimedia.org/wikipedia/commons/f/f4/LL-Q55633582_%28ajp%29-Khalil.rantissi-%D8%B9%D9%8E%D9%88%D9%91%D9%89.wav
1053,عيان,ˈʕaj.jæːn,2,1,LL-Q55633582 (ajp)-Muhammad (AdrianAbdulBaha)-عيّان.wav,https://upload.wikimedia.org/wikipedia/commons/6/61/LL-Q55633582_%28ajp%29-Muhammad_%28AdrianAbdulBaha%29-%D8%B9%D9%8A%D9%91%D8%A7%D9%86.wav
1054,عيد,ˈʕaj.jad,2,1,LL-Q55633582 (ajp)-Khalil.rantissi-عيد.wav,https://upload.wikimedia.org/wikipedia/commons/1/17/LL-Q55633582_%28ajp%29-Khalil.rantissi-%D8%B9%D9%8A%D8%AF.wav
1055,عير,ˈʕaj.jar,2,1,LL-Q55633582 (ajp)-Khalil.rantissi-عَيَّر.wav,https://upload.wikimedia.org/wikipedia/commons/b/b2/LL-Q55633582_%28ajp%29-Khalil.rantissi-%D8%B9%D9%8E%D9%8A%D9%8E%D9%91%D8%B1.wav
1056,عيشة,ˈʕiː.ʃe,2,1,LL-Q55633582 (ajp)-Muhammad (AdrianAbdulBaha)-عيشة.wav,https://upload.wikimedia.org/wikipedia/commons/1/1d/LL-Q55633582_%28ajp%29-Muhammad_%28AdrianAbdulBaha%29-%D8%B9%D9%8A%D8%B4%D8%A9.wav
1057,عيط,ˈʕɑj.jɑtˤ,2,1,LL-Q55633582 (ajp)-Khalil.rantissi-عَيَّط.wav,https://upload.wikimedia.org/wikipedia/commons/a/a9/LL-Q55633582_%28ajp%29-Khalil.rantissi-%D8%B9%D9%8E%D9%8A%D9%8E%D9%91%D8%B7.wav
1058,عيلة,ˈʕeː.le,2,1,LL-Q55633582 (ajp)-MahmoudM (AdrianAbdulBaha)-عيلة.wav,https://upload.wikimedia.org/wikipedia/commons/f/f9/LL-Q55633582_%28ajp%29-MahmoudM_%28AdrianAbdulBaha%29-%D8%B9%D9%8A%D9%84%D8%A9.wav
1059,عين,ˈʕaj.jan,2,1,LL-Q55633582 (ajp)-Muhammad (AdrianAbdulBaha)-عين.wav,https://upload.wikimedia.org/wikipedia/commons/2/2f/LL-Q55633582_%28ajp%29-Muhammad_%28AdrianAbdulBaha%29-%D8%B9%D9%8A%D9%86.wav
1060,غابة,ˈɣæː.be,2,1,LL-Q55633582 (ajp)-Muhammad (AdrianAbdulBaha)-غابة.wav,https://upload.wikimedia.org/wikipedia/commons/2/26/LL-Q55633582_%28ajp%29-Muhammad_%28AdrianAbdulBaha%29-%D8%BA%D8%A7%D8%A8%D8%A9.wav
1061,غافي,ˈɣæː.fi,2,1,LL-Q55633582 (ajp)-Muhammad (AdrianAbdulBaha)-غافي.wav,https://upload.wikimedia.org/wikipedia/commons/6/61/LL-Q55633582_%28ajp%29-Muhammad_%28AdrianAbdulBaha%29-%D8%BA%D8%A7%D9%81%D9%8A.wav
1062,غالي,ˈɣæː.li,2,1,LL-Q55633582 (ajp)-Muhammad (AdrianAbdulBaha)-غالي.wav,https://upload.wikimedia.org/wikipedia/commons/6/64/LL-Q55633582_%28ajp%29-Muhammad_%28AdrianAbdulBaha%29-%D8%BA%D8%A7%D9%84%D9%8A.wav
1063,غامق,ˈɣæː.mɪʔ,2,1,LL-Q55633582 (ajp)-Muhammad (AdrianAbdulBaha)-غامق.wav,https://upload.wikimedia.org/wikipedia/commons/8/83/LL-Q55633582_%28ajp%29-Muhammad_%28AdrianAbdulBaha%29-%D8%BA%D8%A7%D9%85%D9%82.wav
1064,غبي,ˈɣa.bi,2,1,LL-Q55633582 (ajp)-Muhammad (AdrianAbdulBaha)-غبي.wav,https://upload.wikimedia.org/wikipedia/commons/5/5d/LL-Q55633582_%28ajp%29-Muhammad_%28AdrianAbdulBaha%29-%D8%BA%D8%A8%D9%8A.wav
1065,غدا,ˈɣa.da,2,1,LL-Q55633582 (ajp)-IbrahimZ (AdrianAbdulBaha)-غدا.wav,https://upload.wikimedia.org/wikipedia/commons/d/d4/LL-Q55633582_%28ajp%29-IbrahimZ_%28AdrianAbdulBaha%29-%D8%BA%D8%AF%D8%A7.wav
1066,غرد,ˈɣar.rad,2,1,LL-Q55633582 (ajp)-Khalil.rantissi-غَرَّد.wav,https://upload.wikimedia.org/wikipedia/commons/7/73/LL-Q55633582_%28ajp%29-Khalil.rantissi-%D8%BA%D9%8E%D8%B1%D9%8E%D9%91%D8%AF.wav
1067,غرق,ˈɣi.rɪʔ,2,1,LL-Q55633582 (ajp)-Khalil.rantissi-غَرَق.wav,https://upload.wikimedia.org/wikipedia/commons/3/36/LL-Q55633582_%28ajp%29-Khalil.rantissi-%D8%BA%D9%8E%D8%B1%D9%8E%D9%82.wav
1068,غزة,ˈɣaz.ze,2,1,LL-Q55633582 (ajp)-Khalil.rantissi-غزّة.wav,https://upload.wikimedia.org/wikipedia/commons/9/9b/LL-Q55633582_%28ajp%29-Khalil.rantissi-%D8%BA%D8%B2%D9%91%D8%A9.wav
1069,غصب,ˈɣɑ.sˤɑb,2,1,LL-Q55633582 (ajp)-Khalil.rantissi-غَصَب.wav,https://upload.wikimedia.org/wikipedia/commons/4/46/LL-Q55633582_%28ajp%29-Khalil.rantissi-%D8%BA%D9%8E%D8%B5%D9%8E%D8%A8.wav
1070,غطا,ˈɣɑ.tˤɑ,2,1,LL-Q55633582 (ajp)-Muhammad (AdrianAbdulBaha)-غطا.wav,https://upload.wikimedia.org/wikipedia/commons/a/a8/LL-Q55633582_%28ajp%29-Muhammad_%28AdrianAbdulBaha%29-%D8%BA%D8%B7%D8%A7.wav
1071,غطس,ˈɣɑ.tˤɑsˤ,2,1,LL-Q55633582 (ajp)-Khalil.rantissi-غَطَس.wav,https://upload.wikimedia.org/wikipedia/commons/3/3d/LL-Q55633582_%28ajp%29-Khalil.rantissi-%D8%BA%D9%8E%D8%B7%D9%8E%D8%B3.wav
1072,غطى,ˈɣɑtˤ.tˤɑ,2,1,LL-Q55633582 (ajp)-Khalil.rantissi-غَطّى.wav,https://upload.wikimedia.org/wikipedia/commons/e/eb/LL-Q55633582_%28ajp%29-Khalil.rantissi-%D8%BA%D9%8E%D8%B7%D9%91%D9%89.wav
1073,غفي,ˈɣi.fi,2,1,LL-Q55633582 (ajp)-Khalil.rantissi-غِفي.wav,https://upload.wikimedia.org/wikipedia/commons/0/08/LL-Q55633582_%28ajp%29-Khalil.rantissi-%D8%BA%D9%90%D9%81%D9%8A.wav
1074,غلطة,ˈɣɑl.tˤɑ,2,1,LL-Q55633582 (ajp)-Muhammad (AdrianAbdulBaha)-غَلطة.wav,https://upload.wikimedia.org/wikipedia/commons/a/a4/LL-Q55633582_%28ajp%29-Muhammad_%28AdrianAbdulBaha%29-%D8%BA%D9%8E%D9%84%D8%B7%D8%A9.wav
1075,غلف,ˈɣal.laf,2,1,LL-Q55633582 (ajp)-Khalil.rantissi-غَلَّف.wav,https://upload.wikimedia.org/wikipedia/commons/1/14/LL-Q55633582_%28ajp%29-Khalil.rantissi-%D8%BA%D9%8E%D9%84%D9%8E%D9%91%D9%81.wav
1076,غلي,ˈɣi.li,2,1,LL-Q55633582 (ajp)-Khalil.rantissi-غِلي.wav,https://upload.wikimedia.org/wikipedia/commons/b/b5/LL-Q55633582_%28ajp%29-Khalil.rantissi-%D8%BA%D9%90%D9%84%D9%8A.wav
1077,غمس,ˈɣam.mas,2,1,LL-Q55633582 (ajp)-Khalil.rantissi-غَمَّس.wav,https://upload.wikimedia.org/wikipedia/commons/0/03/LL-Q55633582_%28ajp%29-Khalil.rantissi-%D8%BA%D9%8E%D9%85%D9%8E%D9%91%D8%B3.wav
1078,غمض,ˈɣɑm.mɑdˤ,2,1,LL-Q55633582 (ajp)-Khalil.rantissi-غَمَّض.wav,https://upload.wikimedia.org/wikipedia/commons/3/32/LL-Q55633582_%28ajp%29-Khalil.rantissi-%D8%BA%D9%8E%D9%85%D9%8E%D9%91%D8%B6.wav
1079,غمي,ˈɣi.mi,2,1,LL-Q55633582 (ajp)-Khalil.rantissi-غِمي.wav,https://upload.wikimedia.org/wikipedia/commons/c/ca/LL-Q55633582_%28ajp%29-Khalil.rantissi-%D8%BA%D9%90%D9%85%D9%8A.wav
1080,غنم,ˈɣa.nam,2,1,LL-Q55633582 (ajp)-Muhammad (AdrianAbdulBaha)-غنم.wav,https://upload.wikimedia.org/wikipedia/commons/c/c5/LL-Q55633582_%28ajp%29-Muhammad_%28AdrianAbdulBaha%29-%D8%BA%D9%86%D9%85.wav
1081,غنى,ˈɣan.na,2,1,LL-Q55633582 (ajp)-Khalil.rantissi-غَنّى.wav,https://upload.wikimedia.org/wikipedia/commons/c/c4/LL-Q55633582_%28ajp%29-Khalil.rantissi-%D8%BA%D9%8E%D9%86%D9%91%D9%89.wav
1082,غير,ˈɣaj.jar,2,1,LL-Q55633582 (ajp)-MahmoudM (AdrianAbdulBaha)-غير.wav,https://upload.wikimedia.org/wikipedia/commons/5/51/LL-Q55633582_%28ajp%29-MahmoudM_%28AdrianAbdulBaha%29-%D8%BA%D9%8A%D8%B1.wav
1083,غيرة,ˈɣiː.re,2,1,LL-Q55633582 (ajp)-Muhammad (AdrianAbdulBaha)-غيرة.wav,https://upload.wikimedia.org/wikipedia/commons/7/7a/LL-Q55633582_%28ajp%29-Muhammad_%28AdrianAbdulBaha%29-%D8%BA%D9%8A%D8%B1%D8%A9.wav
1084,غيم,ˈɣaj.jam,2,1,LL-Q55633582 (ajp)-Muhammad (AdrianAbdulBaha)-غيم.wav,https://upload.wikimedia.org/wikipedia/commons/d/df/LL-Q55633582_%28ajp%29-Muhammad_%28AdrianAbdulBaha%29-%D8%BA%D9%8A%D9%85.wav
1085,غيمة,ˈɣeː.me,2,1,LL-Q55633582 (ajp)-Muhammad (AdrianAbdulBaha)-غيمة.wav,https://upload.wikimedia.org/wikipedia/commons/8/8f/LL-Q55633582_%28ajp%29-Muhammad_%28AdrianAbdulBaha%29-%D8%BA%D9%8A%D9%85%D8%A9.wav
1086,فاتح,ˈfæː.tɪħ,2,1,LL-Q55633582 (ajp)-Muhammad (AdrianAbdulBaha)-فاتح.wav,https://upload.wikimedia.org/wikipedia/commons/9/9e/LL-Q55633582_%28ajp%29-Muhammad_%28AdrianAbdulBaha%29-%D9%81%D8%A7%D8%AA%D8%AD.wav
1087,فاجأ,ˈfæː.ʒaʔ,2,1,LL-Q55633582 (ajp)-Khalil.rantissi-فاجأ.wav,https://upload.wikimedia.org/wikipedia/commons/1/1a/LL-Q55633582_%28ajp%29-Khalil.rantissi-%D9%81%D8%A7%D8%AC%D8%A3.wav
1088,فارسي,ˈfæːr.si,2,1,LL-Q55633582 (ajp)-Khalil.rantissi-فارسيّ.wav,https://upload.wikimedia.org/wikipedia/commons/4/4c/LL-Q55633582_%28ajp%29-Khalil.rantissi-%D9%81%D8%A7%D8%B1%D8%B3%D9%8A%D9%91.wav
1089,فاسد,ˈfæː.sɪd,2,1,LL-Q55633582 (ajp)-IbrahimZ (AdrianAbdulBaha)-فاسد.wav,https://upload.wikimedia.org/wikipedia/commons/8/82/LL-Q55633582_%28ajp%29-IbrahimZ_%28AdrianAbdulBaha%29-%D9%81%D8%A7%D8%B3%D8%AF.wav
1090,فاصل,ˈfɑː.sˤɑl,2,1,LL-Q55633582 (ajp)-Khalil.rantissi-فاصَل.wav,https://upload.wikimedia.org/wikipedia/commons/8/8e/LL-Q55633582_%28ajp%29-Khalil.rantissi-%D9%81%D8%A7%D8%B5%D9%8E%D9%84.wav
1091,فاضي,ˈfɑː.dˤi,2,1,LL-Q55633582 (ajp)-Muhammad (AdrianAbdulBaha)-فاضي.wav,https://upload.wikimedia.org/wikipedia/commons/9/9b/LL-Q55633582_%28ajp%29-Muhammad_%28AdrianAbdulBaha%29-%D9%81%D8%A7%D8%B6%D9%8A.wav
1092,فاهم,ˈfæː.hɪm,2,1,LL-Q55633582 (ajp)-Khalil.rantissi-فاهم.wav,https://upload.wikimedia.org/wikipedia/commons/7/77/LL-Q55633582_%28ajp%29-Khalil.rantissi-%D9%81%D8%A7%D9%87%D9%85.wav
1093,فتح,ˈfa.taħ,2,1,LL-Q55633582 (ajp)-Khalil.rantissi-فَتَح.wav,https://upload.wikimedia.org/wikipedia/commons/e/ed/LL-Q55633582_%28ajp%29-Khalil.rantissi-%D9%81%D9%8E%D8%AA%D9%8E%D8%AD.wav
1094,فترة,ˈfat.rˤɑ,2,1,LL-Q55633582 (ajp)-AseelF (AdrianAbdulBaha)-فَترة.wav,https://upload.wikimedia.org/wikipedia/commons/6/69/LL-Q55633582_%28ajp%29-AseelF_%28AdrianAbdulBaha%29-%D9%81%D9%8E%D8%AA%D8%B1%D8%A9.wav
1095,فجأة,ˈfaʒ.ʔa,2,1,LL-Q55633582 (ajp)-AdrianAbdulBaha-فجأة.wav,https://upload.wikimedia.org/wikipedia/commons/e/ed/LL-Q55633582_%28ajp%29-AdrianAbdulBaha-%D9%81%D8%AC%D8%A3%D8%A9.wav
1096,فجر,ˈfa.ʒ(ɪ)r,2,1,LL-Q55633582 (ajp)-Muhammad (AdrianAbdulBaha)-فجر.wav,https://upload.wikimedia.org/wikipedia/commons/b/b7/LL-Q55633582_%28ajp%29-Muhammad_%28AdrianAbdulBaha%29-%D9%81%D8%AC%D8%B1.wav
1097,فحص,ˈfɑ.ħɑsˤ,2,1,LL-Q55633582 (ajp)-Khalil.rantissi-فَحَص.wav,https://upload.wikimedia.org/wikipedia/commons/1/1f/LL-Q55633582_%28ajp%29-Khalil.rantissi-%D9%81%D9%8E%D8%AD%D9%8E%D8%B5.wav
1098,فحم,ˈfa.ħ(ɪ)m,2,1,LL-Q55633582 (ajp)-Muhammad (AdrianAbdulBaha)-فحم.wav,https://upload.wikimedia.org/wikipedia/commons/4/47/LL-Q55633582_%28ajp%29-Muhammad_%28AdrianAbdulBaha%29-%D9%81%D8%AD%D9%85.wav
1099,فخدة,ˈfax.de,2,1,LL-Q55633582 (ajp)-Muhammad (AdrianAbdulBaha)-فخدة.wav,https://upload.wikimedia.org/wikipedia/commons/9/97/LL-Q55633582_%28ajp%29-Muhammad_%28AdrianAbdulBaha%29-%D9%81%D8%AE%D8%AF%D8%A9.wav
1100,فراطة,ˈfrɑː.tˤɑ,2,1,LL-Q55633582 (ajp)-Muhammad (AdrianAbdulBaha)-فراطة.wav,https://upload.wikimedia.org/wikipedia/commons/4/4a/LL-Q55633582_%28ajp%29-Muhammad_%28AdrianAbdulBaha%29-%D9%81%D8%B1%D8%A7%D8%B7%D8%A9.wav
1101,فرج,ˈfa.raʒ,2,1,LL-Q55633582 (ajp)-Khalil.rantissi-فَرَج.wav,https://upload.wikimedia.org/wikipedia/commons/0/0f/LL-Q55633582_%28ajp%29-Khalil.rantissi-%D9%81%D9%8E%D8%B1%D9%8E%D8%AC.wav
1102,فرجى,ˈfar.ʒa,2,1,LL-Q55633582 (ajp)-Khalil.rantissi-فَرجى.wav,https://upload.wikimedia.org/wikipedia/commons/f/fb/LL-Q55633582_%28ajp%29-Khalil.rantissi-%D9%81%D9%8E%D8%B1%D8%AC%D9%89.wav
1103,فرح,ˈfi.rɪħ,2,1,LL-Q55633582 (ajp)-Khalil.rantissi-فِرِح.wav,https://upload.wikimedia.org/wikipedia/commons/1/1e/LL-Q55633582_%28ajp%29-Khalil.rantissi-%D9%81%D9%90%D8%B1%D9%90%D8%AD.wav
1104,فردة,ˈfar.de,2,1,LL-Q55633582 (ajp)-Muhammad (AdrianAbdulBaha)-فردة.wav,https://upload.wikimedia.org/wikipedia/commons/9/9f/LL-Q55633582_%28ajp%29-Muhammad_%28AdrianAbdulBaha%29-%D9%81%D8%B1%D8%AF%D8%A9.wav
1105,فرس,ˈfa.ras,2,1,LL-Q55633582 (ajp)-Muhammad (AdrianAbdulBaha)-فرس.wav,https://upload.wikimedia.org/wikipedia/commons/a/aa/LL-Q55633582_%28ajp%29-Muhammad_%28AdrianAbdulBaha%29-%D9%81%D8%B1%D8%B3.wav
1106,فرش,ˈfa.raʃ,2,1,LL-Q55633582 (ajp)-Khalil.rantissi-فَرَش.wav,https://upload.wikimedia.org/wikipedia/commons/a/ae/LL-Q55633582_%28ajp%29-Khalil.rantissi-%D9%81%D9%8E%D8%B1%D9%8E%D8%B4.wav
1107,فرشة,ˈfar.ʃe,2,1,LL-Q55633582 (ajp)-Muhammad (AdrianAbdulBaha)-فرشة.wav,https://upload.wikimedia.org/wikipedia/commons/5/5c/LL-Q55633582_%28ajp%29-Muhammad_%28AdrianAbdulBaha%29-%D9%81%D8%B1%D8%B4%D8%A9.wav
1108,فرشى,ˈfar.ʃa,2,1,LL-Q55633582 (ajp)-Khalil.rantissi-فَرشى.wav,https://upload.wikimedia.org/wikipedia/commons/9/95/LL-Q55633582_%28ajp%29-Khalil.rantissi-%D9%81%D9%8E%D8%B1%D8%B4%D9%89.wav
1109,فرض,ˈfɑ.rˤɑdˤ,2,1,LL-Q55633582 (ajp)-Khalil.rantissi-فَرَض.wav,https://upload.wikimedia.org/wikipedia/commons/5/5f/LL-Q55633582_%28ajp%29-Khalil.rantissi-%D9%81%D9%8E%D8%B1%D9%8E%D8%B6.wav
1110,فرط,ˈfɑ.rɑtˤ,2,1,LL-Q55633582 (ajp)-Khalil.rantissi-فَرَط.wav,https://upload.wikimedia.org/wikipedia/commons/e/e8/LL-Q55633582_%28ajp%29-Khalil.rantissi-%D9%81%D9%8E%D8%B1%D9%8E%D8%B7.wav
1111,فرفر,ˈfar.far,2,1,LL-Q55633582 (ajp)-AdrianAbdulBaha-فَرفَر.wav,https://upload.wikimedia.org/wikipedia/commons/b/b7/LL-Q55633582_%28ajp%29-AdrianAbdulBaha-%D9%81%D9%8E%D8%B1%D9%81%D9%8E%D8%B1.wav
1112,فرن,ˈfʊ.r(o)n,2,1,LL-Q55633582 (ajp)-Muhammad (AdrianAbdulBaha)-فرن.wav,https://upload.wikimedia.org/wikipedia/commons/f/fa/LL-Q55633582_%28ajp%29-Muhammad_%28AdrianAbdulBaha%29-%D9%81%D8%B1%D9%86.wav
1113,فريزر,ˈfriː.zar,2,1,LL-Q55633582 (ajp)-Muhammad (AdrianAbdulBaha)-فريزر.wav,https://upload.wikimedia.org/wikipedia/commons/1/1b/LL-Q55633582_%28ajp%29-Muhammad_%28AdrianAbdulBaha%29-%D9%81%D8%B1%D9%8A%D8%B2%D8%B1.wav
1114,فصص,ˈfɑsˤ.sˤɑsˤ,2,1,LL-Q55633582 (ajp)-Khalil.rantissi-فَصَّص.wav,https://upload.wikimedia.org/wikipedia/commons/1/1d/LL-Q55633582_%28ajp%29-Khalil.rantissi-%D9%81%D9%8E%D8%B5%D9%8E%D9%91%D8%B5.wav
1115,فصل0,ˈfɑ.sˤɑl,2,1,LL-Q55633582 (ajp)-Muhammad (AdrianAbdulBaha)-فصل.wav,https://upload.wikimedia.org/wikipedia/commons/5/54/LL-Q55633582_%28ajp%29-Muhammad_%28AdrianAbdulBaha%29-%D9%81%D8%B5%D9%84.wav
1116,1فصل,ˈfɑsˤ.sˤɑl,2,1,LL-Q55633582 (ajp)-Muhammad (AdrianAbdulBaha)-فصل.wav,https://upload.wikimedia.org/wikipedia/commons/5/54/LL-Q55633582_%28ajp%29-Muhammad_%28AdrianAbdulBaha%29-%D9%81%D8%B5%D9%84.wav
1117,فصل,ˈfɑ.sˤ(ɪ)l,2,1,LL-Q55633582 (ajp)-Muhammad (AdrianAbdulBaha)-فصل.wav,https://upload.wikimedia.org/wikipedia/commons/5/54/LL-Q55633582_%28ajp%29-Muhammad_%28AdrianAbdulBaha%29-%D9%81%D8%B5%D9%84.wav
1118,فضا,ˈfɑ.dˤɑ,2,1,LL-Q55633582 (ajp)-Muhammad (AdrianAbdulBaha)-فضا.wav,https://upload.wikimedia.org/wikipedia/commons/c/c7/LL-Q55633582_%28ajp%29-Muhammad_%28AdrianAbdulBaha%29-%D9%81%D8%B6%D8%A7.wav
1119,فضة,ˈfɪdˤ.dˤɑ,2,1,LL-Q55633582 (ajp)-Muhammad (AdrianAbdulBaha)-فضة.wav,https://upload.wikimedia.org/wikipedia/commons/b/bc/LL-Q55633582_%28ajp%29-Muhammad_%28AdrianAbdulBaha%29-%D9%81%D8%B6%D8%A9.wav
1120,فضح,ˈfɑ.dˤɑħ,2,1,LL-Q55633582 (ajp)-Khalil.rantissi-فَضَح.wav,https://upload.wikimedia.org/wikipedia/commons/9/92/LL-Q55633582_%28ajp%29-Khalil.rantissi-%D9%81%D9%8E%D8%B6%D9%8E%D8%AD.wav
1121,فضل,ˈfʌdˤ.dˤʌl,2,1,LL-Q55633582 (ajp)-Khalil.rantissi-فَضَّل.wav,https://upload.wikimedia.org/wikipedia/commons/b/b8/LL-Q55633582_%28ajp%29-Khalil.rantissi-%D9%81%D9%8E%D8%B6%D9%8E%D9%91%D9%84.wav
1122,فضى,ˈfɑdˤ.dˤɑ,2,1,LL-Q55633582 (ajp)-Khalil.rantissi-فَضّى.wav,https://upload.wikimedia.org/wikipedia/commons/d/d6/LL-Q55633582_%28ajp%29-Khalil.rantissi-%D9%81%D9%8E%D8%B6%D9%91%D9%89.wav
1123,فضيحة,ˈfdˤiː.ħa,2,1,LL-Q55633582 (ajp)-Mohammad-LPA-فضيحة.wav,https://upload.wikimedia.org/wikipedia/commons/7/76/LL-Q55633582_%28ajp%29-Mohammad-LPA-%D9%81%D8%B6%D9%8A%D8%AD%D8%A9.wav
1124,فطر,ˈfɪ.tˤɪr,2,1,LL-Q55633582 (ajp)-Muhammad (AdrianAbdulBaha)-فطر.wav,https://upload.wikimedia.org/wikipedia/commons/a/a6/LL-Q55633582_%28ajp%29-Muhammad_%28AdrianAbdulBaha%29-%D9%81%D8%B7%D8%B1.wav
1125,فطر,ˈfɪ.tˤ(ɪ)rˤ,2,1,LL-Q55633582 (ajp)-Muhammad (AdrianAbdulBaha)-فطر.wav,https://upload.wikimedia.org/wikipedia/commons/a/a6/LL-Q55633582_%28ajp%29-Muhammad_%28AdrianAbdulBaha%29-%D9%81%D8%B7%D8%B1.wav
1126,فطن,ˈfɪ.tˤɪn,2,1,LL-Q55633582 (ajp)-Muhammad (AdrianAbdulBaha)-فِطِن.wav,https://upload.wikimedia.org/wikipedia/commons/6/6b/LL-Q55633582_%28ajp%29-Muhammad_%28AdrianAbdulBaha%29-%D9%81%D9%90%D8%B7%D9%90%D9%86.wav
1127,فعل,ˈfɪ.ʕ(ɪ)l,2,1,LL-Q55633582 (ajp)-Muhammad (AdrianAbdulBaha)-فعل.wav,https://upload.wikimedia.org/wikipedia/commons/8/84/LL-Q55633582_%28ajp%29-Muhammad_%28AdrianAbdulBaha%29-%D9%81%D8%B9%D9%84.wav
1128,فعلا,ˈfɪʕ.lan,2,1,LL-Q55633582 (ajp)-AdrianAbdulBaha-فعلًا.wav,https://upload.wikimedia.org/wikipedia/commons/d/d6/LL-Q55633582_%28ajp%29-AdrianAbdulBaha-%D9%81%D8%B9%D9%84%D9%8B%D8%A7.wav
1129,0فكر,ˈfak.kar,2,1,LL-Q55633582 (ajp)-Muhammad (AdrianAbdulBaha)-فكر.wav,https://upload.wikimedia.org/wikipedia/commons/b/bd/LL-Q55633582_%28ajp%29-Muhammad_%28AdrianAbdulBaha%29-%D9%81%D9%83%D8%B1.wav
1130,فكر,ˈfɪ.k(ɪ)r,2,1,LL-Q55633582 (ajp)-Muhammad (AdrianAbdulBaha)-فكر.wav,https://upload.wikimedia.org/wikipedia/commons/b/bd/LL-Q55633582_%28ajp%29-Muhammad_%28AdrianAbdulBaha%29-%D9%81%D9%83%D8%B1.wav
1131,فكرة,ˈfɪk.rˤɑ,2,1,LL-Q55633582 (ajp)-Muhammad (AdrianAbdulBaha)-فكرة.wav,https://upload.wikimedia.org/wikipedia/commons/d/dc/LL-Q55633582_%28ajp%29-Muhammad_%28AdrianAbdulBaha%29-%D9%81%D9%83%D8%B1%D8%A9.wav
1132,فكك,ˈfak.kak,2,1,LL-Q55633582 (ajp)-Khalil.rantissi-فَكَّك.wav,https://upload.wikimedia.org/wikipedia/commons/4/41/LL-Q55633582_%28ajp%29-Khalil.rantissi-%D9%81%D9%8E%D9%83%D9%8E%D9%91%D9%83.wav
1133,فلح,ˈfa.laħ,2,1,LL-Q55633582 (ajp)-Khalil.rantissi-فَلَح.wav,https://upload.wikimedia.org/wikipedia/commons/b/b8/LL-Q55633582_%28ajp%29-Khalil.rantissi-%D9%81%D9%8E%D9%84%D9%8E%D8%AD.wav
1134,فلسف,ˈfal.saf,2,1,LL-Q55633582 (ajp)-Khalil.rantissi-فَلسَف.wav,https://upload.wikimedia.org/wikipedia/commons/b/bf/LL-Q55633582_%28ajp%29-Khalil.rantissi-%D9%81%D9%8E%D9%84%D8%B3%D9%8E%D9%81.wav
1135,فلفل,fɪl.fɪl,2,1,LL-Q55633582 (ajp)-IbrahimZ (AdrianAbdulBaha)-فلفل.wav,https://upload.wikimedia.org/wikipedia/commons/8/8c/LL-Q55633582_%28ajp%29-IbrahimZ_%28AdrianAbdulBaha%29-%D9%81%D9%84%D9%81%D9%84.wav
1136,فلم,ˈfɪ.l(ɪ)m,2,1,LL-Q55633582 (ajp)-Muhammad (AdrianAbdulBaha)-فلم.wav,https://upload.wikimedia.org/wikipedia/commons/9/9a/LL-Q55633582_%28ajp%29-Muhammad_%28AdrianAbdulBaha%29-%D9%81%D9%84%D9%85.wav
1137,فندق,ˈfun.dʊʔ,2,1,LL-Q55633582 (ajp)-AmmanM (AdrianAbdulBaha)-فندق.wav,https://upload.wikimedia.org/wikipedia/commons/b/b6/LL-Q55633582_%28ajp%29-AmmanM_%28AdrianAbdulBaha%29-%D9%81%D9%86%D8%AF%D9%82.wav
1138,فوت,ˈfaw.wat,2,1,LL-Q55633582 (ajp)-Khalil.rantissi-فوَّت.wav,https://upload.wikimedia.org/wikipedia/commons/a/a0/LL-Q55633582_%28ajp%29-Khalil.rantissi-%D9%81%D9%88%D9%8E%D9%91%D8%AA.wav
1139,فور,ˈfaw.war,2,1,LL-Q55633582 (ajp)-Khalil.rantissi-فَوَّر.wav,https://upload.wikimedia.org/wikipedia/commons/0/0f/LL-Q55633582_%28ajp%29-Khalil.rantissi-%D9%81%D9%8E%D9%88%D9%8E%D9%91%D8%B1.wav
1140,فورص,ˈfoː.rˤɑsˤ,2,1,LL-Q55633582 (ajp)-Khalil.rantissi-فورص.wav,https://upload.wikimedia.org/wikipedia/commons/9/92/LL-Q55633582_%28ajp%29-Khalil.rantissi-%D9%81%D9%88%D8%B1%D8%B5.wav
1141,فوضى,ˈfɑw.dˤɑ,2,1,LL-Q55633582 (ajp)-Khalil.rantissi-فَوضى.wav,https://upload.wikimedia.org/wikipedia/commons/8/82/LL-Q55633582_%28ajp%29-Khalil.rantissi-%D9%81%D9%8E%D9%88%D8%B6%D9%89.wav
1142,فيديو,ˈvid.jo,2,1,LL-Q55633582 (ajp)-Muhammad (AdrianAbdulBaha)-فيديو.wav,https://upload.wikimedia.org/wikipedia/commons/8/8d/LL-Q55633582_%28ajp%29-Muhammad_%28AdrianAbdulBaha%29-%D9%81%D9%8A%D8%AF%D9%8A%D9%88.wav
1143,قابل,ˈʔæː.bal,2,1,LL-Q55633582 (ajp)-Khalil.rantissi-قابل.wav,https://upload.wikimedia.org/wikipedia/commons/5/51/LL-Q55633582_%28ajp%29-Khalil.rantissi-%D9%82%D8%A7%D8%A8%D9%84.wav
1144,قابل,ˈʔæː.bɪl,2,1,LL-Q55633582 (ajp)-Khalil.rantissi-قابل.wav,https://upload.wikimedia.org/wikipedia/commons/5/51/LL-Q55633582_%28ajp%29-Khalil.rantissi-%D9%82%D8%A7%D8%A8%D9%84.wav
1145,قادر,ˈʔæː.dɪr,2,1,LL-Q55633582 (ajp)-Khalil.rantissi-قادر.wav,https://upload.wikimedia.org/wikipedia/commons/c/ce/LL-Q55633582_%28ajp%29-Khalil.rantissi-%D9%82%D8%A7%D8%AF%D8%B1.wav
1146,قارن,ˈqɑː.rˤɑn,2,1,LL-Q55633582 (ajp)-Khalil.rantissi-قارَن.wav,https://upload.wikimedia.org/wikipedia/commons/c/c9/LL-Q55633582_%28ajp%29-Khalil.rantissi-%D9%82%D8%A7%D8%B1%D9%8E%D9%86.wav
1147,قاضى,ˈʔɑː.dˤɑ,2,1,LL-Q55633582 (ajp)-Khalil.rantissi-قاضى.wav,https://upload.wikimedia.org/wikipedia/commons/b/bd/LL-Q55633582_%28ajp%29-Khalil.rantissi-%D9%82%D8%A7%D8%B6%D9%89.wav
1148,قاطع,ˈʔɑː.tˤɑʕ,2,1,LL-Q55633582 (ajp)-Khalil.rantissi-قاطَع.wav,https://upload.wikimedia.org/wikipedia/commons/f/f5/LL-Q55633582_%28ajp%29-Khalil.rantissi-%D9%82%D8%A7%D8%B7%D9%8E%D8%B9.wav
1149,قاعد,ˈʔæː.ʕɪd,2,1,LL-Q55633582 (ajp)-Khalil.rantissi-قاعد.wav,https://upload.wikimedia.org/wikipedia/commons/1/12/LL-Q55633582_%28ajp%29-Khalil.rantissi-%D9%82%D8%A7%D8%B9%D8%AF.wav
1150,قاوم,ˈqɑː.wam,2,1,LL-Q55633582 (ajp)-Khalil.rantissi-قاوَم.wav,https://upload.wikimedia.org/wikipedia/commons/d/db/LL-Q55633582_%28ajp%29-Khalil.rantissi-%D9%82%D8%A7%D9%88%D9%8E%D9%85.wav
1151,قبرص,ˈqʊb.rʊsˤ,2,1,LL-Q55633582 (ajp)-AdrianAbdulBaha-قبرص.wav,https://upload.wikimedia.org/wikipedia/commons/8/8a/LL-Q55633582_%28ajp%29-AdrianAbdulBaha-%D9%82%D8%A8%D8%B1%D8%B5.wav
1152,قتل,ˈʔa.tal,2,1,LL-Q55633582 (ajp)-Khalil.rantissi-قَتَل.wav,https://upload.wikimedia.org/wikipedia/commons/0/00/LL-Q55633582_%28ajp%29-Khalil.rantissi-%D9%82%D9%8E%D8%AA%D9%8E%D9%84.wav
1153,قدر,ˈʔad.dar,2,1,LL-Q55633582 (ajp)-Khalil.rantissi-قدر.wav,https://upload.wikimedia.org/wikipedia/commons/8/81/LL-Q55633582_%28ajp%29-Khalil.rantissi-%D9%82%D8%AF%D8%B1.wav
1154,0قدم,ˈʔad.dam,2,1,LL-Q55633582 (ajp)-Muhammad (AdrianAbdulBaha)-قدم.wav,https://upload.wikimedia.org/wikipedia/commons/6/6c/LL-Q55633582_%28ajp%29-Muhammad_%28AdrianAbdulBaha%29-%D9%82%D8%AF%D9%85.wav
1155,قدم,ˈqɑ.dɑm,2,1,LL-Q55633582 (ajp)-Muhammad (AdrianAbdulBaha)-قدم.wav,https://upload.wikimedia.org/wikipedia/commons/6/6c/LL-Q55633582_%28ajp%29-Muhammad_%28AdrianAbdulBaha%29-%D9%82%D8%AF%D9%85.wav
1156,قرا,ˈʔʌ.rˤʌ,2,1,LL-Q55633582 (ajp)-Khalil.rantissi-قرأ.wav,https://upload.wikimedia.org/wikipedia/commons/a/aa/LL-Q55633582_%28ajp%29-Khalil.rantissi-%D9%82%D8%B1%D8%A3.wav
1157,قرب,ˈʔar.rab,2,1,LL-Q55633582 (ajp)-Khalil.rantissi-قَرَّب.wav,https://upload.wikimedia.org/wikipedia/commons/5/50/LL-Q55633582_%28ajp%29-Khalil.rantissi-%D9%82%D9%8E%D8%B1%D9%8E%D9%91%D8%A8.wav
1158,قرر,ˈʔɑrˤ.rˤɑrˤ,2,1,LL-Q55633582 (ajp)-Khalil.rantissi-قَرَّر.wav,https://upload.wikimedia.org/wikipedia/commons/f/f0/LL-Q55633582_%28ajp%29-Khalil.rantissi-%D9%82%D9%8E%D8%B1%D9%8E%D9%91%D8%B1.wav
1159,قرص,ˈʔɑ.rˤɑsˤ,2,1,LL-Q55633582 (ajp)-Khalil.rantissi-قَرَص.wav,https://upload.wikimedia.org/wikipedia/commons/6/62/LL-Q55633582_%28ajp%29-Khalil.rantissi-%D9%82%D9%8E%D8%B1%D9%8E%D8%B5.wav
1160,قرض,ˈqɑ.rˤɑdˤ,2,1,LL-Q55633582 (ajp)-Muhammad (AdrianAbdulBaha)-قَرَض.wav,https://upload.wikimedia.org/wikipedia/commons/6/69/LL-Q55633582_%28ajp%29-Muhammad_%28AdrianAbdulBaha%29-%D9%82%D9%8E%D8%B1%D9%8E%D8%B6.wav
1161,قرفص,ˈʔɑrˤ.fɑsˤ,2,1,LL-Q55633582 (ajp)-Muhammad (AdrianAbdulBaha)-قَرفَص.wav,https://upload.wikimedia.org/wikipedia/commons/b/bf/LL-Q55633582_%28ajp%29-Muhammad_%28AdrianAbdulBaha%29-%D9%82%D9%8E%D8%B1%D9%81%D9%8E%D8%B5.wav
1162,قرية,ˈqɑr.je,2,1,LL-Q55633582 (ajp)-Muhammad (AdrianAbdulBaha)-قرية.wav,https://upload.wikimedia.org/wikipedia/commons/b/b8/LL-Q55633582_%28ajp%29-Muhammad_%28AdrianAbdulBaha%29-%D9%82%D8%B1%D9%8A%D8%A9.wav
1163,قزم,ˈqa.zam,2,1,LL-Q55633582 (ajp)-Muhammad (AdrianAbdulBaha)-قزم.wav,https://upload.wikimedia.org/wikipedia/commons/3/3d/LL-Q55633582_%28ajp%29-Muhammad_%28AdrianAbdulBaha%29-%D9%82%D8%B2%D9%85.wav
1164,قشة,ˈʔaʃ.ʃe,2,1,LL-Q55633582 (ajp)-Muhammad (AdrianAbdulBaha)-قشة.wav,https://upload.wikimedia.org/wikipedia/commons/e/e7/LL-Q55633582_%28ajp%29-Muhammad_%28AdrianAbdulBaha%29-%D9%82%D8%B4%D8%A9.wav
1165,قشطة,ˈʔɪʃ.tˤɑ,2,1,LL-Q55633582 (ajp)-IbrahimZ (AdrianAbdulBaha)-قشطة.wav,https://upload.wikimedia.org/wikipedia/commons/5/58/LL-Q55633582_%28ajp%29-IbrahimZ_%28AdrianAbdulBaha%29-%D9%82%D8%B4%D8%B7%D8%A9.wav
1166,قصة,ˈʔʊsˤ.sˤɑ,2,1,LL-Q55633582 (ajp)-Muhammad (AdrianAbdulBaha)-قصّة.wav,https://upload.wikimedia.org/wikipedia/commons/3/3a/LL-Q55633582_%28ajp%29-Muhammad_%28AdrianAbdulBaha%29-%D9%82%D8%B5%D9%91%D8%A9.wav
1167,قصد,ˈʔɑ.sˤɑd,2,1,LL-Q55633582 (ajp)-Muhammad (AdrianAbdulBaha)-قصد.wav,https://upload.wikimedia.org/wikipedia/commons/8/8a/LL-Q55633582_%28ajp%29-Muhammad_%28AdrianAbdulBaha%29-%D9%82%D8%B5%D8%AF.wav
1168,قضى,ˈʔɑ.dˤɑ,2,1,LL-Q55633582 (ajp)-Khalil.rantissi-قَضى.wav,https://upload.wikimedia.org/wikipedia/commons/5/51/LL-Q55633582_%28ajp%29-Khalil.rantissi-%D9%82%D9%8E%D8%B6%D9%89.wav
1169,قطار,qɪ.tˤɑːrˤ,2,1,LL-Q55633582 (ajp)-AmmanM (AdrianAbdulBaha)-قطار.wav,https://upload.wikimedia.org/wikipedia/commons/5/5d/LL-Q55633582_%28ajp%29-AmmanM_%28AdrianAbdulBaha%29-%D9%82%D8%B7%D8%A7%D8%B1.wav
1170,قطعة,ˈqɪtˤ.ʕɑ,2,1,LL-Q55633582 (ajp)-Muhammad (AdrianAbdulBaha)-قطعة.wav,https://upload.wikimedia.org/wikipedia/commons/2/25/LL-Q55633582_%28ajp%29-Muhammad_%28AdrianAbdulBaha%29-%D9%82%D8%B7%D8%B9%D8%A9.wav
1171,قعد,ˈʔa.ʕad,2,1,LL-Q55633582 (ajp)-Khalil.rantissi-قعد.wav,https://upload.wikimedia.org/wikipedia/commons/b/be/LL-Q55633582_%28ajp%29-Khalil.rantissi-%D9%82%D8%B9%D8%AF.wav
1172,قفا,ˈʔa.fa,2,1,LL-Q55633582 (ajp)-Muhammad (AdrianAbdulBaha)-قفا.wav,https://upload.wikimedia.org/wikipedia/commons/f/f1/LL-Q55633582_%28ajp%29-Muhammad_%28AdrianAbdulBaha%29-%D9%82%D9%81%D8%A7.wav
1173,قفل,ˈʔaf.fal,2,1,LL-Q55633582 (ajp)-Khalil.rantissi-قَفَّل.wav,https://upload.wikimedia.org/wikipedia/commons/3/3b/LL-Q55633582_%28ajp%29-Khalil.rantissi-%D9%82%D9%8E%D9%81%D9%8E%D9%91%D9%84.wav
1174,قلب,ˈʔa.lab,2,1,LL-Q55633582 (ajp)-Muhammad (AdrianAbdulBaha)-قلب.wav,https://upload.wikimedia.org/wikipedia/commons/d/da/LL-Q55633582_%28ajp%29-Muhammad_%28AdrianAbdulBaha%29-%D9%82%D9%84%D8%A8.wav
1175,قلد,ˈʔal.lad,2,1,LL-Q55633582 (ajp)-Khalil.rantissi-قَلَّد.wav,https://upload.wikimedia.org/wikipedia/commons/b/b5/LL-Q55633582_%28ajp%29-Khalil.rantissi-%D9%82%D9%8E%D9%84%D9%8E%D9%91%D8%AF.wav
1176,قلعة,ˈqɑl.ʕa,2,1,LL-Q55633582 (ajp)-Muhammad (AdrianAbdulBaha)-قلعة.wav,https://upload.wikimedia.org/wikipedia/commons/9/9f/LL-Q55633582_%28ajp%29-Muhammad_%28AdrianAbdulBaha%29-%D9%82%D9%84%D8%B9%D8%A9.wav
1177,قلق,ˈʔi.lɪʔ,2,1,LL-Q55633582 (ajp)-Khalil.rantissi-قِلِق.wav,https://upload.wikimedia.org/wikipedia/commons/4/44/LL-Q55633582_%28ajp%29-Khalil.rantissi-%D9%82%D9%90%D9%84%D9%90%D9%82.wav
1178,قلل,ˈʔal.lal,2,1,LL-Q55633582 (ajp)-Khalil.rantissi-قَلَّل.wav,https://upload.wikimedia.org/wikipedia/commons/2/28/LL-Q55633582_%28ajp%29-Khalil.rantissi-%D9%82%D9%8E%D9%84%D9%8E%D9%91%D9%84.wav
1179,قلم,ˈʔa.lam,2,1,LL-Q55633582 (ajp)-Muhammad (AdrianAbdulBaha)-قلم.wav,https://upload.wikimedia.org/wikipedia/commons/3/3f/LL-Q55633582_%28ajp%29-Muhammad_%28AdrianAbdulBaha%29-%D9%82%D9%84%D9%85.wav
1180,قلى,ˈʔa.la,2,1,LL-Q55633582 (ajp)-Khalil.rantissi-قَلى.wav,https://upload.wikimedia.org/wikipedia/commons/4/4b/LL-Q55633582_%28ajp%29-Khalil.rantissi-%D9%82%D9%8E%D9%84%D9%89.wav
1181,قلي,ˈʔa.li,2,1,LL-Q55633582 (ajp)-Muhammad (AdrianAbdulBaha)-قلي.wav,https://upload.wikimedia.org/wikipedia/commons/e/e6/LL-Q55633582_%28ajp%29-Muhammad_%28AdrianAbdulBaha%29-%D9%82%D9%84%D9%8A.wav
1182,قمر,ˈʔɑ.mɑrˤ,2,1,LL-Q55633582 (ajp)-Muhammad (AdrianAbdulBaha)-قمر.wav,https://upload.wikimedia.org/wikipedia/commons/e/e3/LL-Q55633582_%28ajp%29-Muhammad_%28AdrianAbdulBaha%29-%D9%82%D9%85%D8%B1.wav
1183,قمل,ˈʔa.m(ɪ)l,2,1,LL-Q55633582 (ajp)-Muhammad (AdrianAbdulBaha)-قمل.wav,https://upload.wikimedia.org/wikipedia/commons/d/df/LL-Q55633582_%28ajp%29-Muhammad_%28AdrianAbdulBaha%29-%D9%82%D9%85%D9%84.wav
1184,قهوة,ˈʔah.we,2,1,LL-Q55633582 (ajp)-IbrahimZ (AdrianAbdulBaha)-قهوة.wav,https://upload.wikimedia.org/wikipedia/commons/1/1b/LL-Q55633582_%28ajp%29-IbrahimZ_%28AdrianAbdulBaha%29-%D9%82%D9%87%D9%88%D8%A9.wav
1185,قوة,ˈʔuw.we,2,1,LL-Q55633582 (ajp)-Mohammad-LPA-قوّة.wav,https://upload.wikimedia.org/wikipedia/commons/a/a5/LL-Q55633582_%28ajp%29-Mohammad-LPA-%D9%82%D9%88%D9%91%D8%A9.wav
1186,قوي,ˈʔa.wi,2,1,LL-Q55633582 (ajp)-Muhammad (AdrianAbdulBaha)-قوي.wav,https://upload.wikimedia.org/wikipedia/commons/4/4c/LL-Q55633582_%28ajp%29-Muhammad_%28AdrianAbdulBaha%29-%D9%82%D9%88%D9%8A.wav
1187,كافي,ˈkæ.fi,2,1,LL-Q55633582 (ajp)-Muhammad (AdrianAbdulBaha)-كافي.wav,https://upload.wikimedia.org/wikipedia/commons/e/e5/LL-Q55633582_%28ajp%29-Muhammad_%28AdrianAbdulBaha%29-%D9%83%D8%A7%D9%81%D9%8A.wav
1188,كامل,ˈkæː.mɪl,2,1,LL-Q55633582 (ajp)-Muhammad (AdrianAbdulBaha)-كامل.wav,https://upload.wikimedia.org/wikipedia/commons/8/82/LL-Q55633582_%28ajp%29-Muhammad_%28AdrianAbdulBaha%29-%D9%83%D8%A7%D9%85%D9%84.wav
1189,كاين,ˈkæː.jɪn,2,1,LL-Q55633582 (ajp)-Khalil.rantissi-كاين.wav,https://upload.wikimedia.org/wikipedia/commons/c/ca/LL-Q55633582_%28ajp%29-Khalil.rantissi-%D9%83%D8%A7%D9%8A%D9%86.wav
1190,كبا,ˈkʊb.ba,2,1,LL-Q55633582 (ajp)-Muhammad (AdrianAbdulBaha)-كبّا.wav,https://upload.wikimedia.org/wikipedia/commons/a/af/LL-Q55633582_%28ajp%29-Muhammad_%28AdrianAbdulBaha%29-%D9%83%D8%A8%D9%91%D8%A7.wav
1191,كبب,ˈkab.bab,2,1,LL-Q55633582 (ajp)-Khalil.rantissi-كَبَّب.wav,https://upload.wikimedia.org/wikipedia/commons/f/f7/LL-Q55633582_%28ajp%29-Khalil.rantissi-%D9%83%D9%8E%D8%A8%D9%8E%D9%91%D8%A8.wav
1192,كبد,ˈkɪ.b(ɪ)d,2,1,LL-Q55633582 (ajp)-Muhammad (AdrianAbdulBaha)-كبد.wav,https://upload.wikimedia.org/wikipedia/commons/0/0e/LL-Q55633582_%28ajp%29-Muhammad_%28AdrianAbdulBaha%29-%D9%83%D8%A8%D8%AF.wav
1193,كبر,ˈkab.bar,2,1,LL-Q55633582 (ajp)-Khalil.rantissi-كَبَّر.wav,https://upload.wikimedia.org/wikipedia/commons/1/1e/LL-Q55633582_%28ajp%29-Khalil.rantissi-%D9%83%D9%8E%D8%A8%D9%8E%D9%91%D8%B1.wav
1194,كبس,ˈka.bas,2,1,LL-Q55633582 (ajp)-Khalil.rantissi-كَبَس.wav,https://upload.wikimedia.org/wikipedia/commons/c/c6/LL-Q55633582_%28ajp%29-Khalil.rantissi-%D9%83%D9%8E%D8%A8%D9%8E%D8%B3.wav
1195,كبكب,ˈkab.kab,2,1,LL-Q55633582 (ajp)-Khalil.rantissi-كَبكَب.wav,https://upload.wikimedia.org/wikipedia/commons/d/df/LL-Q55633582_%28ajp%29-Khalil.rantissi-%D9%83%D9%8E%D8%A8%D9%83%D9%8E%D8%A8.wav
1196,كتب,ˈka.tab,2,1,LL-Q55633582 (ajp)-Khalil.rantissi-كَتب.wav,https://upload.wikimedia.org/wikipedia/commons/8/86/LL-Q55633582_%28ajp%29-Khalil.rantissi-%D9%83%D9%8E%D8%AA%D8%A8.wav
1197,كتف,ˈkɪ.t(ɪ)f,2,1,LL-Q55633582 (ajp)-Muhammad (AdrianAbdulBaha)-كتف.wav,https://upload.wikimedia.org/wikipedia/commons/b/b0/LL-Q55633582_%28ajp%29-Muhammad_%28AdrianAbdulBaha%29-%D9%83%D8%AA%D9%81.wav
1198,كثف,ˈkat.taf,2,1,LL-Q55633582 (ajp)-Khalil.rantissi-كَثَّف.wav,https://upload.wikimedia.org/wikipedia/commons/f/f5/LL-Q55633582_%28ajp%29-Khalil.rantissi-%D9%83%D9%8E%D8%AB%D9%8E%D9%91%D9%81.wav
1199,كحلي,ˈkʊħ.li,2,1,LL-Q55633582 (ajp)-Muhammad (AdrianAbdulBaha)-كحلي.wav,https://upload.wikimedia.org/wikipedia/commons/b/b7/LL-Q55633582_%28ajp%29-Muhammad_%28AdrianAbdulBaha%29-%D9%83%D8%AD%D9%84%D9%8A.wav
1200,كرر,ˈkar.rar,2,1,LL-Q55633582 (ajp)-Khalil.rantissi-كَرَّر.wav,https://upload.wikimedia.org/wikipedia/commons/4/40/LL-Q55633582_%28ajp%29-Khalil.rantissi-%D9%83%D9%8E%D8%B1%D9%8E%D9%91%D8%B1.wav
1201,كرسي,ˈkur.si,2,1,LL-Q55633582 (ajp)-Muhammad (AdrianAbdulBaha)-كرسي.wav,https://upload.wikimedia.org/wikipedia/commons/6/6e/LL-Q55633582_%28ajp%29-Muhammad_%28AdrianAbdulBaha%29-%D9%83%D8%B1%D8%B3%D9%8A.wav
1202,كرم,ˈkar.ram,2,1,LL-Q55633582 (ajp)-Khalil.rantissi-كَرَّم.wav,https://upload.wikimedia.org/wikipedia/commons/9/93/LL-Q55633582_%28ajp%29-Khalil.rantissi-%D9%83%D9%8E%D8%B1%D9%8E%D9%91%D9%85.wav
1203,كره,ˈki.rɪh,2,1,LL-Q55633582 (ajp)-Khalil.rantissi-كِرِه.wav,https://upload.wikimedia.org/wikipedia/commons/3/3c/LL-Q55633582_%28ajp%29-Khalil.rantissi-%D9%83%D9%90%D8%B1%D9%90%D9%87.wav
1204,كسب,ˈki.sɪb,2,1,LL-Q55633582 (ajp)-Khalil.rantissi-كِسِب.wav,https://upload.wikimedia.org/wikipedia/commons/3/3c/LL-Q55633582_%28ajp%29-Khalil.rantissi-%D9%83%D9%90%D8%B3%D9%90%D8%A8.wav
1205,كسر,ˈka.sar,2,1,LL-Q55633582 (ajp)-Khalil.rantissi-كَسَر.wav,https://upload.wikimedia.org/wikipedia/commons/c/ce/LL-Q55633582_%28ajp%29-Khalil.rantissi-%D9%83%D9%8E%D8%B3%D9%8E%D8%B1.wav
1206,كسل,ˈkas.sal,2,1,LL-Q55633582 (ajp)-Khalil.rantissi-كَسَّل.wav,https://upload.wikimedia.org/wikipedia/commons/d/d9/LL-Q55633582_%28ajp%29-Khalil.rantissi-%D9%83%D9%8E%D8%B3%D9%8E%D9%91%D9%84.wav
1207,كشف,ˈka.ʃaf,2,1,LL-Q55633582 (ajp)-Khalil.rantissi-كَشَف.wav,https://upload.wikimedia.org/wikipedia/commons/e/e7/LL-Q55633582_%28ajp%29-Khalil.rantissi-%D9%83%D9%8E%D8%B4%D9%8E%D9%81.wav
1208,كفة,ˈkaf.fe,2,1,LL-Q55633582 (ajp)-Muhammad (AdrianAbdulBaha)-كفّة.wav,https://upload.wikimedia.org/wikipedia/commons/2/23/LL-Q55633582_%28ajp%29-Muhammad_%28AdrianAbdulBaha%29-%D9%83%D9%81%D9%91%D8%A9.wav
1209,كفكف,ˈkaf.kaf,2,1,LL-Q55633582 (ajp)-AdrianAbdulBaha-كَفكَف.wav,https://upload.wikimedia.org/wikipedia/commons/7/77/LL-Q55633582_%28ajp%29-AdrianAbdulBaha-%D9%83%D9%8E%D9%81%D9%83%D9%8E%D9%81.wav
1210,كفى,ˈkaf.fa,2,1,LL-Q55633582 (ajp)-Khalil.rantissi-كَفّى.wav,https://upload.wikimedia.org/wikipedia/commons/8/85/LL-Q55633582_%28ajp%29-Khalil.rantissi-%D9%83%D9%8E%D9%81%D9%91%D9%89.wav
1211,كلبش,ˈkal.baʃ,2,1,LL-Q55633582 (ajp)-Khalil.rantissi-كَلبَش.wav,https://upload.wikimedia.org/wikipedia/commons/3/38/LL-Q55633582_%28ajp%29-Khalil.rantissi-%D9%83%D9%8E%D9%84%D8%A8%D9%8E%D8%B4.wav
1212,كلسة,ˈkal.se,2,1,LL-Q55633582 (ajp)-Muhammad (AdrianAbdulBaha)-كلسة.wav,https://upload.wikimedia.org/wikipedia/commons/6/60/LL-Q55633582_%28ajp%29-Muhammad_%28AdrianAbdulBaha%29-%D9%83%D9%84%D8%B3%D8%A9.wav
1213,كلف,ˈkal.laf,2,1,LL-Q55633582 (ajp)-Khalil.rantissi-كَلَّف.wav,https://upload.wikimedia.org/wikipedia/commons/d/d0/LL-Q55633582_%28ajp%29-Khalil.rantissi-%D9%83%D9%8E%D9%84%D9%8E%D9%91%D9%81.wav
1214,كلم,ˈkal.lam,2,1,LL-Q55633582 (ajp)-Khalil.rantissi-كَلَّم.wav,https://upload.wikimedia.org/wikipedia/commons/2/27/LL-Q55633582_%28ajp%29-Khalil.rantissi-%D9%83%D9%8E%D9%84%D9%8E%D9%91%D9%85.wav
1215,كلمة,ˈkɪl.me,2,1,LL-Q55633582 (ajp)-Muhammad (AdrianAbdulBaha)-كلمة.wav,https://upload.wikimedia.org/wikipedia/commons/7/76/LL-Q55633582_%28ajp%29-Muhammad_%28AdrianAbdulBaha%29-%D9%83%D9%84%D9%85%D8%A9.wav
1216,كلية,ˈkɪl.je,2,1,LL-Q55633582 (ajp)-Muhammad (AdrianAbdulBaha)-كلية.wav,https://upload.wikimedia.org/wikipedia/commons/f/f1/LL-Q55633582_%28ajp%29-Muhammad_%28AdrianAbdulBaha%29-%D9%83%D9%84%D9%8A%D8%A9.wav
1217,كمل,ˈkam.mal,2,1,LL-Q55633582 (ajp)-Khalil.rantissi-كَمَّل.wav,https://upload.wikimedia.org/wikipedia/commons/7/78/LL-Q55633582_%28ajp%29-Khalil.rantissi-%D9%83%D9%8E%D9%85%D9%8E%D9%91%D9%84.wav
1218,كنة,ˈkɪn.ne,2,1,LL-Q55633582 (ajp)-Muhammad (AdrianAbdulBaha)-كنّة.wav,https://upload.wikimedia.org/wikipedia/commons/b/b7/LL-Q55633582_%28ajp%29-Muhammad_%28AdrianAbdulBaha%29-%D9%83%D9%86%D9%91%D8%A9.wav
1219,كنس,ˈkan.nas,2,1,LL-Q55633582 (ajp)-Khalil.rantissi-كنَّس.wav,https://upload.wikimedia.org/wikipedia/commons/1/1f/LL-Q55633582_%28ajp%29-Khalil.rantissi-%D9%83%D9%86%D9%8E%D9%91%D8%B3.wav
1220,كوربا,ˈkoːr.ba,2,1,LL-Q55633582 (ajp)-Muhammad (AdrianAbdulBaha)-كوربا.wav,https://upload.wikimedia.org/wikipedia/commons/d/d0/LL-Q55633582_%28ajp%29-Muhammad_%28AdrianAbdulBaha%29-%D9%83%D9%88%D8%B1%D8%A8%D8%A7.wav
1221,كوع,ˈkaw.waʕ,2,1,LL-Q55633582 (ajp)-Muhammad (AdrianAbdulBaha)-كوع.wav,https://upload.wikimedia.org/wikipedia/commons/e/ed/LL-Q55633582_%28ajp%29-Muhammad_%28AdrianAbdulBaha%29-%D9%83%D9%88%D8%B9.wav
1222,كومة,ˈkoː.me,2,1,LL-Q55633582 (ajp)-Muhammad (AdrianAbdulBaha)-كومة.wav,https://upload.wikimedia.org/wikipedia/commons/1/1b/LL-Q55633582_%28ajp%29-Muhammad_%28AdrianAbdulBaha%29-%D9%83%D9%88%D9%85%D8%A9.wav
1223,كون,ˈkaw.wan,2,1,LL-Q55633582 (ajp)-Khalil.rantissi-كَوَّن.wav,https://upload.wikimedia.org/wikipedia/commons/3/3a/LL-Q55633582_%28ajp%29-Khalil.rantissi-%D9%83%D9%8E%D9%88%D9%8E%D9%91%D9%86.wav
1224,كوى,ˈka.wa,2,1,LL-Q55633582 (ajp)-Khalil.rantissi-كَوى.wav,https://upload.wikimedia.org/wikipedia/commons/0/05/LL-Q55633582_%28ajp%29-Khalil.rantissi-%D9%83%D9%8E%D9%88%D9%89.wav
1225,كيلو,ˈkiː.lo,2,1,LL-Q55633582 (ajp)-Muhammad (AdrianAbdulBaha)-كيلو.wav,https://upload.wikimedia.org/wikipedia/commons/5/5b/LL-Q55633582_%28ajp%29-Muhammad_%28AdrianAbdulBaha%29-%D9%83%D9%8A%D9%84%D9%88.wav
1226,لاحظ,ˈlˤɑː.ħɑzˤ,2,1,LL-Q55633582 (ajp)-Khalil.rantissi-لاحَظ.wav,https://upload.wikimedia.org/wikipedia/commons/e/ea/LL-Q55633582_%28ajp%29-Khalil.rantissi-%D9%84%D8%A7%D8%AD%D9%8E%D8%B8.wav
1227,لاحق,ˈlæː.ħaʔ,2,1,LL-Q55633582 (ajp)-Khalil.rantissi-لاحَق.wav,https://upload.wikimedia.org/wikipedia/commons/7/77/LL-Q55633582_%28ajp%29-Khalil.rantissi-%D9%84%D8%A7%D8%AD%D9%8E%D9%82.wav
1228,لازم,ˈlæː.zɪm,2,1,LL-Q55633582 (ajp)-Muhammad (AdrianAbdulBaha)-لازم.wav,https://upload.wikimedia.org/wikipedia/commons/d/df/LL-Q55633582_%28ajp%29-Muhammad_%28AdrianAbdulBaha%29-%D9%84%D8%A7%D8%B2%D9%85.wav
1229,لاكن,ˈlæː.kɪn,2,1,LL-Q55633582 (ajp)-AdrianAbdulBaha-لاكن.wav,https://upload.wikimedia.org/wikipedia/commons/3/3b/LL-Q55633582_%28ajp%29-AdrianAbdulBaha-%D9%84%D8%A7%D9%83%D9%86.wav
1230,لبس,ˈla.bas,2,1,LL-Q55633582 (ajp)-Khalil.rantissi-لبس.wav,https://upload.wikimedia.org/wikipedia/commons/3/3d/LL-Q55633582_%28ajp%29-Khalil.rantissi-%D9%84%D8%A8%D8%B3.wav
1231,لبق,ˈli.bɪʔ,2,1,LL-Q55633582 (ajp)-AdrianAbdulBaha-لِبِق.wav,https://upload.wikimedia.org/wikipedia/commons/4/40/LL-Q55633582_%28ajp%29-AdrianAbdulBaha-%D9%84%D9%90%D8%A8%D9%90%D9%82.wav
1232,لبن,ˈla.ban,2,1,LL-Q55633582 (ajp)-Khalil.rantissi-لبن.wav,https://upload.wikimedia.org/wikipedia/commons/2/27/LL-Q55633582_%28ajp%29-Khalil.rantissi-%D9%84%D8%A8%D9%86.wav
1233,لبنة,ˈlab.ne,2,1,LL-Q55633582 (ajp)-Khalil.rantissi-لبنة.wav,https://upload.wikimedia.org/wikipedia/commons/6/6f/LL-Q55633582_%28ajp%29-Khalil.rantissi-%D9%84%D8%A8%D9%86%D8%A9.wav
1234,لبى,ˈlab.ba,2,1,LL-Q55633582 (ajp)-Khalil.rantissi-لَبّى.wav,https://upload.wikimedia.org/wikipedia/commons/7/78/LL-Q55633582_%28ajp%29-Khalil.rantissi-%D9%84%D9%8E%D8%A8%D9%91%D9%89.wav
1235,لحس,ˈla.ħas,2,1,LL-Q55633582 (ajp)-Khalil.rantissi-لَحَس.wav,https://upload.wikimedia.org/wikipedia/commons/e/e2/LL-Q55633582_%28ajp%29-Khalil.rantissi-%D9%84%D9%8E%D8%AD%D9%8E%D8%B3.wav
1236,لحظة,ˈlaħ.zˤɑ,2,1,LL-Q55633582 (ajp)-AdrianAbdulBaha-لحظة.wav,https://upload.wikimedia.org/wikipedia/commons/1/15/LL-Q55633582_%28ajp%29-AdrianAbdulBaha-%D9%84%D8%AD%D8%B8%D8%A9.wav
1237,لحم,ˈla.ħ(ɪ)m,2,1,LL-Q55633582 (ajp)-Khalil.rantissi-لحم.wav,https://upload.wikimedia.org/wikipedia/commons/8/8a/LL-Q55633582_%28ajp%29-Khalil.rantissi-%D9%84%D8%AD%D9%85.wav
1238,لحمة,ˈlaħ.me,2,1,LL-Q55633582 (ajp)-Muhammad (AdrianAbdulBaha)-لحمة.wav,https://upload.wikimedia.org/wikipedia/commons/6/6f/LL-Q55633582_%28ajp%29-Muhammad_%28AdrianAbdulBaha%29-%D9%84%D8%AD%D9%85%D8%A9.wav
1239,لحية,ˈlɪħ.je,2,1,LL-Q55633582 (ajp)-Muhammad (AdrianAbdulBaha)-لحية.wav,https://upload.wikimedia.org/wikipedia/commons/7/71/LL-Q55633582_%28ajp%29-Muhammad_%28AdrianAbdulBaha%29-%D9%84%D8%AD%D9%8A%D8%A9.wav
1240,لخص,lˤɑx.xɑsˤ,2,1,LL-Q55633582 (ajp)-Khalil.rantissi-لَخَّص.wav,https://upload.wikimedia.org/wikipedia/commons/7/78/LL-Q55633582_%28ajp%29-Khalil.rantissi-%D9%84%D9%8E%D8%AE%D9%8E%D9%91%D8%B5.wav
1241,لخم,ˈla.xam,2,1,LL-Q55633582 (ajp)-Khalil.rantissi-لَخَم.wav,https://upload.wikimedia.org/wikipedia/commons/9/9a/LL-Q55633582_%28ajp%29-Khalil.rantissi-%D9%84%D9%8E%D8%AE%D9%8E%D9%85.wav
1242,لزق,ˈlaz.zaʔ,2,1,LL-Q55633582 (ajp)-Khalil.rantissi-لَزَّق.wav,https://upload.wikimedia.org/wikipedia/commons/f/f4/LL-Q55633582_%28ajp%29-Khalil.rantissi-%D9%84%D9%8E%D8%B2%D9%8E%D9%91%D9%82.wav
1243,لزم,ˈli.zɪm,2,1,LL-Q55633582 (ajp)-Khalil.rantissi-لِزِم.wav,https://upload.wikimedia.org/wikipedia/commons/9/97/LL-Q55633582_%28ajp%29-Khalil.rantissi-%D9%84%D9%90%D8%B2%D9%90%D9%85.wav
1244,لعب,ˈli.ʕɪb,2,1,LL-Q55633582 (ajp)-Khalil.rantissi-لعب.wav,https://upload.wikimedia.org/wikipedia/commons/5/53/LL-Q55633582_%28ajp%29-Khalil.rantissi-%D9%84%D8%B9%D8%A8.wav
1245,لغى,ˈla.ɣa,2,1,LL-Q55633582 (ajp)-Khalil.rantissi-لَغى.wav,https://upload.wikimedia.org/wikipedia/commons/e/ea/LL-Q55633582_%28ajp%29-Khalil.rantissi-%D9%84%D9%8E%D8%BA%D9%89.wav
1246,لفت,ˈla.fat,2,1,LL-Q55633582 (ajp)-Khalil.rantissi-لَفَت.wav,https://upload.wikimedia.org/wikipedia/commons/1/15/LL-Q55633582_%28ajp%29-Khalil.rantissi-%D9%84%D9%8E%D9%81%D9%8E%D8%AA.wav
1247,لفظ,ˈlˤɑ.fɑzˤ,2,1,LL-Q55633582 (ajp)-Muhammad (AdrianAbdulBaha)-لفظ.wav,https://upload.wikimedia.org/wikipedia/commons/e/e2/LL-Q55633582_%28ajp%29-Muhammad_%28AdrianAbdulBaha%29-%D9%84%D9%81%D8%B8.wav
1248,0لقب,ˈlaʔ.ʔab,2,1,LL-Q55633582 (ajp)-Muhammad (AdrianAbdulBaha)-لقب.wav,https://upload.wikimedia.org/wikipedia/commons/9/9a/LL-Q55633582_%28ajp%29-Muhammad_%28AdrianAbdulBaha%29-%D9%84%D9%82%D8%A8.wav
1249,لقب,ˈlɑ.qɑb,2,1,LL-Q55633582 (ajp)-Muhammad (AdrianAbdulBaha)-لقب.wav,https://upload.wikimedia.org/wikipedia/commons/9/9a/LL-Q55633582_%28ajp%29-Muhammad_%28AdrianAbdulBaha%29-%D9%84%D9%82%D8%A8.wav
1250,لقى,ˈla.ʔa,2,1,LL-Q55633582 (ajp)-Khalil.rantissi-لَقى.wav,https://upload.wikimedia.org/wikipedia/commons/c/c3/LL-Q55633582_%28ajp%29-Khalil.rantissi-%D9%84%D9%8E%D9%82%D9%89.wav
1251,لما,ˈlam.ma,2,1,LL-Q55633582 (ajp)-AdrianAbdulBaha-لمّا.wav,https://upload.wikimedia.org/wikipedia/commons/d/da/LL-Q55633582_%28ajp%29-AdrianAbdulBaha-%D9%84%D9%85%D9%91%D8%A7.wav
1252,لمبة,ˈlˤɑm.bˤɑ,2,1,LL-Q55633582 (ajp)-Muhammad (AdrianAbdulBaha)-لمبة.wav,https://upload.wikimedia.org/wikipedia/commons/f/f7/LL-Q55633582_%28ajp%29-Muhammad_%28AdrianAbdulBaha%29-%D9%84%D9%85%D8%A8%D8%A9.wav
1253,لمس,ˈla.mas,2,1,LL-Q55633582 (ajp)-Khalil.rantissi-لَمَس.wav,https://upload.wikimedia.org/wikipedia/commons/3/37/LL-Q55633582_%28ajp%29-Khalil.rantissi-%D9%84%D9%8E%D9%85%D9%8E%D8%B3.wav
1254,لهجة,ˈlah.ʒe,2,1,LL-Q55633582 (ajp)-Muhammad (AdrianAbdulBaha)-لهجة.wav,https://upload.wikimedia.org/wikipedia/commons/2/2f/LL-Q55633582_%28ajp%29-Muhammad_%28AdrianAbdulBaha%29-%D9%84%D9%87%D8%AC%D8%A9.wav
1255,لولا,ˈloː.la,2,1,LL-Q55633582 (ajp)-AdrianAbdulBaha-لولا.wav,https://upload.wikimedia.org/wikipedia/commons/2/24/LL-Q55633582_%28ajp%29-AdrianAbdulBaha-%D9%84%D9%88%D9%84%D8%A7.wav
1256,ليرة,ˈleː.rˤɑ,2,1,LL-Q55633582 (ajp)-Muhammad (AdrianAbdulBaha)-ليرة.wav,https://upload.wikimedia.org/wikipedia/commons/e/e9/LL-Q55633582_%28ajp%29-Muhammad_%28AdrianAbdulBaha%29-%D9%84%D9%8A%D8%B1%D8%A9.wav
1257,ليلة,ˈleː.le,2,1,LL-Q55633582 (ajp)-AseelF (AdrianAbdulBaha)-ليلة.wav,https://upload.wikimedia.org/wikipedia/commons/b/b8/LL-Q55633582_%28ajp%29-AseelF_%28AdrianAbdulBaha%29-%D9%84%D9%8A%D9%84%D8%A9.wav
1258,مارس,ˈmæː.ras,2,1,LL-Q55633582 (ajp)-Khalil.rantissi-مارَس.wav,https://upload.wikimedia.org/wikipedia/commons/f/f7/LL-Q55633582_%28ajp%29-Khalil.rantissi-%D9%85%D8%A7%D8%B1%D9%8E%D8%B3.wav
1259,ماضي,ˈmɑː.dˤi,2,1,LL-Q55633582 (ajp)-AseelF (AdrianAbdulBaha)-ماضي.wav,https://upload.wikimedia.org/wikipedia/commons/6/64/LL-Q55633582_%28ajp%29-AseelF_%28AdrianAbdulBaha%29-%D9%85%D8%A7%D8%B6%D9%8A.wav
1260,مال,ˈmæː.lo,2,1,LL-Q55633582 (ajp)-Muhammad (AdrianAbdulBaha)-ماله.wav,https://upload.wikimedia.org/wikipedia/commons/2/2d/LL-Q55633582_%28ajp%29-Muhammad_%28AdrianAbdulBaha%29-%D9%85%D8%A7%D9%84%D9%87.wav
1261,مالح,ˈmæː.lɪħ,2,1,LL-Q55633582 (ajp)-Muhammad (AdrianAbdulBaha)-مالح.wav,https://upload.wikimedia.org/wikipedia/commons/9/94/LL-Q55633582_%28ajp%29-Muhammad_%28AdrianAbdulBaha%29-%D9%85%D8%A7%D9%84%D8%AD.wav
1262,ماما,ˈmɑː.mˤɑ,2,1,LL-Q55633582 (ajp)-Muhammad (AdrianAbdulBaha)-ماما.wav,https://upload.wikimedia.org/wikipedia/commons/c/cc/LL-Q55633582_%28ajp%29-Muhammad_%28AdrianAbdulBaha%29-%D9%85%D8%A7%D9%85%D8%A7.wav
1263,مايع,ˈmæː.jɪʕ,2,1,LL-Q55633582 (ajp)-Muhammad (AdrianAbdulBaha)-مايع.wav,https://upload.wikimedia.org/wikipedia/commons/6/6d/LL-Q55633582_%28ajp%29-Muhammad_%28AdrianAbdulBaha%29-%D9%85%D8%A7%D9%8A%D8%B9.wav
1264,مبلا,ˈmba.la,2,1,LL-Q55633582 (ajp)-Muhammad (AdrianAbdulBaha)-مبلا.wav,https://upload.wikimedia.org/wikipedia/commons/3/3b/LL-Q55633582_%28ajp%29-Muhammad_%28AdrianAbdulBaha%29-%D9%85%D8%A8%D9%84%D8%A7.wav
1265,متحد,mɪt.ħɪd,2,1,LL-Q55633582 (ajp)-Muhammad (AdrianAbdulBaha)-متّحد.wav,https://upload.wikimedia.org/wikipedia/commons/e/ec/LL-Q55633582_%28ajp%29-Muhammad_%28AdrianAbdulBaha%29-%D9%85%D8%AA%D9%91%D8%AD%D8%AF.wav
1266,متر,ˈmɪ.t(ɪ)r,2,1,LL-Q55633582 (ajp)-Muhammad (AdrianAbdulBaha)-متر.wav,https://upload.wikimedia.org/wikipedia/commons/2/28/LL-Q55633582_%28ajp%29-Muhammad_%28AdrianAbdulBaha%29-%D9%85%D8%AA%D8%B1.wav
1267,متلت,ˈmtal.lat,2,1,LL-Q55633582 (ajp)-Muhammad (AdrianAbdulBaha)-متلت.wav,https://upload.wikimedia.org/wikipedia/commons/c/cb/LL-Q55633582_%28ajp%29-Muhammad_%28AdrianAbdulBaha%29-%D9%85%D8%AA%D9%84%D8%AA.wav
1268,مثل,ˈmaθ.θal,2,1,LL-Q55633582 (ajp)-Khalil.rantissi-مَثَّل.wav,https://upload.wikimedia.org/wikipedia/commons/0/0c/LL-Q55633582_%28ajp%29-Khalil.rantissi-%D9%85%D9%8E%D8%AB%D9%8E%D9%91%D9%84.wav
1269,مثلي,ˈmɪθ.li,2,1,LL-Q55633582 (ajp)-Muhammad (AdrianAbdulBaha)-مثلي.wav,https://upload.wikimedia.org/wikipedia/commons/f/f6/LL-Q55633582_%28ajp%29-Muhammad_%28AdrianAbdulBaha%29-%D9%85%D8%AB%D9%84%D9%8A.wav
1270,مجلى,ˈmaʒ.la,2,1,LL-Q55633582 (ajp)-Muhammad (AdrianAbdulBaha)-مجلى.wav,https://upload.wikimedia.org/wikipedia/commons/f/f1/LL-Q55633582_%28ajp%29-Muhammad_%28AdrianAbdulBaha%29-%D9%85%D8%AC%D9%84%D9%89.wav
1271,محبوب,maħ.buːb,2,1,LL-Q55633582 (ajp)-Muhammad (AdrianAbdulBaha)-محبوب.wav,https://upload.wikimedia.org/wikipedia/commons/e/e3/LL-Q55633582_%28ajp%29-Muhammad_%28AdrianAbdulBaha%29-%D9%85%D8%AD%D8%A8%D9%88%D8%A8.wav
1272,محى,ˈma.ħa,2,1,LL-Q55633582 (ajp)-Khalil.rantissi-مَحى.wav,https://upload.wikimedia.org/wikipedia/commons/f/f7/LL-Q55633582_%28ajp%29-Khalil.rantissi-%D9%85%D9%8E%D8%AD%D9%89.wav
1273,مختلف,ˈmɪxt.lɪf,2,1,LL-Q55633582 (ajp)-Muhammad (AdrianAbdulBaha)-مختلف.wav,https://upload.wikimedia.org/wikipedia/commons/8/87/LL-Q55633582_%28ajp%29-Muhammad_%28AdrianAbdulBaha%29-%D9%85%D8%AE%D8%AA%D9%84%D9%81.wav
1274,مخدة,ˈmxad.de,2,1,LL-Q55633582 (ajp)-Muhammad (AdrianAbdulBaha)-بيت مخدة.wav,https://upload.wikimedia.org/wikipedia/commons/7/78/LL-Q55633582_%28ajp%29-Muhammad_%28AdrianAbdulBaha%29-%D8%A8%D9%8A%D8%AA_%D9%85%D8%AE%D8%AF%D8%A9.wav
1275,مدة,ˈmʊd.de,2,1,LL-Q55633582 (ajp)-AseelF (AdrianAbdulBaha)-مُدّة.wav,https://upload.wikimedia.org/wikipedia/commons/1/17/LL-Q55633582_%28ajp%29-AseelF_%28AdrianAbdulBaha%29-%D9%85%D9%8F%D8%AF%D9%91%D8%A9.wav
1276,مدح,ˈma.daħ,2,1,LL-Q55633582 (ajp)-Khalil.rantissi-مَدَح.wav,https://upload.wikimedia.org/wikipedia/commons/9/99/LL-Q55633582_%28ajp%29-Khalil.rantissi-%D9%85%D9%8E%D8%AF%D9%8E%D8%AD.wav
1277,مراية,ˈmræː.je,2,1,LL-Q55633582 (ajp)-Muhammad (AdrianAbdulBaha)-مراية.wav,https://upload.wikimedia.org/wikipedia/commons/3/39/LL-Q55633582_%28ajp%29-Muhammad_%28AdrianAbdulBaha%29-%D9%85%D8%B1%D8%A7%D9%8A%D8%A9.wav
1278,مرة,ˈmɑ.rˤɑ,2,1,LL-Q55633582 (ajp)-MahmoudM (AdrianAbdulBaha)-مرة.wav,https://upload.wikimedia.org/wikipedia/commons/5/57/LL-Q55633582_%28ajp%29-MahmoudM_%28AdrianAbdulBaha%29-%D9%85%D8%B1%D8%A9.wav
1279,مرة,ˈmɑrˤ.rˤɑ,2,1,LL-Q55633582 (ajp)-MahmoudM (AdrianAbdulBaha)-مرة.wav,https://upload.wikimedia.org/wikipedia/commons/5/57/LL-Q55633582_%28ajp%29-MahmoudM_%28AdrianAbdulBaha%29-%D9%85%D8%B1%D8%A9.wav
1280,مرتب,ˈmrat.tab,2,1,LL-Q55633582 (ajp)-Muhammad (AdrianAbdulBaha)-مرتّب.wav,https://upload.wikimedia.org/wikipedia/commons/e/eb/LL-Q55633582_%28ajp%29-Muhammad_%28AdrianAbdulBaha%29-%D9%85%D8%B1%D8%AA%D9%91%D8%A8.wav
1281,مرستق,ˈmras.taʔ,2,1,LL-Q55633582 (ajp)-Muhammad (AdrianAbdulBaha)-مرستق.wav,https://upload.wikimedia.org/wikipedia/commons/6/65/LL-Q55633582_%28ajp%29-Muhammad_%28AdrianAbdulBaha%29-%D9%85%D8%B1%D8%B3%D8%AA%D9%82.wav
1282,مريح,ˈmraj.jɪħ,2,1,LL-Q55633582 (ajp)-AdrianAbdulBaha-مريح.wav,https://upload.wikimedia.org/wikipedia/commons/7/72/LL-Q55633582_%28ajp%29-AdrianAbdulBaha-%D9%85%D8%B1%D9%8A%D8%AD.wav
1283,مزح,ˈma.zaħ,2,1,LL-Q55633582 (ajp)-Khalil.rantissi-مَزَح.wav,https://upload.wikimedia.org/wikipedia/commons/5/5e/LL-Q55633582_%28ajp%29-Khalil.rantissi-%D9%85%D9%8E%D8%B2%D9%8E%D8%AD.wav
1284,مزعج,ˈmʊz.ʕɪʒ,2,1,LL-Q55633582 (ajp)-Muhammad (AdrianAbdulBaha)-مزعج.wav,https://upload.wikimedia.org/wikipedia/commons/3/39/LL-Q55633582_%28ajp%29-Muhammad_%28AdrianAbdulBaha%29-%D9%85%D8%B2%D8%B9%D8%AC.wav
1285,مسا,ˈma.sa,2,1,LL-Q55633582 (ajp)-AseelF (AdrianAbdulBaha)-مَسا.wav,https://upload.wikimedia.org/wikipedia/commons/a/a9/LL-Q55633582_%28ajp%29-AseelF_%28AdrianAbdulBaha%29-%D9%85%D9%8E%D8%B3%D8%A7.wav
1286,مستوي,ˈmɪs.twi,2,1,LL-Q55633582 (ajp)-Muhammad (AdrianAbdulBaha)-مستوي.wav,https://upload.wikimedia.org/wikipedia/commons/b/bd/LL-Q55633582_%28ajp%29-Muhammad_%28AdrianAbdulBaha%29-%D9%85%D8%B3%D8%AA%D9%88%D9%8A.wav
1287,مسج,ˈma.sɪʒ,2,1,LL-Q55633582 (ajp)-Muhammad (AdrianAbdulBaha)-مسج.wav,https://upload.wikimedia.org/wikipedia/commons/1/17/LL-Q55633582_%28ajp%29-Muhammad_%28AdrianAbdulBaha%29-%D9%85%D8%B3%D8%AC.wav
1288,مسجد,ˈmas.ʒɪd,2,1,LL-Q55633582 (ajp)-Khalil.rantissi-مَسجِد.wav,https://upload.wikimedia.org/wikipedia/commons/5/5f/LL-Q55633582_%28ajp%29-Khalil.rantissi-%D9%85%D9%8E%D8%B3%D8%AC%D9%90%D8%AF.wav
1289,مسجل,ˈmsaʒ.ʒɪl,2,1,LL-Q55633582 (ajp)-Muhammad (AdrianAbdulBaha)-مسجّل.wav,https://upload.wikimedia.org/wikipedia/commons/4/43/LL-Q55633582_%28ajp%29-Muhammad_%28AdrianAbdulBaha%29-%D9%85%D8%B3%D8%AC%D9%91%D9%84.wav
1290,مسح,ˈma.saħ,2,1,LL-Q55633582 (ajp)-Khalil.rantissi-مَسَح.wav,https://upload.wikimedia.org/wikipedia/commons/3/34/LL-Q55633582_%28ajp%29-Khalil.rantissi-%D9%85%D9%8E%D8%B3%D9%8E%D8%AD.wav
1291,مسك,ˈma.sak,2,1,LL-Q55633582 (ajp)-Khalil.rantissi-مسك.wav,https://upload.wikimedia.org/wikipedia/commons/b/bf/LL-Q55633582_%28ajp%29-Khalil.rantissi-%D9%85%D8%B3%D9%83.wav
1292,مسكر,ˈmsak.kɪr,2,1,LL-Q55633582 (ajp)-Muhammad (AdrianAbdulBaha)-مسكّر.wav,https://upload.wikimedia.org/wikipedia/commons/6/6b/LL-Q55633582_%28ajp%29-Muhammad_%28AdrianAbdulBaha%29-%D9%85%D8%B3%D9%83%D9%91%D8%B1.wav
1293,مسكر,ˈmsak.kar,2,1,LL-Q55633582 (ajp)-Muhammad (AdrianAbdulBaha)-مسكّر.wav,https://upload.wikimedia.org/wikipedia/commons/6/6b/LL-Q55633582_%28ajp%29-Muhammad_%28AdrianAbdulBaha%29-%D9%85%D8%B3%D9%83%D9%91%D8%B1.wav
1294,مسلم,ˈmus.lɪm,2,1,LL-Q55633582 (ajp)-Khalil.rantissi-مُسلِم.wav,https://upload.wikimedia.org/wikipedia/commons/1/13/LL-Q55633582_%28ajp%29-Khalil.rantissi-%D9%85%D9%8F%D8%B3%D9%84%D9%90%D9%85.wav
1295,مشمس,ˈmʃam.mɪs,2,1,LL-Q55633582 (ajp)-Muhammad (AdrianAbdulBaha)-مشمّس.wav,https://upload.wikimedia.org/wikipedia/commons/9/9f/LL-Q55633582_%28ajp%29-Muhammad_%28AdrianAbdulBaha%29-%D9%85%D8%B4%D9%85%D9%91%D8%B3.wav
1296,مشمش,ˈmɪʃ.mɪʃ,2,1,LL-Q55633582 (ajp)-IbrahimZ (AdrianAbdulBaha)-مشمش.wav,https://upload.wikimedia.org/wikipedia/commons/5/5f/LL-Q55633582_%28ajp%29-IbrahimZ_%28AdrianAbdulBaha%29-%D9%85%D8%B4%D9%85%D8%B4.wav
1297,مشوب,ˈmʃaw.wɪb,2,1,LL-Q55633582 (ajp)-Muhammad (AdrianAbdulBaha)-مشوّب.wav,https://upload.wikimedia.org/wikipedia/commons/7/7e/LL-Q55633582_%28ajp%29-Muhammad_%28AdrianAbdulBaha%29-%D9%85%D8%B4%D9%88%D9%91%D8%A8.wav
1298,مشى,ˈma.ʃa,2,1,LL-Q55633582 (ajp)-Khalil.rantissi-مشى.wav,https://upload.wikimedia.org/wikipedia/commons/a/ae/LL-Q55633582_%28ajp%29-Khalil.rantissi-%D9%85%D8%B4%D9%89.wav
1299,مصر,ˈmɑ.sˤ(ɪ)rˤ,2,1,LL-Q55633582 (ajp)-AdrianAbdulBaha-مصر.wav,https://upload.wikimedia.org/wikipedia/commons/2/20/LL-Q55633582_%28ajp%29-AdrianAbdulBaha-%D9%85%D8%B5%D8%B1.wav
1300,مصري,ˈmɑsˤ.ri,2,1,LL-Q55633582 (ajp)-Muhammad (AdrianAbdulBaha)-مصري.wav,https://upload.wikimedia.org/wikipedia/commons/f/fe/LL-Q55633582_%28ajp%29-Muhammad_%28AdrianAbdulBaha%29-%D9%85%D8%B5%D8%B1%D9%8A.wav
1301,0مضرب,ˈmʊdˤ.rˤɪb,2,1,LL-Q55633582 (ajp)-Muhammad (AdrianAbdulBaha)-مضرب.wav,https://upload.wikimedia.org/wikipedia/commons/b/b8/LL-Q55633582_%28ajp%29-Muhammad_%28AdrianAbdulBaha%29-%D9%85%D8%B6%D8%B1%D8%A8.wav
1302,مضرب,ˈmɑdˤ.rˤɑb,2,1,LL-Q55633582 (ajp)-Muhammad (AdrianAbdulBaha)-مضرب.wav,https://upload.wikimedia.org/wikipedia/commons/b/b8/LL-Q55633582_%28ajp%29-Muhammad_%28AdrianAbdulBaha%29-%D9%85%D8%B6%D8%B1%D8%A8.wav
1303,مضغ,ˈmɑ.dˤɑɣ,2,1,LL-Q55633582 (ajp)-Khalil.rantissi-مَضَغ.wav,https://upload.wikimedia.org/wikipedia/commons/7/71/LL-Q55633582_%28ajp%29-Khalil.rantissi-%D9%85%D9%8E%D8%B6%D9%8E%D8%BA.wav
1304,مطبخ,ˈmɑtˤ.bɑx,2,1,LL-Q55633582 (ajp)-IbrahimZ (AdrianAbdulBaha)-مَطبَخ.wav,https://upload.wikimedia.org/wikipedia/commons/2/29/LL-Q55633582_%28ajp%29-IbrahimZ_%28AdrianAbdulBaha%29-%D9%85%D9%8E%D8%B7%D8%A8%D9%8E%D8%AE.wav
1305,مطرح,ˈmɑtˤ.rˤɑħ,2,1,LL-Q55633582 (ajp)-Muhammad (AdrianAbdulBaha)-مطرح.wav,https://upload.wikimedia.org/wikipedia/commons/d/df/LL-Q55633582_%28ajp%29-Muhammad_%28AdrianAbdulBaha%29-%D9%85%D8%B7%D8%B1%D8%AD.wav
1306,مطعم,ˈmɑtˤ.ʕɑm,2,1,LL-Q55633582 (ajp)-IbrahimZ (AdrianAbdulBaha)-مطعم.wav,https://upload.wikimedia.org/wikipedia/commons/b/b6/LL-Q55633582_%28ajp%29-IbrahimZ_%28AdrianAbdulBaha%29-%D9%85%D8%B7%D8%B9%D9%85.wav
1307,مطلب,ˈmɑtˤ.lˤɑb,2,1,LL-Q55633582 (ajp)-Muhammad (AdrianAbdulBaha)-مطلب.wav,https://upload.wikimedia.org/wikipedia/commons/3/39/LL-Q55633582_%28ajp%29-Muhammad_%28AdrianAbdulBaha%29-%D9%85%D8%B7%D9%84%D8%A8.wav
1308,معتبر,ˈmɪʕt.bɪr,2,1,LL-Q55633582 (ajp)-Muhammad (AdrianAbdulBaha)-معتبر.wav,https://upload.wikimedia.org/wikipedia/commons/5/53/LL-Q55633582_%28ajp%29-Muhammad_%28AdrianAbdulBaha%29-%D9%85%D8%B9%D8%AA%D8%A8%D8%B1.wav
1309,معجنة,ˈmʕaʒ.ne,2,1,LL-Q55633582 (ajp)-Khalil.rantissi-معجّنة.wav,https://upload.wikimedia.org/wikipedia/commons/1/1e/LL-Q55633582_%28ajp%29-Khalil.rantissi-%D9%85%D8%B9%D8%AC%D9%91%D9%86%D8%A9.wav
1310,معدة,ˈmɪʕ.de,2,1,LL-Q55633582 (ajp)-Muhammad (AdrianAbdulBaha)-معدة.wav,https://upload.wikimedia.org/wikipedia/commons/7/7b/LL-Q55633582_%28ajp%29-Muhammad_%28AdrianAbdulBaha%29-%D9%85%D8%B9%D8%AF%D8%A9.wav
1311,معدي,ˈmʊʕ.di,2,1,LL-Q55633582 (ajp)-Muhammad (AdrianAbdulBaha)-معدي.wav,https://upload.wikimedia.org/wikipedia/commons/f/f2/LL-Q55633582_%28ajp%29-Muhammad_%28AdrianAbdulBaha%29-%D9%85%D8%B9%D8%AF%D9%8A.wav
1312,معقد,ˈmʕaʔ.ʔad,2,1,LL-Q55633582 (ajp)-Muhammad (AdrianAbdulBaha)-معقّد.wav,https://upload.wikimedia.org/wikipedia/commons/5/51/LL-Q55633582_%28ajp%29-Muhammad_%28AdrianAbdulBaha%29-%D9%85%D8%B9%D9%82%D9%91%D8%AF.wav
1313,معلم,ˈmʕal.lem,2,1,LL-Q55633582 (ajp)-Muhammad (AdrianAbdulBaha)-معلّم.wav,https://upload.wikimedia.org/wikipedia/commons/9/9c/LL-Q55633582_%28ajp%29-Muhammad_%28AdrianAbdulBaha%29-%D9%85%D8%B9%D9%84%D9%91%D9%85.wav
1314,معنى,ˈmaʕ.na,2,1,LL-Q55633582 (ajp)-Muhammad (AdrianAbdulBaha)-معنى.wav,https://upload.wikimedia.org/wikipedia/commons/b/b6/LL-Q55633582_%28ajp%29-Muhammad_%28AdrianAbdulBaha%29-%D9%85%D8%B9%D9%86%D9%89.wav
1315,معين,ˈmʕaj.jan,2,1,LL-Q55633582 (ajp)-Muhammad (AdrianAbdulBaha)-معين.wav,https://upload.wikimedia.org/wikipedia/commons/f/f7/LL-Q55633582_%28ajp%29-Muhammad_%28AdrianAbdulBaha%29-%D9%85%D8%B9%D9%8A%D9%86.wav
1316,مغارة,ˈmɣɑː.rˤɑ,2,1,LL-Q55633582 (ajp)-Muhammad (AdrianAbdulBaha)-مغارة.wav,https://upload.wikimedia.org/wikipedia/commons/e/ec/LL-Q55633582_%28ajp%29-Muhammad_%28AdrianAbdulBaha%29-%D9%85%D8%BA%D8%A7%D8%B1%D8%A9.wav
1317,مغرب,ˈmaɣ.rɪb,2,1,LL-Q55633582 (ajp)-Muhammad (AdrianAbdulBaha)-مغرب.wav,https://upload.wikimedia.org/wikipedia/commons/2/2b/LL-Q55633582_%28ajp%29-Muhammad_%28AdrianAbdulBaha%29-%D9%85%D8%BA%D8%B1%D8%A8.wav
1318,مغيم,ˈmɣaj.jɪm,2,1,LL-Q55633582 (ajp)-Muhammad (AdrianAbdulBaha)-مغيّم.wav,https://upload.wikimedia.org/wikipedia/commons/c/c4/LL-Q55633582_%28ajp%29-Muhammad_%28AdrianAbdulBaha%29-%D9%85%D8%BA%D9%8A%D9%91%D9%85.wav
1319,مفرز,ˈmfar.rɪz,2,1,LL-Q55633582 (ajp)-Muhammad (AdrianAbdulBaha)-مفرّز.wav,https://upload.wikimedia.org/wikipedia/commons/2/23/LL-Q55633582_%28ajp%29-Muhammad_%28AdrianAbdulBaha%29-%D9%85%D9%81%D8%B1%D9%91%D8%B2.wav
1320,مفرق,ˈmɑf.rˤɑʔ,2,1,LL-Q55633582 (ajp)-Muhammad (AdrianAbdulBaha)-مفرق.wav,https://upload.wikimedia.org/wikipedia/commons/2/2c/LL-Q55633582_%28ajp%29-Muhammad_%28AdrianAbdulBaha%29-%D9%85%D9%81%D8%B1%D9%82.wav
1321,مفصل,ˈmɑf.sˤɑl,2,1,LL-Q55633582 (ajp)-Muhammad (AdrianAbdulBaha)-مفصل.wav,https://upload.wikimedia.org/wikipedia/commons/6/61/LL-Q55633582_%28ajp%29-Muhammad_%28AdrianAbdulBaha%29-%D9%85%D9%81%D8%B5%D9%84.wav
1322,مقدس,ˈmʔad.das,2,1,LL-Q55633582 (ajp)-Muhammad (AdrianAbdulBaha)-مقدّس.wav,https://upload.wikimedia.org/wikipedia/commons/4/4a/LL-Q55633582_%28ajp%29-Muhammad_%28AdrianAbdulBaha%29-%D9%85%D9%82%D8%AF%D9%91%D8%B3.wav
1323,مقفل,ˈmʔaf.fal,2,1,LL-Q55633582 (ajp)-Muhammad (AdrianAbdulBaha)-مقفّل.wav,https://upload.wikimedia.org/wikipedia/commons/b/b7/LL-Q55633582_%28ajp%29-Muhammad_%28AdrianAbdulBaha%29-%D9%85%D9%82%D9%81%D9%91%D9%84.wav
1324,مقلى,ˈmaʔ.la,2,1,LL-Q55633582 (ajp)-Muhammad (AdrianAbdulBaha)-مقلى.wav,https://upload.wikimedia.org/wikipedia/commons/1/1d/LL-Q55633582_%28ajp%29-Muhammad_%28AdrianAbdulBaha%29-%D9%85%D9%82%D9%84%D9%89.wav
1325,مقهى,ˈmaʔ.ha,2,1,LL-Q55633582 (ajp)-IbrahimZ (AdrianAbdulBaha)-مقهى.wav,https://upload.wikimedia.org/wikipedia/commons/5/5d/LL-Q55633582_%28ajp%29-IbrahimZ_%28AdrianAbdulBaha%29-%D9%85%D9%82%D9%87%D9%89.wav
1326,مكتب,ˈmak.tab,2,1,LL-Q55633582 (ajp)-Muhammad (AdrianAbdulBaha)-مكتب.wav,https://upload.wikimedia.org/wikipedia/commons/2/22/LL-Q55633582_%28ajp%29-Muhammad_%28AdrianAbdulBaha%29-%D9%85%D9%83%D8%AA%D8%A8.wav
1327,مكورن,ˈmkoː.rin,2,1,LL-Q55633582 (ajp)-Muhammad (AdrianAbdulBaha)-مكورن.wav,https://upload.wikimedia.org/wikipedia/commons/b/b5/LL-Q55633582_%28ajp%29-Muhammad_%28AdrianAbdulBaha%29-%D9%85%D9%83%D9%88%D8%B1%D9%86.wav
1328,مكوى,ˈmak.wa,2,1,LL-Q55633582 (ajp)-Muhammad (AdrianAbdulBaha)-مكوى.wav,https://upload.wikimedia.org/wikipedia/commons/7/73/LL-Q55633582_%28ajp%29-Muhammad_%28AdrianAbdulBaha%29-%D9%85%D9%83%D9%88%D9%89.wav
1329,مكيج,ˈmak.jaʒ,2,1,LL-Q55633582 (ajp)-AdrianAbdulBaha-مَكيَج.wav,https://upload.wikimedia.org/wikipedia/commons/5/59/LL-Q55633582_%28ajp%29-AdrianAbdulBaha-%D9%85%D9%8E%D9%83%D9%8A%D9%8E%D8%AC.wav
1330,ملح,ˈma.l(ɪ)ħ,2,1,LL-Q55633582 (ajp)-Khalil.rantissi-ملح.wav,https://upload.wikimedia.org/wikipedia/commons/0/05/LL-Q55633582_%28ajp%29-Khalil.rantissi-%D9%85%D9%84%D8%AD.wav
1331,ملى,ˈmal.la,2,1,LL-Q55633582 (ajp)-AdrianAbdulBaha-مَلّى.wav,https://upload.wikimedia.org/wikipedia/commons/7/7a/LL-Q55633582_%28ajp%29-AdrianAbdulBaha-%D9%85%D9%8E%D9%84%D9%91%D9%89.wav
1332,ممكن,ˈmʊm.kɪn,2,1,LL-Q55633582 (ajp)-Muhammad (AdrianAbdulBaha)-ممكن.wav,https://upload.wikimedia.org/wikipedia/commons/e/ea/LL-Q55633582_%28ajp%29-Muhammad_%28AdrianAbdulBaha%29-%D9%85%D9%85%D9%83%D9%86.wav
1333,منع,ˈma.naʕ,2,1,LL-Q55633582 (ajp)-Khalil.rantissi-مَنَع.wav,https://upload.wikimedia.org/wikipedia/commons/8/8e/LL-Q55633582_%28ajp%29-Khalil.rantissi-%D9%85%D9%8E%D9%86%D9%8E%D8%B9.wav
1334,منيك,ˈman.jak,2,1,LL-Q55633582 (ajp)-AdrianAbdulBaha-مَنيَك.wav,https://upload.wikimedia.org/wikipedia/commons/a/a8/LL-Q55633582_%28ajp%29-AdrianAbdulBaha-%D9%85%D9%8E%D9%86%D9%8A%D9%8E%D9%83.wav
1335,موجة,ˈmoː.ʒe,2,1,LL-Q55633582 (ajp)-Muhammad (AdrianAbdulBaha)-موجة.wav,https://upload.wikimedia.org/wikipedia/commons/e/e7/LL-Q55633582_%28ajp%29-Muhammad_%28AdrianAbdulBaha%29-%D9%85%D9%88%D8%AC%D8%A9.wav
1336,موحد,ˈmwaħ.ħad,2,1,LL-Q55633582 (ajp)-Muhammad (AdrianAbdulBaha)-موحّد.wav,https://upload.wikimedia.org/wikipedia/commons/f/fd/LL-Q55633582_%28ajp%29-Muhammad_%28AdrianAbdulBaha%29-%D9%85%D9%88%D8%AD%D9%91%D8%AF.wav
1337,موقف,ˈmaw.ʔɪf,2,1,LL-Q55633582 (ajp)-Muhammad (AdrianAbdulBaha)-موقف.wav,https://upload.wikimedia.org/wikipedia/commons/c/c2/LL-Q55633582_%28ajp%29-Muhammad_%28AdrianAbdulBaha%29-%D9%85%D9%88%D9%82%D9%81.wav
1338,مول,ˈmaw.wal,2,1,LL-Q55633582 (ajp)-Muhammad (AdrianAbdulBaha)-مول.wav,https://upload.wikimedia.org/wikipedia/commons/d/df/LL-Q55633582_%28ajp%29-Muhammad_%28AdrianAbdulBaha%29-%D9%85%D9%88%D9%84.wav
1339,مية,mij.je,2,1,LL-Q55633582 (ajp)-Muhammad (AdrianAbdulBaha)-مِية.wav,https://upload.wikimedia.org/wikipedia/commons/f/f4/LL-Q55633582_%28ajp%29-Muhammad_%28AdrianAbdulBaha%29-%D9%85%D9%90%D9%8A%D8%A9.wav
1340,مية,ˈmˤɑj.je,2,1,LL-Q55633582 (ajp)-Muhammad (AdrianAbdulBaha)-مِية.wav,https://upload.wikimedia.org/wikipedia/commons/f/f4/LL-Q55633582_%28ajp%29-Muhammad_%28AdrianAbdulBaha%29-%D9%85%D9%90%D9%8A%D8%A9.wav
1341,ميت,mij.jɪt,2,1,LL-Q55633582 (ajp)-Muhammad (AdrianAbdulBaha)-ميّت.wav,https://upload.wikimedia.org/wikipedia/commons/3/3e/LL-Q55633582_%28ajp%29-Muhammad_%28AdrianAbdulBaha%29-%D9%85%D9%8A%D9%91%D8%AA.wav
1342,ميت,maj.jɪt,2,1,LL-Q55633582 (ajp)-Muhammad (AdrianAbdulBaha)-ميّت.wav,https://upload.wikimedia.org/wikipedia/commons/3/3e/LL-Q55633582_%28ajp%29-Muhammad_%28AdrianAbdulBaha%29-%D9%85%D9%8A%D9%91%D8%AA.wav
1343,ميز,ˈmaj.jaz,2,1,LL-Q55633582 (ajp)-Khalil.rantissi-مَيَّز.wav,https://upload.wikimedia.org/wikipedia/commons/c/ce/LL-Q55633582_%28ajp%29-Khalil.rantissi-%D9%85%D9%8E%D9%8A%D9%8E%D9%91%D8%B2.wav
1344,مينا,miː.na,2,1,LL-Q55633582 (ajp)-Muhammad (AdrianAbdulBaha)-مينا.wav,https://upload.wikimedia.org/wikipedia/commons/b/bf/LL-Q55633582_%28ajp%29-Muhammad_%28AdrianAbdulBaha%29-%D9%85%D9%8A%D9%86%D8%A7.wav
1345,ميناء,miː.na,2,1,LL-Q55633582 (ajp)-Muhammad (AdrianAbdulBaha)-مينا.wav,https://upload.wikimedia.org/wikipedia/commons/b/bf/LL-Q55633582_%28ajp%29-Muhammad_%28AdrianAbdulBaha%29-%D9%85%D9%8A%D9%86%D8%A7.wav
1346,نادر,ˈnæː.dɪr,2,1,LL-Q55633582 (ajp)-Muhammad (AdrianAbdulBaha)-نادر.wav,https://upload.wikimedia.org/wikipedia/commons/9/90/LL-Q55633582_%28ajp%29-Muhammad_%28AdrianAbdulBaha%29-%D9%86%D8%A7%D8%AF%D8%B1.wav
1347,نادى,ˈnæː.da,2,1,LL-Q55633582 (ajp)-Khalil.rantissi-نادى.wav,https://upload.wikimedia.org/wikipedia/commons/a/a0/LL-Q55633582_%28ajp%29-Khalil.rantissi-%D9%86%D8%A7%D8%AF%D9%89.wav
1348,نازل,ˈnæː.zɪl,2,1,LL-Q55633582 (ajp)-Khalil.rantissi-نازل.wav,https://upload.wikimedia.org/wikipedia/commons/5/5b/LL-Q55633582_%28ajp%29-Khalil.rantissi-%D9%86%D8%A7%D8%B2%D9%84.wav
1349,ناسب,ˈnæː.sab,2,1,LL-Q55633582 (ajp)-Khalil.rantissi-ناسَب.wav,https://upload.wikimedia.org/wikipedia/commons/5/5d/LL-Q55633582_%28ajp%29-Khalil.rantissi-%D9%86%D8%A7%D8%B3%D9%8E%D8%A8.wav
1350,ناشف,ˈnæː.ʃɪf,2,1,LL-Q55633582 (ajp)-Muhammad (AdrianAbdulBaha)-ناشف.wav,https://upload.wikimedia.org/wikipedia/commons/3/3c/LL-Q55633582_%28ajp%29-Muhammad_%28AdrianAbdulBaha%29-%D9%86%D8%A7%D8%B4%D9%81.wav
1351,ناصح,ˈnɑː.sˤɪħ,2,1,LL-Q55633582 (ajp)-Muhammad (AdrianAbdulBaha)-ناصح.wav,https://upload.wikimedia.org/wikipedia/commons/d/d3/LL-Q55633582_%28ajp%29-Muhammad_%28AdrianAbdulBaha%29-%D9%86%D8%A7%D8%B5%D8%AD.wav
1352,ناقة,ˈnɑː.qɑ,2,1,LL-Q55633582 (ajp)-Muhammad (AdrianAbdulBaha)-ناقة.wav,https://upload.wikimedia.org/wikipedia/commons/c/cc/LL-Q55633582_%28ajp%29-Muhammad_%28AdrianAbdulBaha%29-%D9%86%D8%A7%D9%82%D8%A9.wav
1353,ناقش,ˈnɑː.qɑʃ,2,1,LL-Q55633582 (ajp)-Khalil.rantissi-ناقَش.wav,https://upload.wikimedia.org/wikipedia/commons/6/64/LL-Q55633582_%28ajp%29-Khalil.rantissi-%D9%86%D8%A7%D9%82%D9%8E%D8%B4.wav
1354,ناوي,ˈnæː.wi,2,1,LL-Q55633582 (ajp)-Muhammad (AdrianAbdulBaha)-ناوي.wav,https://upload.wikimedia.org/wikipedia/commons/7/75/LL-Q55633582_%28ajp%29-Muhammad_%28AdrianAbdulBaha%29-%D9%86%D8%A7%D9%88%D9%8A.wav
1355,نايم,ˈnæː.jɪm,2,1,LL-Q55633582 (ajp)-Khalil.rantissi-نايم.wav,https://upload.wikimedia.org/wikipedia/commons/a/a6/LL-Q55633582_%28ajp%29-Khalil.rantissi-%D9%86%D8%A7%D9%8A%D9%85.wav
1356,نبتة,ˈnab.te,2,1,LL-Q55633582 (ajp)-Muhammad (AdrianAbdulBaha)-نبتة.wav,https://upload.wikimedia.org/wikipedia/commons/d/d6/LL-Q55633582_%28ajp%29-Muhammad_%28AdrianAbdulBaha%29-%D9%86%D8%A8%D8%AA%D8%A9.wav
1357,نبه,ˈnab.bah,2,1,LL-Q55633582 (ajp)-Khalil.rantissi-نَبَّه.wav,https://upload.wikimedia.org/wikipedia/commons/4/46/LL-Q55633582_%28ajp%29-Khalil.rantissi-%D9%86%D9%8E%D8%A8%D9%8E%D9%91%D9%87.wav
1358,نتفة,ˈnɪt.fe,2,1,LL-Q55633582 (ajp)-Muhammad (AdrianAbdulBaha)-نتفة.wav,https://upload.wikimedia.org/wikipedia/commons/1/1b/LL-Q55633582_%28ajp%29-Muhammad_%28AdrianAbdulBaha%29-%D9%86%D8%AA%D9%81%D8%A9.wav
1359,نتق,ˈna.taʔ,2,1,LL-Q55633582 (ajp)-Khalil.rantissi-نَتَق.wav,https://upload.wikimedia.org/wikipedia/commons/a/a3/LL-Q55633582_%28ajp%29-Khalil.rantissi-%D9%86%D9%8E%D8%AA%D9%8E%D9%82.wav
1360,نجح,ˈni.ʒɪħ,2,1,LL-Q55633582 (ajp)-Khalil.rantissi-نِجِح.wav,https://upload.wikimedia.org/wikipedia/commons/4/49/LL-Q55633582_%28ajp%29-Khalil.rantissi-%D9%86%D9%90%D8%AC%D9%90%D8%AD.wav
1361,نحل,ˈna.ħ(ɪ)l,2,1,LL-Q55633582 (ajp)-Muhammad (AdrianAbdulBaha)-نحل.wav,https://upload.wikimedia.org/wikipedia/commons/9/93/LL-Q55633582_%28ajp%29-Muhammad_%28AdrianAbdulBaha%29-%D9%86%D8%AD%D9%84.wav
1362,ندم,ˈni.dɪm,2,1,LL-Q55633582 (ajp)-Khalil.rantissi-نِدِم.wav,https://upload.wikimedia.org/wikipedia/commons/5/51/LL-Q55633582_%28ajp%29-Khalil.rantissi-%D9%86%D9%90%D8%AF%D9%90%D9%85.wav
1363,نرفز,ˈnar.faz,2,1,LL-Q55633582 (ajp)-Khalil.rantissi-نَرفَز.wav,https://upload.wikimedia.org/wikipedia/commons/e/e3/LL-Q55633582_%28ajp%29-Khalil.rantissi-%D9%86%D9%8E%D8%B1%D9%81%D9%8E%D8%B2.wav
1364,نسبة,ˈnɪs.be,2,1,LL-Q55633582 (ajp)-Muhammad (AdrianAbdulBaha)-نسبة.wav,https://upload.wikimedia.org/wikipedia/commons/e/e1/LL-Q55633582_%28ajp%29-Muhammad_%28AdrianAbdulBaha%29-%D9%86%D8%B3%D8%A8%D8%A9.wav
1365,نسخة,ˈnus.xa,2,1,LL-Q55633582 (ajp)-Muhammad (AdrianAbdulBaha)-نسخة.wav,https://upload.wikimedia.org/wikipedia/commons/7/74/LL-Q55633582_%28ajp%29-Muhammad_%28AdrianAbdulBaha%29-%D9%86%D8%B3%D8%AE%D8%A9.wav
1366,نسر,nɪ.s(ɪ)r,2,1,LL-Q55633582 (ajp)-Muhammad (AdrianAbdulBaha)-نسر.wav,https://upload.wikimedia.org/wikipedia/commons/a/a1/LL-Q55633582_%28ajp%29-Muhammad_%28AdrianAbdulBaha%29-%D9%86%D8%B3%D8%B1.wav
1367,نسي,ˈni.si,2,1,LL-Q55633582 (ajp)-Khalil.rantissi-نِسي.wav,https://upload.wikimedia.org/wikipedia/commons/5/5e/LL-Q55633582_%28ajp%29-Khalil.rantissi-%D9%86%D9%90%D8%B3%D9%8A.wav
1368,نشر,ˈna.ʃar,2,1,LL-Q55633582 (ajp)-Khalil.rantissi-نَشَر.wav,https://upload.wikimedia.org/wikipedia/commons/a/a6/LL-Q55633582_%28ajp%29-Khalil.rantissi-%D9%86%D9%8E%D8%B4%D9%8E%D8%B1.wav
1369,نضف,ˈnɑdˤ.dˤɑf,2,1,LL-Q55633582 (ajp)-Khalil.rantissi-نَضَّف.wav,https://upload.wikimedia.org/wikipedia/commons/7/73/LL-Q55633582_%28ajp%29-Khalil.rantissi-%D9%86%D9%8E%D8%B6%D9%8E%D9%91%D9%81.wav
1370,نظم,ˈnɑzˤ.zˤɑm,2,1,LL-Q55633582 (ajp)-Khalil.rantissi-نَظَّم.wav,https://upload.wikimedia.org/wikipedia/commons/7/78/LL-Q55633582_%28ajp%29-Khalil.rantissi-%D9%86%D9%8E%D8%B8%D9%8E%D9%91%D9%85.wav
1371,نعس,ˈni.ʕɪs,2,1,LL-Q55633582 (ajp)-Khalil.rantissi-نِعِس.wav,https://upload.wikimedia.org/wikipedia/commons/8/88/LL-Q55633582_%28ajp%29-Khalil.rantissi-%D9%86%D9%90%D8%B9%D9%90%D8%B3.wav
1372,نعنع,ˈnaʕ.naʕ,2,1,LL-Q55633582 (ajp)-IbrahimZ (AdrianAbdulBaha)-نعنع.wav,https://upload.wikimedia.org/wikipedia/commons/7/7b/LL-Q55633582_%28ajp%29-IbrahimZ_%28AdrianAbdulBaha%29-%D9%86%D8%B9%D9%86%D8%B9.wav
1373,نغش,ˈnɪ.ɣ(ɪ)ʃ,2,1,LL-Q55633582 (ajp)-Muhammad (AdrianAbdulBaha)-نغش.wav,https://upload.wikimedia.org/wikipedia/commons/4/41/LL-Q55633582_%28ajp%29-Muhammad_%28AdrianAbdulBaha%29-%D9%86%D8%BA%D8%B4.wav
1374,نفخ,ˈna.fax,2,1,LL-Q55633582 (ajp)-Khalil.rantissi-نَفَخ.wav,https://upload.wikimedia.org/wikipedia/commons/d/d8/LL-Q55633582_%28ajp%29-Khalil.rantissi-%D9%86%D9%8E%D9%81%D9%8E%D8%AE.wav
1375,0نفس,ˈnaf.fas,2,1,LL-Q55633582 (ajp)-Muhammad (AdrianAbdulBaha)-نفس.wav,https://upload.wikimedia.org/wikipedia/commons/0/0c/LL-Q55633582_%28ajp%29-Muhammad_%28AdrianAbdulBaha%29-%D9%86%D9%81%D8%B3.wav
1376,نفس,ˈna.fas,2,1,LL-Q55633582 (ajp)-Muhammad (AdrianAbdulBaha)-نفس.wav,https://upload.wikimedia.org/wikipedia/commons/0/0c/LL-Q55633582_%28ajp%29-Muhammad_%28AdrianAbdulBaha%29-%D9%86%D9%81%D8%B3.wav
1377,نفع,ˈna.faʕ,2,1,LL-Q55633582 (ajp)-Khalil.rantissi-نَفَع.wav,https://upload.wikimedia.org/wikipedia/commons/6/6f/LL-Q55633582_%28ajp%29-Khalil.rantissi-%D9%86%D9%8E%D9%81%D9%8E%D8%B9.wav
1378,نفى,ˈna.fa,2,1,LL-Q55633582 (ajp)-Khalil.rantissi-نَفى.wav,https://upload.wikimedia.org/wikipedia/commons/a/a3/LL-Q55633582_%28ajp%29-Khalil.rantissi-%D9%86%D9%8E%D9%81%D9%89.wav
1379,نقص,ˈnɑʔ.ʔɑsˤ,2,1,LL-Q55633582 (ajp)-Khalil.rantissi-نَقَّص.wav,https://upload.wikimedia.org/wikipedia/commons/a/a1/LL-Q55633582_%28ajp%29-Khalil.rantissi-%D9%86%D9%8E%D9%82%D9%8E%D9%91%D8%B5.wav
1380,نقل,ˈna.ʔal,2,1,LL-Q55633582 (ajp)-Khalil.rantissi-نَقَل.wav,https://upload.wikimedia.org/wikipedia/commons/9/9d/LL-Q55633582_%28ajp%29-Khalil.rantissi-%D9%86%D9%8E%D9%82%D9%8E%D9%84.wav
1381,نقى,ˈnaʔ.ʔa,2,1,LL-Q55633582 (ajp)-Khalil.rantissi-نَقّى.wav,https://upload.wikimedia.org/wikipedia/commons/3/3d/LL-Q55633582_%28ajp%29-Khalil.rantissi-%D9%86%D9%8E%D9%82%D9%91%D9%89.wav
1382,نكت,ˈnak.kat,2,1,LL-Q55633582 (ajp)-Khalil.rantissi-نَكَّت.wav,https://upload.wikimedia.org/wikipedia/commons/1/10/LL-Q55633582_%28ajp%29-Khalil.rantissi-%D9%86%D9%8E%D9%83%D9%8E%D9%91%D8%AA.wav
1383,نكد,ˈnɪ.kɪd,2,1,LL-Q55633582 (ajp)-Muhammad (AdrianAbdulBaha)-نكد.wav,https://upload.wikimedia.org/wikipedia/commons/9/94/LL-Q55633582_%28ajp%29-Muhammad_%28AdrianAbdulBaha%29-%D9%86%D9%83%D8%AF.wav
1384,نكر,ˈna.kar,2,1,LL-Q55633582 (ajp)-Khalil.rantissi-نَكَر.wav,https://upload.wikimedia.org/wikipedia/commons/0/00/LL-Q55633582_%28ajp%29-Khalil.rantissi-%D9%86%D9%8E%D9%83%D9%8E%D8%B1.wav
1385,نكهة,ˈnak.ha,2,1,LL-Q55633582 (ajp)-Muhammad (AdrianAbdulBaha)-نكهة.wav,https://upload.wikimedia.org/wikipedia/commons/d/dd/LL-Q55633582_%28ajp%29-Muhammad_%28AdrianAbdulBaha%29-%D9%86%D9%83%D9%87%D8%A9.wav
1386,نمر,ˈnɪ.m(ɪ)r,2,1,LL-Q55633582 (ajp)-Muhammad (AdrianAbdulBaha)-نمر.wav,https://upload.wikimedia.org/wikipedia/commons/b/bd/LL-Q55633582_%28ajp%29-Muhammad_%28AdrianAbdulBaha%29-%D9%86%D9%85%D8%B1.wav
1387,نمرة,ˈnʊm.rˤɑ,2,1,LL-Q55633582 (ajp)-Khalil.rantissi-نمرة.wav,https://upload.wikimedia.org/wikipedia/commons/c/c1/LL-Q55633582_%28ajp%29-Khalil.rantissi-%D9%86%D9%85%D8%B1%D8%A9.wav
1388,نمل,ˈna.m(ɪ)l,2,1,LL-Q55633582 (ajp)-Khalil.rantissi-نمل.wav,https://upload.wikimedia.org/wikipedia/commons/c/c2/LL-Q55633582_%28ajp%29-Khalil.rantissi-%D9%86%D9%85%D9%84.wav
1389,نهدي,ˈnah.di,2,1,LL-Q55633582 (ajp)-Muhammad (AdrianAbdulBaha)-نهدي.wav,https://upload.wikimedia.org/wikipedia/commons/2/2e/LL-Q55633582_%28ajp%29-Muhammad_%28AdrianAbdulBaha%29-%D9%86%D9%87%D8%AF%D9%8A.wav
1390,نومة,ˈnoː.me,2,1,LL-Q55633582 (ajp)-Muhammad (AdrianAbdulBaha)-نومة.wav,https://upload.wikimedia.org/wikipedia/commons/5/51/LL-Q55633582_%28ajp%29-Muhammad_%28AdrianAbdulBaha%29-%D9%86%D9%88%D9%85%D8%A9.wav
1391,نيم,ˈnaj.jam,2,1,LL-Q55633582 (ajp)-Khalil.rantissi-نَيَّم.wav,https://upload.wikimedia.org/wikipedia/commons/3/38/LL-Q55633582_%28ajp%29-Khalil.rantissi-%D9%86%D9%8E%D9%8A%D9%8E%D9%91%D9%85.wav
1392,هاجر,ˈhæː.ʒar,2,1,LL-Q55633582 (ajp)-Khalil.rantissi-هاجَر.wav,https://upload.wikimedia.org/wikipedia/commons/1/14/LL-Q55633582_%28ajp%29-Khalil.rantissi-%D9%87%D8%A7%D8%AC%D9%8E%D8%B1.wav
1393,هاجم,ˈhæː.ʒam,2,1,LL-Q55633582 (ajp)-Khalil.rantissi-هاجَم.wav,https://upload.wikimedia.org/wikipedia/commons/6/6b/LL-Q55633582_%28ajp%29-Khalil.rantissi-%D9%87%D8%A7%D8%AC%D9%8E%D9%85.wav
1394,هادا,ˈhæː.da,2,1,LL-Q55633582 (ajp)-Muhammad (AdrianAbdulBaha)-هادا.wav,https://upload.wikimedia.org/wikipedia/commons/1/13/LL-Q55633582_%28ajp%29-Muhammad_%28AdrianAbdulBaha%29-%D9%87%D8%A7%D8%AF%D8%A7.wav
1395,هادي,ˈhæː.di,2,1,LL-Q55633582 (ajp)-Muhammad (AdrianAbdulBaha)-هادي.wav,https://upload.wikimedia.org/wikipedia/commons/5/53/LL-Q55633582_%28ajp%29-Muhammad_%28AdrianAbdulBaha%29-%D9%87%D8%A7%D8%AF%D9%8A.wav
1396,هجم,ˈha.ʒam,2,1,LL-Q55633582 (ajp)-Khalil.rantissi-هَجَم.wav,https://upload.wikimedia.org/wikipedia/commons/6/67/LL-Q55633582_%28ajp%29-Khalil.rantissi-%D9%87%D9%8E%D8%AC%D9%8E%D9%85.wav
1397,هدد,ˈhad.dad,2,1,LL-Q55633582 (ajp)-Khalil.rantissi-هَدَّد.wav,https://upload.wikimedia.org/wikipedia/commons/d/dc/LL-Q55633582_%28ajp%29-Khalil.rantissi-%D9%87%D9%8E%D8%AF%D9%8E%D9%91%D8%AF.wav
1398,هدف,ˈha.daf,2,1,LL-Q55633582 (ajp)-Khalil.rantissi-هَدَف.wav,https://upload.wikimedia.org/wikipedia/commons/f/f3/LL-Q55633582_%28ajp%29-Khalil.rantissi-%D9%87%D9%8E%D8%AF%D9%8E%D9%81.wav
1399,هدي,ˈhi.di,2,1,LL-Q55633582 (ajp)-Khalil.rantissi-هِدي.wav,https://upload.wikimedia.org/wikipedia/commons/5/57/LL-Q55633582_%28ajp%29-Khalil.rantissi-%D9%87%D9%90%D8%AF%D9%8A.wav
1400,0هلا,ˈhal.laʔ,2,1,LL-Q55633582 (ajp)-AdrianAbdulBaha-هلا.wav,https://upload.wikimedia.org/wikipedia/commons/d/d4/LL-Q55633582_%28ajp%29-AdrianAbdulBaha-%D9%87%D9%84%D8%A7.wav
1401,هلا,ˈha.la,2,1,LL-Q55633582 (ajp)-AdrianAbdulBaha-هلا.wav,https://upload.wikimedia.org/wikipedia/commons/d/d4/LL-Q55633582_%28ajp%29-AdrianAbdulBaha-%D9%87%D9%84%D8%A7.wav
1402,هم,ˈhʊm.me,2,1,LL-Q55633582 (ajp)-MahmoudM (AdrianAbdulBaha)-همه.wav,https://upload.wikimedia.org/wikipedia/commons/5/5e/LL-Q55633582_%28ajp%29-MahmoudM_%28AdrianAbdulBaha%29-%D9%87%D9%85%D9%87.wav
1403,هو,ˈhʊw.we,2,1,LL-Q55633582 (ajp)-MahmoudM (AdrianAbdulBaha)-هو.wav,https://upload.wikimedia.org/wikipedia/commons/2/2d/LL-Q55633582_%28ajp%29-MahmoudM_%28AdrianAbdulBaha%29-%D9%87%D9%88.wav
1404,هوا,ˈha.wa,2,1,LL-Q55633582 (ajp)-Khalil.rantissi-هوا.wav,https://upload.wikimedia.org/wikipedia/commons/2/22/LL-Q55633582_%28ajp%29-Khalil.rantissi-%D9%87%D9%88%D8%A7.wav
1405,هون,ˈhaw.wan,2,1,LL-Q55633582 (ajp)-MahmoudM (AdrianAbdulBaha)-هون.wav,https://upload.wikimedia.org/wikipedia/commons/7/76/LL-Q55633582_%28ajp%29-MahmoudM_%28AdrianAbdulBaha%29-%D9%87%D9%88%D9%86.wav
1406,هي,ˈhij.je,2,1,LL-Q55633582 (ajp)-MahmoudM (AdrianAbdulBaha)-هي.wav,https://upload.wikimedia.org/wikipedia/commons/c/ce/LL-Q55633582_%28ajp%29-MahmoudM_%28AdrianAbdulBaha%29-%D9%87%D9%8A.wav
1407,هين,ˈhej.jɪn,2,1,LL-Q55633582 (ajp)-Muhammad (AdrianAbdulBaha)-هيّن.wav,https://upload.wikimedia.org/wikipedia/commons/3/37/LL-Q55633582_%28ajp%29-Muhammad_%28AdrianAbdulBaha%29-%D9%87%D9%8A%D9%91%D9%86.wav
1408,واجب,ˈwæː.ʒɪb,2,1,LL-Q55633582 (ajp)-AmmanM (AdrianAbdulBaha)-واجب.wav,https://upload.wikimedia.org/wikipedia/commons/1/1f/LL-Q55633582_%28ajp%29-AmmanM_%28AdrianAbdulBaha%29-%D9%88%D8%A7%D8%AC%D8%A8.wav
1409,واجه,ˈwæː.ʒah,2,1,LL-Q55633582 (ajp)-Khalil.rantissi-واجَه.wav,https://upload.wikimedia.org/wikipedia/commons/0/04/LL-Q55633582_%28ajp%29-Khalil.rantissi-%D9%88%D8%A7%D8%AC%D9%8E%D9%87.wav
1410,واحد,ˈwaː.ħad,2,1,LL-Q55633582 (ajp)-AseelF (AdrianAbdulBaha)-1.wav,https://upload.wikimedia.org/wikipedia/commons/7/7f/LL-Q55633582_%28ajp%29-AseelF_%28AdrianAbdulBaha%29-1.wav
1411,واديرم,wæː.di ˈrˤɑm,2,1,LL-Q55633582 (ajp)-Khalil.rantissi-وادي رمّ.wav,https://upload.wikimedia.org/wikipedia/commons/0/00/LL-Q55633582_%28ajp%29-Khalil.rantissi-%D9%88%D8%A7%D8%AF%D9%8A_%D8%B1%D9%85%D9%91.wav
1412,واسع,ˈwæː.sɪʕ,2,1,LL-Q55633582 (ajp)-Muhammad (AdrianAbdulBaha)-واسع.wav,https://upload.wikimedia.org/wikipedia/commons/a/ab/LL-Q55633582_%28ajp%29-Muhammad_%28AdrianAbdulBaha%29-%D9%88%D8%A7%D8%B3%D8%B9.wav
1413,واطي,ˈwɑː.tˤi,2,1,LL-Q55633582 (ajp)-Muhammad (AdrianAbdulBaha)-واطي.wav,https://upload.wikimedia.org/wikipedia/commons/2/24/LL-Q55633582_%28ajp%29-Muhammad_%28AdrianAbdulBaha%29-%D9%88%D8%A7%D8%B7%D9%8A.wav
1414,وافق,ˈwæː.faʔ,2,1,LL-Q55633582 (ajp)-Khalil.rantissi-وافَق.wav,https://upload.wikimedia.org/wikipedia/commons/2/2f/LL-Q55633582_%28ajp%29-Khalil.rantissi-%D9%88%D8%A7%D9%81%D9%8E%D9%82.wav
1415,والله,ˈwɑlˤ.lˤɑ,2,1,LL-Q55633582 (ajp)-AdrianAbdulBaha-والله.wav,https://upload.wikimedia.org/wikipedia/commons/5/59/LL-Q55633582_%28ajp%29-AdrianAbdulBaha-%D9%88%D8%A7%D9%84%D9%84%D9%87.wav
1416,وثق,ˈwa.θaq,2,1,LL-Q55633582 (ajp)-Khalil.rantissi-وَثَق.wav,https://upload.wikimedia.org/wikipedia/commons/3/3c/LL-Q55633582_%28ajp%29-Khalil.rantissi-%D9%88%D9%8E%D8%AB%D9%8E%D9%82.wav
1417,وثق,ˈwa.saʔ,2,1,LL-Q55633582 (ajp)-Khalil.rantissi-وَثَق.wav,https://upload.wikimedia.org/wikipedia/commons/3/3c/LL-Q55633582_%28ajp%29-Khalil.rantissi-%D9%88%D9%8E%D8%AB%D9%8E%D9%82.wav
1418,وجبة,ˈwaʒ.be,2,1,LL-Q55633582 (ajp)-Khalil.rantissi-وجبة.wav,https://upload.wikimedia.org/wikipedia/commons/0/00/LL-Q55633582_%28ajp%29-Khalil.rantissi-%D9%88%D8%AC%D8%A8%D8%A9.wav
1419,0وجه,ˈwaʒ.ʒah,2,1,LL-Q55633582 (ajp)-Khalil.rantissi-وجه.wav,https://upload.wikimedia.org/wikipedia/commons/6/63/LL-Q55633582_%28ajp%29-Khalil.rantissi-%D9%88%D8%AC%D9%87.wav
1420,وجه,ˈwi.j(ɪ)h,2,1,LL-Q55633582 (ajp)-Khalil.rantissi-وجه.wav,https://upload.wikimedia.org/wikipedia/commons/6/63/LL-Q55633582_%28ajp%29-Khalil.rantissi-%D9%88%D8%AC%D9%87.wav
1421,وحد,ˈwaħ.ħad,2,1,LL-Q55633582 (ajp)-Khalil.rantissi-وَحَّد.wav,https://upload.wikimedia.org/wikipedia/commons/7/7d/LL-Q55633582_%28ajp%29-Khalil.rantissi-%D9%88%D9%8E%D8%AD%D9%8E%D9%91%D8%AF.wav
1422,ودع,ˈwad.daʕ,2,1,LL-Q55633582 (ajp)-Khalil.rantissi-وَدَّع.wav,https://upload.wikimedia.org/wikipedia/commons/1/1b/LL-Q55633582_%28ajp%29-Khalil.rantissi-%D9%88%D9%8E%D8%AF%D9%8E%D9%91%D8%B9.wav
1423,ورا,ˈwa.ra,2,1,LL-Q55633582 (ajp)-MahmoudM (AdrianAbdulBaha)-ورا.wav,https://upload.wikimedia.org/wikipedia/commons/1/1e/LL-Q55633582_%28ajp%29-MahmoudM_%28AdrianAbdulBaha%29-%D9%88%D8%B1%D8%A7.wav
1424,ورجى,ˈwar.ʒa,2,1,LL-Q55633582 (ajp)-Khalil.rantissi-وَرجى.wav,https://upload.wikimedia.org/wikipedia/commons/8/82/LL-Q55633582_%28ajp%29-Khalil.rantissi-%D9%88%D9%8E%D8%B1%D8%AC%D9%89.wav
1425,ورق,ˈwɑ.rˤɑʔ,2,1,LL-Q55633582 (ajp)-Khalil.rantissi-ورق.wav,https://upload.wikimedia.org/wikipedia/commons/d/dd/LL-Q55633582_%28ajp%29-Khalil.rantissi-%D9%88%D8%B1%D9%82.wav
1426,ورم,ˈwi.rɪm,2,1,LL-Q55633582 (ajp)-Khalil.rantissi-وِرِم.wav,https://upload.wikimedia.org/wikipedia/commons/4/44/LL-Q55633582_%28ajp%29-Khalil.rantissi-%D9%88%D9%90%D8%B1%D9%90%D9%85.wav
1427,وزة,ˈwaz.ze,2,1,LL-Q55633582 (ajp)-Muhammad (AdrianAbdulBaha)-وزّة.wav,https://upload.wikimedia.org/wikipedia/commons/0/09/LL-Q55633582_%28ajp%29-Muhammad_%28AdrianAbdulBaha%29-%D9%88%D8%B2%D9%91%D8%A9.wav
1428,وزع,ˈwaz.zaʕ,2,1,LL-Q55633582 (ajp)-Khalil.rantissi-وَزَّع.wav,https://upload.wikimedia.org/wikipedia/commons/6/62/LL-Q55633582_%28ajp%29-Khalil.rantissi-%D9%88%D9%8E%D8%B2%D9%8E%D9%91%D8%B9.wav
1429,وسادة,ˈwsæː.de,2,1,LL-Q55633582 (ajp)-Muhammad (AdrianAbdulBaha)-وسادة.wav,https://upload.wikimedia.org/wikipedia/commons/e/ef/LL-Q55633582_%28ajp%29-Muhammad_%28AdrianAbdulBaha%29-%D9%88%D8%B3%D8%A7%D8%AF%D8%A9.wav
1430,وشوش,ˈwaʃ.waʃ,2,1,LL-Q55633582 (ajp)-AdrianAbdulBaha-وَشوَش.wav,https://upload.wikimedia.org/wikipedia/commons/2/2b/LL-Q55633582_%28ajp%29-AdrianAbdulBaha-%D9%88%D9%8E%D8%B4%D9%88%D9%8E%D8%B4.wav
1431,وصف,ˈwɑ.sˤɑf,2,1,LL-Q55633582 (ajp)-Khalil.rantissi-وَصَف.wav,https://upload.wikimedia.org/wikipedia/commons/0/02/LL-Q55633582_%28ajp%29-Khalil.rantissi-%D9%88%D9%8E%D8%B5%D9%8E%D9%81.wav
1432,وضح,ˈwʌdˤ.dˤʌħ,2,1,LL-Q55633582 (ajp)-Khalil.rantissi-وضَّح.wav,https://upload.wikimedia.org/wikipedia/commons/9/91/LL-Q55633582_%28ajp%29-Khalil.rantissi-%D9%88%D8%B6%D9%8E%D9%91%D8%AD.wav
1433,0وطن,ˈwɑtˤ.tˤɑn,2,1,LL-Q55633582 (ajp)-Khalil.rantissi-وطن.wav,https://upload.wikimedia.org/wikipedia/commons/8/8c/LL-Q55633582_%28ajp%29-Khalil.rantissi-%D9%88%D8%B7%D9%86.wav
1434,وطن,ˈwɑ.tˤɑn,2,1,LL-Q55633582 (ajp)-Khalil.rantissi-وطن.wav,https://upload.wikimedia.org/wikipedia/commons/8/8c/LL-Q55633582_%28ajp%29-Khalil.rantissi-%D9%88%D8%B7%D9%86.wav
1435,وطى,ˈwɑtˤ.tˤɑ,2,1,LL-Q55633582 (ajp)-Khalil.rantissi-وَطّى.wav,https://upload.wikimedia.org/wikipedia/commons/2/2e/LL-Q55633582_%28ajp%29-Khalil.rantissi-%D9%88%D9%8E%D8%B7%D9%91%D9%89.wav
1436,وطي,ˈwi.tˤi,2,1,LL-Q55633582 (ajp)-Khalil.rantissi-وِطي.wav,https://upload.wikimedia.org/wikipedia/commons/9/96/LL-Q55633582_%28ajp%29-Khalil.rantissi-%D9%88%D9%90%D8%B7%D9%8A.wav
1437,وظف,ˈwɑzˤ.zˤɑf,2,1,LL-Q55633582 (ajp)-Khalil.rantissi-وَظَّف.wav,https://upload.wikimedia.org/wikipedia/commons/3/3c/LL-Q55633582_%28ajp%29-Khalil.rantissi-%D9%88%D9%8E%D8%B8%D9%8E%D9%91%D9%81.wav
1438,وعد,ˈwa.ʕad,2,1,LL-Q55633582 (ajp)-Khalil.rantissi-وَعَد.wav,https://upload.wikimedia.org/wikipedia/commons/0/0a/LL-Q55633582_%28ajp%29-Khalil.rantissi-%D9%88%D9%8E%D8%B9%D9%8E%D8%AF.wav
1439,وعى,ˈwaʕ.ʕa,2,1,LL-Q55633582 (ajp)-Khalil.rantissi-وَعّى.wav,https://upload.wikimedia.org/wikipedia/commons/c/c1/LL-Q55633582_%28ajp%29-Khalil.rantissi-%D9%88%D9%8E%D8%B9%D9%91%D9%89.wav
1440,وعي,ˈwi.ʕi,2,1,LL-Q55633582 (ajp)-Khalil.rantissi-وِعي.wav,https://upload.wikimedia.org/wikipedia/commons/e/e7/LL-Q55633582_%28ajp%29-Khalil.rantissi-%D9%88%D9%90%D8%B9%D9%8A.wav
1441,وفر,ˈwaf.far,2,1,LL-Q55633582 (ajp)-Khalil.rantissi-وَفَّر.wav,https://upload.wikimedia.org/wikipedia/commons/4/43/LL-Q55633582_%28ajp%29-Khalil.rantissi-%D9%88%D9%8E%D9%81%D9%8E%D9%91%D8%B1.wav
1442,وقح,ˈwɪ.ʔɪħ,2,1,LL-Q55633582 (ajp)-Mohammad-LPA-وقح.wav,https://upload.wikimedia.org/wikipedia/commons/7/74/LL-Q55633582_%28ajp%29-Mohammad-LPA-%D9%88%D9%82%D8%AD.wav
1443,ولا,ˈwa.la,2,1,LL-Q55633582 (ajp)-AdrianAbdulBaha-ولا.wav,https://upload.wikimedia.org/wikipedia/commons/c/cd/LL-Q55633582_%28ajp%29-AdrianAbdulBaha-%D9%88%D9%84%D8%A7.wav
1444,ولا,ˈwɪl.la,2,1,LL-Q55633582 (ajp)-AdrianAbdulBaha-ولا.wav,https://upload.wikimedia.org/wikipedia/commons/c/cd/LL-Q55633582_%28ajp%29-AdrianAbdulBaha-%D9%88%D9%84%D8%A7.wav
1445,ولد,ˈwi.lɪd,2,1,LL-Q55633582 (ajp)-MahmoudM (AdrianAbdulBaha)-ولد.wav,https://upload.wikimedia.org/wikipedia/commons/8/86/LL-Q55633582_%28ajp%29-MahmoudM_%28AdrianAbdulBaha%29-%D9%88%D9%84%D8%AF.wav
1446,ولد,ˈwa.lad,2,1,LL-Q55633582 (ajp)-MahmoudM (AdrianAbdulBaha)-ولد.wav,https://upload.wikimedia.org/wikipedia/commons/8/86/LL-Q55633582_%28ajp%29-MahmoudM_%28AdrianAbdulBaha%29-%D9%88%D9%84%D8%AF.wav
1447,ولع,ˈwal.laʕ,2,1,LL-Q55633582 (ajp)-Khalil.rantissi-وَلَّع.wav,https://upload.wikimedia.org/wikipedia/commons/8/86/LL-Q55633582_%28ajp%29-Khalil.rantissi-%D9%88%D9%8E%D9%84%D9%8E%D9%91%D8%B9.wav
1448,يابس,ˈjæː.bɪs,2,1,LL-Q55633582 (ajp)-Muhammad (AdrianAbdulBaha)-يابس.wav,https://upload.wikimedia.org/wikipedia/commons/1/12/LL-Q55633582_%28ajp%29-Muhammad_%28AdrianAbdulBaha%29-%D9%8A%D8%A7%D8%A8%D8%B3.wav
1449,يافا,ˈjæː.fa,2,1,LL-Q55633582 (ajp)-Khalil.rantissi-يافا.wav,https://upload.wikimedia.org/wikipedia/commons/0/0e/LL-Q55633582_%28ajp%29-Khalil.rantissi-%D9%8A%D8%A7%D9%81%D8%A7.wav
1450,يبس,ˈjɪ.bɪs,2,1,LL-Q55633582 (ajp)-AdrianAbdulBaha-يبس.wav,https://upload.wikimedia.org/wikipedia/commons/a/a0/LL-Q55633582_%28ajp%29-AdrianAbdulBaha-%D9%8A%D8%A8%D8%B3.wav
1451,يعني,ˈjaʕ.ni,2,1,LL-Q55633582 (ajp)-AdrianAbdulBaha-يعني.wav,https://upload.wikimedia.org/wikipedia/commons/4/4b/LL-Q55633582_%28ajp%29-AdrianAbdulBaha-%D9%8A%D8%B9%D9%86%D9%8A.wav
1452,يلا,ˈjɑlˤ.lˤɑ,2,1,LL-Q55633582 (ajp)-Muhammad (AdrianAbdulBaha)-يلا باي.wav,https://upload.wikimedia.org/wikipedia/commons/f/f6/LL-Q55633582_%28ajp%29-Muhammad_%28AdrianAbdulBaha%29-%D9%8A%D9%84%D8%A7_%D8%A8%D8%A7%D9%8A.wav
1453,يمكن,ˈjɪm.kɪn,2,1,LL-Q55633582 (ajp)-AdrianAbdulBaha-يمكن.wav,https://upload.wikimedia.org/wikipedia/commons/8/85/LL-Q55633582_%28ajp%29-AdrianAbdulBaha-%D9%8A%D9%85%D9%83%D9%86.wav
1454,أباجور,ʔa.baˈʒoːr,3,3,LL-Q55633582 (ajp)-Khalil.rantissi-أباجور.wav,https://upload.wikimedia.org/wikipedia/commons/1/1a/LL-Q55633582_%28ajp%29-Khalil.rantissi-%D8%A3%D8%A8%D8%A7%D8%AC%D9%88%D8%B1.wav
1455,أربعتعش,ˌʔar.bɑʕˈtˤɑʃ,3,3,LL-Q55633582 (ajp)-AseelF (AdrianAbdulBaha)-14.wav,https://upload.wikimedia.org/wikipedia/commons/3/3f/LL-Q55633582_%28ajp%29-AseelF_%28AdrianAbdulBaha%29-14.wav
1456,أصدقاء,ʔɑsˤ.dˤɪˈqɑːʔ,3,3,LL-Q55633582 (ajp)-MahmoudM (AdrianAbdulBaha)-اصدقاء.wav,https://upload.wikimedia.org/wikipedia/commons/b/b6/LL-Q55633582_%28ajp%29-MahmoudM_%28AdrianAbdulBaha%29-%D8%A7%D8%B5%D8%AF%D9%82%D8%A7%D8%A1.wav
1457,أصنصير,ʔɑ.sˤɑnˈsˤeːr,3,3,LL-Q55633582 (ajp)-Khalil.rantissi-أصَنصير.wav,https://upload.wikimedia.org/wikipedia/commons/c/cc/LL-Q55633582_%28ajp%29-Khalil.rantissi-%D8%A3%D8%B5%D9%8E%D9%86%D8%B5%D9%8A%D8%B1.wav
1458,احتياط,ɪħ.tˤɪˈjɑːtˤ,3,3,LL-Q55633582 (ajp)-Muhammad (AdrianAbdulBaha)-احتياط.wav,https://upload.wikimedia.org/wikipedia/commons/e/e1/LL-Q55633582_%28ajp%29-Muhammad_%28AdrianAbdulBaha%29-%D8%A7%D8%AD%D8%AA%D9%8A%D8%A7%D8%B7.wav
1459,استخدام,ɪs.tɪxˈdæːm,3,3,LL-Q55633582 (ajp)-Muhammad (AdrianAbdulBaha)-استخدام.wav,https://upload.wikimedia.org/wikipedia/commons/3/35/LL-Q55633582_%28ajp%29-Muhammad_%28AdrianAbdulBaha%29-%D8%A7%D8%B3%D8%AA%D8%AE%D8%AF%D8%A7%D9%85.wav
1460,استخف,ɪs.taˈxaf,3,3,LL-Q55633582 (ajp)-Khalil.rantissi-استَخَفّ.wav,https://upload.wikimedia.org/wikipedia/commons/5/56/LL-Q55633582_%28ajp%29-Khalil.rantissi-%D8%A7%D8%B3%D8%AA%D9%8E%D8%AE%D9%8E%D9%81%D9%91.wav
1461,استراح,ɪs.taˈrˤɑːħ,3,3,LL-Q55633582 (ajp)-Khalil.rantissi-استَراح.wav,https://upload.wikimedia.org/wikipedia/commons/1/1c/LL-Q55633582_%28ajp%29-Khalil.rantissi-%D8%A7%D8%B3%D8%AA%D9%8E%D8%B1%D8%A7%D8%AD.wav
1462,استشار,ɪs.taˈʃɑːrˤ,3,3,LL-Q55633582 (ajp)-Khalil.rantissi-استَشار.wav,https://upload.wikimedia.org/wikipedia/commons/4/41/LL-Q55633582_%28ajp%29-Khalil.rantissi-%D8%A7%D8%B3%D8%AA%D9%8E%D8%B4%D8%A7%D8%B1.wav
1463,استعار,ɪs.taˈʕɑːr,3,3,LL-Q55633582 (ajp)-Khalil.rantissi-استَعار.wav,https://upload.wikimedia.org/wikipedia/commons/9/9c/LL-Q55633582_%28ajp%29-Khalil.rantissi-%D8%A7%D8%B3%D8%AA%D9%8E%D8%B9%D8%A7%D8%B1.wav
1464,استعمال,ɪs.tɪʕˈmæːl,3,3,LL-Q55633582 (ajp)-Muhammad (AdrianAbdulBaha)-استعمال.wav,https://upload.wikimedia.org/wikipedia/commons/1/14/LL-Q55633582_%28ajp%29-Muhammad_%28AdrianAbdulBaha%29-%D8%A7%D8%B3%D8%AA%D8%B9%D9%85%D8%A7%D9%84.wav
1465,استفاد,ɪs.taˈfæːd,3,3,LL-Q55633582 (ajp)-Khalil.rantissi-استَفاد.wav,https://upload.wikimedia.org/wikipedia/commons/8/88/LL-Q55633582_%28ajp%29-Khalil.rantissi-%D8%A7%D8%B3%D8%AA%D9%8E%D9%81%D8%A7%D8%AF.wav
1466,استفز,ɪs.taˈfaz,3,3,LL-Q55633582 (ajp)-Khalil.rantissi-استَفَزّ.wav,https://upload.wikimedia.org/wikipedia/commons/4/40/LL-Q55633582_%28ajp%29-Khalil.rantissi-%D8%A7%D8%B3%D8%AA%D9%8E%D9%81%D9%8E%D8%B2%D9%91.wav
1467,استقال,ɪs.taˈqɑːl,3,3,LL-Q55633582 (ajp)-Khalil.rantissi-استَقال.wav,https://upload.wikimedia.org/wikipedia/commons/6/6c/LL-Q55633582_%28ajp%29-Khalil.rantissi-%D8%A7%D8%B3%D8%AA%D9%8E%D9%82%D8%A7%D9%84.wav
1468,استقل,ɪs.taˈʔal,3,3,LL-Q55633582 (ajp)-Khalil.rantissi-استَقَلّ.wav,https://upload.wikimedia.org/wikipedia/commons/1/12/LL-Q55633582_%28ajp%29-Khalil.rantissi-%D8%A7%D8%B3%D8%AA%D9%8E%D9%82%D9%8E%D9%84%D9%91.wav
1469,استلذ,ɪs.taˈlaz,3,3,LL-Q55633582 (ajp)-Khalil.rantissi-استَلَذّ.wav,https://upload.wikimedia.org/wikipedia/commons/9/97/LL-Q55633582_%28ajp%29-Khalil.rantissi-%D8%A7%D8%B3%D8%AA%D9%8E%D9%84%D9%8E%D8%B0%D9%91.wav
1470,استمر,ɪs.taˈmar,3,3,LL-Q55633582 (ajp)-Khalil.rantissi-استَمَرّ.wav,https://upload.wikimedia.org/wikipedia/commons/2/24/LL-Q55633582_%28ajp%29-Khalil.rantissi-%D8%A7%D8%B3%D8%AA%D9%8E%D9%85%D9%8E%D8%B1%D9%91.wav
1471,استيطان,ɪs.tiːˈtˤɑːn,3,3,LL-Q55633582 (ajp)-Muhammad (AdrianAbdulBaha)-استيطان.wav,https://upload.wikimedia.org/wikipedia/commons/5/50/LL-Q55633582_%28ajp%29-Muhammad_%28AdrianAbdulBaha%29-%D8%A7%D8%B3%D8%AA%D9%8A%D8%B7%D8%A7%D9%86.wav
1472,الجليل,ɪl.ʒaˈliːl,3,3,LL-Q55633582 (ajp)-Khalil.rantissi-الجليل.wav,https://upload.wikimedia.org/wikipedia/commons/5/59/LL-Q55633582_%28ajp%29-Khalil.rantissi-%D8%A7%D9%84%D8%AC%D9%84%D9%8A%D9%84.wav
1473,الجولان,(ɪ)l.ʒuːˈlæːn,3,3,LL-Q55633582 (ajp)-Khalil.rantissi-الجولان.wav,https://upload.wikimedia.org/wikipedia/commons/4/44/LL-Q55633582_%28ajp%29-Khalil.rantissi-%D8%A7%D9%84%D8%AC%D9%88%D9%84%D8%A7%D9%86.wav
1474,الحمد لله,ˌlħam.dɪlˈlæːh,3,3,LL-Q55633582 (ajp)-AdrianAbdulBaha-الحمد لله.wav,https://upload.wikimedia.org/wikipedia/commons/a/a1/LL-Q55633582_%28ajp%29-AdrianAbdulBaha-%D8%A7%D9%84%D8%AD%D9%85%D8%AF_%D9%84%D9%84%D9%87.wav
1475,الخليل,ɪl.xaˈliːl,3,3,LL-Q55633582 (ajp)-Khalil.rantissi-الخليل.wav,https://upload.wikimedia.org/wikipedia/commons/f/f1/LL-Q55633582_%28ajp%29-Khalil.rantissi-%D8%A7%D9%84%D8%AE%D9%84%D9%8A%D9%84.wav
1476,الخميس,ɪl.xaˈmiːs,3,3,LL-Q55633582 (ajp)-AseelF (AdrianAbdulBaha)-Thursday.wav,https://upload.wikimedia.org/wikipedia/commons/e/ea/LL-Q55633582_%28ajp%29-AseelF_%28AdrianAbdulBaha%29-Thursday.wav
1477,العراق,ɪl.ʕɪˈrˤɑːq,3,3,LL-Q55633582 (ajp)-AdrianAbdulBaha-العراق.wav,https://upload.wikimedia.org/wikipedia/commons/8/81/LL-Q55633582_%28ajp%29-AdrianAbdulBaha-%D8%A7%D9%84%D8%B9%D8%B1%D8%A7%D9%82.wav
1478,المهم,ɪl.mʊˈhɪm,3,3,LL-Q55633582 (ajp)-AdrianAbdulBaha-المهمّ.wav,https://upload.wikimedia.org/wikipedia/commons/d/d6/LL-Q55633582_%28ajp%29-AdrianAbdulBaha-%D8%A7%D9%84%D9%85%D9%87%D9%85%D9%91.wav
1479,باتنجان,be.tinˈʒæːn,3,3,LL-Q55633582 (ajp)-IbrahimZ (AdrianAbdulBaha)-باتنجان.wav,https://upload.wikimedia.org/wikipedia/commons/d/dc/LL-Q55633582_%28ajp%29-IbrahimZ_%28AdrianAbdulBaha%29-%D8%A8%D8%A7%D8%AA%D9%86%D8%AC%D8%A7%D9%86.wav
1480,بالتأكيد,bɪt.taʔˈkiːd,3,3,LL-Q55633582 (ajp)-Muhammad (AdrianAbdulBaha)-بالتأكيد.wav,https://upload.wikimedia.org/wikipedia/commons/d/d3/LL-Q55633582_%28ajp%29-Muhammad_%28AdrianAbdulBaha%29-%D8%A8%D8%A7%D9%84%D8%AA%D8%A3%D9%83%D9%8A%D8%AF.wav
1481,بالكتير,bɪ.l(ɪ)kˈtiːr,3,3,LL-Q55633582 (ajp)-AdrianAbdulBaha-بالكتير.wav,https://upload.wikimedia.org/wikipedia/commons/7/7a/LL-Q55633582_%28ajp%29-AdrianAbdulBaha-%D8%A8%D8%A7%D9%84%D9%83%D8%AA%D9%8A%D8%B1.wav
1482,بنطلون,bɑn.tˤɑˈloːn,3,3,LL-Q55633582 (ajp)-Muhammad (AdrianAbdulBaha)-بنطلون.wav,https://upload.wikimedia.org/wikipedia/commons/b/b5/LL-Q55633582_%28ajp%29-Muhammad_%28AdrianAbdulBaha%29-%D8%A8%D9%86%D8%B7%D9%84%D9%88%D9%86.wav
1483,تسعتعش,ˌti.saʕˈtˤɑʃ,3,3,LL-Q55633582 (ajp)-AseelF (AdrianAbdulBaha)-19.wav,https://upload.wikimedia.org/wikipedia/commons/d/d0/LL-Q55633582_%28ajp%29-AseelF_%28AdrianAbdulBaha%29-19.wav
1484,تلاتين,ta.laˈtiːn,3,3,LL-Q55633582 (ajp)-Muhammad (AdrianAbdulBaha)-30.wav,https://upload.wikimedia.org/wikipedia/commons/3/3d/LL-Q55633582_%28ajp%29-Muhammad_%28AdrianAbdulBaha%29-30.wav
1485,تلتعش,ˌta.latˤˈtˤɑʃ,3,3,LL-Q55633582 (ajp)-AseelF (AdrianAbdulBaha)-13.wav,https://upload.wikimedia.org/wikipedia/commons/f/f5/LL-Q55633582_%28ajp%29-AseelF_%28AdrianAbdulBaha%29-13.wav
1486,تلفزيون,tɪl.fɪzˈjoːn,3,3,LL-Q55633582 (ajp)-Muhammad (AdrianAbdulBaha)-تلفزيون.wav,https://upload.wikimedia.org/wikipedia/commons/1/1f/LL-Q55633582_%28ajp%29-Muhammad_%28AdrianAbdulBaha%29-%D8%AA%D9%84%D9%81%D8%B2%D9%8A%D9%88%D9%86.wav
1487,تلفون,ta.laˈfoːn,3,3,LL-Q55633582 (ajp)-Muhammad (AdrianAbdulBaha)-تلفون.wav,https://upload.wikimedia.org/wikipedia/commons/5/51/LL-Q55633582_%28ajp%29-Muhammad_%28AdrianAbdulBaha%29-%D8%AA%D9%84%D9%81%D9%88%D9%86.wav
1488,تمانين,ta.maˈniːn,3,3,LL-Q55633582 (ajp)-Muhammad (AdrianAbdulBaha)-80.wav,https://upload.wikimedia.org/wikipedia/commons/0/05/LL-Q55633582_%28ajp%29-Muhammad_%28AdrianAbdulBaha%29-80.wav
1489,تمنتعش,ˌta.manˈtˤɑʃ,3,3,LL-Q55633582 (ajp)-AseelF (AdrianAbdulBaha)-18.wav,https://upload.wikimedia.org/wikipedia/commons/9/96/LL-Q55633582_%28ajp%29-AseelF_%28AdrianAbdulBaha%29-18.wav
1490,خمستعش,ˌxa.m(ɪ)sˈtˤɑʃ,3,3,LL-Q55633582 (ajp)-AseelF (AdrianAbdulBaha)-15.wav,https://upload.wikimedia.org/wikipedia/commons/e/e4/LL-Q55633582_%28ajp%29-AseelF_%28AdrianAbdulBaha%29-15.wav
1491,زنجبيل,zan.ʒaˈbiːl,3,3,LL-Q55633582 (ajp)-IbrahimZ (AdrianAbdulBaha)-زنجبيل.wav,https://upload.wikimedia.org/wikipedia/commons/0/02/LL-Q55633582_%28ajp%29-IbrahimZ_%28AdrianAbdulBaha%29-%D8%B2%D9%86%D8%AC%D8%A8%D9%8A%D9%84.wav
1492,سبعتعش,ˌsa.baʕˈtˤɑʃ,3,3,LL-Q55633582 (ajp)-AseelF (AdrianAbdulBaha)-17.wav,https://upload.wikimedia.org/wikipedia/commons/4/43/LL-Q55633582_%28ajp%29-AseelF_%28AdrianAbdulBaha%29-17.wav
1493,شمعدان,ʃam.ʕaˈdæːn,3,3,LL-Q55633582 (ajp)-Muhammad (AdrianAbdulBaha)-شمعدان.wav,https://upload.wikimedia.org/wikipedia/commons/6/6f/LL-Q55633582_%28ajp%29-Muhammad_%28AdrianAbdulBaha%29-%D8%B4%D9%85%D8%B9%D8%AF%D8%A7%D9%86.wav
1494,عنكبوت,ʕan.kaˈbuːt,3,3,LL-Q55633582 (ajp)-Muhammad (AdrianAbdulBaha)-عنكبوت.wav,https://upload.wikimedia.org/wikipedia/commons/b/b4/LL-Q55633582_%28ajp%29-Muhammad_%28AdrianAbdulBaha%29-%D8%B9%D9%86%D9%83%D8%A8%D9%88%D8%AA.wav
1495,فلسطين,fɑ.lɑsˤˈtˤiːn,3,3,LL-Q55633582 (ajp)-Khalil.rantissi-فلسطين.wav,https://upload.wikimedia.org/wikipedia/commons/6/6d/LL-Q55633582_%28ajp%29-Khalil.rantissi-%D9%81%D9%84%D8%B3%D8%B7%D9%8A%D9%86.wav
1496,لو سمحت,law.saˈmaħt,3,3,LL-Q55633582 (ajp)-MahmoudM (AdrianAbdulBaha)-لو سمحت.wav,https://upload.wikimedia.org/wikipedia/commons/b/be/LL-Q55633582_%28ajp%29-MahmoudM_%28AdrianAbdulBaha%29-%D9%84%D9%88_%D8%B3%D9%85%D8%AD%D8%AA.wav
1497,مايكرويف,maj.kroˈweːv,3,3,LL-Q55633582 (ajp)-Muhammad (AdrianAbdulBaha)-مايكرويف.wav,https://upload.wikimedia.org/wikipedia/commons/c/ce/LL-Q55633582_%28ajp%29-Muhammad_%28AdrianAbdulBaha%29-%D9%85%D8%A7%D9%8A%D9%83%D8%B1%D9%88%D9%8A%D9%81.wav
1498,مرحبتين,mar.ħabˈteːn,3,3,LL-Q55633582 (ajp)-AdrianAbdulBaha-مرحبتين.wav,https://upload.wikimedia.org/wikipedia/commons/6/6b/LL-Q55633582_%28ajp%29-AdrianAbdulBaha-%D9%85%D8%B1%D8%AD%D8%A8%D8%AA%D9%8A%D9%86.wav
1499,مستحيل,mʊs.taˈħiːl,3,3,LL-Q55633582 (ajp)-Muhammad (AdrianAbdulBaha)-مستحيل.wav,https://upload.wikimedia.org/wikipedia/commons/7/76/LL-Q55633582_%28ajp%29-Muhammad_%28AdrianAbdulBaha%29-%D9%85%D8%B3%D8%AA%D8%AD%D9%8A%D9%84.wav
1500,مستطيل,musˤ.tˤɑˈtˤiːl,3,3,LL-Q55633582 (ajp)-Muhammad (AdrianAbdulBaha)-مستطيل.wav,https://upload.wikimedia.org/wikipedia/commons/9/92/LL-Q55633582_%28ajp%29-Muhammad_%28AdrianAbdulBaha%29-%D9%85%D8%B3%D8%AA%D8%B7%D9%8A%D9%84.wav
1501,معلومات,maʕ.luːˈmæːt,3,3,LL-Q55633582 (ajp)-Muhammad (AdrianAbdulBaha)-معلومات.wav,https://upload.wikimedia.org/wikipedia/commons/6/64/LL-Q55633582_%28ajp%29-Muhammad_%28AdrianAbdulBaha%29-%D9%85%D8%B9%D9%84%D9%88%D9%85%D8%A7%D8%AA.wav
1502,مفروشات,maf.ruˈʃæːt,3,3,LL-Q55633582 (ajp)-Muhammad (AdrianAbdulBaha)-مفروشات.wav,https://upload.wikimedia.org/wikipedia/commons/7/7c/LL-Q55633582_%28ajp%29-Muhammad_%28AdrianAbdulBaha%29-%D9%85%D9%81%D8%B1%D9%88%D8%B4%D8%A7%D8%AA.wav
1503,مناكير,ma.naˈkiːr,3,3,LL-Q55633582 (ajp)-Muhammad (AdrianAbdulBaha)-مناكير.wav,https://upload.wikimedia.org/wikipedia/commons/b/b1/LL-Q55633582_%28ajp%29-Muhammad_%28AdrianAbdulBaha%29-%D9%85%D9%86%D8%A7%D9%83%D9%8A%D8%B1.wav
1504,هدولاك,ha.doˈlæːk,3,3,LL-Q55633582 (ajp)-Muhammad (AdrianAbdulBaha)-هدولاك.wav,https://upload.wikimedia.org/wikipedia/commons/5/51/LL-Q55633582_%28ajp%29-Muhammad_%28AdrianAbdulBaha%29-%D9%87%D8%AF%D9%88%D9%84%D8%A7%D9%83.wav
1505,أخيرا,ʔaˈxːi.ran,3,2,LL-Q55633582 (ajp)-AseelF (AdrianAbdulBaha)-اخيرًا.wav,https://upload.wikimedia.org/wikipedia/commons/2/29/LL-Q55633582_%28ajp%29-AseelF_%28AdrianAbdulBaha%29-%D8%A7%D8%AE%D9%8A%D8%B1%D9%8B%D8%A7.wav
1506,أرجيلة,ʔarˈɡiː.le,3,2,LL-Q55633582 (ajp)-Khalil.rantissi-أرجيلة.wav,https://upload.wikimedia.org/wikipedia/commons/7/76/LL-Q55633582_%28ajp%29-Khalil.rantissi-%D8%A3%D8%B1%D8%AC%D9%8A%D9%84%D8%A9.wav
1507,أرمينيا,ʔarˈmiːn.ja,3,2,LL-Q55633582 (ajp)-Khalil.rantissi-أرمينيا.wav,https://upload.wikimedia.org/wikipedia/commons/2/26/LL-Q55633582_%28ajp%29-Khalil.rantissi-%D8%A3%D8%B1%D9%85%D9%8A%D9%86%D9%8A%D8%A7.wav
1508,أغورة,ʔaˈɡoː.rˤɑ,3,2,LL-Q55633582 (ajp)-Muhammad (AdrianAbdulBaha)-أغورة.wav,https://upload.wikimedia.org/wikipedia/commons/b/b1/LL-Q55633582_%28ajp%29-Muhammad_%28AdrianAbdulBaha%29-%D8%A3%D8%BA%D9%88%D8%B1%D8%A9.wav
1509,أفريقيا,ʔafˈriːq.ja,3,2,LL-Q55633582 (ajp)-AdrianAbdulBaha-أفريقيا.wav,https://upload.wikimedia.org/wikipedia/commons/1/1d/LL-Q55633582_%28ajp%29-AdrianAbdulBaha-%D8%A3%D9%81%D8%B1%D9%8A%D9%82%D9%8A%D8%A7.wav
1510,أميركا,ʔaˈmeːr.ka,3,2,LL-Q55633582 (ajp)-AdrianAbdulBaha-أميركا.wav,https://upload.wikimedia.org/wikipedia/commons/f/f1/LL-Q55633582_%28ajp%29-AdrianAbdulBaha-%D8%A3%D9%85%D9%8A%D8%B1%D9%83%D8%A7.wav
1511,أواعي,ʔaˈwæː.ʕi,3,2,LL-Q55633582 (ajp)-Khalil.rantissi-أواعي.wav,https://upload.wikimedia.org/wikipedia/commons/d/d5/LL-Q55633582_%28ajp%29-Khalil.rantissi-%D8%A3%D9%88%D8%A7%D8%B9%D9%8A.wav
1512,أوربا,ʔuˈrʊb.ba,3,2,LL-Q55633582 (ajp)-AdrianAbdulBaha-أوربّا.wav,https://upload.wikimedia.org/wikipedia/commons/6/62/LL-Q55633582_%28ajp%29-AdrianAbdulBaha-%D8%A3%D9%88%D8%B1%D8%A8%D9%91%D8%A7.wav
1513,إجازة,ʔɪˈʒæː.ze,3,2,LL-Q55633582 (ajp)-AmmanM (AdrianAbdulBaha)-إجازة.wav,https://upload.wikimedia.org/wikipedia/commons/1/14/LL-Q55633582_%28ajp%29-AmmanM_%28AdrianAbdulBaha%29-%D8%A5%D8%AC%D8%A7%D8%B2%D8%A9.wav
1514,إسبانيا,ʔɪsˈbɑːn.ja,3,2,LL-Q55633582 (ajp)-AdrianAbdulBaha-إسبانيا.wav,https://upload.wikimedia.org/wikipedia/commons/c/cd/LL-Q55633582_%28ajp%29-AdrianAbdulBaha-%D8%A5%D8%B3%D8%A8%D8%A7%D9%86%D9%8A%D8%A7.wav
1515,إشارة,ʔɪˈʃɑː.rˤɑ,3,2,LL-Q55633582 (ajp)-Muhammad (AdrianAbdulBaha)-إشارة.wav,https://upload.wikimedia.org/wikipedia/commons/4/45/LL-Q55633582_%28ajp%29-Muhammad_%28AdrianAbdulBaha%29-%D8%A5%D8%B4%D8%A7%D8%B1%D8%A9.wav
1516,إنكلترا,ʔɪnˈɡel.trˤɑ,3,2,LL-Q55633582 (ajp)-Khalil.rantissi-إنجِلترا.wav,https://upload.wikimedia.org/wikipedia/commons/a/a4/LL-Q55633582_%28ajp%29-Khalil.rantissi-%D8%A5%D9%86%D8%AC%D9%90%D9%84%D8%AA%D8%B1%D8%A7.wav
1517,إنكليزي,ʔɪnˈɡliː.zi,3,2,LL-Q55633582 (ajp)-Khalil.rantissi-إنجليزيّ.wav,https://upload.wikimedia.org/wikipedia/commons/1/12/LL-Q55633582_%28ajp%29-Khalil.rantissi-%D8%A5%D9%86%D8%AC%D9%84%D9%8A%D8%B2%D9%8A%D9%91.wav
1518,إيرلندا,ʔɪrˈlan.da,3,2,LL-Q55633582 (ajp)-AdrianAbdulBaha-إيرلندا.wav,https://upload.wikimedia.org/wikipedia/commons/c/cb/LL-Q55633582_%28ajp%29-AdrianAbdulBaha-%D8%A5%D9%8A%D8%B1%D9%84%D9%86%D8%AF%D8%A7.wav
1519,ابتسم,ɪbˈta.sam,3,2,LL-Q55633582 (ajp)-Khalil.rantissi-ابتَسَم.wav,https://upload.wikimedia.org/wikipedia/commons/e/ea/LL-Q55633582_%28ajp%29-Khalil.rantissi-%D8%A7%D8%A8%D8%AA%D9%8E%D8%B3%D9%8E%D9%85.wav
1520,اتحد,ɪtˈta.ħad,3,2,LL-Q55633582 (ajp)-Khalil.rantissi-اتَّحَد.wav,https://upload.wikimedia.org/wikipedia/commons/c/cf/LL-Q55633582_%28ajp%29-Khalil.rantissi-%D8%A7%D8%AA%D9%8E%D9%91%D8%AD%D9%8E%D8%AF.wav
1521,اتصل,ɪtˤˈtˤɑ.sˤɑl,3,2,LL-Q55633582 (ajp)-Khalil.rantissi-اتَّصَل.wav,https://upload.wikimedia.org/wikipedia/commons/0/07/LL-Q55633582_%28ajp%29-Khalil.rantissi-%D8%A7%D8%AA%D9%8E%D9%91%D8%B5%D9%8E%D9%84.wav
1522,اتفق,ɪtˈta.faʔ,3,2,LL-Q55633582 (ajp)-Khalil.rantissi-اتَّفَق.wav,https://upload.wikimedia.org/wikipedia/commons/2/2c/LL-Q55633582_%28ajp%29-Khalil.rantissi-%D8%A7%D8%AA%D9%8E%D9%91%D9%81%D9%8E%D9%82.wav
1523,اتكل,ɪtˈta.kal,3,2,LL-Q55633582 (ajp)-Khalil.rantissi-اتَّكَل.wav,https://upload.wikimedia.org/wikipedia/commons/4/47/LL-Q55633582_%28ajp%29-Khalil.rantissi-%D8%A7%D8%AA%D9%8E%D9%91%D9%83%D9%8E%D9%84.wav
1524,اتهم,ɪtˈta.ham,3,2,LL-Q55633582 (ajp)-Khalil.rantissi-اتَّهَم.wav,https://upload.wikimedia.org/wikipedia/commons/d/d8/LL-Q55633582_%28ajp%29-Khalil.rantissi-%D8%A7%D8%AA%D9%8E%D9%91%D9%87%D9%8E%D9%85.wav
1525,اجتمع,ɪʒˈta.maʕ,3,2,LL-Q55633582 (ajp)-Khalil.rantissi-اجتَمَع.wav,https://upload.wikimedia.org/wikipedia/commons/f/f9/LL-Q55633582_%28ajp%29-Khalil.rantissi-%D8%A7%D8%AC%D8%AA%D9%8E%D9%85%D9%8E%D8%B9.wav
1526,احترم,ɪħˈta.ram,3,2,LL-Q55633582 (ajp)-Khalil.rantissi-احتَرَم.wav,https://upload.wikimedia.org/wikipedia/commons/a/a0/LL-Q55633582_%28ajp%29-Khalil.rantissi-%D8%A7%D8%AD%D8%AA%D9%8E%D8%B1%D9%8E%D9%85.wav
1527,احتفل,ɪħˈta.fal,3,2,LL-Q55633582 (ajp)-Khalil.rantissi-احتَفَل.wav,https://upload.wikimedia.org/wikipedia/commons/0/01/LL-Q55633582_%28ajp%29-Khalil.rantissi-%D8%A7%D8%AD%D8%AA%D9%8E%D9%81%D9%8E%D9%84.wav
1528,اخترع,ɪxˈta.raʕ,3,2,LL-Q55633582 (ajp)-Khalil.rantissi-اختَرَع.wav,https://upload.wikimedia.org/wikipedia/commons/e/e4/LL-Q55633582_%28ajp%29-Khalil.rantissi-%D8%A7%D8%AE%D8%AA%D9%8E%D8%B1%D9%8E%D8%B9.wav
1529,اختصر,ɪxˈtɑ.sˤɑr,3,2,LL-Q55633582 (ajp)-Khalil.rantissi-اختَصَر.wav,https://upload.wikimedia.org/wikipedia/commons/1/13/LL-Q55633582_%28ajp%29-Khalil.rantissi-%D8%A7%D8%AE%D8%AA%D9%8E%D8%B5%D9%8E%D8%B1.wav
1530,اختفى,ɪxˈta.fa,3,2,LL-Q55633582 (ajp)-Khalil.rantissi-اختَفى.wav,https://upload.wikimedia.org/wikipedia/commons/8/86/LL-Q55633582_%28ajp%29-Khalil.rantissi-%D8%A7%D8%AE%D8%AA%D9%8E%D9%81%D9%89.wav
1531,اختلط,(ɪ)xˈtˤɑ.lɑtˤ,3,2,LL-Q55633582 (ajp)-Khalil.rantissi-اختَلَط.wav,https://upload.wikimedia.org/wikipedia/commons/4/46/LL-Q55633582_%28ajp%29-Khalil.rantissi-%D8%A7%D8%AE%D8%AA%D9%8E%D9%84%D9%8E%D8%B7.wav
1532,اختلف,ɪxˈta.laf,3,2,LL-Q55633582 (ajp)-Khalil.rantissi-اختَلَف.wav,https://upload.wikimedia.org/wikipedia/commons/e/ed/LL-Q55633582_%28ajp%29-Khalil.rantissi-%D8%A7%D8%AE%D8%AA%D9%8E%D9%84%D9%8E%D9%81.wav
1533,ارتكب,ɪrˈta.kab,3,2,LL-Q55633582 (ajp)-Khalil.rantissi-ارتَكَب.wav,https://upload.wikimedia.org/wikipedia/commons/1/18/LL-Q55633582_%28ajp%29-Khalil.rantissi-%D8%A7%D8%B1%D8%AA%D9%8E%D9%83%D9%8E%D8%A8.wav
1534,استأجر,ɪsˈtaʔ.ʒar,3,2,LL-Q55633582 (ajp)-Khalil.rantissi-استَأجَر.wav,https://upload.wikimedia.org/wikipedia/commons/8/84/LL-Q55633582_%28ajp%29-Khalil.rantissi-%D8%A7%D8%B3%D8%AA%D9%8E%D8%A3%D8%AC%D9%8E%D8%B1.wav
1535,استاهل,ɪsˈtæː.hal,3,2,LL-Q55633582 (ajp)-Khalil.rantissi-استاهَل.wav,https://upload.wikimedia.org/wikipedia/commons/a/a0/LL-Q55633582_%28ajp%29-Khalil.rantissi-%D8%A7%D8%B3%D8%AA%D8%A7%D9%87%D9%8E%D9%84.wav
1536,استثمر,ɪsˈtaθ.mar,3,2,LL-Q55633582 (ajp)-Khalil.rantissi-استَثمَر.wav,https://upload.wikimedia.org/wikipedia/commons/b/b9/LL-Q55633582_%28ajp%29-Khalil.rantissi-%D8%A7%D8%B3%D8%AA%D9%8E%D8%AB%D9%85%D9%8E%D8%B1.wav
1537,استجوب,ɪsˈtaʒ.wab,3,2,LL-Q55633582 (ajp)-Khalil.rantissi-استَجوَب.wav,https://upload.wikimedia.org/wikipedia/commons/9/9c/LL-Q55633582_%28ajp%29-Khalil.rantissi-%D8%A7%D8%B3%D8%AA%D9%8E%D8%AC%D9%88%D9%8E%D8%A8.wav
1538,استحلى,ɪsˈtaħ.la,3,2,LL-Q55633582 (ajp)-Khalil.rantissi-استَحلى.wav,https://upload.wikimedia.org/wikipedia/commons/c/cd/LL-Q55633582_%28ajp%29-Khalil.rantissi-%D8%A7%D8%B3%D8%AA%D9%8E%D8%AD%D9%84%D9%89.wav
1539,استحى,ɪsˈta.ħa,3,2,LL-Q55633582 (ajp)-Khalil.rantissi-استَحى.wav,https://upload.wikimedia.org/wikipedia/commons/2/26/LL-Q55633582_%28ajp%29-Khalil.rantissi-%D8%A7%D8%B3%D8%AA%D9%8E%D8%AD%D9%89.wav
1540,استخدم,ɪsˈtax.dam,3,2,LL-Q55633582 (ajp)-Khalil.rantissi-استَخدَم.wav,https://upload.wikimedia.org/wikipedia/commons/9/99/LL-Q55633582_%28ajp%29-Khalil.rantissi-%D8%A7%D8%B3%D8%AA%D9%8E%D8%AE%D8%AF%D9%8E%D9%85.wav
1541,استسلم,ɪsˈtas.lam,3,2,LL-Q55633582 (ajp)-Khalil.rantissi-استَسلَم.wav,https://upload.wikimedia.org/wikipedia/commons/2/23/LL-Q55633582_%28ajp%29-Khalil.rantissi-%D8%A7%D8%B3%D8%AA%D9%8E%D8%B3%D9%84%D9%8E%D9%85.wav
1542,استشهد,ɪsˈtaʃ.had,3,2,LL-Q55633582 (ajp)-Khalil.rantissi-استَشهَد.wav,https://upload.wikimedia.org/wikipedia/commons/7/77/LL-Q55633582_%28ajp%29-Khalil.rantissi-%D8%A7%D8%B3%D8%AA%D9%8E%D8%B4%D9%87%D9%8E%D8%AF.wav
1543,استعجل,ɪsˈtaʕ.ʒal,3,2,LL-Q55633582 (ajp)-Khalil.rantissi-استَعجَل.wav,https://upload.wikimedia.org/wikipedia/commons/9/90/LL-Q55633582_%28ajp%29-Khalil.rantissi-%D8%A7%D8%B3%D8%AA%D9%8E%D8%B9%D8%AC%D9%8E%D9%84.wav
1544,استعمر,ɪsˈtaʕ.mar,3,2,LL-Q55633582 (ajp)-Khalil.rantissi-استَعمَر.wav,https://upload.wikimedia.org/wikipedia/commons/0/02/LL-Q55633582_%28ajp%29-Khalil.rantissi-%D8%A7%D8%B3%D8%AA%D9%8E%D8%B9%D9%85%D9%8E%D8%B1.wav
1545,استعمل,ɪsˈtaʕ.mal,3,2,LL-Q55633582 (ajp)-Khalil.rantissi-استَعمَل.wav,https://upload.wikimedia.org/wikipedia/commons/a/a4/LL-Q55633582_%28ajp%29-Khalil.rantissi-%D8%A7%D8%B3%D8%AA%D9%8E%D8%B9%D9%85%D9%8E%D9%84.wav
1546,استغرب,ɪsˈtaɣ.rab,3,2,LL-Q55633582 (ajp)-Khalil.rantissi-استَغرَب.wav,https://upload.wikimedia.org/wikipedia/commons/e/e5/LL-Q55633582_%28ajp%29-Khalil.rantissi-%D8%A7%D8%B3%D8%AA%D9%8E%D8%BA%D8%B1%D9%8E%D8%A8.wav
1547,استقبل,ɪsˈtaʔ.bal,3,2,LL-Q55633582 (ajp)-Khalil.rantissi-استَقبَل.wav,https://upload.wikimedia.org/wikipedia/commons/6/68/LL-Q55633582_%28ajp%29-Khalil.rantissi-%D8%A7%D8%B3%D8%AA%D9%8E%D9%82%D8%A8%D9%8E%D9%84.wav
1548,استنى,ɪsˈtan.na,3,2,LL-Q55633582 (ajp)-Khalil.rantissi-إستَنّى.wav,https://upload.wikimedia.org/wikipedia/commons/e/e1/LL-Q55633582_%28ajp%29-Khalil.rantissi-%D8%A5%D8%B3%D8%AA%D9%8E%D9%86%D9%91%D9%89.wav
1549,استورد,ɪsˈtaw.rad,3,2,LL-Q55633582 (ajp)-Khalil.rantissi-استَورَد.wav,https://upload.wikimedia.org/wikipedia/commons/f/ff/LL-Q55633582_%28ajp%29-Khalil.rantissi-%D8%A7%D8%B3%D8%AA%D9%8E%D9%88%D8%B1%D9%8E%D8%AF.wav
1550,استوطن,ɪsˈtˤɑw.tˤɑn,3,2,LL-Q55633582 (ajp)-Khalil.rantissi-استَوطَن.wav,https://upload.wikimedia.org/wikipedia/commons/b/b2/LL-Q55633582_%28ajp%29-Khalil.rantissi-%D8%A7%D8%B3%D8%AA%D9%8E%D9%88%D8%B7%D9%8E%D9%86.wav
1551,استوى,ɪsˈta.wa,3,2,LL-Q55633582 (ajp)-Khalil.rantissi-استَوى.wav,https://upload.wikimedia.org/wikipedia/commons/1/13/LL-Q55633582_%28ajp%29-Khalil.rantissi-%D8%A7%D8%B3%D8%AA%D9%8E%D9%88%D9%89.wav
1552,اشتغل,ɪʃˈta.ɣal,3,2,LL-Q55633582 (ajp)-Khalil.rantissi-اشتغل.wav,https://upload.wikimedia.org/wikipedia/commons/8/8a/LL-Q55633582_%28ajp%29-Khalil.rantissi-%D8%A7%D8%B4%D8%AA%D8%BA%D9%84.wav
1553,اعتبر,ɪʕˈta.bar,3,2,LL-Q55633582 (ajp)-Khalil.rantissi-اعتَبَر.wav,https://upload.wikimedia.org/wikipedia/commons/3/3c/LL-Q55633582_%28ajp%29-Khalil.rantissi-%D8%A7%D8%B9%D8%AA%D9%8E%D8%A8%D9%8E%D8%B1.wav
1554,اعتذر,ɪʕˈta.zar,3,2,LL-Q55633582 (ajp)-Khalil.rantissi-اعتَذَر.wav,https://upload.wikimedia.org/wikipedia/commons/e/eb/LL-Q55633582_%28ajp%29-Khalil.rantissi-%D8%A7%D8%B9%D8%AA%D9%8E%D8%B0%D9%8E%D8%B1.wav
1555,اعترض,ɪʕˈtˤɑ.rˤɑdˤ,3,2,LL-Q55633582 (ajp)-Khalil.rantissi-اعتَرَض.wav,https://upload.wikimedia.org/wikipedia/commons/e/e5/LL-Q55633582_%28ajp%29-Khalil.rantissi-%D8%A7%D8%B9%D8%AA%D9%8E%D8%B1%D9%8E%D8%B6.wav
1556,اعترف,ɪʕˈta.raf,3,2,LL-Q55633582 (ajp)-Khalil.rantissi-اعتَرَف.wav,https://upload.wikimedia.org/wikipedia/commons/d/d6/LL-Q55633582_%28ajp%29-Khalil.rantissi-%D8%A7%D8%B9%D8%AA%D9%8E%D8%B1%D9%8E%D9%81.wav
1557,اعتزل,ɪʕˈta.zal,3,2,LL-Q55633582 (ajp)-Khalil.rantissi-اعتَزَل.wav,https://upload.wikimedia.org/wikipedia/commons/b/ba/LL-Q55633582_%28ajp%29-Khalil.rantissi-%D8%A7%D8%B9%D8%AA%D9%8E%D8%B2%D9%8E%D9%84.wav
1558,اعتقد,ɪʕˈta.ʔad,3,2,LL-Q55633582 (ajp)-Khalil.rantissi-إعتَقَد.wav,https://upload.wikimedia.org/wikipedia/commons/9/97/LL-Q55633582_%28ajp%29-Khalil.rantissi-%D8%A5%D8%B9%D8%AA%D9%8E%D9%82%D9%8E%D8%AF.wav
1559,اعتقل,ɪʕˈta.qal,3,2,LL-Q55633582 (ajp)-Khalil.rantissi-اعتَقَل.wav,https://upload.wikimedia.org/wikipedia/commons/f/fa/LL-Q55633582_%28ajp%29-Khalil.rantissi-%D8%A7%D8%B9%D8%AA%D9%8E%D9%82%D9%8E%D9%84.wav
1560,اعتمد,ɪʕˈta.mad,3,2,LL-Q55633582 (ajp)-Khalil.rantissi-اعتَمَد.wav,https://upload.wikimedia.org/wikipedia/commons/c/c9/LL-Q55633582_%28ajp%29-Khalil.rantissi-%D8%A7%D8%B9%D8%AA%D9%8E%D9%85%D9%8E%D8%AF.wav
1561,اغتصب,ɪɣˈtɑ.sˤɑb,3,2,LL-Q55633582 (ajp)-Khalil.rantissi-اغتَصَب.wav,https://upload.wikimedia.org/wikipedia/commons/a/a5/LL-Q55633582_%28ajp%29-Khalil.rantissi-%D8%A7%D8%BA%D8%AA%D9%8E%D8%B5%D9%8E%D8%A8.wav
1562,افتخر,ɪfˈta.xar,3,2,LL-Q55633582 (ajp)-Khalil.rantissi-افتَخَر.wav,https://upload.wikimedia.org/wikipedia/commons/3/30/LL-Q55633582_%28ajp%29-Khalil.rantissi-%D8%A7%D9%81%D8%AA%D9%8E%D8%AE%D9%8E%D8%B1.wav
1563,افترض,ɪfˈtɑ.rˤɑdˤ,3,2,LL-Q55633582 (ajp)-Khalil.rantissi-افتَرَض.wav,https://upload.wikimedia.org/wikipedia/commons/1/1a/LL-Q55633582_%28ajp%29-Khalil.rantissi-%D8%A7%D9%81%D8%AA%D9%8E%D8%B1%D9%8E%D8%B6.wav
1564,اقتحم,ɪqˈtˤɑ.ħɑm,3,2,LL-Q55633582 (ajp)-Khalil.rantissi-اقتَحَم.wav,https://upload.wikimedia.org/wikipedia/commons/0/0e/LL-Q55633582_%28ajp%29-Khalil.rantissi-%D8%A7%D9%82%D8%AA%D9%8E%D8%AD%D9%8E%D9%85.wav
1565,اقترح,ɪqˈtˤɑ.rˤɑħ,3,2,LL-Q55633582 (ajp)-Khalil.rantissi-اقتَرَح.wav,https://upload.wikimedia.org/wikipedia/commons/d/d2/LL-Q55633582_%28ajp%29-Khalil.rantissi-%D8%A7%D9%82%D8%AA%D9%8E%D8%B1%D9%8E%D8%AD.wav
1566,اكتشف,ɪkˈta.ʃaf,3,2,LL-Q55633582 (ajp)-Khalil.rantissi-اكتَشَف.wav,https://upload.wikimedia.org/wikipedia/commons/9/9e/LL-Q55633582_%28ajp%29-Khalil.rantissi-%D8%A7%D9%83%D8%AA%D9%8E%D8%B4%D9%8E%D9%81.wav
1567,الأحد,ɪlˈʔa.ħad,3,2,LL-Q55633582 (ajp)-AseelF (AdrianAbdulBaha)-Sunday.wav,https://upload.wikimedia.org/wikipedia/commons/0/00/LL-Q55633582_%28ajp%29-AseelF_%28AdrianAbdulBaha%29-Sunday.wav
1568,الإتنين,ɪlˈʔɪt.neːn,3,2,LL-Q55633582 (ajp)-AseelF (AdrianAbdulBaha)-Monday.wav,https://upload.wikimedia.org/wikipedia/commons/5/55/LL-Q55633582_%28ajp%29-AseelF_%28AdrianAbdulBaha%29-Monday.wav
1569,البترا,ɪlˈbɑt.rɑ,3,2,LL-Q55633582 (ajp)-Khalil.rantissi-البتراء.wav,https://upload.wikimedia.org/wikipedia/commons/3/39/LL-Q55633582_%28ajp%29-Khalil.rantissi-%D8%A7%D9%84%D8%A8%D8%AA%D8%B1%D8%A7%D8%A1.wav
1570,التخم,ɪlˈta.xam,3,2,LL-Q55633582 (ajp)-Khalil.rantissi-التَخَم.wav,https://upload.wikimedia.org/wikipedia/commons/9/90/LL-Q55633582_%28ajp%29-Khalil.rantissi-%D8%A7%D9%84%D8%AA%D9%8E%D8%AE%D9%8E%D9%85.wav
1571,التزم,ɪlˈta.zam,3,2,LL-Q55633582 (ajp)-Khalil.rantissi-التَزَم.wav,https://upload.wikimedia.org/wikipedia/commons/1/16/LL-Q55633582_%28ajp%29-Khalil.rantissi-%D8%A7%D9%84%D8%AA%D9%8E%D8%B2%D9%8E%D9%85.wav
1572,التغى,ɪlˈta.ɣa,3,2,LL-Q55633582 (ajp)-Khalil.rantissi-التَغى.wav,https://upload.wikimedia.org/wikipedia/commons/4/46/LL-Q55633582_%28ajp%29-Khalil.rantissi-%D8%A7%D9%84%D8%AA%D9%8E%D8%BA%D9%89.wav
1573,التقى,ɪlˈta.ʔa,3,2,LL-Q55633582 (ajp)-Khalil.rantissi-التَقى.wav,https://upload.wikimedia.org/wikipedia/commons/3/3d/LL-Q55633582_%28ajp%29-Khalil.rantissi-%D8%A7%D9%84%D8%AA%D9%8E%D9%82%D9%89.wav
1574,التهب,ɪlˈta.hab,3,2,LL-Q55633582 (ajp)-Khalil.rantissi-التَهَب.wav,https://upload.wikimedia.org/wikipedia/commons/2/2a/LL-Q55633582_%28ajp%29-Khalil.rantissi-%D8%A7%D9%84%D8%AA%D9%8E%D9%87%D9%8E%D8%A8.wav
1575,الجمعة,ɪʒˈʒʊm.ʕa,3,2,LL-Q55633582 (ajp)-AseelF (AdrianAbdulBaha)-Friday.wav,https://upload.wikimedia.org/wikipedia/commons/7/7f/LL-Q55633582_%28ajp%29-AseelF_%28AdrianAbdulBaha%29-Friday.wav
1576,الليلة,ɪlˈleː.le,3,2,LL-Q55633582 (ajp)-AseelF (AdrianAbdulBaha)-الليلة.wav,https://upload.wikimedia.org/wikipedia/commons/6/63/LL-Q55633582_%28ajp%29-AseelF_%28AdrianAbdulBaha%29-%D8%A7%D9%84%D9%84%D9%8A%D9%84%D8%A9.wav
1577,الناصرة,ɪnˈnɑːsˤ.rˤe,3,2,LL-Q55633582 (ajp)-Khalil.rantissi-الناصرة.wav,https://upload.wikimedia.org/wikipedia/commons/2/26/LL-Q55633582_%28ajp%29-Khalil.rantissi-%D8%A7%D9%84%D9%86%D8%A7%D8%B5%D8%B1%D8%A9.wav
1578,النقب,ɪnˈnɑ.qɑb,3,2,LL-Q55633582 (ajp)-Khalil.rantissi-النقب.wav,https://upload.wikimedia.org/wikipedia/commons/4/4d/LL-Q55633582_%28ajp%29-Khalil.rantissi-%D8%A7%D9%84%D9%86%D9%82%D8%A8.wav
1579,امتنع,ɪmˈta.naʕ,3,2,LL-Q55633582 (ajp)-Khalil.rantissi-امتَنَع.wav,https://upload.wikimedia.org/wikipedia/commons/6/6a/LL-Q55633582_%28ajp%29-Khalil.rantissi-%D8%A7%D9%85%D8%AA%D9%8E%D9%86%D9%8E%D8%B9.wav
1580,انأذى,ɪnˈʔa.za,3,2,LL-Q55633582 (ajp)-Khalil.rantissi-انأذى.wav,https://upload.wikimedia.org/wikipedia/commons/c/c2/LL-Q55633582_%28ajp%29-Khalil.rantissi-%D8%A7%D9%86%D8%A3%D8%B0%D9%89.wav
1581,انبسط,ɪnˈbɑ.sɑtˤ,3,2,LL-Q55633582 (ajp)-Khalil.rantissi-انبَسَط.wav,https://upload.wikimedia.org/wikipedia/commons/d/df/LL-Q55633582_%28ajp%29-Khalil.rantissi-%D8%A7%D9%86%D8%A8%D9%8E%D8%B3%D9%8E%D8%B7.wav
1582,انتبه,ɪnˈta.bah,3,2,LL-Q55633582 (ajp)-Khalil.rantissi-إنتَبَه.wav,https://upload.wikimedia.org/wikipedia/commons/4/40/LL-Q55633582_%28ajp%29-Khalil.rantissi-%D8%A5%D9%86%D8%AA%D9%8E%D8%A8%D9%8E%D9%87.wav
1583,انتحر,ɪnˈta.ħar,3,2,LL-Q55633582 (ajp)-Khalil.rantissi-انتَحَر.wav,https://upload.wikimedia.org/wikipedia/commons/4/4f/LL-Q55633582_%28ajp%29-Khalil.rantissi-%D8%A7%D9%86%D8%AA%D9%8E%D8%AD%D9%8E%D8%B1.wav
1584,انتخب,ɪnˈta.xab,3,2,LL-Q55633582 (ajp)-Khalil.rantissi-انتَخَب.wav,https://upload.wikimedia.org/wikipedia/commons/0/0e/LL-Q55633582_%28ajp%29-Khalil.rantissi-%D8%A7%D9%86%D8%AA%D9%8E%D8%AE%D9%8E%D8%A8.wav
1585,انتشر,ɪnˈta.ʃar,3,2,LL-Q55633582 (ajp)-Khalil.rantissi-انتَشَر.wav,https://upload.wikimedia.org/wikipedia/commons/5/50/LL-Q55633582_%28ajp%29-Khalil.rantissi-%D8%A7%D9%86%D8%AA%D9%8E%D8%B4%D9%8E%D8%B1.wav
1586,انتصر,ɪnˈtˤɑ.sˤɑr,3,2,LL-Q55633582 (ajp)-Khalil.rantissi-انتَصَر.wav,https://upload.wikimedia.org/wikipedia/commons/7/7f/LL-Q55633582_%28ajp%29-Khalil.rantissi-%D8%A7%D9%86%D8%AA%D9%8E%D8%B5%D9%8E%D8%B1.wav
1587,انتفخ,ɪnˈta.fax,3,2,LL-Q55633582 (ajp)-Khalil.rantissi-انتَفَخ.wav,https://upload.wikimedia.org/wikipedia/commons/c/c5/LL-Q55633582_%28ajp%29-Khalil.rantissi-%D8%A7%D9%86%D8%AA%D9%8E%D9%81%D9%8E%D8%AE.wav
1588,انتقل,ɪnˈta.ʔal,3,2,LL-Q55633582 (ajp)-Khalil.rantissi-انتَقَل.wav,https://upload.wikimedia.org/wikipedia/commons/9/98/LL-Q55633582_%28ajp%29-Khalil.rantissi-%D8%A7%D9%86%D8%AA%D9%8E%D9%82%D9%8E%D9%84.wav
1589,انتمى,inˈta.ma,3,2,LL-Q55633582 (ajp)-Khalil.rantissi-انتَمى.wav,https://upload.wikimedia.org/wikipedia/commons/4/49/LL-Q55633582_%28ajp%29-Khalil.rantissi-%D8%A7%D9%86%D8%AA%D9%8E%D9%85%D9%89.wav
1590,انجرح,ɪnˈʒa.raħ,3,2,LL-Q55633582 (ajp)-Khalil.rantissi-انجَرَح.wav,https://upload.wikimedia.org/wikipedia/commons/0/0f/LL-Q55633582_%28ajp%29-Khalil.rantissi-%D8%A7%D9%86%D8%AC%D9%8E%D8%B1%D9%8E%D8%AD.wav
1591,انحبس,ɪnˈħa.bas,3,2,LL-Q55633582 (ajp)-Khalil.rantissi-انحَبَس.wav,https://upload.wikimedia.org/wikipedia/commons/4/4d/LL-Q55633582_%28ajp%29-Khalil.rantissi-%D8%A7%D9%86%D8%AD%D9%8E%D8%A8%D9%8E%D8%B3.wav
1592,انحرج,ɪnˈħa.raʒ,3,2,LL-Q55633582 (ajp)-Khalil.rantissi-انحَرَج.wav,https://upload.wikimedia.org/wikipedia/commons/d/db/LL-Q55633582_%28ajp%29-Khalil.rantissi-%D8%A7%D9%86%D8%AD%D9%8E%D8%B1%D9%8E%D8%AC.wav
1593,انحرق,ɪnˈħɑ.rɑʔ,3,2,LL-Q55633582 (ajp)-Khalil.rantissi-انحَرَق.wav,https://upload.wikimedia.org/wikipedia/commons/7/74/LL-Q55633582_%28ajp%29-Khalil.rantissi-%D8%A7%D9%86%D8%AD%D9%8E%D8%B1%D9%8E%D9%82.wav
1594,انحكى,ɪnˈħa.ka,3,2,LL-Q55633582 (ajp)-Khalil.rantissi-انحَكى.wav,https://upload.wikimedia.org/wikipedia/commons/0/03/LL-Q55633582_%28ajp%29-Khalil.rantissi-%D8%A7%D9%86%D8%AD%D9%8E%D9%83%D9%89.wav
1595,اندمج,ɪnˈda.maʒ,3,2,LL-Q55633582 (ajp)-Khalil.rantissi-اندمَج.wav,https://upload.wikimedia.org/wikipedia/commons/e/ef/LL-Q55633582_%28ajp%29-Khalil.rantissi-%D8%A7%D9%86%D8%AF%D9%85%D9%8E%D8%AC.wav
1596,انزعج,ɪnˈza.ʕaʒ,3,2,LL-Q55633582 (ajp)-Khalil.rantissi-انزَعَج.wav,https://upload.wikimedia.org/wikipedia/commons/8/8c/LL-Q55633582_%28ajp%29-Khalil.rantissi-%D8%A7%D9%86%D8%B2%D9%8E%D8%B9%D9%8E%D8%AC.wav
1597,انسجن,ɪnˈsa.ʒan,3,2,LL-Q55633582 (ajp)-Khalil.rantissi-انسَجَن.wav,https://upload.wikimedia.org/wikipedia/commons/3/30/LL-Q55633582_%28ajp%29-Khalil.rantissi-%D8%A7%D9%86%D8%B3%D9%8E%D8%AC%D9%8E%D9%86.wav
1598,انسحب,ɪnˈsa.ħab,3,2,LL-Q55633582 (ajp)-Khalil.rantissi-انسَحَب.wav,https://upload.wikimedia.org/wikipedia/commons/e/ef/LL-Q55633582_%28ajp%29-Khalil.rantissi-%D8%A7%D9%86%D8%B3%D9%8E%D8%AD%D9%8E%D8%A8.wav
1599,انسرق,ɪnˈsa.raʔ,3,2,LL-Q55633582 (ajp)-Khalil.rantissi-انسَرَق.wav,https://upload.wikimedia.org/wikipedia/commons/9/97/LL-Q55633582_%28ajp%29-Khalil.rantissi-%D8%A7%D9%86%D8%B3%D9%8E%D8%B1%D9%8E%D9%82.wav
1600,انشغل,ɪnˈʃa.ɣal,3,2,LL-Q55633582 (ajp)-Khalil.rantissi-انشَغَل.wav,https://upload.wikimedia.org/wikipedia/commons/9/90/LL-Q55633582_%28ajp%29-Khalil.rantissi-%D8%A7%D9%86%D8%B4%D9%8E%D8%BA%D9%8E%D9%84.wav
1601,انشفى,ɪnˈʃa.fa,3,2,LL-Q55633582 (ajp)-Khalil.rantissi-انشَفى.wav,https://upload.wikimedia.org/wikipedia/commons/3/3b/LL-Q55633582_%28ajp%29-Khalil.rantissi-%D8%A7%D9%86%D8%B4%D9%8E%D9%81%D9%89.wav
1602,انشهر,ɪnˈʃa.harˤ,3,2,LL-Q55633582 (ajp)-Khalil.rantissi-انشَهَر.wav,https://upload.wikimedia.org/wikipedia/commons/e/e9/LL-Q55633582_%28ajp%29-Khalil.rantissi-%D8%A7%D9%86%D8%B4%D9%8E%D9%87%D9%8E%D8%B1.wav
1603,انصدم,(ɪ)nˈsˤɑ.dˤɑm,3,2,LL-Q55633582 (ajp)-AdrianAbdulBaha-انصَدَم.wav,https://upload.wikimedia.org/wikipedia/commons/7/76/LL-Q55633582_%28ajp%29-AdrianAbdulBaha-%D8%A7%D9%86%D8%B5%D9%8E%D8%AF%D9%8E%D9%85.wav
1604,انصلب,(ɪ)nˈsˤɑ.lɑb,3,2,LL-Q55633582 (ajp)-Muhammad (AdrianAbdulBaha)-انصَلَب.wav,https://upload.wikimedia.org/wikipedia/commons/3/31/LL-Q55633582_%28ajp%29-Muhammad_%28AdrianAbdulBaha%29-%D8%A7%D9%86%D8%B5%D9%8E%D9%84%D9%8E%D8%A8.wav
1605,انعدى,ɪnˈʕa.da,3,2,LL-Q55633582 (ajp)-Khalil.rantissi-انعَدى.wav,https://upload.wikimedia.org/wikipedia/commons/7/7e/LL-Q55633582_%28ajp%29-Khalil.rantissi-%D8%A7%D9%86%D8%B9%D9%8E%D8%AF%D9%89.wav
1606,انعمل,ɪnˈʕa.mal,3,2,LL-Q55633582 (ajp)-Khalil.rantissi-انعَمَل.wav,https://upload.wikimedia.org/wikipedia/commons/7/76/LL-Q55633582_%28ajp%29-Khalil.rantissi-%D8%A7%D9%86%D8%B9%D9%8E%D9%85%D9%8E%D9%84.wav
1607,انعمى,ɪnˈʕa.ma,3,2,LL-Q55633582 (ajp)-Khalil.rantissi-انعَمى.wav,https://upload.wikimedia.org/wikipedia/commons/a/ae/LL-Q55633582_%28ajp%29-Khalil.rantissi-%D8%A7%D9%86%D8%B9%D9%8E%D9%85%D9%89.wav
1608,انغلى,ɪnˈɣa.la,3,2,LL-Q55633582 (ajp)-Khalil.rantissi-انغَلى.wav,https://upload.wikimedia.org/wikipedia/commons/f/f8/LL-Q55633582_%28ajp%29-Khalil.rantissi-%D8%A7%D9%86%D8%BA%D9%8E%D9%84%D9%89.wav
1609,انفتح,ɪnˈfa.taħ,3,2,LL-Q55633582 (ajp)-Khalil.rantissi-انفَتَح.wav,https://upload.wikimedia.org/wikipedia/commons/d/d8/LL-Q55633582_%28ajp%29-Khalil.rantissi-%D8%A7%D9%86%D9%81%D9%8E%D8%AA%D9%8E%D8%AD.wav
1610,انفجر,ɪnˈfa.ʒar,3,2,LL-Q55633582 (ajp)-Khalil.rantissi-انفَجَر.wav,https://upload.wikimedia.org/wikipedia/commons/f/f2/LL-Q55633582_%28ajp%29-Khalil.rantissi-%D8%A7%D9%86%D9%81%D9%8E%D8%AC%D9%8E%D8%B1.wav
1611,انفصل,ɪnˈfɑ.sˤɑl,3,2,LL-Q55633582 (ajp)-Khalil.rantissi-انفَصَل.wav,https://upload.wikimedia.org/wikipedia/commons/c/c4/LL-Q55633582_%28ajp%29-Khalil.rantissi-%D8%A7%D9%86%D9%81%D9%8E%D8%B5%D9%8E%D9%84.wav
1612,انفضح,ɪnˈfɑ.dˤɑħ,3,2,LL-Q55633582 (ajp)-Khalil.rantissi-انفَضَح.wav,https://upload.wikimedia.org/wikipedia/commons/c/c3/LL-Q55633582_%28ajp%29-Khalil.rantissi-%D8%A7%D9%86%D9%81%D9%8E%D8%B6%D9%8E%D8%AD.wav
1613,انقطع,ɪnˈʔɑ.tˤɑʕ,3,2,LL-Q55633582 (ajp)-Khalil.rantissi-انقَطَع.wav,https://upload.wikimedia.org/wikipedia/commons/a/a2/LL-Q55633582_%28ajp%29-Khalil.rantissi-%D8%A7%D9%86%D9%82%D9%8E%D8%B7%D9%8E%D8%B9.wav
1614,انكتب,ɪnˈka.tab,3,2,LL-Q55633582 (ajp)-Khalil.rantissi-انكَتَب.wav,https://upload.wikimedia.org/wikipedia/commons/e/e2/LL-Q55633582_%28ajp%29-Khalil.rantissi-%D8%A7%D9%86%D9%83%D9%8E%D8%AA%D9%8E%D8%A8.wav
1615,انمسك,ɪnˈma.sak,3,2,LL-Q55633582 (ajp)-Khalil.rantissi-انمَسَك.wav,https://upload.wikimedia.org/wikipedia/commons/f/ff/LL-Q55633582_%28ajp%29-Khalil.rantissi-%D8%A7%D9%86%D9%85%D9%8E%D8%B3%D9%8E%D9%83.wav
1616,انولد,ɪnˈwa.lad,3,2,LL-Q55633582 (ajp)-Khalil.rantissi-انوَلَد.wav,https://upload.wikimedia.org/wikipedia/commons/4/40/LL-Q55633582_%28ajp%29-Khalil.rantissi-%D8%A7%D9%86%D9%88%D9%8E%D9%84%D9%8E%D8%AF.wav
1617,بازلا,bæːˈzel.la,3,2,LL-Q55633582 (ajp)-Khalil.rantissi-بَازِلّا.wav,https://upload.wikimedia.org/wikipedia/commons/8/82/LL-Q55633582_%28ajp%29-Khalil.rantissi-%D8%A8%D9%8E%D8%A7%D8%B2%D9%90%D9%84%D9%91%D8%A7.wav
1618,بالآخر,bɪlˈʔæː.xɪr,3,2,LL-Q55633582 (ajp)-AdrianAbdulBaha-بالآخر.wav,https://upload.wikimedia.org/wikipedia/commons/9/90/LL-Q55633582_%28ajp%29-AdrianAbdulBaha-%D8%A8%D8%A7%D9%84%D8%A2%D8%AE%D8%B1.wav
1619,بالصدفة,bɪsˤˈsˤʊdˤ.fe,3,2,LL-Q55633582 (ajp)-Muhammad (AdrianAbdulBaha)-بالصدفة.wav,https://upload.wikimedia.org/wikipedia/commons/6/6b/LL-Q55633582_%28ajp%29-Muhammad_%28AdrianAbdulBaha%29-%D8%A8%D8%A7%D9%84%D8%B5%D8%AF%D9%81%D8%A9.wav
1620,بالعادة,bɪlˈʕæː.de,3,2,LL-Q55633582 (ajp)-Khalil.rantissi-بالعادة.wav,https://upload.wikimedia.org/wikipedia/commons/4/46/LL-Q55633582_%28ajp%29-Khalil.rantissi-%D8%A8%D8%A7%D9%84%D8%B9%D8%A7%D8%AF%D8%A9.wav
1621,بالمرة,bɪlˈmar.ra,3,2,LL-Q55633582 (ajp)-AdrianAbdulBaha-بالمرة.wav,https://upload.wikimedia.org/wikipedia/commons/2/20/LL-Q55633582_%28ajp%29-AdrianAbdulBaha-%D8%A8%D8%A7%D9%84%D9%85%D8%B1%D8%A9.wav
1622,بالمية,bɪlˈmij.je,3,2,LL-Q55633582 (ajp)-Muhammad (AdrianAbdulBaha)-بالمية.wav,https://upload.wikimedia.org/wikipedia/commons/6/67/LL-Q55633582_%28ajp%29-Muhammad_%28AdrianAbdulBaha%29-%D8%A8%D8%A7%D9%84%D9%85%D9%8A%D8%A9.wav
1623,بالنسبة,bɪnˈnɪs.be,3,2,LL-Q55633582 (ajp)-AdrianAbdulBaha-بالنسبة.wav,https://upload.wikimedia.org/wikipedia/commons/3/3e/LL-Q55633582_%28ajp%29-AdrianAbdulBaha-%D8%A8%D8%A7%D9%84%D9%86%D8%B3%D8%A8%D8%A9.wav
1624,بحيرة,bʊˈħaj.rˤɑ,3,2,LL-Q55633582 (ajp)-Khalil.rantissi-بُحيرة.wav,https://upload.wikimedia.org/wikipedia/commons/0/04/LL-Q55633582_%28ajp%29-Khalil.rantissi-%D8%A8%D9%8F%D8%AD%D9%8A%D8%B1%D8%A9.wav
1625,بداية,biˈdæː.je,3,2,LL-Q55633582 (ajp)-Khalil.rantissi-بِداية.wav,https://upload.wikimedia.org/wikipedia/commons/9/93/LL-Q55633582_%28ajp%29-Khalil.rantissi-%D8%A8%D9%90%D8%AF%D8%A7%D9%8A%D8%A9.wav
1626,برداية,burˈdæː.je,3,2,LL-Q55633582 (ajp)-Khalil.rantissi-بُرداية.wav,https://upload.wikimedia.org/wikipedia/commons/9/9a/LL-Q55633582_%28ajp%29-Khalil.rantissi-%D8%A8%D9%8F%D8%B1%D8%AF%D8%A7%D9%8A%D8%A9.wav
1627,بردقاني,bʊrdˈʔæː.ni,3,2,LL-Q55633582 (ajp)-Muhammad (AdrianAbdulBaha)-بردقاني.wav,https://upload.wikimedia.org/wikipedia/commons/8/8d/LL-Q55633582_%28ajp%29-Muhammad_%28AdrianAbdulBaha%29-%D8%A8%D8%B1%D8%AF%D9%82%D8%A7%D9%86%D9%8A.wav
1628,برنامج,barˈnæː.mɪʒ,3,2,LL-Q55633582 (ajp)-Khalil.rantissi-بَرنامِج.wav,https://upload.wikimedia.org/wikipedia/commons/d/da/LL-Q55633582_%28ajp%29-Khalil.rantissi-%D8%A8%D9%8E%D8%B1%D9%86%D8%A7%D9%85%D9%90%D8%AC.wav
1629,برودة,buˈruː.de,3,2,LL-Q55633582 (ajp)-Khalil.rantissi-برودة.wav,https://upload.wikimedia.org/wikipedia/commons/6/64/LL-Q55633582_%28ajp%29-Khalil.rantissi-%D8%A8%D8%B1%D9%88%D8%AF%D8%A9.wav
1630,بستوني,basˈtoː.ni,3,2,LL-Q55633582 (ajp)-Muhammad (AdrianAbdulBaha)-بستوني.wav,https://upload.wikimedia.org/wikipedia/commons/1/1d/LL-Q55633582_%28ajp%29-Muhammad_%28AdrianAbdulBaha%29-%D8%A8%D8%B3%D8%AA%D9%88%D9%86%D9%8A.wav
1631,بطاطا,bɑˈtˤɑː.tˤɑ,3,2,LL-Q55633582 (ajp)-Muhammad (AdrianAbdulBaha)-بطاطا.wav,https://upload.wikimedia.org/wikipedia/commons/3/35/LL-Q55633582_%28ajp%29-Muhammad_%28AdrianAbdulBaha%29-%D8%A8%D8%B7%D8%A7%D8%B7%D8%A7.wav
1632,بناية,bɪˈnæː.je,3,2,LL-Q55633582 (ajp)-AmmanM (AdrianAbdulBaha)-بناية.wav,https://upload.wikimedia.org/wikipedia/commons/4/41/LL-Q55633582_%28ajp%29-AmmanM_%28AdrianAbdulBaha%29-%D8%A8%D9%86%D8%A7%D9%8A%D8%A9.wav
1633,بندورة,banˈdoː.rˤɑ,3,2,LL-Q55633582 (ajp)-IbrahimZ (AdrianAbdulBaha)-بندورة.wav,https://upload.wikimedia.org/wikipedia/commons/0/06/LL-Q55633582_%28ajp%29-IbrahimZ_%28AdrianAbdulBaha%29-%D8%A8%D9%86%D8%AF%D9%88%D8%B1%D8%A9.wav
1634,بوابة,bawˈwæː.be,3,2,LL-Q55633582 (ajp)-Muhammad (AdrianAbdulBaha)-بوّابة.wav,https://upload.wikimedia.org/wikipedia/commons/6/6f/LL-Q55633582_%28ajp%29-Muhammad_%28AdrianAbdulBaha%29-%D8%A8%D9%88%D9%91%D8%A7%D8%A8%D8%A9.wav
1635,تآمر,(ɪ)tˈʔæː.mɑrˤ,3,2,LL-Q55633582 (ajp)-Muhammad (AdrianAbdulBaha)-تآمر.wav,https://upload.wikimedia.org/wikipedia/commons/f/f4/LL-Q55633582_%28ajp%29-Muhammad_%28AdrianAbdulBaha%29-%D8%AA%D8%A2%D9%85%D8%B1.wav
1636,تأثر,(ɪ)tˈʔa.θar,3,2,LL-Q55633582 (ajp)-AdrianAbdulBaha-تأثَّر.wav,https://upload.wikimedia.org/wikipedia/commons/5/5d/LL-Q55633582_%28ajp%29-AdrianAbdulBaha-%D8%AA%D8%A3%D8%AB%D9%8E%D9%91%D8%B1.wav
1637,تأخر,ɪtˈʔax.xar,3,2,LL-Q55633582 (ajp)-Khalil.rantissi-تأخَّر.wav,https://upload.wikimedia.org/wikipedia/commons/3/3b/LL-Q55633582_%28ajp%29-Khalil.rantissi-%D8%AA%D8%A3%D8%AE%D9%8E%D9%91%D8%B1.wav
1638,تأذى,ɪtˈʔaz.za,3,2,LL-Q55633582 (ajp)-Khalil.rantissi-تأذّى.wav,https://upload.wikimedia.org/wikipedia/commons/b/b3/LL-Q55633582_%28ajp%29-Khalil.rantissi-%D8%AA%D8%A3%D8%B0%D9%91%D9%89.wav
1639,تأكد,ɪtˈʔak.kad,3,2,LL-Q55633582 (ajp)-Khalil.rantissi-تأكَّد.wav,https://upload.wikimedia.org/wikipedia/commons/4/46/LL-Q55633582_%28ajp%29-Khalil.rantissi-%D8%AA%D8%A3%D9%83%D9%8E%D9%91%D8%AF.wav
1640,تأمل,(ɪ)tˈʔam.mal,3,2,LL-Q55633582 (ajp)-AdrianAbdulBaha-تأمَّل.wav,https://upload.wikimedia.org/wikipedia/commons/9/93/LL-Q55633582_%28ajp%29-AdrianAbdulBaha-%D8%AA%D8%A3%D9%85%D9%8E%D9%91%D9%84.wav
1641,تأهل,ɪtˈʔah.hal,3,2,LL-Q55633582 (ajp)-Khalil.rantissi-تأهَّل.wav,https://upload.wikimedia.org/wikipedia/commons/a/a8/LL-Q55633582_%28ajp%29-Khalil.rantissi-%D8%AA%D8%A3%D9%87%D9%8E%D9%91%D9%84.wav
1642,تبادل,ɪtˈbæː.dal,3,2,LL-Q55633582 (ajp)-Khalil.rantissi-تبادَل.wav,https://upload.wikimedia.org/wikipedia/commons/a/a5/LL-Q55633582_%28ajp%29-Khalil.rantissi-%D8%AA%D8%A8%D8%A7%D8%AF%D9%8E%D9%84.wav
1643,تبخر,(ɪ)tˈbax.xar,3,2,LL-Q55633582 (ajp)-Khalil.rantissi-تبَخَّر.wav,https://upload.wikimedia.org/wikipedia/commons/4/44/LL-Q55633582_%28ajp%29-Khalil.rantissi-%D8%AA%D8%A8%D9%8E%D8%AE%D9%8E%D9%91%D8%B1.wav
1644,تبدل,ɪtˈbad.dal,3,2,LL-Q55633582 (ajp)-Khalil.rantissi-تبَدَّل.wav,https://upload.wikimedia.org/wikipedia/commons/1/14/LL-Q55633582_%28ajp%29-Khalil.rantissi-%D8%AA%D8%A8%D9%8E%D8%AF%D9%8E%D9%91%D9%84.wav
1645,تبرع,ɪtˈbar.raʕ,3,2,LL-Q55633582 (ajp)-Khalil.rantissi-تبَرَّع.wav,https://upload.wikimedia.org/wikipedia/commons/c/cb/LL-Q55633582_%28ajp%29-Khalil.rantissi-%D8%AA%D8%A8%D9%8E%D8%B1%D9%8E%D9%91%D8%B9.wav
1646,تتاوب,(ɪ)tˈtæː.wab,3,2,LL-Q55633582 (ajp)-AdrianAbdulBaha-تتاوَب.wav,https://upload.wikimedia.org/wikipedia/commons/6/61/LL-Q55633582_%28ajp%29-AdrianAbdulBaha-%D8%AA%D8%AA%D8%A7%D9%88%D9%8E%D8%A8.wav
1647,تجاهل,ɪdˈʒæː.hal,3,2,LL-Q55633582 (ajp)-Khalil.rantissi-تجاهَل.wav,https://upload.wikimedia.org/wikipedia/commons/0/05/LL-Q55633582_%28ajp%29-Khalil.rantissi-%D8%AA%D8%AC%D8%A7%D9%87%D9%8E%D9%84.wav
1648,تجعلك,(ɪ)tˈʒaʕ.lak,3,2,LL-Q55633582 (ajp)-Mohammad-LPA-تجعلك.wav,https://upload.wikimedia.org/wikipedia/commons/a/a3/LL-Q55633582_%28ajp%29-Mohammad-LPA-%D8%AA%D8%AC%D8%B9%D9%84%D9%83.wav
1649,تجمع,ɪdˈʒam.maʕ,3,2,LL-Q55633582 (ajp)-Khalil.rantissi-تجَمَّع.wav,https://upload.wikimedia.org/wikipedia/commons/4/40/LL-Q55633582_%28ajp%29-Khalil.rantissi-%D8%AA%D8%AC%D9%8E%D9%85%D9%8E%D9%91%D8%B9.wav
1650,تجنب,ɪdˈʒan.nab,3,2,LL-Q55633582 (ajp)-Khalil.rantissi-تجنّب.wav,https://upload.wikimedia.org/wikipedia/commons/9/91/LL-Q55633582_%28ajp%29-Khalil.rantissi-%D8%AA%D8%AC%D9%86%D9%91%D8%A8.wav
1651,تجول,ɪdˈʒaw.wal,3,2,LL-Q55633582 (ajp)-Khalil.rantissi-تجَوَّل.wav,https://upload.wikimedia.org/wikipedia/commons/b/ba/LL-Q55633582_%28ajp%29-Khalil.rantissi-%D8%AA%D8%AC%D9%8E%D9%88%D9%8E%D9%91%D9%84.wav
1652,تحارب,ɪtˈħæː.rab,3,2,LL-Q55633582 (ajp)-Khalil.rantissi-تحارَب.wav,https://upload.wikimedia.org/wikipedia/commons/e/e7/LL-Q55633582_%28ajp%29-Khalil.rantissi-%D8%AA%D8%AD%D8%A7%D8%B1%D9%8E%D8%A8.wav
1653,تحدث,ɪtˈħad.das,3,2,LL-Q55633582 (ajp)-Khalil.rantissi-تَحَدَّث.wav,https://upload.wikimedia.org/wikipedia/commons/e/ea/LL-Q55633582_%28ajp%29-Khalil.rantissi-%D8%AA%D9%8E%D8%AD%D9%8E%D8%AF%D9%8E%D9%91%D8%AB.wav
1654,تحدى,ɪtˈħad.da,3,2,LL-Q55633582 (ajp)-Khalil.rantissi-تحَدّى.wav,https://upload.wikimedia.org/wikipedia/commons/c/c2/LL-Q55633582_%28ajp%29-Khalil.rantissi-%D8%AA%D8%AD%D9%8E%D8%AF%D9%91%D9%89.wav
1655,تحرش,ɪtˈħar.raʃ,3,2,LL-Q55633582 (ajp)-Khalil.rantissi-تحَرَّش.wav,https://upload.wikimedia.org/wikipedia/commons/0/0e/LL-Q55633582_%28ajp%29-Khalil.rantissi-%D8%AA%D8%AD%D9%8E%D8%B1%D9%8E%D9%91%D8%B4.wav
1656,تحرك,ɪtˈħar.rak,3,2,LL-Q55633582 (ajp)-Khalil.rantissi-تحَرَّك.wav,https://upload.wikimedia.org/wikipedia/commons/d/d2/LL-Q55633582_%28ajp%29-Khalil.rantissi-%D8%AA%D8%AD%D9%8E%D8%B1%D9%8E%D9%91%D9%83.wav
1657,تحسن,ɪtˈħas.san,3,2,LL-Q55633582 (ajp)-Khalil.rantissi-تحَسَّن.wav,https://upload.wikimedia.org/wikipedia/commons/f/f9/LL-Q55633582_%28ajp%29-Khalil.rantissi-%D8%AA%D8%AD%D9%8E%D8%B3%D9%8E%D9%91%D9%86.wav
1658,تحشر,(ɪ)tˈħaʃ.ʃɑrˤ,3,2,LL-Q55633582 (ajp)-Muhammad (AdrianAbdulBaha)-تحَشَّر.wav,https://upload.wikimedia.org/wikipedia/commons/e/ec/LL-Q55633582_%28ajp%29-Muhammad_%28AdrianAbdulBaha%29-%D8%AA%D8%AD%D9%8E%D8%B4%D9%8E%D9%91%D8%B1.wav
1659,تحكم,ɪtˈħak.kam,3,2,LL-Q55633582 (ajp)-Khalil.rantissi-تحَكَّم.wav,https://upload.wikimedia.org/wikipedia/commons/7/7f/LL-Q55633582_%28ajp%29-Khalil.rantissi-%D8%AA%D8%AD%D9%8E%D9%83%D9%8E%D9%91%D9%85.wav
1660,تحمس,ɪtˈħam.mas,3,2,LL-Q55633582 (ajp)-Khalil.rantissi-تحَمَّس.wav,https://upload.wikimedia.org/wikipedia/commons/0/0d/LL-Q55633582_%28ajp%29-Khalil.rantissi-%D8%AA%D8%AD%D9%8E%D9%85%D9%8E%D9%91%D8%B3.wav
1661,تحمل,ɪtˈħam.mal,3,2,LL-Q55633582 (ajp)-Khalil.rantissi-تحَمَّل.wav,https://upload.wikimedia.org/wikipedia/commons/3/3f/LL-Q55633582_%28ajp%29-Khalil.rantissi-%D8%AA%D8%AD%D9%8E%D9%85%D9%8E%D9%91%D9%84.wav
1662,تحمم,ɪtˈħam.mam,3,2,LL-Q55633582 (ajp)-Khalil.rantissi-تحَمَّم.wav,https://upload.wikimedia.org/wikipedia/commons/5/5d/LL-Q55633582_%28ajp%29-Khalil.rantissi-%D8%AA%D8%AD%D9%8E%D9%85%D9%8E%D9%91%D9%85.wav
1663,تحول,ɪtˈħaw.wal,3,2,LL-Q55633582 (ajp)-Khalil.rantissi-تحَوَّل.wav,https://upload.wikimedia.org/wikipedia/commons/0/05/LL-Q55633582_%28ajp%29-Khalil.rantissi-%D8%AA%D8%AD%D9%8E%D9%88%D9%8E%D9%91%D9%84.wav
1664,تخانق,ɪtˈxæː.naʔ,3,2,LL-Q55633582 (ajp)-Khalil.rantissi-تخانَق.wav,https://upload.wikimedia.org/wikipedia/commons/1/1d/LL-Q55633582_%28ajp%29-Khalil.rantissi-%D8%AA%D8%AE%D8%A7%D9%86%D9%8E%D9%82.wav
1665,تخبى,ɪtˈxab.ba,3,2,LL-Q55633582 (ajp)-Khalil.rantissi-تخَبّى.wav,https://upload.wikimedia.org/wikipedia/commons/7/76/LL-Q55633582_%28ajp%29-Khalil.rantissi-%D8%AA%D8%AE%D9%8E%D8%A8%D9%91%D9%89.wav
1666,تخجل,ɪtˈxaʒ.ʒal,3,2,LL-Q55633582 (ajp)-Khalil.rantissi-تخَجَّل.wav,https://upload.wikimedia.org/wikipedia/commons/c/cc/LL-Q55633582_%28ajp%29-Khalil.rantissi-%D8%AA%D8%AE%D9%8E%D8%AC%D9%8E%D9%91%D9%84.wav
1667,تخرج,ɪtˈxar.raʒ,3,2,LL-Q55633582 (ajp)-Khalil.rantissi-تخَرَّج.wav,https://upload.wikimedia.org/wikipedia/commons/b/b7/LL-Q55633582_%28ajp%29-Khalil.rantissi-%D8%AA%D8%AE%D9%8E%D8%B1%D9%8E%D9%91%D8%AC.wav
1668,تخرف,ɪtˈxɑrˤ.rˤɑf,3,2,LL-Q55633582 (ajp)-Khalil.rantissi-تخَرَّف.wav,https://upload.wikimedia.org/wikipedia/commons/5/53/LL-Q55633582_%28ajp%29-Khalil.rantissi-%D8%AA%D8%AE%D9%8E%D8%B1%D9%8E%D9%91%D9%81.wav
1669,تخصص,ɪtˈxɑsˤ.sˤɑsˤ,3,2,LL-Q55633582 (ajp)-Khalil.rantissi-تخَصَّص.wav,https://upload.wikimedia.org/wikipedia/commons/2/21/LL-Q55633582_%28ajp%29-Khalil.rantissi-%D8%AA%D8%AE%D9%8E%D8%B5%D9%8E%D9%91%D8%B5.wav
1670,تخلف,ɪtˈxal.laf,3,2,LL-Q55633582 (ajp)-Khalil.rantissi-تخَلَّف.wav,https://upload.wikimedia.org/wikipedia/commons/d/d5/LL-Q55633582_%28ajp%29-Khalil.rantissi-%D8%AA%D8%AE%D9%8E%D9%84%D9%8E%D9%91%D9%81.wav
1671,تخلى,ɪtˈxal.la,3,2,LL-Q55633582 (ajp)-Khalil.rantissi-تخَلّى.wav,https://upload.wikimedia.org/wikipedia/commons/9/92/LL-Q55633582_%28ajp%29-Khalil.rantissi-%D8%AA%D8%AE%D9%8E%D9%84%D9%91%D9%89.wav
1672,تخوت,ɪtˈxaw.wat,3,2,LL-Q55633582 (ajp)-Khalil.rantissi-تخَوَّت.wav,https://upload.wikimedia.org/wikipedia/commons/5/5e/LL-Q55633582_%28ajp%29-Khalil.rantissi-%D8%AA%D8%AE%D9%8E%D9%88%D9%8E%D9%91%D8%AA.wav
1673,تخوف,ɪtˈxaw.waf,3,2,LL-Q55633582 (ajp)-Khalil.rantissi-تخَوَّف.wav,https://upload.wikimedia.org/wikipedia/commons/0/03/LL-Q55633582_%28ajp%29-Khalil.rantissi-%D8%AA%D8%AE%D9%8E%D9%88%D9%8E%D9%91%D9%81.wav
1674,تخيب,(ɪ)tˈxaj.jab,3,2,LL-Q55633582 (ajp)-AdrianAbdulBaha-تخَيَّب.wav,https://upload.wikimedia.org/wikipedia/commons/5/58/LL-Q55633582_%28ajp%29-AdrianAbdulBaha-%D8%AA%D8%AE%D9%8E%D9%8A%D9%8E%D9%91%D8%A8.wav
1675,تخيل,ɪtˈxaj.jal,3,2,LL-Q55633582 (ajp)-Khalil.rantissi-تخَيَّل.wav,https://upload.wikimedia.org/wikipedia/commons/6/6d/LL-Q55633582_%28ajp%29-Khalil.rantissi-%D8%AA%D8%AE%D9%8E%D9%8A%D9%8E%D9%91%D9%84.wav
1676,تدخل,(ɪ)dˈdax.xal,3,2,LL-Q55633582 (ajp)-Khalil.rantissi-تدَخَّل.wav,https://upload.wikimedia.org/wikipedia/commons/a/a2/LL-Q55633582_%28ajp%29-Khalil.rantissi-%D8%AA%D8%AF%D9%8E%D8%AE%D9%8E%D9%91%D9%84.wav
1677,تدرب,ɪdˈdar.rab,3,2,LL-Q55633582 (ajp)-Khalil.rantissi-تدَرَّب.wav,https://upload.wikimedia.org/wikipedia/commons/8/8c/LL-Q55633582_%28ajp%29-Khalil.rantissi-%D8%AA%D8%AF%D9%8E%D8%B1%D9%8E%D9%91%D8%A8.wav
1678,تدوش,ɪdˈdaw.waʃ,3,2,LL-Q55633582 (ajp)-Khalil.rantissi-تدوَّش.wav,https://upload.wikimedia.org/wikipedia/commons/4/46/LL-Q55633582_%28ajp%29-Khalil.rantissi-%D8%AA%D8%AF%D9%88%D9%8E%D9%91%D8%B4.wav
1679,تذكر,(ɪ)dˈzak.kar,3,2,LL-Q55633582 (ajp)-Khalil.rantissi-تذَكَّر.wav,https://upload.wikimedia.org/wikipedia/commons/c/c9/LL-Q55633582_%28ajp%29-Khalil.rantissi-%D8%AA%D8%B0%D9%8E%D9%83%D9%8E%D9%91%D8%B1.wav
1680,تراجع,ɪtˈræː.ʒaʕ,3,2,LL-Q55633582 (ajp)-Khalil.rantissi-تراجَع.wav,https://upload.wikimedia.org/wikipedia/commons/6/60/LL-Q55633582_%28ajp%29-Khalil.rantissi-%D8%AA%D8%B1%D8%A7%D8%AC%D9%8E%D8%B9.wav
1681,تراهن,ɪtˈrˤɑː.hɑn,3,2,LL-Q55633582 (ajp)-Khalil.rantissi-تراهَن.wav,https://upload.wikimedia.org/wikipedia/commons/e/ed/LL-Q55633582_%28ajp%29-Khalil.rantissi-%D8%AA%D8%B1%D8%A7%D9%87%D9%8E%D9%86.wav
1682,تربى,ɪtˈrˤɑb.bɑ,3,2,LL-Q55633582 (ajp)-Khalil.rantissi-ترَبّى.wav,https://upload.wikimedia.org/wikipedia/commons/3/30/LL-Q55633582_%28ajp%29-Khalil.rantissi-%D8%AA%D8%B1%D9%8E%D8%A8%D9%91%D9%89.wav
1683,تركيا,tʊrˈkij.ja,3,2,LL-Q55633582 (ajp)-AdrianAbdulBaha-تركيا.wav,https://upload.wikimedia.org/wikipedia/commons/d/dc/LL-Q55633582_%28ajp%29-AdrianAbdulBaha-%D8%AA%D8%B1%D9%83%D9%8A%D8%A7.wav
1684,تزوج,idˈzaw.waʒ,3,2,LL-Q55633582 (ajp)-Khalil.rantissi-تَزوَّج.wav,https://upload.wikimedia.org/wikipedia/commons/c/c1/LL-Q55633582_%28ajp%29-Khalil.rantissi-%D8%AA%D9%8E%D8%B2%D9%88%D9%8E%D9%91%D8%AC.wav
1685,تساءل,ɪtˈsæː.ʔal,3,2,LL-Q55633582 (ajp)-Khalil.rantissi-تساءَل.wav,https://upload.wikimedia.org/wikipedia/commons/1/1b/LL-Q55633582_%28ajp%29-Khalil.rantissi-%D8%AA%D8%B3%D8%A7%D8%A1%D9%8E%D9%84.wav
1686,تسرب,ɪtˈsar.rab,3,2,LL-Q55633582 (ajp)-Khalil.rantissi-تسَرَّب.wav,https://upload.wikimedia.org/wikipedia/commons/0/02/LL-Q55633582_%28ajp%29-Khalil.rantissi-%D8%AA%D8%B3%D9%8E%D8%B1%D9%8E%D9%91%D8%A8.wav
1687,تسرع,ɪtˈsar.raʕ,3,2,LL-Q55633582 (ajp)-Khalil.rantissi-تسَرَّع.wav,https://upload.wikimedia.org/wikipedia/commons/6/61/LL-Q55633582_%28ajp%29-Khalil.rantissi-%D8%AA%D8%B3%D9%8E%D8%B1%D9%8E%D9%91%D8%B9.wav
1688,تسكر,ɪtˈsak.kar,3,2,LL-Q55633582 (ajp)-Khalil.rantissi-تسَكَّر.wav,https://upload.wikimedia.org/wikipedia/commons/7/7e/LL-Q55633582_%28ajp%29-Khalil.rantissi-%D8%AA%D8%B3%D9%8E%D9%83%D9%8E%D9%91%D8%B1.wav
1689,تسلى,ɪtˈsal.la,3,2,LL-Q55633582 (ajp)-Khalil.rantissi-تسَلّى.wav,https://upload.wikimedia.org/wikipedia/commons/f/ff/LL-Q55633582_%28ajp%29-Khalil.rantissi-%D8%AA%D8%B3%D9%8E%D9%84%D9%91%D9%89.wav
1690,تشتت,ɪtˈʃat.tat,3,2,LL-Q55633582 (ajp)-Khalil.rantissi-تشَتَّت.wav,https://upload.wikimedia.org/wikipedia/commons/4/4f/LL-Q55633582_%28ajp%29-Khalil.rantissi-%D8%AA%D8%B4%D9%8E%D8%AA%D9%8E%D9%91%D8%AA.wav
1691,تشطف,(ɪ)tˈʃɑtˤ.tˤɑf,3,2,LL-Q55633582 (ajp)-Muhammad (AdrianAbdulBaha)-تشَطَّف.wav,https://upload.wikimedia.org/wikipedia/commons/1/19/LL-Q55633582_%28ajp%29-Muhammad_%28AdrianAbdulBaha%29-%D8%AA%D8%B4%D9%8E%D8%B7%D9%8E%D9%91%D9%81.wav
1692,تشكون,(ɪ)tˈʃak.wan,3,2,LL-Q55633582 (ajp)-Muhammad (AdrianAbdulBaha)-تشَكوَن.wav,https://upload.wikimedia.org/wikipedia/commons/6/64/LL-Q55633582_%28ajp%29-Muhammad_%28AdrianAbdulBaha%29-%D8%AA%D8%B4%D9%8E%D9%83%D9%88%D9%8E%D9%86.wav
1693,تشمس,ɪtˈʃam.mas,3,2,LL-Q55633582 (ajp)-Khalil.rantissi-تشَمَّس.wav,https://upload.wikimedia.org/wikipedia/commons/3/34/LL-Q55633582_%28ajp%29-Khalil.rantissi-%D8%AA%D8%B4%D9%8E%D9%85%D9%8E%D9%91%D8%B3.wav
1694,تصالح,ɪtˈsˤɑː.lˤɑħ,3,2,LL-Q55633582 (ajp)-Khalil.rantissi-تصالَح.wav,https://upload.wikimedia.org/wikipedia/commons/7/79/LL-Q55633582_%28ajp%29-Khalil.rantissi-%D8%AA%D8%B5%D8%A7%D9%84%D9%8E%D8%AD.wav
1695,تصرف,ɪtˈsˤɑrˤ.rˤɑf,3,2,LL-Q55633582 (ajp)-Khalil.rantissi-تصَرَّف.wav,https://upload.wikimedia.org/wikipedia/commons/d/df/LL-Q55633582_%28ajp%29-Khalil.rantissi-%D8%AA%D8%B5%D9%8E%D8%B1%D9%8E%D9%91%D9%81.wav
1696,تصور,ɪtˈsˤɑw.wɑrˤ,3,2,LL-Q55633582 (ajp)-Khalil.rantissi-تصَوَّر.wav,https://upload.wikimedia.org/wikipedia/commons/b/ba/LL-Q55633582_%28ajp%29-Khalil.rantissi-%D8%AA%D8%B5%D9%8E%D9%88%D9%8E%D9%91%D8%B1.wav
1697,تضايق,ɪdˈdæː.jaʔ,3,2,LL-Q55633582 (ajp)-Khalil.rantissi-تضايَق.wav,https://upload.wikimedia.org/wikipedia/commons/6/6e/LL-Q55633582_%28ajp%29-Khalil.rantissi-%D8%AA%D8%B6%D8%A7%D9%8A%D9%8E%D9%82.wav
1698,تطاوش,(ɪ)tˤˈtˤɑː.wɑʃ,3,2,LL-Q55633582 (ajp)-AdrianAbdulBaha-تطاوَش.wav,https://upload.wikimedia.org/wikipedia/commons/e/e7/LL-Q55633582_%28ajp%29-AdrianAbdulBaha-%D8%AA%D8%B7%D8%A7%D9%88%D9%8E%D8%B4.wav
1699,تطلع,ɪtˤˈtˤʌl.laʕ,3,2,LL-Q55633582 (ajp)-Khalil.rantissi-تطَلَّع.wav,https://upload.wikimedia.org/wikipedia/commons/5/5d/LL-Q55633582_%28ajp%29-Khalil.rantissi-%D8%AA%D8%B7%D9%8E%D9%84%D9%8E%D9%91%D8%B9.wav
1700,تطمن,ɪtˤˈtˤɑm.mɑn,3,2,LL-Q55633582 (ajp)-Khalil.rantissi-تطَمَّن.wav,https://upload.wikimedia.org/wikipedia/commons/8/85/LL-Q55633582_%28ajp%29-Khalil.rantissi-%D8%AA%D8%B7%D9%8E%D9%85%D9%8E%D9%91%D9%86.wav
1701,تطور,ɪtˤˈtˤʌw.wʌr,3,2,LL-Q55633582 (ajp)-Khalil.rantissi-تطَوَّر.wav,https://upload.wikimedia.org/wikipedia/commons/3/37/LL-Q55633582_%28ajp%29-Khalil.rantissi-%D8%AA%D8%B7%D9%8E%D9%88%D9%8E%D9%91%D8%B1.wav
1702,تعالج,ɪtˈʕæː.laʒ,3,2,LL-Q55633582 (ajp)-Khalil.rantissi-تعالَج.wav,https://upload.wikimedia.org/wikipedia/commons/7/70/LL-Q55633582_%28ajp%29-Khalil.rantissi-%D8%AA%D8%B9%D8%A7%D9%84%D9%8E%D8%AC.wav
1703,تعامل,ɪtˈʕæː.mal,3,2,LL-Q55633582 (ajp)-Khalil.rantissi-تعامَل.wav,https://upload.wikimedia.org/wikipedia/commons/0/00/LL-Q55633582_%28ajp%29-Khalil.rantissi-%D8%AA%D8%B9%D8%A7%D9%85%D9%8E%D9%84.wav
1704,تعاون,ɪtˈʕæː.wan,3,2,LL-Q55633582 (ajp)-Khalil.rantissi-تعاوَن.wav,https://upload.wikimedia.org/wikipedia/commons/c/c3/LL-Q55633582_%28ajp%29-Khalil.rantissi-%D8%AA%D8%B9%D8%A7%D9%88%D9%8E%D9%86.wav
1705,تعايش,ɪtˈʕæː.jaʃ,3,2,LL-Q55633582 (ajp)-Khalil.rantissi-تعايَش.wav,https://upload.wikimedia.org/wikipedia/commons/3/33/LL-Q55633582_%28ajp%29-Khalil.rantissi-%D8%AA%D8%B9%D8%A7%D9%8A%D9%8E%D8%B4.wav
1706,تعجب,ɪtˈʕaʒ.ʒab,3,2,LL-Q55633582 (ajp)-Khalil.rantissi-تعَجَّب.wav,https://upload.wikimedia.org/wikipedia/commons/c/c0/LL-Q55633582_%28ajp%29-Khalil.rantissi-%D8%AA%D8%B9%D9%8E%D8%AC%D9%8E%D9%91%D8%A8.wav
1707,تعدى,(ɪ)tˈʕad.da,3,2,LL-Q55633582 (ajp)-Khalil.rantissi-تعَدّى.wav,https://upload.wikimedia.org/wikipedia/commons/6/6e/LL-Q55633582_%28ajp%29-Khalil.rantissi-%D8%AA%D8%B9%D9%8E%D8%AF%D9%91%D9%89.wav
1708,تعرض,ɪtˈʕar.radˤ,3,2,LL-Q55633582 (ajp)-Khalil.rantissi-تَعَرَّض.wav,https://upload.wikimedia.org/wikipedia/commons/3/38/LL-Q55633582_%28ajp%29-Khalil.rantissi-%D8%AA%D9%8E%D8%B9%D9%8E%D8%B1%D9%8E%D9%91%D8%B6.wav
1709,تعرف,ɪtˈʕɑrˤ.rˤɑf,3,2,LL-Q55633582 (ajp)-Khalil.rantissi-تعَرَّف.wav,https://upload.wikimedia.org/wikipedia/commons/3/3e/LL-Q55633582_%28ajp%29-Khalil.rantissi-%D8%AA%D8%B9%D9%8E%D8%B1%D9%8E%D9%91%D9%81.wav
1710,تعشى,ɪtˈʕaʃ.ʃa,3,2,LL-Q55633582 (ajp)-Khalil.rantissi-تعَشّى.wav,https://upload.wikimedia.org/wikipedia/commons/0/0b/LL-Q55633582_%28ajp%29-Khalil.rantissi-%D8%AA%D8%B9%D9%8E%D8%B4%D9%91%D9%89.wav
1711,تعلق,ɪtˈʕal.laʔ,3,2,LL-Q55633582 (ajp)-Khalil.rantissi-تَعَلَّق.wav,https://upload.wikimedia.org/wikipedia/commons/9/91/LL-Q55633582_%28ajp%29-Khalil.rantissi-%D8%AA%D9%8E%D8%B9%D9%8E%D9%84%D9%8E%D9%91%D9%82.wav
1712,تعلم,ɪtˈʕal.lam,3,2,LL-Q55633582 (ajp)-Khalil.rantissi-تعَلَّم.wav,https://upload.wikimedia.org/wikipedia/commons/5/52/LL-Q55633582_%28ajp%29-Khalil.rantissi-%D8%AA%D8%B9%D9%8E%D9%84%D9%8E%D9%91%D9%85.wav
1713,تعليقة,taʕˈliː.ʔa,3,2,LL-Q55633582 (ajp)-Muhammad (AdrianAbdulBaha)-تعليقة.wav,https://upload.wikimedia.org/wikipedia/commons/f/fc/LL-Q55633582_%28ajp%29-Muhammad_%28AdrianAbdulBaha%29-%D8%AA%D8%B9%D9%84%D9%8A%D9%82%D8%A9.wav
1714,تعود,ɪtˈʕaw.wad,3,2,LL-Q55633582 (ajp)-Khalil.rantissi-تعَوَّد.wav,https://upload.wikimedia.org/wikipedia/commons/f/fd/LL-Q55633582_%28ajp%29-Khalil.rantissi-%D8%AA%D8%B9%D9%8E%D9%88%D9%8E%D9%91%D8%AF.wav
1715,تغدى,ɪtˈɣad.da,3,2,LL-Q55633582 (ajp)-Khalil.rantissi-تغَدّى.wav,https://upload.wikimedia.org/wikipedia/commons/4/47/LL-Q55633582_%28ajp%29-Khalil.rantissi-%D8%AA%D8%BA%D9%8E%D8%AF%D9%91%D9%89.wav
1716,تغسل,ɪtˈɣas.sal,3,2,LL-Q55633582 (ajp)-Khalil.rantissi-تغَسَّل.wav,https://upload.wikimedia.org/wikipedia/commons/8/8b/LL-Q55633582_%28ajp%29-Khalil.rantissi-%D8%AA%D8%BA%D9%8E%D8%B3%D9%8E%D9%91%D9%84.wav
1717,تغطى,(ɪ)tˈɣɑtˤ.tˤɑ,3,2,LL-Q55633582 (ajp)-AdrianAbdulBaha-تغَطّى.wav,https://upload.wikimedia.org/wikipedia/commons/a/a7/LL-Q55633582_%28ajp%29-AdrianAbdulBaha-%D8%AA%D8%BA%D9%8E%D8%B7%D9%91%D9%89.wav
1718,تغلب,ɪtˈɣal.lab,3,2,LL-Q55633582 (ajp)-Khalil.rantissi-تغَلَّب.wav,https://upload.wikimedia.org/wikipedia/commons/6/67/LL-Q55633582_%28ajp%29-Khalil.rantissi-%D8%AA%D8%BA%D9%8E%D9%84%D9%8E%D9%91%D8%A8.wav
1719,تغير,ɪdˈɣaj.jar,3,2,LL-Q55633582 (ajp)-Khalil.rantissi-تغَيَّر.wav,https://upload.wikimedia.org/wikipedia/commons/0/0a/LL-Q55633582_%28ajp%29-Khalil.rantissi-%D8%AA%D8%BA%D9%8E%D9%8A%D9%8E%D9%91%D8%B1.wav
1720,تفاجأ,ɪtˈfæː.ʒaʔ,3,2,LL-Q55633582 (ajp)-Khalil.rantissi-تفاجأ.wav,https://upload.wikimedia.org/wikipedia/commons/4/47/LL-Q55633582_%28ajp%29-Khalil.rantissi-%D8%AA%D9%81%D8%A7%D8%AC%D8%A3.wav
1721,تفرج,ɪtˈfar.raʒ,3,2,LL-Q55633582 (ajp)-Khalil.rantissi-تفَرَّج.wav,https://upload.wikimedia.org/wikipedia/commons/b/b3/LL-Q55633582_%28ajp%29-Khalil.rantissi-%D8%AA%D9%81%D9%8E%D8%B1%D9%8E%D9%91%D8%AC.wav
1722,تفضل,ɪtˈfɑdˤ.dˤɑl,3,2,LL-Q55633582 (ajp)-Khalil.rantissi-تفَضَّل.wav,https://upload.wikimedia.org/wikipedia/commons/4/44/LL-Q55633582_%28ajp%29-Khalil.rantissi-%D8%AA%D9%81%D9%8E%D8%B6%D9%8E%D9%91%D9%84.wav
1723,تقابل,ɪtˈʔæː.bal,3,2,LL-Q55633582 (ajp)-Khalil.rantissi-تقابَل.wav,https://upload.wikimedia.org/wikipedia/commons/c/cd/LL-Q55633582_%28ajp%29-Khalil.rantissi-%D8%AA%D9%82%D8%A7%D8%A8%D9%8E%D9%84.wav
1724,تقاتل,ɪtˈʔæː.tal,3,2,LL-Q55633582 (ajp)-Khalil.rantissi-تقاتَل.wav,https://upload.wikimedia.org/wikipedia/commons/1/18/LL-Q55633582_%28ajp%29-Khalil.rantissi-%D8%AA%D9%82%D8%A7%D8%AA%D9%8E%D9%84.wav
1725,تقارب,ɪtˈʔɑː.rˤɑb,3,2,LL-Q55633582 (ajp)-Khalil.rantissi-تقارَب.wav,https://upload.wikimedia.org/wikipedia/commons/e/ef/LL-Q55633582_%28ajp%29-Khalil.rantissi-%D8%AA%D9%82%D8%A7%D8%B1%D9%8E%D8%A8.wav
1726,تقاسم,ɪtˈʔæː.sam,3,2,LL-Q55633582 (ajp)-Khalil.rantissi-تقاسَم.wav,https://upload.wikimedia.org/wikipedia/commons/f/f4/LL-Q55633582_%28ajp%29-Khalil.rantissi-%D8%AA%D9%82%D8%A7%D8%B3%D9%8E%D9%85.wav
1727,تقاعد,ɪtˈqɑː.ʕɑd,3,2,LL-Q55633582 (ajp)-Khalil.rantissi-تقاعَد.wav,https://upload.wikimedia.org/wikipedia/commons/e/e9/LL-Q55633582_%28ajp%29-Khalil.rantissi-%D8%AA%D9%82%D8%A7%D8%B9%D9%8E%D8%AF.wav
1728,تقبل,ɪtˈʔab.bal,3,2,LL-Q55633582 (ajp)-Khalil.rantissi-تقَبَّل.wav,https://upload.wikimedia.org/wikipedia/commons/b/bb/LL-Q55633582_%28ajp%29-Khalil.rantissi-%D8%AA%D9%82%D9%8E%D8%A8%D9%8E%D9%91%D9%84.wav
1729,تقدم,ɪtˈʔad.dam,3,2,LL-Q55633582 (ajp)-Khalil.rantissi-تقَدَّم.wav,https://upload.wikimedia.org/wikipedia/commons/c/ca/LL-Q55633582_%28ajp%29-Khalil.rantissi-%D8%AA%D9%82%D9%8E%D8%AF%D9%8E%D9%91%D9%85.wav
1730,تقريبا,taʔˈriː.ban,3,2,LL-Q55633582 (ajp)-AdrianAbdulBaha-تقريبا.wav,https://upload.wikimedia.org/wikipedia/commons/3/35/LL-Q55633582_%28ajp%29-AdrianAbdulBaha-%D8%AA%D9%82%D8%B1%D9%8A%D8%A8%D8%A7.wav
1731,تكبر,ɪtˈkab.bar,3,2,LL-Q55633582 (ajp)-Khalil.rantissi-تكَبَّر.wav,https://upload.wikimedia.org/wikipedia/commons/9/9b/LL-Q55633582_%28ajp%29-Khalil.rantissi-%D8%AA%D9%83%D9%8E%D8%A8%D9%8E%D9%91%D8%B1.wav
1732,تكثف,(ɪ)tˈkaθ.θaf,3,2,LL-Q55633582 (ajp)-Muhammad (AdrianAbdulBaha)-تكَثَّف.wav,https://upload.wikimedia.org/wikipedia/commons/9/94/LL-Q55633582_%28ajp%29-Muhammad_%28AdrianAbdulBaha%29-%D8%AA%D9%83%D9%8E%D8%AB%D9%8E%D9%91%D9%81.wav
1733,تكرر,(ɪ)tˈkar.rar,3,2,LL-Q55633582 (ajp)-AdrianAbdulBaha-تكَرَّر.wav,https://upload.wikimedia.org/wikipedia/commons/2/28/LL-Q55633582_%28ajp%29-AdrianAbdulBaha-%D8%AA%D9%83%D9%8E%D8%B1%D9%8E%D9%91%D8%B1.wav
1734,تلاجة,talˈlæː.ʒe,3,2,LL-Q55633582 (ajp)-Muhammad (AdrianAbdulBaha)-تلاجة.wav,https://upload.wikimedia.org/wikipedia/commons/0/07/LL-Q55633582_%28ajp%29-Muhammad_%28AdrianAbdulBaha%29-%D8%AA%D9%84%D8%A7%D8%AC%D8%A9.wav
1735,تلاعب,ɪtˈlæː.ʕab,3,2,LL-Q55633582 (ajp)-Khalil.rantissi-تلاعَب.wav,https://upload.wikimedia.org/wikipedia/commons/4/43/LL-Q55633582_%28ajp%29-Khalil.rantissi-%D8%AA%D9%84%D8%A7%D8%B9%D9%8E%D8%A8.wav
1736,تمانية,taˈman.je,3,2,LL-Q55633582 (ajp)-AseelF (AdrianAbdulBaha)-8.wav,https://upload.wikimedia.org/wikipedia/commons/6/63/LL-Q55633582_%28ajp%29-AseelF_%28AdrianAbdulBaha%29-8.wav
1737,تمدد,ɪtˈmad.dad,3,2,LL-Q55633582 (ajp)-Khalil.rantissi-تمَدَّد.wav,https://upload.wikimedia.org/wikipedia/commons/8/8b/LL-Q55633582_%28ajp%29-Khalil.rantissi-%D8%AA%D9%85%D9%8E%D8%AF%D9%8E%D9%91%D8%AF.wav
1738,تمرد,ɪtˈmar.rad,3,2,LL-Q55633582 (ajp)-Khalil.rantissi-تمَرَّد.wav,https://upload.wikimedia.org/wikipedia/commons/5/55/LL-Q55633582_%28ajp%29-Khalil.rantissi-%D8%AA%D9%85%D9%8E%D8%B1%D9%8E%D9%91%D8%AF.wav
1739,تمرن,ɪtˈmar.ran,3,2,LL-Q55633582 (ajp)-Khalil.rantissi-تمَرَّن.wav,https://upload.wikimedia.org/wikipedia/commons/c/ca/LL-Q55633582_%28ajp%29-Khalil.rantissi-%D8%AA%D9%85%D9%8E%D8%B1%D9%8E%D9%91%D9%86.wav
1740,تمشى,ɪtˈmaʃ.ʃa,3,2,LL-Q55633582 (ajp)-Khalil.rantissi-تمَشّى.wav,https://upload.wikimedia.org/wikipedia/commons/3/3c/LL-Q55633582_%28ajp%29-Khalil.rantissi-%D8%AA%D9%85%D9%8E%D8%B4%D9%91%D9%89.wav
1741,تمنى,ɪtˈman.na,3,2,LL-Q55633582 (ajp)-Khalil.rantissi-تمَنّى.wav,https://upload.wikimedia.org/wikipedia/commons/1/14/LL-Q55633582_%28ajp%29-Khalil.rantissi-%D8%AA%D9%85%D9%8E%D9%86%D9%91%D9%89.wav
1742,تنازل,ɪtˈnæː.zal,3,2,LL-Q55633582 (ajp)-Khalil.rantissi-تنازَل.wav,https://upload.wikimedia.org/wikipedia/commons/6/67/LL-Q55633582_%28ajp%29-Khalil.rantissi-%D8%AA%D9%86%D8%A7%D8%B2%D9%8E%D9%84.wav
1743,تندم,ɪtˈnad.dam,3,2,LL-Q55633582 (ajp)-Khalil.rantissi-تنَدَّم.wav,https://upload.wikimedia.org/wikipedia/commons/5/54/LL-Q55633582_%28ajp%29-Khalil.rantissi-%D8%AA%D9%86%D9%8E%D8%AF%D9%8E%D9%91%D9%85.wav
1744,تنصت,ɪtˈnɑsˤ.sˤɑt,3,2,LL-Q55633582 (ajp)-Khalil.rantissi-تنَصَّت.wav,https://upload.wikimedia.org/wikipedia/commons/1/14/LL-Q55633582_%28ajp%29-Khalil.rantissi-%D8%AA%D9%86%D9%8E%D8%B5%D9%8E%D9%91%D8%AA.wav
1745,تنفس,ɪtˈnaf.fas,3,2,LL-Q55633582 (ajp)-Khalil.rantissi-تنَفَّس.wav,https://upload.wikimedia.org/wikipedia/commons/8/86/LL-Q55633582_%28ajp%29-Khalil.rantissi-%D8%AA%D9%86%D9%8E%D9%81%D9%8E%D9%91%D8%B3.wav
1746,تنكر,ɪtˈnak.kar,3,2,LL-Q55633582 (ajp)-Khalil.rantissi-تنَكَّر.wav,https://upload.wikimedia.org/wikipedia/commons/e/e0/LL-Q55633582_%28ajp%29-Khalil.rantissi-%D8%AA%D9%86%D9%8E%D9%83%D9%8E%D9%91%D8%B1.wav
1747,تنمر,ɪtˈnam.mar,3,2,LL-Q55633582 (ajp)-Khalil.rantissi-تنَمَّر.wav,https://upload.wikimedia.org/wikipedia/commons/3/34/LL-Q55633582_%28ajp%29-Khalil.rantissi-%D8%AA%D9%86%D9%8E%D9%85%D9%8E%D9%91%D8%B1.wav
1748,تنورة,tɑnˈnuː.rˤɑ,3,2,LL-Q55633582 (ajp)-Muhammad (AdrianAbdulBaha)-تنّورة.wav,https://upload.wikimedia.org/wikipedia/commons/3/37/LL-Q55633582_%28ajp%29-Muhammad_%28AdrianAbdulBaha%29-%D8%AA%D9%86%D9%91%D9%88%D8%B1%D8%A9.wav
1749,تهاوش,ɪtˈhæː.waʃ,3,2,LL-Q55633582 (ajp)-Khalil.rantissi-تهاوش.wav,https://upload.wikimedia.org/wikipedia/commons/7/73/LL-Q55633582_%28ajp%29-Khalil.rantissi-%D8%AA%D9%87%D8%A7%D9%88%D8%B4.wav
1750,تهبل,(ɪ)tˈhab.bal,3,2,LL-Q55633582 (ajp)-AdrianAbdulBaha-تهَبَّل.wav,https://upload.wikimedia.org/wikipedia/commons/c/c6/LL-Q55633582_%28ajp%29-AdrianAbdulBaha-%D8%AA%D9%87%D9%8E%D8%A8%D9%8E%D9%91%D9%84.wav
1751,تهرب,ɪtˈhʌrˤ.rˤʌb,3,2,LL-Q55633582 (ajp)-Khalil.rantissi-تهَرَّب.wav,https://upload.wikimedia.org/wikipedia/commons/0/07/LL-Q55633582_%28ajp%29-Khalil.rantissi-%D8%AA%D9%87%D9%8E%D8%B1%D9%8E%D9%91%D8%A8.wav
1752,توجه,ɪtˈwaʒ.ʒah,3,2,LL-Q55633582 (ajp)-Khalil.rantissi-توَجَّه.wav,https://upload.wikimedia.org/wikipedia/commons/a/a8/LL-Q55633582_%28ajp%29-Khalil.rantissi-%D8%AA%D9%88%D9%8E%D8%AC%D9%8E%D9%91%D9%87.wav
1753,توسع,ɪtˈwas.saʕ,3,2,LL-Q55633582 (ajp)-Khalil.rantissi-توَسَّع.wav,https://upload.wikimedia.org/wikipedia/commons/f/f4/LL-Q55633582_%28ajp%29-Khalil.rantissi-%D8%AA%D9%88%D9%8E%D8%B3%D9%8E%D9%91%D8%B9.wav
1754,توصل,ɪtˈwɑsˤ.sˤɑl,3,2,LL-Q55633582 (ajp)-Khalil.rantissi-توَصَّل.wav,https://upload.wikimedia.org/wikipedia/commons/0/09/LL-Q55633582_%28ajp%29-Khalil.rantissi-%D8%AA%D9%88%D9%8E%D8%B5%D9%8E%D9%91%D9%84.wav
1755,توفى,ɪtˈwaf.fa,3,2,LL-Q55633582 (ajp)-Khalil.rantissi-توَفّى.wav,https://upload.wikimedia.org/wikipedia/commons/5/59/LL-Q55633582_%28ajp%29-Khalil.rantissi-%D8%AA%D9%88%D9%8E%D9%81%D9%91%D9%89.wav
1756,توقع,ɪtˈwaʔ.ʔaʕ,3,2,LL-Q55633582 (ajp)-Khalil.rantissi-توَقَّع.wav,https://upload.wikimedia.org/wikipedia/commons/2/27/LL-Q55633582_%28ajp%29-Khalil.rantissi-%D8%AA%D9%88%D9%8E%D9%82%D9%8E%D9%91%D8%B9.wav
1757,توقف,ɪtˈwaʔ.ʔaf,3,2,LL-Q55633582 (ajp)-Khalil.rantissi-توَقَّف.wav,https://upload.wikimedia.org/wikipedia/commons/8/8a/LL-Q55633582_%28ajp%29-Khalil.rantissi-%D8%AA%D9%88%D9%8E%D9%82%D9%8E%D9%91%D9%81.wav
1758,ثقافة,saˈqɑː.fe,3,2,LL-Q55633582 (ajp)-Mohammad-LPA-ثقافة.wav,https://upload.wikimedia.org/wikipedia/commons/4/4c/LL-Q55633582_%28ajp%29-Mohammad-LPA-%D8%AB%D9%82%D8%A7%D9%81%D8%A9.wav
1759,جاي عباله,ʒæːj ʕaˈbæː.lo,3,2,LL-Q55633582 (ajp)-Muhammad (AdrianAbdulBaha)-جاي عباله.wav,https://upload.wikimedia.org/wikipedia/commons/1/1b/LL-Q55633582_%28ajp%29-Muhammad_%28AdrianAbdulBaha%29-%D8%AC%D8%A7%D9%8A_%D8%B9%D8%A8%D8%A7%D9%84%D9%87.wav
1760,جريدة,ʒaˈriː.de,3,2,LL-Q55633582 (ajp)-Mohammad-LPA-جريدة.wav,https://upload.wikimedia.org/wikipedia/commons/f/f6/LL-Q55633582_%28ajp%29-Mohammad-LPA-%D8%AC%D8%B1%D9%8A%D8%AF%D8%A9.wav
1761,جزيرة,ʒaˈziː.re,3,2,LL-Q55633582 (ajp)-Muhammad (AdrianAbdulBaha)-جزيرة.wav,https://upload.wikimedia.org/wikipedia/commons/e/e2/LL-Q55633582_%28ajp%29-Muhammad_%28AdrianAbdulBaha%29-%D8%AC%D8%B2%D9%8A%D8%B1%D8%A9.wav
1762,جلاية,ʒalˈlæː.je,3,2,LL-Q55633582 (ajp)-Muhammad (AdrianAbdulBaha)-جلّاية.wav,https://upload.wikimedia.org/wikipedia/commons/1/14/LL-Q55633582_%28ajp%29-Muhammad_%28AdrianAbdulBaha%29-%D8%AC%D9%84%D9%91%D8%A7%D9%8A%D8%A9.wav
1763,جنسية,ʒɪnˈsij.je,3,2,LL-Q55633582 (ajp)-Muhammad (AdrianAbdulBaha)-جنسية.wav,https://upload.wikimedia.org/wikipedia/commons/4/46/LL-Q55633582_%28ajp%29-Muhammad_%28AdrianAbdulBaha%29-%D8%AC%D9%86%D8%B3%D9%8A%D8%A9.wav
1764,حاليا,ħæːˈlij.jan,3,2,LL-Q55633582 (ajp)-AseelF (AdrianAbdulBaha)-حاليًا.wav,https://upload.wikimedia.org/wikipedia/commons/b/b9/LL-Q55633582_%28ajp%29-AseelF_%28AdrianAbdulBaha%29-%D8%AD%D8%A7%D9%84%D9%8A%D9%8B%D8%A7.wav
1765,حبطرش,ħaˈbɑtˤ.rˤɑʃ,3,2,LL-Q55633582 (ajp)-Muhammad (AdrianAbdulBaha)-حبطرش.wav,https://upload.wikimedia.org/wikipedia/commons/0/0a/LL-Q55633582_%28ajp%29-Muhammad_%28AdrianAbdulBaha%29-%D8%AD%D8%A8%D8%B7%D8%B1%D8%B4.wav
1766,حرارة,ħɑˈrˤɑː.rˤɑ,3,2,LL-Q55633582 (ajp)-Muhammad (AdrianAbdulBaha)-حرارة.wav,https://upload.wikimedia.org/wikipedia/commons/7/72/LL-Q55633582_%28ajp%29-Muhammad_%28AdrianAbdulBaha%29-%D8%AD%D8%B1%D8%A7%D8%B1%D8%A9.wav
1767,حفيدة,ħaˈfiː.de,3,2,LL-Q55633582 (ajp)-Muhammad (AdrianAbdulBaha)-حفيدة.wav,https://upload.wikimedia.org/wikipedia/commons/b/bc/LL-Q55633582_%28ajp%29-Muhammad_%28AdrianAbdulBaha%29-%D8%AD%D9%81%D9%8A%D8%AF%D8%A9.wav
1768,حمامة,ħaˈmæː.me,3,2,LL-Q55633582 (ajp)-Muhammad (AdrianAbdulBaha)-حمامة.wav,https://upload.wikimedia.org/wikipedia/commons/4/47/LL-Q55633582_%28ajp%29-Muhammad_%28AdrianAbdulBaha%29-%D8%AD%D9%85%D8%A7%D9%85%D8%A9.wav
1769,حوالي,ħaˈwæː.li,3,2,LL-Q55633582 (ajp)-Muhammad (AdrianAbdulBaha)-حوالي.wav,https://upload.wikimedia.org/wikipedia/commons/8/8c/LL-Q55633582_%28ajp%29-Muhammad_%28AdrianAbdulBaha%29-%D8%AD%D9%88%D8%A7%D9%84%D9%8A.wav
1770,خرافة,xʊˈrˤɑː.fe,3,2,LL-Q55633582 (ajp)-Muhammad (AdrianAbdulBaha)-خرافة.wav,https://upload.wikimedia.org/wikipedia/commons/5/56/LL-Q55633582_%28ajp%29-Muhammad_%28AdrianAbdulBaha%29-%D8%AE%D8%B1%D8%A7%D9%81%D8%A9.wav
1771,خرافي,xʊˈrɑː.fi,3,2,LL-Q55633582 (ajp)-Muhammad (AdrianAbdulBaha)-خرافي.wav,https://upload.wikimedia.org/wikipedia/commons/b/b4/LL-Q55633582_%28ajp%29-Muhammad_%28AdrianAbdulBaha%29-%D8%AE%D8%B1%D8%A7%D9%81%D9%8A.wav
1772,خزانة,xaˈzæː.ne,3,2,LL-Q55633582 (ajp)-Muhammad (AdrianAbdulBaha)-خزانة.wav,https://upload.wikimedia.org/wikipedia/commons/6/69/LL-Q55633582_%28ajp%29-Muhammad_%28AdrianAbdulBaha%29-%D8%AE%D8%B2%D8%A7%D9%86%D8%A9.wav
1773,خصوصا,xuˈsˤuː.sˤɑn,3,2,LL-Q55633582 (ajp)-AdrianAbdulBaha-خصوصا.wav,https://upload.wikimedia.org/wikipedia/commons/6/67/LL-Q55633582_%28ajp%29-AdrianAbdulBaha-%D8%AE%D8%B5%D9%88%D8%B5%D8%A7.wav
1774,خضرجي,xʊˈdˤɑrˤ.ʒi,3,2,LL-Q55633582 (ajp)-Muhammad (AdrianAbdulBaha)-خضرجي.wav,https://upload.wikimedia.org/wikipedia/commons/e/e3/LL-Q55633582_%28ajp%29-Muhammad_%28AdrianAbdulBaha%29-%D8%AE%D8%B6%D8%B1%D8%AC%D9%8A.wav
1775,خيانة,xiˈjæː.ne,3,2,LL-Q55633582 (ajp)-Khalil.rantissi-خيانة.wav,https://upload.wikimedia.org/wikipedia/commons/3/3b/LL-Q55633582_%28ajp%29-Khalil.rantissi-%D8%AE%D9%8A%D8%A7%D9%86%D8%A9.wav
1776,دفاية,dafˈfæː.je,3,2,LL-Q55633582 (ajp)-Muhammad (AdrianAbdulBaha)-دفاية.wav,https://upload.wikimedia.org/wikipedia/commons/c/c9/LL-Q55633582_%28ajp%29-Muhammad_%28AdrianAbdulBaha%29-%D8%AF%D9%81%D8%A7%D9%8A%D8%A9.wav
1777,دكانجي,dʊkˈkan.ʒi,3,2,LL-Q55633582 (ajp)-Muhammad (AdrianAbdulBaha)-دكّانجي.wav,https://upload.wikimedia.org/wikipedia/commons/6/6b/LL-Q55633582_%28ajp%29-Muhammad_%28AdrianAbdulBaha%29-%D8%AF%D9%83%D9%91%D8%A7%D9%86%D8%AC%D9%8A.wav
1778,ديناري,diˈnæː.ri,3,2,LL-Q55633582 (ajp)-Muhammad (AdrianAbdulBaha)-ديناري.wav,https://upload.wikimedia.org/wikipedia/commons/b/b5/LL-Q55633582_%28ajp%29-Muhammad_%28AdrianAbdulBaha%29-%D8%AF%D9%8A%D9%86%D8%A7%D8%B1%D9%8A.wav
1779,رئيسي,raˈʔiː.si,3,2,LL-Q55633582 (ajp)-Muhammad (AdrianAbdulBaha)-رئيسي.wav,https://upload.wikimedia.org/wikipedia/commons/e/e8/LL-Q55633582_%28ajp%29-Muhammad_%28AdrianAbdulBaha%29-%D8%B1%D8%A6%D9%8A%D8%B3%D9%8A.wav
1780,رام الله,rɑːˈmɑlˤ.lˤɑh,3,2,LL-Q55633582 (ajp)-Khalil.rantissi-رام الله.wav,https://upload.wikimedia.org/wikipedia/commons/c/c8/LL-Q55633582_%28ajp%29-Khalil.rantissi-%D8%B1%D8%A7%D9%85_%D8%A7%D9%84%D9%84%D9%87.wav
1781,رمادي,raˈmæː.di,3,2,LL-Q55633582 (ajp)-Muhammad (AdrianAbdulBaha)-رمادي.wav,https://upload.wikimedia.org/wikipedia/commons/c/c7/LL-Q55633582_%28ajp%29-Muhammad_%28AdrianAbdulBaha%29-%D8%B1%D9%85%D8%A7%D8%AF%D9%8A.wav
1782,روماني,ruˈmæː.ni,3,2,LL-Q55633582 (ajp)-Muhammad (AdrianAbdulBaha)-روماني.wav,https://upload.wikimedia.org/wikipedia/commons/7/76/LL-Q55633582_%28ajp%29-Muhammad_%28AdrianAbdulBaha%29-%D8%B1%D9%88%D9%85%D8%A7%D9%86%D9%8A.wav
1783,رومانيا,ruˈmæːn.ja,3,2,LL-Q55633582 (ajp)-Muhammad (AdrianAbdulBaha)-رومانيا.wav,https://upload.wikimedia.org/wikipedia/commons/f/f8/LL-Q55633582_%28ajp%29-Muhammad_%28AdrianAbdulBaha%29-%D8%B1%D9%88%D9%85%D8%A7%D9%86%D9%8A%D8%A7.wav
1784,رياضة,riˈjɑː.dˤɑ,3,2,LL-Q55633582 (ajp)-Mohammad-LPA-رياضة.wav,https://upload.wikimedia.org/wikipedia/commons/e/eb/LL-Q55633582_%28ajp%29-Mohammad-LPA-%D8%B1%D9%8A%D8%A7%D8%B6%D8%A9.wav
1785,زبدية,zɪbˈdij.je,3,2,LL-Q55633582 (ajp)-Muhammad (AdrianAbdulBaha)-زبدية.wav,https://upload.wikimedia.org/wikipedia/commons/4/4c/LL-Q55633582_%28ajp%29-Muhammad_%28AdrianAbdulBaha%29-%D8%B2%D8%A8%D8%AF%D9%8A%D8%A9.wav
1786,سدادة,sadˈdæː.de,3,2,LL-Q55633582 (ajp)-Muhammad (AdrianAbdulBaha)-سدادة.wav,https://upload.wikimedia.org/wikipedia/commons/9/9f/LL-Q55633582_%28ajp%29-Muhammad_%28AdrianAbdulBaha%29-%D8%B3%D8%AF%D8%A7%D8%AF%D8%A9.wav
1787,سرية,sɪrˈrij.je,3,2,LL-Q55633582 (ajp)-Muhammad (AdrianAbdulBaha)-سرّيّة.wav,https://upload.wikimedia.org/wikipedia/commons/3/34/LL-Q55633582_%28ajp%29-Muhammad_%28AdrianAbdulBaha%29-%D8%B3%D8%B1%D9%91%D9%8A%D9%91%D8%A9.wav
1788,سكينة,sɪkˈkiː.ne,3,2,LL-Q55633582 (ajp)-IbrahimZ (AdrianAbdulBaha)-سكّينة.wav,https://upload.wikimedia.org/wikipedia/commons/c/c4/LL-Q55633582_%28ajp%29-IbrahimZ_%28AdrianAbdulBaha%29-%D8%B3%D9%83%D9%91%D9%8A%D9%86%D8%A9.wav
1789,سلامة,saˈlæː.me,3,2,LL-Q55633582 (ajp)-Muhammad (AdrianAbdulBaha)-سلامة.wav,https://upload.wikimedia.org/wikipedia/commons/4/4e/LL-Q55633582_%28ajp%29-Muhammad_%28AdrianAbdulBaha%29-%D8%B3%D9%84%D8%A7%D9%85%D8%A9.wav
1790,سلوفينيا,slʊˈveːn.ja,3,2,LL-Q55633582 (ajp)-Muhammad (AdrianAbdulBaha)-سلوفينيا.wav,https://upload.wikimedia.org/wikipedia/commons/d/d5/LL-Q55633582_%28ajp%29-Muhammad_%28AdrianAbdulBaha%29-%D8%B3%D9%84%D9%88%D9%81%D9%8A%D9%86%D9%8A%D8%A7.wav
1791,سيارة,sajˈjɑː.rɑ,3,2,LL-Q55633582 (ajp)-AmmanM (AdrianAbdulBaha)-سيارة.wav,https://upload.wikimedia.org/wikipedia/commons/8/88/LL-Q55633582_%28ajp%29-AmmanM_%28AdrianAbdulBaha%29-%D8%B3%D9%8A%D8%A7%D8%B1%D8%A9.wav
1792,شحاطة,ʃaħˈħɑː.tˤɑ,3,2,LL-Q55633582 (ajp)-Muhammad (AdrianAbdulBaha)-شحّاطة.wav,https://upload.wikimedia.org/wikipedia/commons/5/57/LL-Q55633582_%28ajp%29-Muhammad_%28AdrianAbdulBaha%29-%D8%B4%D8%AD%D9%91%D8%A7%D8%B7%D8%A9.wav
1793,شخصية,ʃɑxˈsˤij.je,3,2,LL-Q55633582 (ajp)-Muhammad (AdrianAbdulBaha)-شخصيّة.wav,https://upload.wikimedia.org/wikipedia/commons/9/9a/LL-Q55633582_%28ajp%29-Muhammad_%28AdrianAbdulBaha%29-%D8%B4%D8%AE%D8%B5%D9%8A%D9%91%D8%A9.wav
1794,شعرية,ʃɪʕˈrij.je,3,2,LL-Q55633582 (ajp)-Muhammad (AdrianAbdulBaha)-شعرية.wav,https://upload.wikimedia.org/wikipedia/commons/d/d5/LL-Q55633582_%28ajp%29-Muhammad_%28AdrianAbdulBaha%29-%D8%B4%D8%B9%D8%B1%D9%8A%D8%A9.wav
1795,شمسية,ʃamˈsij.je,3,2,LL-Q55633582 (ajp)-Muhammad (AdrianAbdulBaha)-شمسيّة.wav,https://upload.wikimedia.org/wikipedia/commons/b/bf/LL-Q55633582_%28ajp%29-Muhammad_%28AdrianAbdulBaha%29-%D8%B4%D9%85%D8%B3%D9%8A%D9%91%D8%A9.wav
1796,شهية,ʃaˈhij.je,3,2,LL-Q55633582 (ajp)-Muhammad (AdrianAbdulBaha)-شهيّة.wav,https://upload.wikimedia.org/wikipedia/commons/4/4c/LL-Q55633582_%28ajp%29-Muhammad_%28AdrianAbdulBaha%29-%D8%B4%D9%87%D9%8A%D9%91%D8%A9.wav
1797,صابونة,sˤɑˈbuː.ne,3,2,LL-Q55633582 (ajp)-Muhammad (AdrianAbdulBaha)-صابونة.wav,https://upload.wikimedia.org/wikipedia/commons/0/01/LL-Q55633582_%28ajp%29-Muhammad_%28AdrianAbdulBaha%29-%D8%B5%D8%A7%D8%A8%D9%88%D9%86%D8%A9.wav
1798,صبايا,sˤɑˈbɑː.ja,3,2,LL-Q55633582 (ajp)-MahmoudM (AdrianAbdulBaha)-صبابا.wav,https://upload.wikimedia.org/wikipedia/commons/1/1a/LL-Q55633582_%28ajp%29-MahmoudM_%28AdrianAbdulBaha%29-%D8%B5%D8%A8%D8%A7%D8%A8%D8%A7.wav
1799,صبية,sˤaˈbij.je,3,2,LL-Q55633582 (ajp)-MahmoudM (AdrianAbdulBaha)-صبية.wav,https://upload.wikimedia.org/wikipedia/commons/f/f1/LL-Q55633582_%28ajp%29-MahmoudM_%28AdrianAbdulBaha%29-%D8%B5%D8%A8%D9%8A%D8%A9.wav
1800,صديقة,sˤɑˈdˤiː.qɑ,3,2,LL-Q55633582 (ajp)-Muhammad (AdrianAbdulBaha)-صديقة.wav,https://upload.wikimedia.org/wikipedia/commons/5/5e/LL-Q55633582_%28ajp%29-Muhammad_%28AdrianAbdulBaha%29-%D8%B5%D8%AF%D9%8A%D9%82%D8%A9.wav
1801,صراحة,sˤɑˈrˤɑː.ħɑ,3,2,LL-Q55633582 (ajp)-Muhammad (AdrianAbdulBaha)-صراحة.wav,https://upload.wikimedia.org/wikipedia/commons/0/08/LL-Q55633582_%28ajp%29-Muhammad_%28AdrianAbdulBaha%29-%D8%B5%D8%B1%D8%A7%D8%AD%D8%A9.wav
1802,صرماية,sˤʊrˤˈmɑː.je,3,2,LL-Q55633582 (ajp)-Muhammad (AdrianAbdulBaha)-صرماية.wav,https://upload.wikimedia.org/wikipedia/commons/2/26/LL-Q55633582_%28ajp%29-Muhammad_%28AdrianAbdulBaha%29-%D8%B5%D8%B1%D9%85%D8%A7%D9%8A%D8%A9.wav
1803,صنية,sˤɪˈnij.je,3,2,LL-Q55633582 (ajp)-Muhammad (AdrianAbdulBaha)-صنيّة.wav,https://upload.wikimedia.org/wikipedia/commons/2/24/LL-Q55633582_%28ajp%29-Muhammad_%28AdrianAbdulBaha%29-%D8%B5%D9%86%D9%8A%D9%91%D8%A9.wav
1804,طاقية,tˤɑˈʔij.je,3,2,LL-Q55633582 (ajp)-Muhammad (AdrianAbdulBaha)-طاقيّة.wav,https://upload.wikimedia.org/wikipedia/commons/c/c1/LL-Q55633582_%28ajp%29-Muhammad_%28AdrianAbdulBaha%29-%D8%B7%D8%A7%D9%82%D9%8A%D9%91%D8%A9.wav
1805,طبيعة,tˤɑˈbiː.ʕa,3,2,LL-Q55633582 (ajp)-Muhammad (AdrianAbdulBaha)-طبيعة.wav,https://upload.wikimedia.org/wikipedia/commons/6/68/LL-Q55633582_%28ajp%29-Muhammad_%28AdrianAbdulBaha%29-%D8%B7%D8%A8%D9%8A%D8%B9%D8%A9.wav
1806,طبيعي,tˤɑˈbiː.ʕi,3,2,LL-Q55633582 (ajp)-Muhammad (AdrianAbdulBaha)-طبيعي.wav,https://upload.wikimedia.org/wikipedia/commons/2/2d/LL-Q55633582_%28ajp%29-Muhammad_%28AdrianAbdulBaha%29-%D8%B7%D8%A8%D9%8A%D8%B9%D9%8A.wav
1807,طوارئ,tˤɑˈwɑː.rɪʔ,3,2,LL-Q55633582 (ajp)-Muhammad (AdrianAbdulBaha)-طوارئ.wav,https://upload.wikimedia.org/wikipedia/commons/7/7c/LL-Q55633582_%28ajp%29-Muhammad_%28AdrianAbdulBaha%29-%D8%B7%D9%88%D8%A7%D8%B1%D8%A6.wav
1808,طوالي,tˤɑwˈwɑː.li,3,2,LL-Q55633582 (ajp)-AdrianAbdulBaha-طوّالي.wav,https://upload.wikimedia.org/wikipedia/commons/e/ee/LL-Q55633582_%28ajp%29-AdrianAbdulBaha-%D8%B7%D9%88%D9%91%D8%A7%D9%84%D9%8A.wav
1809,طويل البال,tˤɑˈwiːl‿ɪlˈbæːl,3,2,LL-Q55633582 (ajp)-Muhammad (AdrianAbdulBaha)-طويل البال.wav,https://upload.wikimedia.org/wikipedia/commons/0/0f/LL-Q55633582_%28ajp%29-Muhammad_%28AdrianAbdulBaha%29-%D8%B7%D9%88%D9%8A%D9%84_%D8%A7%D9%84%D8%A8%D8%A7%D9%84.wav
1810,عالآخر,ʕalˈʔæː.kɪr,3,2,LL-Q55633582 (ajp)-AdrianAbdulBaha-عالآخر.wav,https://upload.wikimedia.org/wikipedia/commons/f/f8/LL-Q55633582_%28ajp%29-AdrianAbdulBaha-%D8%B9%D8%A7%D9%84%D8%A2%D8%AE%D8%B1.wav
1811,عالخالص,ʕalˈxɑː.lɪsˤ,3,2,LL-Q55633582 (ajp)-AdrianAbdulBaha-عالخالص.wav,https://upload.wikimedia.org/wikipedia/commons/c/c9/LL-Q55633582_%28ajp%29-AdrianAbdulBaha-%D8%B9%D8%A7%D9%84%D8%AE%D8%A7%D9%84%D8%B5.wav
1812,عبارة,ʕɪˈbɑː.rˤɑ,3,2,LL-Q55633582 (ajp)-Muhammad (AdrianAbdulBaha)-عبارة.wav,https://upload.wikimedia.org/wikipedia/commons/e/ef/LL-Q55633582_%28ajp%29-Muhammad_%28AdrianAbdulBaha%29-%D8%B9%D8%A8%D8%A7%D8%B1%D8%A9.wav
1813,عروسة,ʕaˈruː.se,3,2,LL-Q55633582 (ajp)-Muhammad (AdrianAbdulBaha)-عروسة.wav,https://upload.wikimedia.org/wikipedia/commons/6/64/LL-Q55633582_%28ajp%29-Muhammad_%28AdrianAbdulBaha%29-%D8%B9%D8%B1%D9%88%D8%B3%D8%A9.wav
1814,عصارة,ʕɑsˤˈsˤɑː.rˤɑ,3,2,LL-Q55633582 (ajp)-Khalil.rantissi-عصّارة.wav,https://upload.wikimedia.org/wikipedia/commons/c/cb/LL-Q55633582_%28ajp%29-Khalil.rantissi-%D8%B9%D8%B5%D9%91%D8%A7%D8%B1%D8%A9.wav
1815,علاقة,ʕaˈlɑː.qɑ,3,2,LL-Q55633582 (ajp)-MahmoudM (AdrianAbdulBaha)-علاقة.wav,https://upload.wikimedia.org/wikipedia/commons/f/fd/LL-Q55633582_%28ajp%29-MahmoudM_%28AdrianAbdulBaha%29-%D8%B9%D9%84%D8%A7%D9%82%D8%A9.wav
1816,علاقة,ʕalˈlæː.ʔa,3,2,LL-Q55633582 (ajp)-MahmoudM (AdrianAbdulBaha)-علاقة.wav,https://upload.wikimedia.org/wikipedia/commons/f/fd/LL-Q55633582_%28ajp%29-MahmoudM_%28AdrianAbdulBaha%29-%D8%B9%D9%84%D8%A7%D9%82%D8%A9.wav
1817,عمارة,ʕaˈmɑː.rɑ,3,2,LL-Q55633582 (ajp)-AmmanM (AdrianAbdulBaha)-عمارة.wav,https://upload.wikimedia.org/wikipedia/commons/c/c8/LL-Q55633582_%28ajp%29-AmmanM_%28AdrianAbdulBaha%29-%D8%B9%D9%85%D8%A7%D8%B1%D8%A9.wav
1818,عيادة,ʕiˈjæː.de,3,2,LL-Q55633582 (ajp)-Muhammad (AdrianAbdulBaha)-عيادة.wav,https://upload.wikimedia.org/wikipedia/commons/9/9e/LL-Q55633582_%28ajp%29-Muhammad_%28AdrianAbdulBaha%29-%D8%B9%D9%8A%D8%A7%D8%AF%D8%A9.wav
1819,غسالة,ɣasˈsæː.le,3,2,LL-Q55633582 (ajp)-Muhammad (AdrianAbdulBaha)-غسّالة.wav,https://upload.wikimedia.org/wikipedia/commons/b/b5/LL-Q55633582_%28ajp%29-Muhammad_%28AdrianAbdulBaha%29-%D8%BA%D8%B3%D9%91%D8%A7%D9%84%D8%A9.wav
1820,غلاية,ɣalˈlæː.je,3,2,LL-Q55633582 (ajp)-Muhammad (AdrianAbdulBaha)-غلّاية.wav,https://upload.wikimedia.org/wikipedia/commons/b/b2/LL-Q55633582_%28ajp%29-Muhammad_%28AdrianAbdulBaha%29-%D8%BA%D9%84%D9%91%D8%A7%D9%8A%D8%A9.wav
1821,فاصوليا,fɑˈsˤuːl.ja,3,2,LL-Q55633582 (ajp)-IbrahimZ (AdrianAbdulBaha)-فاصوليا.wav,https://upload.wikimedia.org/wikipedia/commons/6/61/LL-Q55633582_%28ajp%29-IbrahimZ_%28AdrianAbdulBaha%29-%D9%81%D8%A7%D8%B5%D9%88%D9%84%D9%8A%D8%A7.wav
1822,فراشة,fɑˈrˤɑː.ʃe,3,2,LL-Q55633582 (ajp)-Muhammad (AdrianAbdulBaha)-فراشة.wav,https://upload.wikimedia.org/wikipedia/commons/8/84/LL-Q55633582_%28ajp%29-Muhammad_%28AdrianAbdulBaha%29-%D9%81%D8%B1%D8%A7%D8%B4%D8%A9.wav
1823,فرنساوي,franˈsæː.wi,3,2,LL-Q55633582 (ajp)-Muhammad (AdrianAbdulBaha)-فرنساوي.wav,https://upload.wikimedia.org/wikipedia/commons/5/52/LL-Q55633582_%28ajp%29-Muhammad_%28AdrianAbdulBaha%29-%D9%81%D8%B1%D9%86%D8%B3%D8%A7%D9%88%D9%8A.wav
1824,فضاوة,faˈdˤɑː.we,3,2,LL-Q55633582 (ajp)-Muhammad (AdrianAbdulBaha)-فضاوة.wav,https://upload.wikimedia.org/wikipedia/commons/d/d6/LL-Q55633582_%28ajp%29-Muhammad_%28AdrianAbdulBaha%29-%D9%81%D8%B6%D8%A7%D9%88%D8%A9.wav
1825,فنلندا,fɪnˈlan.da,3,2,LL-Q55633582 (ajp)-Muhammad (AdrianAbdulBaha)-فنلندا.wav,https://upload.wikimedia.org/wikipedia/commons/d/d3/LL-Q55633582_%28ajp%29-Muhammad_%28AdrianAbdulBaha%29-%D9%81%D9%86%D9%84%D9%86%D8%AF%D8%A7.wav
1826,فواكه,faˈwæː.kɪh,3,2,LL-Q55633582 (ajp)-IbrahimZ (AdrianAbdulBaha)-فواكه.wav,https://upload.wikimedia.org/wikipedia/commons/5/59/LL-Q55633582_%28ajp%29-IbrahimZ_%28AdrianAbdulBaha%29-%D9%81%D9%88%D8%A7%D9%83%D9%87.wav
1827,قطاع غزة,qɪˈtˤɑʕ ˈɣaz.ze,3,2,LL-Q55633582 (ajp)-Khalil.rantissi-قطاع غزّة.wav,https://upload.wikimedia.org/wikipedia/commons/b/b7/LL-Q55633582_%28ajp%29-Khalil.rantissi-%D9%82%D8%B7%D8%A7%D8%B9_%D8%BA%D8%B2%D9%91%D8%A9.wav
1828,قلاية,ʔalˈlæː.je,3,2,LL-Q55633582 (ajp)-Muhammad (AdrianAbdulBaha)-قَلّاية.wav,https://upload.wikimedia.org/wikipedia/commons/1/1e/LL-Q55633582_%28ajp%29-Muhammad_%28AdrianAbdulBaha%29-%D9%82%D9%8E%D9%84%D9%91%D8%A7%D9%8A%D8%A9.wav
1829,قنينة,ʔanˈniː.ne,3,2,LL-Q55633582 (ajp)-Muhammad (AdrianAbdulBaha)-رقبة القنينة.wav,https://upload.wikimedia.org/wikipedia/commons/f/f0/LL-Q55633582_%28ajp%29-Muhammad_%28AdrianAbdulBaha%29-%D8%B1%D9%82%D8%A8%D8%A9_%D8%A7%D9%84%D9%82%D9%86%D9%8A%D9%86%D8%A9.wav
1830,كإنه,kaˈʔɪn.no,3,2,LL-Q55633582 (ajp)-AdrianAbdulBaha-كإنّه.wav,https://upload.wikimedia.org/wikipedia/commons/d/de/LL-Q55633582_%28ajp%29-AdrianAbdulBaha-%D9%83%D8%A5%D9%86%D9%91%D9%87.wav
1831,كالعادة,kilˈʕæː.de,3,2,LL-Q55633582 (ajp)-AdrianAbdulBaha-كالعادة.wav,https://upload.wikimedia.org/wikipedia/commons/3/3f/LL-Q55633582_%28ajp%29-AdrianAbdulBaha-%D9%83%D8%A7%D9%84%D8%B9%D8%A7%D8%AF%D8%A9.wav
1832,كلبشة,kaˈlab.ʃa,3,2,LL-Q55633582 (ajp)-Muhammad (AdrianAbdulBaha)-كلبشة.wav,https://upload.wikimedia.org/wikipedia/commons/7/70/LL-Q55633582_%28ajp%29-Muhammad_%28AdrianAbdulBaha%29-%D9%83%D9%84%D8%A8%D8%B4%D8%A9.wav
1833,كمامة,kamˈmæː.me,3,2,LL-Q55633582 (ajp)-Muhammad (AdrianAbdulBaha)-كمّامة.wav,https://upload.wikimedia.org/wikipedia/commons/a/aa/LL-Q55633582_%28ajp%29-Muhammad_%28AdrianAbdulBaha%29-%D9%83%D9%85%D9%91%D8%A7%D9%85%D8%A9.wav
1834,كمنجة,kaˈman.ʒa,3,2,LL-Q55633582 (ajp)-Muhammad (AdrianAbdulBaha)-كمنجة.wav,https://upload.wikimedia.org/wikipedia/commons/8/80/LL-Q55633582_%28ajp%29-Muhammad_%28AdrianAbdulBaha%29-%D9%83%D9%85%D9%86%D8%AC%D8%A9.wav
1835,كندرجي,kʊnˈdɑrˤ.ʒi,3,2,LL-Q55633582 (ajp)-Muhammad (AdrianAbdulBaha)-كندرجي.wav,https://upload.wikimedia.org/wikipedia/commons/c/cd/LL-Q55633582_%28ajp%29-Muhammad_%28AdrianAbdulBaha%29-%D9%83%D9%86%D8%AF%D8%B1%D8%AC%D9%8A.wav
1836,كنيسة,kaˈniː.se,3,2,LL-Q55633582 (ajp)-Muhammad (AdrianAbdulBaha)-كنيسة.wav,https://upload.wikimedia.org/wikipedia/commons/e/e0/LL-Q55633582_%28ajp%29-Muhammad_%28AdrianAbdulBaha%29-%D9%83%D9%86%D9%8A%D8%B3%D8%A9.wav
1837,كهربجي,kɑhˈrɑb.ʒi,3,2,LL-Q55633582 (ajp)-Muhammad (AdrianAbdulBaha)-كهربجي.wav,https://upload.wikimedia.org/wikipedia/commons/e/ed/LL-Q55633582_%28ajp%29-Muhammad_%28AdrianAbdulBaha%29-%D9%83%D9%87%D8%B1%D8%A8%D8%AC%D9%8A.wav
1838,لأنه,lɪˈʔan.no,3,2,LL-Q55633582 (ajp)-Khalil.rantissi-لِأنّه.wav,https://upload.wikimedia.org/wikipedia/commons/e/e3/LL-Q55633582_%28ajp%29-Khalil.rantissi-%D9%84%D9%90%D8%A3%D9%86%D9%91%D9%87.wav
1839,لإنه,laˈʔɪn.no,3,2,LL-Q55633582 (ajp)-Khalil.rantissi-لَإنّه.wav,https://upload.wikimedia.org/wikipedia/commons/e/e6/LL-Q55633582_%28ajp%29-Khalil.rantissi-%D9%84%D9%8E%D8%A5%D9%86%D9%91%D9%87.wav
1840,لحال,laˈħæː.lo,3,2,LL-Q55633582 (ajp)-AdrianAbdulBaha-لحال.wav,https://upload.wikimedia.org/wikipedia/commons/4/46/LL-Q55633582_%28ajp%29-AdrianAbdulBaha-%D9%84%D8%AD%D8%A7%D9%84.wav
1841,للأسف,lɪlˈʔa.saf,3,2,LL-Q55633582 (ajp)-MahmoudM (AdrianAbdulBaha)-للأسف.wav,https://upload.wikimedia.org/wikipedia/commons/2/26/LL-Q55633582_%28ajp%29-MahmoudM_%28AdrianAbdulBaha%29-%D9%84%D9%84%D8%A3%D8%B3%D9%81.wav
1842,ماسورة,maˈsˤuː.rˤɑ,3,2,LL-Q55633582 (ajp)-Muhammad (AdrianAbdulBaha)-ماسورة.wav,https://upload.wikimedia.org/wikipedia/commons/2/2f/LL-Q55633582_%28ajp%29-Muhammad_%28AdrianAbdulBaha%29-%D9%85%D8%A7%D8%B3%D9%88%D8%B1%D8%A9.wav
1843,مباشر,muˈbaː.ʃer,3,2,LL-Q55633582 (ajp)-AmmanM (AdrianAbdulBaha)-مباشر.wav,https://upload.wikimedia.org/wikipedia/commons/5/58/LL-Q55633582_%28ajp%29-AmmanM_%28AdrianAbdulBaha%29-%D9%85%D8%A8%D8%A7%D8%B4%D8%B1.wav
1844,متأخر,mɪtˈʔax.xɪr,3,2,LL-Q55633582 (ajp)-AseelF (AdrianAbdulBaha)-متأخِّر.wav,https://upload.wikimedia.org/wikipedia/commons/a/a7/LL-Q55633582_%28ajp%29-AseelF_%28AdrianAbdulBaha%29-%D9%85%D8%AA%D8%A3%D8%AE%D9%90%D9%91%D8%B1.wav
1845,متأسف,mɪtˈʔas.sɪf,3,2,LL-Q55633582 (ajp)-MahmoudM (AdrianAbdulBaha)-متأسّف.wav,https://upload.wikimedia.org/wikipedia/commons/f/f6/LL-Q55633582_%28ajp%29-MahmoudM_%28AdrianAbdulBaha%29-%D9%85%D8%AA%D8%A3%D8%B3%D9%91%D9%81.wav
1846,متأكد,mɪtˈʔak.kɪd,3,2,LL-Q55633582 (ajp)-Muhammad (AdrianAbdulBaha)-متأكّد.wav,https://upload.wikimedia.org/wikipedia/commons/0/0b/LL-Q55633582_%28ajp%29-Muhammad_%28AdrianAbdulBaha%29-%D9%85%D8%AA%D8%A3%D9%83%D9%91%D8%AF.wav
1847,متانة,maˈtæː.ne,3,2,LL-Q55633582 (ajp)-Muhammad (AdrianAbdulBaha)-متانة.wav,https://upload.wikimedia.org/wikipedia/commons/9/92/LL-Q55633582_%28ajp%29-Muhammad_%28AdrianAbdulBaha%29-%D9%85%D8%AA%D8%A7%D9%86%D8%A9.wav
1848,متعود,mɪtˈʕaw.wɪd,3,2,LL-Q55633582 (ajp)-Muhammad (AdrianAbdulBaha)-متعوّد.wav,https://upload.wikimedia.org/wikipedia/commons/1/19/LL-Q55633582_%28ajp%29-Muhammad_%28AdrianAbdulBaha%29-%D9%85%D8%AA%D8%B9%D9%88%D9%91%D8%AF.wav
1849,مجعلك,(ɪ)mˈʒaʕ.lak,3,2,LL-Q55633582 (ajp)-Mohammad-LPA-مجعلك.wav,https://upload.wikimedia.org/wikipedia/commons/e/e7/LL-Q55633582_%28ajp%29-Mohammad-LPA-%D9%85%D8%AC%D8%B9%D9%84%D9%83.wav
1850,محبة,maˈħab.be,3,2,LL-Q55633582 (ajp)-Muhammad (AdrianAbdulBaha)-محبّة.wav,https://upload.wikimedia.org/wikipedia/commons/0/00/LL-Q55633582_%28ajp%29-Muhammad_%28AdrianAbdulBaha%29-%D9%85%D8%AD%D8%A8%D9%91%D8%A9.wav
1851,محطة,mɑˈħɑtˤ.tˤɑ,3,2,LL-Q55633582 (ajp)-AmmanM (AdrianAbdulBaha)-محطّة.wav,https://upload.wikimedia.org/wikipedia/commons/3/33/LL-Q55633582_%28ajp%29-AmmanM_%28AdrianAbdulBaha%29-%D9%85%D8%AD%D8%B7%D9%91%D8%A9.wav
1852,محمد,muˈħam.mad,3,2,LL-Q55633582 (ajp)-AdrianAbdulBaha-محمد.wav,https://upload.wikimedia.org/wikipedia/commons/2/24/LL-Q55633582_%28ajp%29-AdrianAbdulBaha-%D9%85%D8%AD%D9%85%D8%AF.wav
1853,محمد,(ɪ)mˈħam.mad,3,2,LL-Q55633582 (ajp)-AdrianAbdulBaha-محمد.wav,https://upload.wikimedia.org/wikipedia/commons/2/24/LL-Q55633582_%28ajp%29-AdrianAbdulBaha-%D9%85%D8%AD%D9%85%D8%AF.wav
1854,مدينة,maˈdiː.ne,3,2,LL-Q55633582 (ajp)-Muhammad (AdrianAbdulBaha)-مدينة.wav,https://upload.wikimedia.org/wikipedia/commons/9/94/LL-Q55633582_%28ajp%29-Muhammad_%28AdrianAbdulBaha%29-%D9%85%D8%AF%D9%8A%D9%86%D8%A9.wav
1855,مرارة,mɑˈrˤɑː.rɑ,3,2,LL-Q55633582 (ajp)-Muhammad (AdrianAbdulBaha)-مرارة.wav,https://upload.wikimedia.org/wikipedia/commons/7/74/LL-Q55633582_%28ajp%29-Muhammad_%28AdrianAbdulBaha%29-%D9%85%D8%B1%D8%A7%D8%B1%D8%A9.wav
1856,مربع,muˈrab.baʕ,3,2,LL-Q55633582 (ajp)-Muhammad (AdrianAbdulBaha)-مربّع.wav,https://upload.wikimedia.org/wikipedia/commons/8/8f/LL-Q55633582_%28ajp%29-Muhammad_%28AdrianAbdulBaha%29-%D9%85%D8%B1%D8%A8%D9%91%D8%B9.wav
1857,مستشفى,mʊsˈtaʃ.fa,3,2,LL-Q55633582 (ajp)-Muhammad (AdrianAbdulBaha)-مستشفى.wav,https://upload.wikimedia.org/wikipedia/commons/9/9c/LL-Q55633582_%28ajp%29-Muhammad_%28AdrianAbdulBaha%29-%D9%85%D8%B3%D8%AA%D8%B4%D9%81%D9%89.wav
1858,مستقبل,musˈtaʔ.bal,3,2,LL-Q55633582 (ajp)-AseelF (AdrianAbdulBaha)-مستقبل.wav,https://upload.wikimedia.org/wikipedia/commons/d/d1/LL-Q55633582_%28ajp%29-AseelF_%28AdrianAbdulBaha%29-%D9%85%D8%B3%D8%AA%D9%82%D8%A8%D9%84.wav
1859,مستنقع,mʊsˈtan.qaʕ,3,2,LL-Q55633582 (ajp)-Muhammad (AdrianAbdulBaha)-مستنقع.wav,https://upload.wikimedia.org/wikipedia/commons/c/c7/LL-Q55633582_%28ajp%29-Muhammad_%28AdrianAbdulBaha%29-%D9%85%D8%B3%D8%AA%D9%86%D9%82%D8%B9.wav
1860,مستوطن,mʊsˈtˤɑw.tˤɪn,3,2,LL-Q55633582 (ajp)-Muhammad (AdrianAbdulBaha)-مستوطن.wav,https://upload.wikimedia.org/wikipedia/commons/3/39/LL-Q55633582_%28ajp%29-Muhammad_%28AdrianAbdulBaha%29-%D9%85%D8%B3%D8%AA%D9%88%D8%B7%D9%86.wav
1861,مسلسل,mʊˈsal.sal,3,2,LL-Q55633582 (ajp)-Muhammad (AdrianAbdulBaha)-مسلسل.wav,https://upload.wikimedia.org/wikipedia/commons/9/9d/LL-Q55633582_%28ajp%29-Muhammad_%28AdrianAbdulBaha%29-%D9%85%D8%B3%D9%84%D8%B3%D9%84.wav
1862,مسيحي,maˈsiː.ħi,3,2,LL-Q55633582 (ajp)-Khalil.rantissi-مَسيحيّ.wav,https://upload.wikimedia.org/wikipedia/commons/a/a6/LL-Q55633582_%28ajp%29-Khalil.rantissi-%D9%85%D9%8E%D8%B3%D9%8A%D8%AD%D9%8A%D9%91.wav
1863,مصاري,mɑˈsˤɑː.ri,3,2,LL-Q55633582 (ajp)-Muhammad (AdrianAbdulBaha)-مصاري.wav,https://upload.wikimedia.org/wikipedia/commons/8/80/LL-Q55633582_%28ajp%29-Muhammad_%28AdrianAbdulBaha%29-%D9%85%D8%B5%D8%A7%D8%B1%D9%8A.wav
1864,مقلاية,maʔˈlæː.je,3,2,LL-Q55633582 (ajp)-Muhammad (AdrianAbdulBaha)-مقلاية.wav,https://upload.wikimedia.org/wikipedia/commons/4/4c/LL-Q55633582_%28ajp%29-Muhammad_%28AdrianAbdulBaha%29-%D9%85%D9%82%D9%84%D8%A7%D9%8A%D8%A9.wav
1865,مكتش,(ɪ)mˈkat.tɪʃ,3,2,LL-Q55633582 (ajp)-Mohammad-LPA-مكتّش.wav,https://upload.wikimedia.org/wikipedia/commons/8/83/LL-Q55633582_%28ajp%29-Mohammad-LPA-%D9%85%D9%83%D8%AA%D9%91%D8%B4.wav
1866,ملابس,maˈlæː.bɪs,3,2,LL-Q55633582 (ajp)-Muhammad (AdrianAbdulBaha)-ملابس.wav,https://upload.wikimedia.org/wikipedia/commons/8/87/LL-Q55633582_%28ajp%29-Muhammad_%28AdrianAbdulBaha%29-%D9%85%D9%84%D8%A7%D8%A8%D8%B3.wav
1867,منافع,maˈnæː.fɪʕ,3,2,LL-Q55633582 (ajp)-Muhammad (AdrianAbdulBaha)-منافع.wav,https://upload.wikimedia.org/wikipedia/commons/1/14/LL-Q55633582_%28ajp%29-Muhammad_%28AdrianAbdulBaha%29-%D9%85%D9%86%D8%A7%D9%81%D8%B9.wav
1868,منافق,muˈnæː.fɪq,3,2,LL-Q55633582 (ajp)-Mohammad-LPA-منافق.wav,https://upload.wikimedia.org/wikipedia/commons/8/88/LL-Q55633582_%28ajp%29-Mohammad-LPA-%D9%85%D9%86%D8%A7%D9%81%D9%82.wav
1869,منبه,muˈnab.bɪh,3,2,LL-Q55633582 (ajp)-Muhammad (AdrianAbdulBaha)-منبه.wav,https://upload.wikimedia.org/wikipedia/commons/3/35/LL-Q55633582_%28ajp%29-Muhammad_%28AdrianAbdulBaha%29-%D9%85%D9%86%D8%A8%D9%87.wav
1870,منوم,muˈnaw.wɪm,3,2,LL-Q55633582 (ajp)-Muhammad (AdrianAbdulBaha)-منوّم.wav,https://upload.wikimedia.org/wikipedia/commons/7/76/LL-Q55633582_%28ajp%29-Muhammad_%28AdrianAbdulBaha%29-%D9%85%D9%86%D9%88%D9%91%D9%85.wav
1871,موبليا,muˈbil.ja,3,2,LL-Q55633582 (ajp)-Muhammad (AdrianAbdulBaha)-موبليا.wav,https://upload.wikimedia.org/wikipedia/commons/d/d9/LL-Q55633582_%28ajp%29-Muhammad_%28AdrianAbdulBaha%29-%D9%85%D9%88%D8%A8%D9%84%D9%8A%D8%A7.wav
1872,موظف,muˈwɑzˤ.zˤɑf,3,2,LL-Q55633582 (ajp)-Mohammad-LPA-موظّف.wav,https://upload.wikimedia.org/wikipedia/commons/6/65/LL-Q55633582_%28ajp%29-Mohammad-LPA-%D9%85%D9%88%D8%B8%D9%91%D9%81.wav
1873,نباتي,naˈbæː.ti,3,2,LL-Q55633582 (ajp)-Muhammad (AdrianAbdulBaha)-نباتي.wav,https://upload.wikimedia.org/wikipedia/commons/0/06/LL-Q55633582_%28ajp%29-Muhammad_%28AdrianAbdulBaha%29-%D9%86%D8%A8%D8%A7%D8%AA%D9%8A.wav
1874,نشافة,naʃˈʃæː.fe,3,2,LL-Q55633582 (ajp)-Muhammad (AdrianAbdulBaha)-نشّافة.wav,https://upload.wikimedia.org/wikipedia/commons/4/44/LL-Q55633582_%28ajp%29-Muhammad_%28AdrianAbdulBaha%29-%D9%86%D8%B4%D9%91%D8%A7%D9%81%D8%A9.wav
1875,نصاني,nʊsˤˈsˤɑː.ni,3,2,LL-Q55633582 (ajp)-Muhammad (AdrianAbdulBaha)-نصّاني.wav,https://upload.wikimedia.org/wikipedia/commons/8/81/LL-Q55633582_%28ajp%29-Muhammad_%28AdrianAbdulBaha%29-%D9%86%D8%B5%D9%91%D8%A7%D9%86%D9%8A.wav
1876,نصراني,nɑsˤˈrˤɑː.ni,3,2,LL-Q55633582 (ajp)-Muhammad (AdrianAbdulBaha)-نصراني.wav,https://upload.wikimedia.org/wikipedia/commons/f/f2/LL-Q55633582_%28ajp%29-Muhammad_%28AdrianAbdulBaha%29-%D9%86%D8%B5%D8%B1%D8%A7%D9%86%D9%8A.wav
1877,نعيما,naˈʕiː.man,3,2,LL-Q55633582 (ajp)-AdrianAbdulBaha-نعيما.wav,https://upload.wikimedia.org/wikipedia/commons/e/ed/LL-Q55633582_%28ajp%29-AdrianAbdulBaha-%D9%86%D8%B9%D9%8A%D9%85%D8%A7.wav
1878,نميمة,naˈmiː.me,3,2,LL-Q55633582 (ajp)-Muhammad (AdrianAbdulBaha)-نميمة.wav,https://upload.wikimedia.org/wikipedia/commons/6/65/LL-Q55633582_%28ajp%29-Muhammad_%28AdrianAbdulBaha%29-%D9%86%D9%85%D9%8A%D9%85%D8%A9.wav
1879,نهاية,niˈhæː.je,3,2,LL-Q55633582 (ajp)-Khalil.rantissi-نهاية.wav,https://upload.wikimedia.org/wikipedia/commons/9/9f/LL-Q55633582_%28ajp%29-Khalil.rantissi-%D9%86%D9%87%D8%A7%D9%8A%D8%A9.wav
1880,هدية,haˈdij.je,3,2,LL-Q55633582 (ajp)-Khalil.rantissi-هديّة.wav,https://upload.wikimedia.org/wikipedia/commons/f/fd/LL-Q55633582_%28ajp%29-Khalil.rantissi-%D9%87%D8%AF%D9%8A%D9%91%D8%A9.wav
1881,هواية,hiˈwæː.je,3,2,LL-Q55633582 (ajp)-Khalil.rantissi-هواية.wav,https://upload.wikimedia.org/wikipedia/commons/b/b5/LL-Q55633582_%28ajp%29-Khalil.rantissi-%D9%87%D9%88%D8%A7%D9%8A%D8%A9.wav
1882,هوية,haˈwij.je,3,2,LL-Q55633582 (ajp)-MahmoudM (AdrianAbdulBaha)-هوية.wav,https://upload.wikimedia.org/wikipedia/commons/2/2e/LL-Q55633582_%28ajp%29-MahmoudM_%28AdrianAbdulBaha%29-%D9%87%D9%88%D9%8A%D8%A9.wav
1883,وحداني,waħˈdæː.ni,3,2,LL-Q55633582 (ajp)-Muhammad (AdrianAbdulBaha)-وحداني.wav,https://upload.wikimedia.org/wikipedia/commons/6/6f/LL-Q55633582_%28ajp%29-Muhammad_%28AdrianAbdulBaha%29-%D9%88%D8%AD%D8%AF%D8%A7%D9%86%D9%8A.wav
1884,وظيفة,wɑˈzˤiː.fe,3,2,LL-Q55633582 (ajp)-AmmanM (AdrianAbdulBaha)-وظيفة.wav,https://upload.wikimedia.org/wikipedia/commons/f/f9/LL-Q55633582_%28ajp%29-AmmanM_%28AdrianAbdulBaha%29-%D9%88%D8%B8%D9%8A%D9%81%D8%A9.wav
1885,ولاية,wiˈlæː.je,3,2,LL-Q55633582 (ajp)-Khalil.rantissi-ولاية.wav,https://upload.wikimedia.org/wikipedia/commons/6/65/LL-Q55633582_%28ajp%29-Khalil.rantissi-%D9%88%D9%84%D8%A7%D9%8A%D8%A9.wav
1886,يهودي,jaˈhuː.di,3,2,LL-Q55633582 (ajp)-Khalil.rantissi-يَهوديّ.wav,https://upload.wikimedia.org/wikipedia/commons/9/93/LL-Q55633582_%28ajp%29-Khalil.rantissi-%D9%8A%D9%8E%D9%87%D9%88%D8%AF%D9%8A%D9%91.wav
1887,أبدا,ˈʔa.ba.dan,3,1,LL-Q55633582 (ajp)-AseelF (AdrianAbdulBaha)-ابَدًا.wav,https://upload.wikimedia.org/wikipedia/commons/6/66/LL-Q55633582_%28ajp%29-AseelF_%28AdrianAbdulBaha%29-%D8%A7%D8%A8%D9%8E%D8%AF%D9%8B%D8%A7.wav
1888,أرمني,ˈʔar.ma.ni,3,1,LL-Q55633582 (ajp)-Khalil.rantissi-أرمَني.wav,https://upload.wikimedia.org/wikipedia/commons/5/54/LL-Q55633582_%28ajp%29-Khalil.rantissi-%D8%A3%D8%B1%D9%85%D9%8E%D9%86%D9%8A.wav
1889,أغنية,ˈʔʊɣ.ni.je,3,1,LL-Q55633582 (ajp)-Khalil.rantissi-اُغنية.wav,https://upload.wikimedia.org/wikipedia/commons/8/8f/LL-Q55633582_%28ajp%29-Khalil.rantissi-%D8%A7%D9%8F%D8%BA%D9%86%D9%8A%D8%A9.wav
1890,أولا,ˈʔaw.wa.lan,3,1,LL-Q55633582 (ajp)-AdrianAbdulBaha-أوّلًا.wav,https://upload.wikimedia.org/wikipedia/commons/a/a2/LL-Q55633582_%28ajp%29-AdrianAbdulBaha-%D8%A3%D9%88%D9%91%D9%84%D9%8B%D8%A7.wav
1891,اجتماع,ɪʒ.ti.mæːʕ,3,1,LL-Q55633582 (ajp)-Khalil.rantissi-اجتِماع.wav,https://upload.wikimedia.org/wikipedia/commons/9/90/LL-Q55633582_%28ajp%29-Khalil.rantissi-%D8%A7%D8%AC%D8%AA%D9%90%D9%85%D8%A7%D8%B9.wav
1892,استحق,ɪs.ta.ħaʔ,3,1,LL-Q55633582 (ajp)-Khalil.rantissi-استَحَقّ.wav,https://upload.wikimedia.org/wikipedia/commons/0/09/LL-Q55633582_%28ajp%29-Khalil.rantissi-%D8%A7%D8%B3%D8%AA%D9%8E%D8%AD%D9%8E%D9%82%D9%91.wav
1893,اشترك,ɪʃ.ˈta.rak,3,1,LL-Q55633582 (ajp)-Khalil.rantissi-اشتَرَك.wav,https://upload.wikimedia.org/wikipedia/commons/9/9d/LL-Q55633582_%28ajp%29-Khalil.rantissi-%D8%A7%D8%B4%D8%AA%D9%8E%D8%B1%D9%8E%D9%83.wav
1894,باخرة,ˈbæː.xɪ.rˤɑ,3,1,LL-Q55633582 (ajp)-Khalil.rantissi-باخِرة.wav,https://upload.wikimedia.org/wikipedia/commons/8/81/LL-Q55633582_%28ajp%29-Khalil.rantissi-%D8%A8%D8%A7%D8%AE%D9%90%D8%B1%D8%A9.wav
1895,بدوي,ˈba.da.wi,3,1,LL-Q55633582 (ajp)-Muhammad (AdrianAbdulBaha)-بدوي.wav,https://upload.wikimedia.org/wikipedia/commons/c/c8/LL-Q55633582_%28ajp%29-Muhammad_%28AdrianAbdulBaha%29-%D8%A8%D8%AF%D9%88%D9%8A.wav
1896,بعد بكرة,ˈba.ʕ(ɪ)d ˈbʊk.rˤɑ,3,1,LL-Q55633582 (ajp)-AdrianAbdulBaha-بعد بكرة.wav,https://upload.wikimedia.org/wikipedia/commons/a/ad/LL-Q55633582_%28ajp%29-AdrianAbdulBaha-%D8%A8%D8%B9%D8%AF_%D8%A8%D9%83%D8%B1%D8%A9.wav
1897,بقرة,ˈbɑ.ʔɑ.rˤɑ,3,1,LL-Q55633582 (ajp)-Muhammad (AdrianAbdulBaha)-بقرة.wav,https://upload.wikimedia.org/wikipedia/commons/7/70/LL-Q55633582_%28ajp%29-Muhammad_%28AdrianAbdulBaha%29-%D8%A8%D9%82%D8%B1%D8%A9.wav
1898,بني آدم,ba.ni ˈʔaː.dam,3,1,LL-Q55633582 (ajp)-MahmoudM (AdrianAbdulBaha)-بني ادم.wav,https://upload.wikimedia.org/wikipedia/commons/e/e8/LL-Q55633582_%28ajp%29-MahmoudM_%28AdrianAbdulBaha%29-%D8%A8%D9%86%D9%8A_%D8%A7%D8%AF%D9%85.wav
1899,بينما,ˈbej.na.ma,3,1,LL-Q55633582 (ajp)-Khalil.rantissi-بينما.wav,https://upload.wikimedia.org/wikipedia/commons/0/04/LL-Q55633582_%28ajp%29-Khalil.rantissi-%D8%A8%D9%8A%D9%86%D9%85%D8%A7.wav
1900,تذكرة,ˈtaz.kɑ.rˤɑ,3,1,LL-Q55633582 (ajp)-AmmanM (AdrianAbdulBaha)-تزكرة.wav,https://upload.wikimedia.org/wikipedia/commons/4/41/LL-Q55633582_%28ajp%29-AmmanM_%28AdrianAbdulBaha%29-%D8%AA%D8%B2%D9%83%D8%B1%D8%A9.wav
1901,تنكة,ˈta.na.ke,3,1,LL-Q55633582 (ajp)-Muhammad (AdrianAbdulBaha)-تنكة.wav,https://upload.wikimedia.org/wikipedia/commons/c/ce/LL-Q55633582_%28ajp%29-Muhammad_%28AdrianAbdulBaha%29-%D8%AA%D9%86%D9%83%D8%A9.wav
1902,تواصل,(ɪ)t.wɑː.sˤɑl,3,1,LL-Q55633582 (ajp)-Khalil.rantissi-تواصَل.wav,https://upload.wikimedia.org/wikipedia/commons/8/87/LL-Q55633582_%28ajp%29-Khalil.rantissi-%D8%AA%D9%88%D8%A7%D8%B5%D9%8E%D9%84.wav
1903,جمجمة,ˈʒʊm.ʒʊ.me,3,1,LL-Q55633582 (ajp)-Muhammad (AdrianAbdulBaha)-جمجمة.wav,https://upload.wikimedia.org/wikipedia/commons/8/87/LL-Q55633582_%28ajp%29-Muhammad_%28AdrianAbdulBaha%29-%D8%AC%D9%85%D8%AC%D9%85%D8%A9.wav
1904,جوارير,ʒa.wa.riːr,3,1,LL-Q55633582 (ajp)-Muhammad (AdrianAbdulBaha)-جوارير.wav,https://upload.wikimedia.org/wikipedia/commons/b/b2/LL-Q55633582_%28ajp%29-Muhammad_%28AdrianAbdulBaha%29-%D8%AC%D9%88%D8%A7%D8%B1%D9%8A%D8%B1.wav
1905,حشرة,ˈħa.ʃɑ.rˤɑ,3,1,LL-Q55633582 (ajp)-Muhammad (AdrianAbdulBaha)-حشرة.wav,https://upload.wikimedia.org/wikipedia/commons/d/d8/LL-Q55633582_%28ajp%29-Muhammad_%28AdrianAbdulBaha%29-%D8%AD%D8%B4%D8%B1%D8%A9.wav
1906,حكوجي,ˈħak.wa.ʒi,3,1,LL-Q55633582 (ajp)-Muhammad (AdrianAbdulBaha)-حكوجي.wav,https://upload.wikimedia.org/wikipedia/commons/8/84/LL-Q55633582_%28ajp%29-Muhammad_%28AdrianAbdulBaha%29-%D8%AD%D9%83%D9%88%D8%AC%D9%8A.wav
1907,حلقة,ˈħa.la.ʔa,3,1,LL-Q55633582 (ajp)-Muhammad (AdrianAbdulBaha)-حلقة.wav,https://upload.wikimedia.org/wikipedia/commons/7/74/LL-Q55633582_%28ajp%29-Muhammad_%28AdrianAbdulBaha%29-%D8%AD%D9%84%D9%82%D8%A9.wav
1908,خاصة,ˈxɑsˤ.sˤɑ.tˤɑn,3,1,LL-Q55633582 (ajp)-AdrianAbdulBaha-خاصّةً.wav,https://upload.wikimedia.org/wikipedia/commons/c/c8/LL-Q55633582_%28ajp%29-AdrianAbdulBaha-%D8%AE%D8%A7%D8%B5%D9%91%D8%A9%D9%8B.wav
1909,خلوي,ˈxa.la.wi,3,1,LL-Q55633582 (ajp)-Muhammad (AdrianAbdulBaha)-خلوي.wav,https://upload.wikimedia.org/wikipedia/commons/b/b5/LL-Q55633582_%28ajp%29-Muhammad_%28AdrianAbdulBaha%29-%D8%AE%D9%84%D9%88%D9%8A.wav
1910,خنفسا,ˈxʊn.fʊ.sa,3,1,LL-Q55633582 (ajp)-Muhammad (AdrianAbdulBaha)-خنفسة.wav,https://upload.wikimedia.org/wikipedia/commons/0/02/LL-Q55633582_%28ajp%29-Muhammad_%28AdrianAbdulBaha%29-%D8%AE%D9%86%D9%81%D8%B3%D8%A9.wav
1911,دائرة,ˈdæː.ʔi.rˤɑ,3,1,LL-Q55633582 (ajp)-AdrianAbdulBaha-دائرة.wav,https://upload.wikimedia.org/wikipedia/commons/b/b9/LL-Q55633582_%28ajp%29-AdrianAbdulBaha-%D8%AF%D8%A7%D8%A6%D8%B1%D8%A9.wav
1912,درجة,ˈda.ra.ʒe,3,1,LL-Q55633582 (ajp)-Muhammad (AdrianAbdulBaha)-درجة.wav,https://upload.wikimedia.org/wikipedia/commons/f/f7/LL-Q55633582_%28ajp%29-Muhammad_%28AdrianAbdulBaha%29-%D8%AF%D8%B1%D8%AC%D8%A9.wav
1913,دهبي,ˈda.ha.bi,3,1,LL-Q55633582 (ajp)-Muhammad (AdrianAbdulBaha)-دهبي.wav,https://upload.wikimedia.org/wikipedia/commons/c/c9/LL-Q55633582_%28ajp%29-Muhammad_%28AdrianAbdulBaha%29-%D8%AF%D9%87%D8%A8%D9%8A.wav
1914,زلمة,ˈza.la.me,3,1,LL-Q55633582 (ajp)-MahmoudM (AdrianAbdulBaha)-زلمة.wav,https://upload.wikimedia.org/wikipedia/commons/d/d4/LL-Q55633582_%28ajp%29-MahmoudM_%28AdrianAbdulBaha%29-%D8%B2%D9%84%D9%85%D8%A9.wav
1915,زوبعة,ˈzoː.ba.ʕa,3,1,LL-Q55633582 (ajp)-Muhammad (AdrianAbdulBaha)-زوبعة.wav,https://upload.wikimedia.org/wikipedia/commons/7/7e/LL-Q55633582_%28ajp%29-Muhammad_%28AdrianAbdulBaha%29-%D8%B2%D9%88%D8%A8%D8%B9%D8%A9.wav
1916,سكني,ˈsa.ka.ni,3,1,LL-Q55633582 (ajp)-Muhammad (AdrianAbdulBaha)-سكني.wav,https://upload.wikimedia.org/wikipedia/commons/9/91/LL-Q55633582_%28ajp%29-Muhammad_%28AdrianAbdulBaha%29-%D8%B3%D9%83%D9%86%D9%8A.wav
1917,سلسلة,ˈsɪl.sɪ.le,3,1,LL-Q55633582 (ajp)-Muhammad (AdrianAbdulBaha)-سلسلة.wav,https://upload.wikimedia.org/wikipedia/commons/e/e2/LL-Q55633582_%28ajp%29-Muhammad_%28AdrianAbdulBaha%29-%D8%B3%D9%84%D8%B3%D9%84%D8%A9.wav
1918,سلوفاكيا,slʊ.væːk.ja,3,1,LL-Q55633582 (ajp)-Muhammad (AdrianAbdulBaha)-سلوفاكيا.wav,https://upload.wikimedia.org/wikipedia/commons/5/57/LL-Q55633582_%28ajp%29-Muhammad_%28AdrianAbdulBaha%29-%D8%B3%D9%84%D9%88%D9%81%D8%A7%D9%83%D9%8A%D8%A7.wav
1919,سمكة,ˈsa.ma.ke,3,1,LL-Q55633582 (ajp)-Muhammad (AdrianAbdulBaha)-سمكة.wav,https://upload.wikimedia.org/wikipedia/commons/7/79/LL-Q55633582_%28ajp%29-Muhammad_%28AdrianAbdulBaha%29-%D8%B3%D9%85%D9%83%D8%A9.wav
1920,شجرة,ˈʃa.ʒɑ.rˤɑ,3,1,LL-Q55633582 (ajp)-Muhammad (AdrianAbdulBaha)-شجرة.wav,https://upload.wikimedia.org/wikipedia/commons/d/de/LL-Q55633582_%28ajp%29-Muhammad_%28AdrianAbdulBaha%29-%D8%B4%D8%AC%D8%B1%D8%A9.wav
1921,شركسي,ˈʃar.ka.si,3,1,LL-Q55633582 (ajp)-AdrianAbdulBaha-شركسي.wav,https://upload.wikimedia.org/wikipedia/commons/9/91/LL-Q55633582_%28ajp%29-AdrianAbdulBaha-%D8%B4%D8%B1%D9%83%D8%B3%D9%8A.wav
1922,شلفقة,ˈʃal.fa.ʕa,3,1,LL-Q55633582 (ajp)-Muhammad (AdrianAbdulBaha)-شلفقة.wav,https://upload.wikimedia.org/wikipedia/commons/6/6a/LL-Q55633582_%28ajp%29-Muhammad_%28AdrianAbdulBaha%29-%D8%B4%D9%84%D9%81%D9%82%D8%A9.wav
1923,شوربة,ˈʃoː.rˤɑ.bɑ,3,1,LL-Q55633582 (ajp)-IbrahimZ (AdrianAbdulBaha)-شوربة.wav,https://upload.wikimedia.org/wikipedia/commons/b/b1/LL-Q55633582_%28ajp%29-IbrahimZ_%28AdrianAbdulBaha%29-%D8%B4%D9%88%D8%B1%D8%A8%D8%A9.wav
1924,صيدلي,ˈsˤɑj.dˤɑ.li,3,1,LL-Q55633582 (ajp)-Muhammad (AdrianAbdulBaha)-صيدلي.wav,https://upload.wikimedia.org/wikipedia/commons/5/5c/LL-Q55633582_%28ajp%29-Muhammad_%28AdrianAbdulBaha%29-%D8%B5%D9%8A%D8%AF%D9%84%D9%8A.wav
1925,طالما,ˈtˤɑː.la.ma,3,1,LL-Q55633582 (ajp)-MahmoudM (AdrianAbdulBaha)-طالما.wav,https://upload.wikimedia.org/wikipedia/commons/e/e0/LL-Q55633582_%28ajp%29-MahmoudM_%28AdrianAbdulBaha%29-%D8%B7%D8%A7%D9%84%D9%85%D8%A7.wav
1926,طنجرة,ˈtˤɑn.ʒɑ.rˤɑ,3,1,LL-Q55633582 (ajp)-Muhammad (AdrianAbdulBaha)-طنجرة.wav,https://upload.wikimedia.org/wikipedia/commons/6/63/LL-Q55633582_%28ajp%29-Muhammad_%28AdrianAbdulBaha%29-%D8%B7%D9%86%D8%AC%D8%B1%D8%A9.wav
1927,طول باله,ˈtˤɑw.wɑl ˈbæː.lo,3,1,LL-Q55633582 (ajp)-Muhammad (AdrianAbdulBaha)-ṭawwal bālo.wav,https://upload.wikimedia.org/wikipedia/commons/6/62/LL-Q55633582_%28ajp%29-Muhammad_%28AdrianAbdulBaha%29-%E1%B9%ADawwal_b%C4%81lo.wav
1928,طولكرم,ˈtˤuːl.ka.r(ɪ)m,3,1,LL-Q55633582 (ajp)-AdrianAbdulBaha-طولكرم.wav,https://upload.wikimedia.org/wikipedia/commons/a/a9/LL-Q55633582_%28ajp%29-AdrianAbdulBaha-%D8%B7%D9%88%D9%84%D9%83%D8%B1%D9%85.wav
1929,طيارة,tˤɑj.jɑː.rˤɑ,3,1,LL-Q55633582 (ajp)-AmmanM (AdrianAbdulBaha)-طيّارة.wav,https://upload.wikimedia.org/wikipedia/commons/9/9a/LL-Q55633582_%28ajp%29-AmmanM_%28AdrianAbdulBaha%29-%D8%B7%D9%8A%D9%91%D8%A7%D8%B1%D8%A9.wav
1930,عبقري,ˈʕab.qɑ.ri,3,1,LL-Q55633582 (ajp)-Muhammad (AdrianAbdulBaha)-عبقري.wav,https://upload.wikimedia.org/wikipedia/commons/b/b3/LL-Q55633582_%28ajp%29-Muhammad_%28AdrianAbdulBaha%29-%D8%B9%D8%A8%D9%82%D8%B1%D9%8A.wav
1931,عربي,ˈʕɑ.rˤɑ.bi,3,1,LL-Q55633582 (ajp)-Khalil.rantissi-عَرَبيّ.wav,https://upload.wikimedia.org/wikipedia/commons/9/94/LL-Q55633582_%28ajp%29-Khalil.rantissi-%D8%B9%D9%8E%D8%B1%D9%8E%D8%A8%D9%8A%D9%91.wav
1932,عشرة,ˈʕa.ʃa.rˤɑ,3,1,LL-Q55633582 (ajp)-AseelF (AdrianAbdulBaha)-10.wav,https://upload.wikimedia.org/wikipedia/commons/6/6d/LL-Q55633582_%28ajp%29-AseelF_%28AdrianAbdulBaha%29-10.wav
1933,عصبي,ˈʕɑ.sˤɑ.bi,3,1,LL-Q55633582 (ajp)-Muhammad (AdrianAbdulBaha)-عصبي.wav,https://upload.wikimedia.org/wikipedia/commons/1/1b/LL-Q55633582_%28ajp%29-Muhammad_%28AdrianAbdulBaha%29-%D8%B9%D8%B5%D8%A8%D9%8A.wav
1934,عقبة,ˈʕɑ.qɑ.be,3,1,LL-Q55633582 (ajp)-Muhammad (AdrianAbdulBaha)-عقبة.wav,https://upload.wikimedia.org/wikipedia/commons/4/41/LL-Q55633582_%28ajp%29-Muhammad_%28AdrianAbdulBaha%29-%D8%B9%D9%82%D8%A8%D8%A9.wav
1935,على فكرة,ˈʕa.la ˈfɪk.rˤɑ,3,1,LL-Q55633582 (ajp)-AdrianAbdulBaha-ع فكرة.wav,https://upload.wikimedia.org/wikipedia/commons/c/c3/LL-Q55633582_%28ajp%29-AdrianAbdulBaha-%D8%B9_%D9%81%D9%83%D8%B1%D8%A9.wav
1936,عنصري,ˈʕʊn.sˤʊ.ri,3,1,LL-Q55633582 (ajp)-Muhammad (AdrianAbdulBaha)-عنصري.wav,https://upload.wikimedia.org/wikipedia/commons/c/cb/LL-Q55633582_%28ajp%29-Muhammad_%28AdrianAbdulBaha%29-%D8%B9%D9%86%D8%B5%D8%B1%D9%8A.wav
1937,غنمة,ˈɣa.na.me,3,1,LL-Q55633582 (ajp)-Muhammad (AdrianAbdulBaha)-غنمة.wav,https://upload.wikimedia.org/wikipedia/commons/4/42/LL-Q55633582_%28ajp%29-Muhammad_%28AdrianAbdulBaha%29-%D8%BA%D9%86%D9%85%D8%A9.wav
1938,فقرة,ˈfɑ.qɑ.rˤɑ,3,1,LL-Q55633582 (ajp)-Muhammad (AdrianAbdulBaha)-فقرة.wav,https://upload.wikimedia.org/wikipedia/commons/5/51/LL-Q55633582_%28ajp%29-Muhammad_%28AdrianAbdulBaha%29-%D9%81%D9%82%D8%B1%D8%A9.wav
1939,فوضوي,ˈfɑw.dˤɑ.wi,3,1,LL-Q55633582 (ajp)-Khalil.rantissi-فَوضَويّ.wav,https://upload.wikimedia.org/wikipedia/commons/d/d3/LL-Q55633582_%28ajp%29-Khalil.rantissi-%D9%81%D9%8E%D9%88%D8%B6%D9%8E%D9%88%D9%8A%D9%91.wav
1940,قزمة,ˈqa.za.me,3,1,LL-Q55633582 (ajp)-Muhammad (AdrianAbdulBaha)-قزمة.wav,https://upload.wikimedia.org/wikipedia/commons/f/f8/LL-Q55633582_%28ajp%29-Muhammad_%28AdrianAbdulBaha%29-%D9%82%D8%B2%D9%85%D8%A9.wav
1941,كتشي,ˈka.ta.ʃi,3,1,LL-Q55633582 (ajp)-Khalil.rantissi-كَتَشي.wav,https://upload.wikimedia.org/wikipedia/commons/6/65/LL-Q55633582_%28ajp%29-Khalil.rantissi-%D9%83%D9%8E%D8%AA%D9%8E%D8%B4%D9%8A.wav
1942,كلية,ˈkʊl.lij.je,3,1,LL-Q55633582 (ajp)-Muhammad (AdrianAbdulBaha)-كلية.wav,https://upload.wikimedia.org/wikipedia/commons/f/f1/LL-Q55633582_%28ajp%29-Muhammad_%28AdrianAbdulBaha%29-%D9%83%D9%84%D9%8A%D8%A9.wav
1943,كمرة,ˈkɑ.mɑ.rˤɑ,3,1,LL-Q55633582 (ajp)-Khalil.rantissi-كَمَرة.wav,https://upload.wikimedia.org/wikipedia/commons/1/19/LL-Q55633582_%28ajp%29-Khalil.rantissi-%D9%83%D9%8E%D9%85%D9%8E%D8%B1%D8%A9.wav
1944,كندرة,ˈkʊn.dɑ.rˤɑ,3,1,LL-Q55633582 (ajp)-Muhammad (AdrianAbdulBaha)-كندرة.wav,https://upload.wikimedia.org/wikipedia/commons/4/41/LL-Q55633582_%28ajp%29-Muhammad_%28AdrianAbdulBaha%29-%D9%83%D9%86%D8%AF%D8%B1%D8%A9.wav
1945,كهربا,ˈkɑh.rɑ.bɑ,3,1,LL-Q55633582 (ajp)-Muhammad (AdrianAbdulBaha)-كهربا.wav,https://upload.wikimedia.org/wikipedia/commons/9/9b/LL-Q55633582_%28ajp%29-Muhammad_%28AdrianAbdulBaha%29-%D9%83%D9%87%D8%B1%D8%A8%D8%A7.wav
1946,ليلكي,ˈleː.la.ki,3,1,LL-Q55633582 (ajp)-Muhammad (AdrianAbdulBaha)-ليلكي.wav,https://upload.wikimedia.org/wikipedia/commons/3/3f/LL-Q55633582_%28ajp%29-Muhammad_%28AdrianAbdulBaha%29-%D9%84%D9%8A%D9%84%D9%83%D9%8A.wav
1947,ماكنة,ˈmæː.ki.na,3,1,LL-Q55633582 (ajp)-Muhammad (AdrianAbdulBaha)-ماكنة.wav,https://upload.wikimedia.org/wikipedia/commons/4/44/LL-Q55633582_%28ajp%29-Muhammad_%28AdrianAbdulBaha%29-%D9%85%D8%A7%D9%83%D9%86%D8%A9.wav
1948,متلا,ˈma.ta.lan,3,1,LL-Q55633582 (ajp)-Muhammad (AdrianAbdulBaha)-متلا.wav,https://upload.wikimedia.org/wikipedia/commons/6/64/LL-Q55633582_%28ajp%29-Muhammad_%28AdrianAbdulBaha%29-%D9%85%D8%AA%D9%84%D8%A7.wav
1949,محترم,ˈmuħ.ta.ram,3,1,LL-Q55633582 (ajp)-Mohammad-LPA-محترم.wav,https://upload.wikimedia.org/wikipedia/commons/1/16/LL-Q55633582_%28ajp%29-Mohammad-LPA-%D9%85%D8%AD%D8%AA%D8%B1%D9%85.wav
1950,محرمة,ˈmaħ.ra.me,3,1,LL-Q55633582 (ajp)-Muhammad (AdrianAbdulBaha)-محرمة.wav,https://upload.wikimedia.org/wikipedia/commons/6/66/LL-Q55633582_%28ajp%29-Muhammad_%28AdrianAbdulBaha%29-%D9%85%D8%AD%D8%B1%D9%85%D8%A9.wav
1951,محفظة,ˈmɑħ.fɑ.zˤɑ,3,1,LL-Q55633582 (ajp)-Muhammad (AdrianAbdulBaha)-محفظة.wav,https://upload.wikimedia.org/wikipedia/commons/3/3e/LL-Q55633582_%28ajp%29-Muhammad_%28AdrianAbdulBaha%29-%D9%85%D8%AD%D9%81%D8%B8%D8%A9.wav
1952,مدرسة,ˈmad.ra.se,3,1,LL-Q55633582 (ajp)-Muhammad (AdrianAbdulBaha)-مدرسة.wav,https://upload.wikimedia.org/wikipedia/commons/c/c4/LL-Q55633582_%28ajp%29-Muhammad_%28AdrianAbdulBaha%29-%D9%85%D8%AF%D8%B1%D8%B3%D8%A9.wav
1953,مرحبا,ˈmɑr.ħɑ.bɑ,3,1,LL-Q55633582 (ajp)-AdrianAbdulBaha-مرحبا.wav,https://upload.wikimedia.org/wikipedia/commons/c/cb/LL-Q55633582_%28ajp%29-AdrianAbdulBaha-%D9%85%D8%B1%D8%AD%D8%A8%D8%A7.wav
1954,مروحة,ˈmar.wa.ħa,3,1,LL-Q55633582 (ajp)-Muhammad (AdrianAbdulBaha)-مروحة.wav,https://upload.wikimedia.org/wikipedia/commons/4/4f/LL-Q55633582_%28ajp%29-Muhammad_%28AdrianAbdulBaha%29-%D9%85%D8%B1%D9%88%D8%AD%D8%A9.wav
1955,مشترك,ˈmuʃ.ta.rɪk,3,1,LL-Q55633582 (ajp)-Muhammad (AdrianAbdulBaha)-مشترك.wav,https://upload.wikimedia.org/wikipedia/commons/c/c8/LL-Q55633582_%28ajp%29-Muhammad_%28AdrianAbdulBaha%29-%D9%85%D8%B4%D8%AA%D8%B1%D9%83.wav
1956,مشترك,ˈmuʃ.ta.rak,3,1,LL-Q55633582 (ajp)-Muhammad (AdrianAbdulBaha)-مشترك.wav,https://upload.wikimedia.org/wikipedia/commons/c/c8/LL-Q55633582_%28ajp%29-Muhammad_%28AdrianAbdulBaha%29-%D9%85%D8%B4%D8%AA%D8%B1%D9%83.wav
1957,مشكلة,ˈmuʃ.kɪ.le,3,1,LL-Q55633582 (ajp)-Muhammad (AdrianAbdulBaha)-مشكلة.wav,https://upload.wikimedia.org/wikipedia/commons/2/2c/LL-Q55633582_%28ajp%29-Muhammad_%28AdrianAbdulBaha%29-%D9%85%D8%B4%D9%83%D9%84%D8%A9.wav
1958,معرفة,ˈmaʕ.rɪ.fe,3,1,LL-Q55633582 (ajp)-Muhammad (AdrianAbdulBaha)-معرفة.wav,https://upload.wikimedia.org/wikipedia/commons/4/47/LL-Q55633582_%28ajp%29-Muhammad_%28AdrianAbdulBaha%29-%D9%85%D8%B9%D8%B1%D9%81%D8%A9.wav
1959,مغربي,ˈmaɣ.rɪ.bi,3,1,LL-Q55633582 (ajp)-Muhammad (AdrianAbdulBaha)-مغربي.wav,https://upload.wikimedia.org/wikipedia/commons/6/61/LL-Q55633582_%28ajp%29-Muhammad_%28AdrianAbdulBaha%29-%D9%85%D8%BA%D8%B1%D8%A8%D9%8A.wav
1960,مغسلة,ˈmaɣ.sa.le,3,1,LL-Q55633582 (ajp)-Muhammad (AdrianAbdulBaha)-مغسلة.wav,https://upload.wikimedia.org/wikipedia/commons/a/a2/LL-Q55633582_%28ajp%29-Muhammad_%28AdrianAbdulBaha%29-%D9%85%D8%BA%D8%B3%D9%84%D8%A9.wav
1961,مكتبة,ˈmak.ta.be,3,1,LL-Q55633582 (ajp)-Muhammad (AdrianAbdulBaha)-مكتبة.wav,https://upload.wikimedia.org/wikipedia/commons/0/01/LL-Q55633582_%28ajp%29-Muhammad_%28AdrianAbdulBaha%29-%D9%85%D9%83%D8%AA%D8%A8%D8%A9.wav
1962,ملكة,ˈma.lɪ.ke,3,1,LL-Q55633582 (ajp)-Muhammad (AdrianAbdulBaha)-ملكة.wav,https://upload.wikimedia.org/wikipedia/commons/c/cd/LL-Q55633582_%28ajp%29-Muhammad_%28AdrianAbdulBaha%29-%D9%85%D9%84%D9%83%D8%A9.wav
1963,مملحة,ˈmam.la.ħa,3,1,LL-Q55633582 (ajp)-Muhammad (AdrianAbdulBaha)-مملحة.wav,https://upload.wikimedia.org/wikipedia/commons/0/08/LL-Q55633582_%28ajp%29-Muhammad_%28AdrianAbdulBaha%29-%D9%85%D9%85%D9%84%D8%AD%D8%A9.wav
1964,مملكة,ˈmam.la.ke,3,1,LL-Q55633582 (ajp)-Muhammad (AdrianAbdulBaha)-مملكة.wav,https://upload.wikimedia.org/wikipedia/commons/5/5e/LL-Q55633582_%28ajp%29-Muhammad_%28AdrianAbdulBaha%29-%D9%85%D9%85%D9%84%D9%83%D8%A9.wav
1965,منشفة,ˈman.ʃa.fe,3,1,LL-Q55633582 (ajp)-Muhammad (AdrianAbdulBaha)-منشفة.wav,https://upload.wikimedia.org/wikipedia/commons/b/b0/LL-Q55633582_%28ajp%29-Muhammad_%28AdrianAbdulBaha%29-%D9%85%D9%86%D8%B4%D9%81%D8%A9.wav
1966,منطقة,ˈmɑn.tˤɪ.ʔɑ,3,1,LL-Q55633582 (ajp)-AmmanM (AdrianAbdulBaha)-منطقة.wav,https://upload.wikimedia.org/wikipedia/commons/1/16/LL-Q55633582_%28ajp%29-AmmanM_%28AdrianAbdulBaha%29-%D9%85%D9%86%D8%B7%D9%82%D8%A9.wav
1967,نادرا,ˈnæː.dɪ.ran,3,1,LL-Q55633582 (ajp)-AseelF (AdrianAbdulBaha)-نادِرًا.wav,https://upload.wikimedia.org/wikipedia/commons/c/c3/LL-Q55633582_%28ajp%29-AseelF_%28AdrianAbdulBaha%29-%D9%86%D8%A7%D8%AF%D9%90%D8%B1%D9%8B%D8%A7.wav
1968,نزلة,ˈna.za.le,3,1,LL-Q55633582 (ajp)-Muhammad (AdrianAbdulBaha)-نزلة.wav,https://upload.wikimedia.org/wikipedia/commons/f/f8/LL-Q55633582_%28ajp%29-Muhammad_%28AdrianAbdulBaha%29-%D9%86%D8%B2%D9%84%D8%A9.wav
1969,أغلبية,ʔaɣ.laˈbij.je,4,3,LL-Q55633582 (ajp)-Khalil.rantissi-أغلَبيّة.wav,LL-Q55633582_%28ajp%29-Khalil.rantissi-%D8%A3%D8%BA%D9%84%D9%8E%D8%A8%D9%8A%D9%91%D8%A9.wav
1970,أقلية,ʔɑ.qɑlˈlij.je,4,3,LL-Q55633582 (ajp)-Khalil.rantissi-أقَليّة.wav,LL-Q55633582_%28ajp%29-Khalil.rantissi-%D8%A3%D9%82%D9%8E%D9%84%D9%8A%D9%91%D8%A9.wav
1971,أكترية,ʔak.taˈrij.je,4,3,LL-Q55633582 (ajp)-Khalil.rantissi-أكتَريّة.wav,LL-Q55633582_%28ajp%29-Khalil.rantissi-%D8%A3%D9%83%D8%AA%D9%8E%D8%B1%D9%8A%D9%91%D8%A9.wav
1972,أهلا وسهلا,ˌʔah.la‿wˈsah.la,4,3,LL-Q55633582 (ajp)-AdrianAbdulBaha-أهلا وسهلا.wav,LL-Q55633582_%28ajp%29-AdrianAbdulBaha-%D8%A3%D9%87%D9%84%D8%A7_%D9%88%D8%B3%D9%87%D9%84%D8%A7.wav
1973,إجا عالوجع,ˈʔɪ.d͡ʒaʕalˈwa.d͡ʒaʕ,4,1,LL-Q55633582 (ajp)-Basil (AdrianAbdulBaha)-إجا عالوجع.wav,LL-Q55633582_%28ajp%29-Basil_%28AdrianAbdulBaha%29-%D8%A5%D8%AC%D8%A7_%D8%B9%D8%A7%D9%84%D9%88%D8%AC%D8%B9.wav
1974,استراحة,ɪs.tɪˈrˤɑː.ħɑ,4,3,LL-Q55633582 (ajp)-AmmanM (AdrianAbdulBaha)-استراحة.wav,LL-Q55633582_%28ajp%29-AmmanM_%28AdrianAbdulBaha%29-%D8%A7%D8%B3%D8%AA%D8%B1%D8%A7%D8%AD%D8%A9.wav
1975,الأربعا,ɪlˈʔar.bɪ.ʕa,4,2,LL-Q55633582 (ajp)-AseelF (AdrianAbdulBaha)-Wednesday.wav,LL-Q55633582_%28ajp%29-AseelF_%28AdrianAbdulBaha%29-Wednesday.wav
1976,0التلاتا,ˈɪt.ta.læː.ta,4,1,LL-Q55633582 (ajp)-AseelF (AdrianAbdulBaha)-Tuesday.wav,LL-Q55633582_%28ajp%29-AseelF_%28AdrianAbdulBaha%29-Tuesday.wav
1977,التلاتا,ˈɪt.tu.laː.ta,4,1,LL-Q55633582 (ajp)-AseelF (AdrianAbdulBaha)-Tuesday.wav,LL-Q55633582_%28ajp%29-AseelF_%28AdrianAbdulBaha%29-Tuesday.wav
1978,السعودية,ɪs.sʕuˈdij.je,4,3,LL-Q55633582 (ajp)-AdrianAbdulBaha-السعودية.wav,LL-Q55633582_%28ajp%29-AdrianAbdulBaha-%D8%A7%D9%84%D8%B3%D8%B9%D9%88%D8%AF%D9%8A%D8%A9.wav
1979,العامية,ɪl.ʕamˈmij.je,4,3,LL-Q55633582 (ajp)-Muhammad (AdrianAbdulBaha)-العامية.wav,LL-Q55633582_%28ajp%29-Muhammad_%28AdrianAbdulBaha%29-%D8%A7%D9%84%D8%B9%D8%A7%D9%85%D9%8A%D8%A9.wav
1980,العقبة,ilˈʕɑ.qɑ.be,4,2,LL-Q55633582 (ajp)-Muhammad (AdrianAbdulBaha)-العقبة.wav,LL-Q55633582_%28ajp%29-Muhammad_%28AdrianAbdulBaha%29-%D8%A7%D9%84%D8%B9%D9%82%D8%A8%D8%A9.wav
1981,بريطانيا,bɪ.rɪˈtˤɑːn.jɑ,4,3,LL-Q55633582 (ajp)-AdrianAbdulBaha-بريطانيا.wav,LL-Q55633582_%28ajp%29-AdrianAbdulBaha-%D8%A8%D8%B1%D9%8A%D8%B7%D8%A7%D9%86%D9%8A%D8%A7.wav
1982,بصراحة,bɪ.sˤɑˈrɑː.ħɑ,4,3,LL-Q55633582 (ajp)-Muhammad (AdrianAbdulBaha)-بصراحة.wav,LL-Q55633582_%28ajp%29-Muhammad_%28AdrianAbdulBaha%29-%D8%A8%D8%B5%D8%B1%D8%A7%D8%AD%D8%A9.wav
1983,بطانية,bɑtˤ.tˤɑˈnij.je,4,3,LL-Q55633582 (ajp)-Muhammad (AdrianAbdulBaha)-بطّانيّة.wav,LL-Q55633582_%28ajp%29-Muhammad_%28AdrianAbdulBaha%29-%D8%A8%D8%B7%D9%91%D8%A7%D9%86%D9%8A%D9%91%D8%A9.wav
1984,بعد بكرة,ˈba.ʕɪdˈbʊk.rˤɑ,4,1,LL-Q55633582 (ajp)-AdrianAbdulBaha-بعد بكرة.wav,LL-Q55633582_%28ajp%29-AdrianAbdulBaha-%D8%A8%D8%B9%D8%AF_%D8%A8%D9%83%D8%B1%D8%A9.wav
1985,بما إنه,bi.maˈʔɪn.no,4,3,LL-Q55633582 (ajp)-Khalil.rantissi-بما انّه.wav,LL-Q55633582_%28ajp%29-Khalil.rantissi-%D8%A8%D9%85%D8%A7_%D8%A7%D9%86%D9%91%D9%87.wav
1986,بنفسجي,baˈnaf.sa.ʒi,4,2,LL-Q55633582 (ajp)-Muhammad (AdrianAbdulBaha)-بنفسجي.wav,LL-Q55633582_%28ajp%29-Muhammad_%28AdrianAbdulBaha%29-%D8%A8%D9%86%D9%81%D8%B3%D8%AC%D9%8A.wav
1987,بني آدم,ba.niˈʔaː.dam,4,3,LL-Q55633582 (ajp)-MahmoudM (AdrianAbdulBaha)-بني ادم.wav,LL-Q55633582_%28ajp%29-MahmoudM_%28AdrianAbdulBaha%29-%D8%A8%D9%86%D9%8A_%D8%A7%D8%AF%D9%85.wav
1988,حنفية,ħa.naˈfij.je,4,3,LL-Q55633582 (ajp)-Muhammad (AdrianAbdulBaha)-حنفيّة.wav,LL-Q55633582_%28ajp%29-Muhammad_%28AdrianAbdulBaha%29-%D8%AD%D9%86%D9%81%D9%8A%D9%91%D8%A9.wav
1989,سكرية,suk.kaˈrij.je,4,3,LL-Q55633582 (ajp)-Muhammad (AdrianAbdulBaha)-سكّريّة.wav,LL-Q55633582_%28ajp%29-Muhammad_%28AdrianAbdulBaha%29-%D8%B3%D9%83%D9%91%D8%B1%D9%8A%D9%91%D8%A9.wav
1990,صبحية,sˤɑ.bɑˈħij.je,4,3,LL-Q55633582 (ajp)-AseelF (AdrianAbdulBaha)-صَباحيّة.wav,LL-Q55633582_%28ajp%29-AseelF_%28AdrianAbdulBaha%29-%D8%B5%D9%8E%D8%A8%D8%A7%D8%AD%D9%8A%D9%91%D8%A9.wav
1991,صيدلية,sˤɑj.dˤɑˈlij.je,4,3,LL-Q55633582 (ajp)-Muhammad (AdrianAbdulBaha)-صيدلية.wav,LL-Q55633582_%28ajp%29-Muhammad_%28AdrianAbdulBaha%29-%D8%B5%D9%8A%D8%AF%D9%84%D9%8A%D8%A9.wav
1992,طبريا,tˤɑ.bɑˈrij.ja,4,3,LL-Q55633582 (ajp)-AdrianAbdulBaha-طبريّا.wav,LL-Q55633582_%28ajp%29-AdrianAbdulBaha-%D8%B7%D8%A8%D8%B1%D9%8A%D9%91%D8%A7.wav
1993,طول باله,ˈtˤɑw.wɑlˈbæː.lo,4,1,LL-Q55633582 (ajp)-Muhammad (AdrianAbdulBaha)-ṭawwal bālo.wav,LL-Q55633582_%28ajp%29-Muhammad_%28AdrianAbdulBaha%29-%E1%B9%ADawwal_b%C4%81lo.wav
1994,عالقليلة,ʕal.ʔaˈliː.le,4,3,LL-Q55633582 (ajp)-AdrianAbdulBaha-عالقليلة.wav,LL-Q55633582_%28ajp%29-AdrianAbdulBaha-%D8%B9%D8%A7%D9%84%D9%82%D9%84%D9%8A%D9%84%D8%A9.wav
1995,عرباية,ʕa.rˤɑˈbɑː.je,4,3,LL-Q55633582 (ajp)-Muhammad (AdrianAbdulBaha)-عرباية.wav,LL-Q55633582_%28ajp%29-Muhammad_%28AdrianAbdulBaha%29-%D8%B9%D8%B1%D8%A8%D8%A7%D9%8A%D8%A9.wav
1996,على فكرة,ˈʕa.laˈfɪk.rˤɑ,4,1,LL-Q55633582 (ajp)-AdrianAbdulBaha-ع فكرة.wav,LL-Q55633582_%28ajp%29-AdrianAbdulBaha-%D8%B9_%D9%81%D9%83%D8%B1%D8%A9.wav
1997,فرس النهر,ˈfa.rasɪnˈna.hɪr,4,1,LL-Q55633582 (ajp)-Muhammad (AdrianAbdulBaha)-فرس النهر.wav,LL-Q55633582_%28ajp%29-Muhammad_%28AdrianAbdulBaha%29-%D9%81%D8%B1%D8%B3_%D8%A7%D9%84%D9%86%D9%87%D8%B1.wav
1998,فلسطيني,fɑ.lɑsˤˈtˤiː.ni,4,3,LL-Q55633582 (ajp)-Muhammad (AdrianAbdulBaha)-فلسطيني.wav,LL-Q55633582_%28ajp%29-Muhammad_%28AdrianAbdulBaha%29-%D9%81%D9%84%D8%B3%D8%B7%D9%8A%D9%86%D9%8A.wav
1999,فوضوية,fɑw.dˤɑˈwij.je,4,3,LL-Q55633582 (ajp)-Khalil.rantissi-فَوضَويّة.wav,LL-Q55633582_%28ajp%29-Khalil.rantissi-%D9%81%D9%8E%D9%88%D8%B6%D9%8E%D9%88%D9%8A%D9%91%D8%A9.wav
2000,قطاع غزة,qɪˈtˤɑʕˈɣaz.ze,4,2,LL-Q55633582 (ajp)-Khalil.rantissi-قطاع غزّة.wav,LL-Q55633582_%28ajp%29-Khalil.rantissi-%D9%82%D8%B7%D8%A7%D8%B9_%D8%BA%D8%B2%D9%91%D8%A9.wav
2001,كمدينة,ko.moˈdiː.ne,4,3,LL-Q55633582 (ajp)-Muhammad (AdrianAbdulBaha)-كمدينة.wav,LL-Q55633582_%28ajp%29-Muhammad_%28AdrianAbdulBaha%29-%D9%83%D9%85%D8%AF%D9%8A%D9%86%D8%A9.wav
2002,كنباية,ka.naˈbæː.je,4,3,LL-Q55633582 (ajp)-Muhammad (AdrianAbdulBaha)-كنباية.wav,LL-Q55633582_%28ajp%29-Muhammad_%28AdrianAbdulBaha%29-%D9%83%D9%86%D8%A8%D8%A7%D9%8A%D8%A9.wav
2003,كيلومتر,ˈkiː.lo.mɪ.tɪr,4,1,LL-Q55633582 (ajp)-Muhammad (AdrianAbdulBaha)-كيلومتر.wav,LL-Q55633582_%28ajp%29-Muhammad_%28AdrianAbdulBaha%29-%D9%83%D9%8A%D9%84%D9%88%D9%85%D8%AA%D8%B1.wav
2004,محاضرة,muˈħɑː.dˤɑ.rˤɑ,4,2,LL-Q55633582 (ajp)-Muhammad (AdrianAbdulBaha)-محاضرة.wav,LL-Q55633582_%28ajp%29-Muhammad_%28AdrianAbdulBaha%29-%D9%85%D8%AD%D8%A7%D8%B6%D8%B1%D8%A9.wav
2005,مرمية,ma.raˈmij.je,4,3,LL-Q55633582 (ajp)-IbrahimZ (AdrianAbdulBaha)-مرميّة.wav,LL-Q55633582_%28ajp%29-IbrahimZ_%28AdrianAbdulBaha%29-%D9%85%D8%B1%D9%85%D9%8A%D9%91%D8%A9.wav
2006,مروحية,mar.waˈħij.je,4,3,LL-Q55633582 (ajp)-Muhammad (AdrianAbdulBaha)-مروحيّة.wav,LL-Q55633582_%28ajp%29-Muhammad_%28AdrianAbdulBaha%29-%D9%85%D8%B1%D9%88%D8%AD%D9%8A%D9%91%D8%A9.wav
2007,مسؤولية,mas.ʔuːˈlij.je,4,3,LL-Q55633582 (ajp)-Muhammad (AdrianAbdulBaha)-مسؤوليّة.wav,LL-Q55633582_%28ajp%29-Muhammad_%28AdrianAbdulBaha%29-%D9%85%D8%B3%D8%A4%D9%88%D9%84%D9%8A%D9%91%D8%A9.wav
2008,مستوطنة,mʊsˤˈtˤɑw.tˤɑ.ne,4,2,LL-Q55633582 (ajp)-Muhammad (AdrianAbdulBaha)-مستوطنة.wav,LL-Q55633582_%28ajp%29-Muhammad_%28AdrianAbdulBaha%29-%D9%85%D8%B3%D8%AA%D9%88%D8%B7%D9%86%D8%A9.wav
2009,معكرونة,maʕ.kaˈroː.na,4,3,LL-Q55633582 (ajp)-Muhammad (AdrianAbdulBaha)-معكرونة.wav,LL-Q55633582_%28ajp%29-Muhammad_%28AdrianAbdulBaha%29-%D9%85%D8%B9%D9%83%D8%B1%D9%88%D9%86%D8%A9.wav
2010,مغربية,maɣ.rɪˈbij.je,4,3,LL-Q55633582 (ajp)-Muhammad (AdrianAbdulBaha)-مغربيّة.wav,LL-Q55633582_%28ajp%29-Muhammad_%28AdrianAbdulBaha%29-%D9%85%D8%BA%D8%B1%D8%A8%D9%8A%D9%91%D8%A9.wav
2011,وطنية,wɑ.tˤɑˈnij.je,4,3,LL-Q55633582 (ajp)-Khalil.rantissi-وطنيّة.wav,LL-Q55633582_%28ajp%29-Khalil.rantissi-%D9%88%D8%B7%D9%86%D9%8A%D9%91%D8%A9.wav
2012,وقف بوجه,ˈwaʔ.ʔaf‿ɪbˈwij.ho,4,1,LL-Q55633582 (ajp)-Muhammad (AdrianAbdulBaha)-وقّف بوجهه.wav,LL-Q55633582_%28ajp%29-Muhammad_%28AdrianAbdulBaha%29-%D9%88%D9%82%D9%91%D9%81_%D8%A8%D9%88%D8%AC%D9%87%D9%87.wav
2013,وقف في صف,ˈwaʔ.ʔaffɪˈsˤɑf.fo,4,1,LL-Q55633582 (ajp)-Muhammad (AdrianAbdulBaha)-وقف في صفه.wav,LL-Q55633582_%28ajp%29-Muhammad_%28AdrianAbdulBaha%29-%D9%88%D9%82%D9%81_%D9%81%D9%8A_%D8%B5%D9%81%D9%87.wav
